Draft,Team,Pick,Player,Position,NFL_Team,User,Fantasy QB,QB Team,Stacked,DBL Stack,QB Stack,Opponent,Double Run,Runback
1,1,1,Christian McCaffrey,RB,San Francisco 49ers,ECOXER10,Justin Fields,New York Jets,0,,,Los Angeles Rams,0,0
1,2,2,James Cook,RB,Buffalo Bills,CHADCANDLES,Caleb Williams,Chicago Bears,0,,,Miami Dolphins,0,0
1,3,3,Jaxon Smith-Njigba,WR,Seattle Seahawks,LEE121503,Sam Darnold,Seattle Seahawks,1,,,Arizona Cardinals,0,0
1,4,4,Jahmyr Gibbs,RB,Detroit Lions,EZ116,Jared Goff,Detroit Lions,1,,,Washington Commanders,0,0
1,5,5,Rico Dowdle,RB,Carolina Panthers,TMONEYTTIME1,Drake Maye,New England Patriots,0,,,New Orleans Saints,0,0
1,6,6,De'Von Achane,RB,Miami Dolphins,GOAZCARDS,Matthew Stafford,Los Angeles Rams,0,,,Buffalo Bills,0,0
1,7,7,Derrick Henry,RB,Baltimore Ravens,DAVISMATTEK,Brock Purdy,San Francisco 49ers,0,,,Minnesota Vikings,1,1
1,8,8,Amon-Ra St. Brown,WR,Detroit Lions,GPNGC,Lamar Jackson,Baltimore Ravens,0,,,Washington Commanders,0,0
1,9,9,Puka Nacua,WR,Los Angeles Rams,NEZ,Jaxson Dart,New York Giants,0,,,San Francisco 49ers,0,0
1,10,10,Justin Jefferson,WR,Minnesota Vikings,TOPSTATNFT,J.J. McCarthy,Minnesota Vikings,1,,,Baltimore Ravens,0,0
1,11,11,Josh Allen,QB,Buffalo Bills,TYLERC192,Josh Allen,Buffalo Bills,1,1,1,Miami Dolphins,0,0
1,12,12,Kyren Williams,RB,Los Angeles Rams,DABK,Baker Mayfield,Tampa Bay Buccaneers,0,,,San Francisco 49ers,0,0
1,12,13,Emeka Egbuka,WR,Tampa Bay Buccaneers,DABK,Baker Mayfield,Tampa Bay Buccaneers,1,,,New England Patriots,1,1
1,11,14,Bucky Irving,RB,Tampa Bay Buccaneers,TYLERC192,Josh Allen,Buffalo Bills,0,,,New England Patriots,0,0
1,10,15,Breece Hall,RB,New York Jets,TOPSTATNFT,J.J. McCarthy,Minnesota Vikings,0,,,Cleveland Browns,0,0
1,9,16,Trey McBride,TE,Arizona Cardinals,NEZ,Jaxson Dart,New York Giants,0,,,Seattle Seahawks,1,1
1,8,17,Lamar Jackson,QB,Baltimore Ravens,GPNGC,Lamar Jackson,Baltimore Ravens,1,1,1,Minnesota Vikings,1,1
1,7,18,Quinshon Judkins,RB,Cleveland Browns,DAVISMATTEK,Brock Purdy,San Francisco 49ers,0,,,New York Jets,0,0
1,6,19,Davante Adams,WR,Los Angeles Rams,GOAZCARDS,Matthew Stafford,Los Angeles Rams,1,,,San Francisco 49ers,0,0
1,5,20,Zay Flowers,WR,Baltimore Ravens,TMONEYTTIME1,Drake Maye,New England Patriots,0,,,Minnesota Vikings,0,0
1,4,21,Nico Collins,WR,Houston Texans,EZ116,Jared Goff,Detroit Lions,0,,,Jacksonville Jaguars,0,0
1,3,22,Sam LaPorta,TE,Detroit Lions,LEE121503,Sam Darnold,Seattle Seahawks,0,,,Washington Commanders,0,0
1,2,23,Garrett Wilson,WR,New York Jets,CHADCANDLES,Caleb Williams,Chicago Bears,0,,,Cleveland Browns,0,0
1,1,24,D'Andre Swift,RB,Chicago Bears,ECOXER10,Justin Fields,New York Jets,0,,,New York Giants,1,1
1,1,25,Stefon Diggs,WR,New England Patriots,ECOXER10,Justin Fields,New York Jets,0,,,Tampa Bay Buccaneers,0,0
1,2,26,Kyle Monangai,RB,Chicago Bears,CHADCANDLES,Caleb Williams,Chicago Bears,1,,,New York Giants,0,0
1,3,27,Rome Odunze,WR,Chicago Bears,LEE121503,Sam Darnold,Seattle Seahawks,0,,,New York Giants,0,0
1,4,28,George Kittle,TE,San Francisco 49ers,EZ116,Jared Goff,Detroit Lions,0,,,Los Angeles Rams,0,0
1,5,29,Drake Maye,QB,New England Patriots,TMONEYTTIME1,Drake Maye,New England Patriots,1,1,1,Tampa Bay Buccaneers,1,1
1,6,30,Jaylen Waddle,WR,Miami Dolphins,GOAZCARDS,Matthew Stafford,Los Angeles Rams,0,,,Buffalo Bills,0,0
1,7,31,Jordan Addison,WR,Minnesota Vikings,DAVISMATTEK,Brock Purdy,San Francisco 49ers,0,,,Baltimore Ravens,2,1
1,8,32,Tetairoa McMillan,WR,Carolina Panthers,GPNGC,Lamar Jackson,Baltimore Ravens,0,,,New Orleans Saints,0,0
1,9,33,Travis Etienne Jr.,RB,Jacksonville Jaguars,NEZ,Jaxson Dart,New York Giants,0,,,Houston Texans,0,0
1,10,34,Jameson Williams,WR,Detroit Lions,TOPSTATNFT,J.J. McCarthy,Minnesota Vikings,0,,,Washington Commanders,1,1
1,11,35,Wan'Dale Robinson,WR,New York Giants,TYLERC192,Josh Allen,Buffalo Bills,0,,,Chicago Bears,1,1
1,12,36,Tyrone Tracy,RB,New York Giants,DABK,Baker Mayfield,Tampa Bay Buccaneers,0,,,Chicago Bears,0,0
1,12,37,Baker Mayfield,QB,Tampa Bay Buccaneers,DABK,Baker Mayfield,Tampa Bay Buccaneers,1,1,1,New England Patriots,1,1
1,11,38,D.J. Moore,WR,Chicago Bears,TYLERC192,Josh Allen,Buffalo Bills,0,,,New York Giants,1,1
1,10,39,Dalton Kincaid,TE,Buffalo Bills,TOPSTATNFT,J.J. McCarthy,Minnesota Vikings,0,,,Miami Dolphins,0,0
1,9,40,Jaxson Dart,QB,New York Giants,NEZ,Jaxson Dart,New York Giants,1,1,1,Chicago Bears,0,0
1,8,41,Kenneth Walker III,RB,Seattle Seahawks,GPNGC,Lamar Jackson,Baltimore Ravens,0,,,Arizona Cardinals,0,0
1,7,42,Marvin Harrison,WR,Arizona Cardinals,DAVISMATTEK,Brock Purdy,San Francisco 49ers,0,,,Seattle Seahawks,0,0
1,6,43,David Montgomery,RB,Detroit Lions,GOAZCARDS,Matthew Stafford,Los Angeles Rams,0,,,Washington Commanders,0,0
1,5,44,Rhamondre Stevenson,RB,New England Patriots,TMONEYTTIME1,Drake Maye,New England Patriots,1,,,Tampa Bay Buccaneers,1,1
1,4,45,Jared Goff,QB,Detroit Lions,EZ116,Jared Goff,Detroit Lions,1,1,1,Washington Commanders,0,0
1,3,46,Sam Darnold,QB,Seattle Seahawks,LEE121503,Sam Darnold,Seattle Seahawks,1,1,1,Arizona Cardinals,0,0
1,2,47,Caleb Williams,QB,Chicago Bears,CHADCANDLES,Caleb Williams,Chicago Bears,1,2,1,New York Giants,0,0
1,1,48,Deebo Samuel,WR,Washington Commanders,ECOXER10,Justin Fields,New York Jets,0,,,Detroit Lions,0,0
1,1,49,Justin Fields,QB,New York Jets,ECOXER10,Justin Fields,New York Jets,1,0,0,Cleveland Browns,0,0
1,2,50,Colston Loveland,TE,Chicago Bears,CHADCANDLES,Caleb Williams,Chicago Bears,1,,,New York Giants,0,0
1,3,51,Jordan Mason,RB,Minnesota Vikings,LEE121503,Sam Darnold,Seattle Seahawks,0,,,Baltimore Ravens,0,0
1,4,52,Chris Olave,WR,New Orleans Saints,EZ116,Jared Goff,Detroit Lions,0,,,Carolina Panthers,0,0
1,5,53,Jauan Jennings,WR,San Francisco 49ers,TMONEYTTIME1,Drake Maye,New England Patriots,0,,,Los Angeles Rams,0,0
1,6,54,Harold Fannin,TE,Cleveland Browns,GOAZCARDS,Matthew Stafford,Los Angeles Rams,0,,,New York Jets,0,0
1,7,55,Mark Andrews,TE,Baltimore Ravens,DAVISMATTEK,Brock Purdy,San Francisco 49ers,0,,,Minnesota Vikings,1,1
1,8,56,DeAndre Hopkins,WR,Baltimore Ravens,GPNGC,Lamar Jackson,Baltimore Ravens,1,,,Minnesota Vikings,1,1
1,9,57,Darius Slayton,WR,New York Giants,NEZ,Jaxson Dart,New York Giants,1,,,Chicago Bears,0,0
1,10,58,Jacory Croskey-Merritt,RB,Washington Commanders,TOPSTATNFT,J.J. McCarthy,Minnesota Vikings,0,,,Detroit Lions,1,1
1,11,59,Khalil Shakir,WR,Buffalo Bills,TYLERC192,Josh Allen,Buffalo Bills,1,,,Miami Dolphins,0,0
1,12,60,Parker Washington,WR,Jacksonville Jaguars,DABK,Baker Mayfield,Tampa Bay Buccaneers,0,,,Houston Texans,0,0
1,12,61,Hunter Henry,TE,New England Patriots,DABK,Baker Mayfield,Tampa Bay Buccaneers,0,,,Tampa Bay Buccaneers,2,1
1,11,62,Dalton Schultz,TE,Houston Texans,TYLERC192,Josh Allen,Buffalo Bills,0,,,Jacksonville Jaguars,0,0
1,10,63,J.J. McCarthy,QB,Minnesota Vikings,TOPSTATNFT,J.J. McCarthy,Minnesota Vikings,1,1,1,Baltimore Ravens,0,0
1,9,64,Tory Horton,WR,Seattle Seahawks,NEZ,Jaxson Dart,New York Giants,0,,,Arizona Cardinals,1,1
1,8,65,T.J. Hockenson,TE,Minnesota Vikings,GPNGC,Lamar Jackson,Baltimore Ravens,0,,,Baltimore Ravens,2,1
1,7,66,Brock Purdy,QB,San Francisco 49ers,DAVISMATTEK,Brock Purdy,San Francisco 49ers,1,0,0,Los Angeles Rams,0,0
1,6,67,Matthew Stafford,QB,Los Angeles Rams,GOAZCARDS,Matthew Stafford,Los Angeles Rams,1,1,1,San Francisco 49ers,0,0
1,5,68,Cade Otton,TE,Tampa Bay Buccaneers,TMONEYTTIME1,Drake Maye,New England Patriots,0,,,New England Patriots,2,1
1,4,69,Alvin Kamara,RB,New Orleans Saints,EZ116,Jared Goff,Detroit Lions,0,,,Carolina Panthers,0,0
1,3,70,Parker Washington,WR,Jacksonville Jaguars,LEE121503,Sam Darnold,Seattle Seahawks,0,,,Houston Texans,0,0
1,2,71,Rashid Shaheed,WR,New Orleans Saints,CHADCANDLES,Caleb Williams,Chicago Bears,0,,,Carolina Panthers,0,0
1,1,72,Theo Johnson,TE,New York Giants,ECOXER10,Justin Fields,New York Jets,0,,,Chicago Bears,1,1
2,1,1,Christian McCaffrey,RB,San Francisco 49ers,BUSTERSBOYS,Marcus Mariota,Washington Commanders,0,,,Los Angeles Rams,0,0
2,2,2,James Cook,RB,Buffalo Bills,CHADCANDLES,Brock Purdy,San Francisco 49ers,0,,,Miami Dolphins,0,0
2,3,3,Jahmyr Gibbs,RB,Detroit Lions,KRUTCHES93,J.J. McCarthy,Minnesota Vikings,0,,,Washington Commanders,0,0
2,4,4,Lamar Jackson,QB,Baltimore Ravens,JWILLZY,Lamar Jackson,Baltimore Ravens,1,2,1,Minnesota Vikings,0,0
2,5,5,Jaxon Smith-Njigba,WR,Seattle Seahawks,FFLINX,Sam Darnold,Seattle Seahawks,1,,,Arizona Cardinals,0,0
2,6,6,Puka Nacua,WR,Los Angeles Rams,DABK,Drake Maye,New England Patriots,0,,,San Francisco 49ers,0,0
2,7,7,De'Von Achane,RB,Miami Dolphins,NF42,Matthew Stafford,Los Angeles Rams,0,,,Buffalo Bills,0,0
2,8,8,Amon-Ra St. Brown,WR,Detroit Lions,CGEEEEEE,Caleb Williams,Chicago Bears,0,,,Washington Commanders,0,0
2,9,9,Josh Allen,QB,Buffalo Bills,DREAMINGOFS,Josh Allen,Buffalo Bills,1,1,1,Miami Dolphins,0,0
2,10,10,Justin Jefferson,WR,Minnesota Vikings,HOOHAMES,Jaxson Dart,New York Giants,0,,,Baltimore Ravens,1,1
2,11,11,Derrick Henry,RB,Baltimore Ravens,MATHOLOGY,Jared Goff,Detroit Lions,0,,,Minnesota Vikings,1,1
2,12,12,Rico Dowdle,RB,Carolina Panthers,CUTCUTLER,Baker Mayfield,Tampa Bay Buccaneers,0,,,New Orleans Saints,1,1
2,12,13,Kyren Williams,RB,Los Angeles Rams,CUTCUTLER,Baker Mayfield,Tampa Bay Buccaneers,0,,,San Francisco 49ers,0,0
2,11,14,Kyle Monangai,RB,Chicago Bears,MATHOLOGY,Jared Goff,Detroit Lions,0,,,New York Giants,0,0
2,10,15,Jaxson Dart,QB,New York Giants,HOOHAMES,Jaxson Dart,New York Giants,1,1,1,Chicago Bears,0,0
2,9,16,Bucky Irving,RB,Tampa Bay Buccaneers,DREAMINGOFS,Josh Allen,Buffalo Bills,0,,,New England Patriots,0,0
2,8,17,Davante Adams,WR,Los Angeles Rams,CGEEEEEE,Caleb Williams,Chicago Bears,0,,,San Francisco 49ers,0,0
2,7,18,Nico Collins,WR,Houston Texans,NF42,Matthew Stafford,Los Angeles Rams,0,,,Jacksonville Jaguars,0,0
2,6,19,Emeka Egbuka,WR,Tampa Bay Buccaneers,DABK,Drake Maye,New England Patriots,0,,,New England Patriots,2,1
2,5,20,Breece Hall,RB,New York Jets,FFLINX,Sam Darnold,Seattle Seahawks,0,,,Cleveland Browns,0,0
2,4,21,Zay Flowers,WR,Baltimore Ravens,JWILLZY,Lamar Jackson,Baltimore Ravens,1,,,Minnesota Vikings,0,0
2,3,22,Trey McBride,TE,Arizona Cardinals,KRUTCHES93,J.J. McCarthy,Minnesota Vikings,0,,,Seattle Seahawks,0,0
2,2,23,Quinshon Judkins,RB,Cleveland Browns,CHADCANDLES,Brock Purdy,San Francisco 49ers,0,,,New York Jets,1,1
2,1,24,Rome Odunze,WR,Chicago Bears,BUSTERSBOYS,Marcus Mariota,Washington Commanders,0,,,New York Giants,0,0
2,1,25,George Kittle,TE,San Francisco 49ers,BUSTERSBOYS,Marcus Mariota,Washington Commanders,0,,,Los Angeles Rams,0,0
2,2,26,Garrett Wilson,WR,New York Jets,CHADCANDLES,Brock Purdy,San Francisco 49ers,0,,,Cleveland Browns,1,1
2,3,27,Jaylen Waddle,WR,Miami Dolphins,KRUTCHES93,J.J. McCarthy,Minnesota Vikings,0,,,Buffalo Bills,1,1
2,4,28,D'Andre Swift,RB,Chicago Bears,JWILLZY,Lamar Jackson,Baltimore Ravens,0,,,New York Giants,1,1
2,5,29,Travis Etienne Jr.,RB,Jacksonville Jaguars,FFLINX,Sam Darnold,Seattle Seahawks,0,,,Houston Texans,0,0
2,6,30,Drake Maye,QB,New England Patriots,DABK,Drake Maye,New England Patriots,1,1,1,Tampa Bay Buccaneers,1,1
2,7,31,Stefon Diggs,WR,New England Patriots,NF42,Matthew Stafford,Los Angeles Rams,0,,,Tampa Bay Buccaneers,1,1
2,8,32,Kenneth Walker III,RB,Seattle Seahawks,CGEEEEEE,Caleb Williams,Chicago Bears,0,,,Arizona Cardinals,0,0
2,9,33,Sam LaPorta,TE,Detroit Lions,DREAMINGOFS,Josh Allen,Buffalo Bills,0,,,Washington Commanders,0,0
2,10,34,Wan'Dale Robinson,WR,New York Giants,HOOHAMES,Jaxson Dart,New York Giants,1,,,Chicago Bears,0,0
2,11,35,Jameson Williams,WR,Detroit Lions,MATHOLOGY,Jared Goff,Detroit Lions,1,,,Washington Commanders,0,0
2,12,36,Baker Mayfield,QB,Tampa Bay Buccaneers,CUTCUTLER,Baker Mayfield,Tampa Bay Buccaneers,1,0,0,New England Patriots,0,0
2,12,37,Chris Olave,WR,New Orleans Saints,CUTCUTLER,Baker Mayfield,Tampa Bay Buccaneers,0,,,Carolina Panthers,1,1
2,11,38,Jared Goff,QB,Detroit Lions,MATHOLOGY,Jared Goff,Detroit Lions,1,1,1,Washington Commanders,0,0
2,10,39,David Montgomery,RB,Detroit Lions,HOOHAMES,Jaxson Dart,New York Giants,0,,,Washington Commanders,0,0
2,9,40,Tetairoa McMillan,WR,Carolina Panthers,DREAMINGOFS,Josh Allen,Buffalo Bills,0,,,New Orleans Saints,0,0
2,8,41,Caleb Williams,QB,Chicago Bears,CGEEEEEE,Caleb Williams,Chicago Bears,1,1,1,New York Giants,0,0
2,7,42,Deebo Samuel,WR,Washington Commanders,NF42,Matthew Stafford,Los Angeles Rams,0,,,Detroit Lions,0,0
2,6,43,Jordan Addison,WR,Minnesota Vikings,DABK,Drake Maye,New England Patriots,0,,,Baltimore Ravens,0,0
2,5,44,Sam Darnold,QB,Seattle Seahawks,FFLINX,Sam Darnold,Seattle Seahawks,1,2,1,Arizona Cardinals,0,0
2,4,45,Tyrone Tracy,RB,New York Giants,JWILLZY,Lamar Jackson,Baltimore Ravens,0,,,Chicago Bears,1,1
2,3,46,Khalil Shakir,WR,Buffalo Bills,KRUTCHES93,J.J. McCarthy,Minnesota Vikings,0,,,Miami Dolphins,1,1
2,2,47,Brock Purdy,QB,San Francisco 49ers,CHADCANDLES,Brock Purdy,San Francisco 49ers,1,0,0,Los Angeles Rams,0,0
2,1,48,Marvin Harrison,WR,Arizona Cardinals,BUSTERSBOYS,Marcus Mariota,Washington Commanders,0,,,Seattle Seahawks,0,0
2,1,49,Rhamondre Stevenson,RB,New England Patriots,BUSTERSBOYS,Marcus Mariota,Washington Commanders,0,,,Tampa Bay Buccaneers,0,0
2,2,50,Colston Loveland,TE,Chicago Bears,CHADCANDLES,Brock Purdy,San Francisco 49ers,0,,,New York Giants,1,1
2,3,51,Jauan Jennings,WR,San Francisco 49ers,KRUTCHES93,J.J. McCarthy,Minnesota Vikings,0,,,Los Angeles Rams,0,0
2,4,52,Rashid Shaheed,WR,New Orleans Saints,JWILLZY,Lamar Jackson,Baltimore Ravens,0,,,Carolina Panthers,0,0
2,5,53,Dalton Kincaid,TE,Buffalo Bills,FFLINX,Sam Darnold,Seattle Seahawks,0,,,Miami Dolphins,0,0
2,6,54,TreVeyon Henderson,RB,New England Patriots,DABK,Drake Maye,New England Patriots,1,,,Tampa Bay Buccaneers,1,1
2,7,55,Matthew Stafford,QB,Los Angeles Rams,NF42,Matthew Stafford,Los Angeles Rams,1,0,0,San Francisco 49ers,0,0
2,8,56,D.J. Moore,WR,Chicago Bears,CGEEEEEE,Caleb Williams,Chicago Bears,1,,,New York Giants,0,0
2,9,57,Keon Coleman,WR,Buffalo Bills,DREAMINGOFS,Josh Allen,Buffalo Bills,1,,,Miami Dolphins,0,0
2,10,58,Mark Andrews,TE,Baltimore Ravens,HOOHAMES,Jaxson Dart,New York Giants,0,,,Minnesota Vikings,1,1
2,11,59,T.J. Hockenson,TE,Minnesota Vikings,MATHOLOGY,Jared Goff,Detroit Lions,0,,,Baltimore Ravens,1,1
2,12,60,Brian Thomas,WR,Jacksonville Jaguars,CUTCUTLER,Baker Mayfield,Tampa Bay Buccaneers,0,,,Houston Texans,0,0
2,12,61,Theo Johnson,TE,New York Giants,CUTCUTLER,Baker Mayfield,Tampa Bay Buccaneers,0,,,Chicago Bears,0,0
2,11,62,DeMario Douglas,WR,New England Patriots,MATHOLOGY,Jared Goff,Detroit Lions,0,,,Tampa Bay Buccaneers,0,0
2,10,63,Alvin Kamara,RB,New Orleans Saints,HOOHAMES,Jaxson Dart,New York Giants,0,,,Carolina Panthers,0,0
2,9,64,Parker Washington,WR,Jacksonville Jaguars,DREAMINGOFS,Josh Allen,Buffalo Bills,0,,,Houston Texans,0,0
2,8,65,Hunter Henry,TE,New England Patriots,CGEEEEEE,Caleb Williams,Chicago Bears,0,,,Tampa Bay Buccaneers,0,0
2,7,66,Cade Otton,TE,Tampa Bay Buccaneers,NF42,Matthew Stafford,Los Angeles Rams,0,,,New England Patriots,1,1
2,6,67,Harold Fannin,TE,Cleveland Browns,DABK,Drake Maye,New England Patriots,0,,,New York Jets,0,0
2,5,68,Tory Horton,WR,Seattle Seahawks,FFLINX,Sam Darnold,Seattle Seahawks,1,,,Arizona Cardinals,0,0
2,4,69,Isaiah Likely,TE,Baltimore Ravens,JWILLZY,Lamar Jackson,Baltimore Ravens,1,,,Minnesota Vikings,0,0
2,3,70,J.J. McCarthy,QB,Minnesota Vikings,KRUTCHES93,J.J. McCarthy,Minnesota Vikings,1,0,0,Baltimore Ravens,0,0
2,2,71,Darius Slayton,WR,New York Giants,CHADCANDLES,Brock Purdy,San Francisco 49ers,0,,,Chicago Bears,1,1
2,1,72,Marcus Mariota,QB,Washington Commanders,BUSTERSBOYS,Marcus Mariota,Washington Commanders,1,0,0,Detroit Lions,0,0
3,1,1,Christian McCaffrey,RB,San Francisco 49ers,BESTBALLVIPER,Drake Maye,New England Patriots,0,,,Los Angeles Rams,0,0
3,2,2,Jahmyr Gibbs,RB,Detroit Lions,SCHWEC03,Marcus Mariota,Washington Commanders,0,,,Washington Commanders,2,1
3,3,3,James Cook,RB,Buffalo Bills,KRUTCHES93,J.J. McCarthy,Minnesota Vikings,0,,,Miami Dolphins,0,0
3,4,4,Jaxon Smith-Njigba,WR,Seattle Seahawks,CHADCANDLES,Justin Fields,New York Jets,0,,,Arizona Cardinals,0,0
3,5,5,Puka Nacua,WR,Los Angeles Rams,BUSTERSBOYS,Matthew Stafford,Los Angeles Rams,1,,,San Francisco 49ers,0,0
3,6,6,De'Von Achane,RB,Miami Dolphins,LEE121503,Sam Darnold,Seattle Seahawks,0,,,Buffalo Bills,0,0
3,7,7,Lamar Jackson,QB,Baltimore Ravens,ALBE1998,Lamar Jackson,Baltimore Ravens,1,0,0,Minnesota Vikings,0,0
3,8,8,Derrick Henry,RB,Baltimore Ravens,CUTCUTLER,Jared Goff,Detroit Lions,0,,,Minnesota Vikings,0,0
3,9,9,Amon-Ra St. Brown,WR,Detroit Lions,KREAR72,Jaxson Dart,New York Giants,0,,,Washington Commanders,0,0
3,10,10,Rico Dowdle,RB,Carolina Panthers,FFLINX,Josh Allen,Buffalo Bills,0,,,New Orleans Saints,0,0
3,11,11,Kyren Williams,RB,Los Angeles Rams,MATHOLOGY,Baker Mayfield,Tampa Bay Buccaneers,0,,,San Francisco 49ers,0,0
3,12,12,Justin Jefferson,WR,Minnesota Vikings,MANARAY31,Caleb Williams,Chicago Bears,0,,,Baltimore Ravens,0,0
3,12,13,Davante Adams,WR,Los Angeles Rams,MANARAY31,Caleb Williams,Chicago Bears,0,,,San Francisco 49ers,0,0
3,11,14,Nico Collins,WR,Houston Texans,MATHOLOGY,Baker Mayfield,Tampa Bay Buccaneers,0,,,Jacksonville Jaguars,0,0
3,10,15,Josh Allen,QB,Buffalo Bills,FFLINX,Josh Allen,Buffalo Bills,1,0,0,Miami Dolphins,1,1
3,9,16,D'Andre Swift,RB,Chicago Bears,KREAR72,Jaxson Dart,New York Giants,0,,,New York Giants,3,1
3,8,17,Emeka Egbuka,WR,Tampa Bay Buccaneers,CUTCUTLER,Jared Goff,Detroit Lions,0,,,New England Patriots,1,1
3,7,18,Bucky Irving,RB,Tampa Bay Buccaneers,ALBE1998,Lamar Jackson,Baltimore Ravens,0,,,New England Patriots,0,0
3,6,19,Trey McBride,TE,Arizona Cardinals,LEE121503,Sam Darnold,Seattle Seahawks,0,,,Seattle Seahawks,2,1
3,5,20,Quinshon Judkins,RB,Cleveland Browns,BUSTERSBOYS,Matthew Stafford,Los Angeles Rams,0,,,New York Jets,0,0
3,4,21,Kyle Monangai,RB,Chicago Bears,CHADCANDLES,Justin Fields,New York Jets,0,,,New York Giants,0,0
3,3,22,George Kittle,TE,San Francisco 49ers,KRUTCHES93,J.J. McCarthy,Minnesota Vikings,0,,,Los Angeles Rams,0,0
3,2,23,Breece Hall,RB,New York Jets,SCHWEC03,Marcus Mariota,Washington Commanders,0,,,Cleveland Browns,0,0
3,1,24,Kenneth Walker III,RB,Seattle Seahawks,BESTBALLVIPER,Drake Maye,New England Patriots,0,,,Arizona Cardinals,1,1
3,1,25,Drake Maye,QB,New England Patriots,BESTBALLVIPER,Drake Maye,New England Patriots,1,2,1,Tampa Bay Buccaneers,0,0
3,2,26,Zay Flowers,WR,Baltimore Ravens,SCHWEC03,Marcus Mariota,Washington Commanders,0,,,Minnesota Vikings,1,1
3,3,27,Rome Odunze,WR,Chicago Bears,KRUTCHES93,J.J. McCarthy,Minnesota Vikings,0,,,New York Giants,0,0
3,4,28,Garrett Wilson,WR,New York Jets,CHADCANDLES,Justin Fields,New York Jets,1,,,Cleveland Browns,0,0
3,5,29,Travis Etienne Jr.,RB,Jacksonville Jaguars,BUSTERSBOYS,Matthew Stafford,Los Angeles Rams,0,,,Houston Texans,0,0
3,6,30,Stefon Diggs,WR,New England Patriots,LEE121503,Sam Darnold,Seattle Seahawks,0,,,Tampa Bay Buccaneers,0,0
3,7,31,Sam LaPorta,TE,Detroit Lions,ALBE1998,Lamar Jackson,Baltimore Ravens,0,,,Washington Commanders,0,0
3,8,32,Jared Goff,QB,Detroit Lions,CUTCUTLER,Jared Goff,Detroit Lions,1,0,0,Washington Commanders,0,0
3,9,33,Jaxson Dart,QB,New York Giants,KREAR72,Jaxson Dart,New York Giants,1,2,1,Chicago Bears,1,1
3,10,34,Jaylen Waddle,WR,Miami Dolphins,FFLINX,Josh Allen,Buffalo Bills,0,,,Buffalo Bills,1,1
3,11,35,David Montgomery,RB,Detroit Lions,MATHOLOGY,Baker Mayfield,Tampa Bay Buccaneers,0,,,Washington Commanders,0,0
3,12,36,Chris Olave,WR,New Orleans Saints,MANARAY31,Caleb Williams,Chicago Bears,0,,,Carolina Panthers,0,0
3,12,37,Caleb Williams,QB,Chicago Bears,MANARAY31,Caleb Williams,Chicago Bears,1,0,0,New York Giants,0,0
3,11,38,Baker Mayfield,QB,Tampa Bay Buccaneers,MATHOLOGY,Baker Mayfield,Tampa Bay Buccaneers,1,2,1,New England Patriots,0,0
3,10,39,Rachaad White,RB,Tampa Bay Buccaneers,FFLINX,Josh Allen,Buffalo Bills,0,,,New England Patriots,0,0
3,9,40,Wan'Dale Robinson,WR,New York Giants,KREAR72,Jaxson Dart,New York Giants,1,,,Chicago Bears,1,1
3,8,41,Dalton Kincaid,TE,Buffalo Bills,CUTCUTLER,Jared Goff,Detroit Lions,0,,,Miami Dolphins,0,0
3,7,42,Alvin Kamara,RB,New Orleans Saints,ALBE1998,Lamar Jackson,Baltimore Ravens,0,,,Carolina Panthers,0,0
3,6,43,Sam Darnold,QB,Seattle Seahawks,LEE121503,Sam Darnold,Seattle Seahawks,1,1,1,Arizona Cardinals,1,1
3,5,44,Tetairoa McMillan,WR,Carolina Panthers,BUSTERSBOYS,Matthew Stafford,Los Angeles Rams,0,,,New Orleans Saints,0,0
3,4,45,Colston Loveland,TE,Chicago Bears,CHADCANDLES,Justin Fields,New York Jets,0,,,New York Giants,0,0
3,3,46,Jordan Addison,WR,Minnesota Vikings,KRUTCHES93,J.J. McCarthy,Minnesota Vikings,1,,,Baltimore Ravens,0,0
3,2,47,Deebo Samuel,WR,Washington Commanders,SCHWEC03,Marcus Mariota,Washington Commanders,1,,,Detroit Lions,1,1
3,1,48,Marvin Harrison,WR,Arizona Cardinals,BESTBALLVIPER,Drake Maye,New England Patriots,0,,,Seattle Seahawks,1,1
3,1,49,Hunter Henry,TE,New England Patriots,BESTBALLVIPER,Drake Maye,New England Patriots,1,,,Tampa Bay Buccaneers,0,0
3,2,50,Marcus Mariota,QB,Washington Commanders,SCHWEC03,Marcus Mariota,Washington Commanders,1,1,1,Detroit Lions,1,1
3,3,51,Jameson Williams,WR,Detroit Lions,KRUTCHES93,J.J. McCarthy,Minnesota Vikings,0,,,Washington Commanders,0,0
3,4,52,Rhamondre Stevenson,RB,New England Patriots,CHADCANDLES,Justin Fields,New York Jets,0,,,Tampa Bay Buccaneers,0,0
3,5,53,Matthew Stafford,QB,Los Angeles Rams,BUSTERSBOYS,Matthew Stafford,Los Angeles Rams,1,1,1,San Francisco 49ers,0,0
3,6,54,Tyrone Tracy,RB,New York Giants,LEE121503,Sam Darnold,Seattle Seahawks,0,,,Chicago Bears,0,0
3,7,55,Khalil Shakir,WR,Buffalo Bills,ALBE1998,Lamar Jackson,Baltimore Ravens,0,,,Miami Dolphins,0,0
3,8,56,Zach Charbonnet,RB,Seattle Seahawks,CUTCUTLER,Jared Goff,Detroit Lions,0,,,Arizona Cardinals,0,0
3,9,57,Theo Johnson,TE,New York Giants,KREAR72,Jaxson Dart,New York Giants,1,,,Chicago Bears,1,1
3,10,58,Harold Fannin,TE,Cleveland Browns,FFLINX,Josh Allen,Buffalo Bills,0,,,New York Jets,0,0
3,11,59,Cade Otton,TE,Tampa Bay Buccaneers,MATHOLOGY,Baker Mayfield,Tampa Bay Buccaneers,1,,,New England Patriots,0,0
3,12,60,Zach Ertz,TE,Washington Commanders,MANARAY31,Caleb Williams,Chicago Bears,0,,,Detroit Lions,0,0
3,12,61,Jordan Mason,RB,Minnesota Vikings,MANARAY31,Caleb Williams,Chicago Bears,0,,,Baltimore Ravens,0,0
3,11,62,Tez Johnson,WR,Tampa Bay Buccaneers,MATHOLOGY,Baker Mayfield,Tampa Bay Buccaneers,1,,,New England Patriots,0,0
3,10,63,D.J. Moore,WR,Chicago Bears,FFLINX,Josh Allen,Buffalo Bills,0,,,New York Giants,0,0
3,9,64,Rashid Shaheed,WR,New Orleans Saints,KREAR72,Jaxson Dart,New York Giants,0,,,Carolina Panthers,0,0
3,8,65,Kayshon Boutte,WR,New England Patriots,CUTCUTLER,Jared Goff,Detroit Lions,0,,,Tampa Bay Buccaneers,1,1
3,7,66,Brian Thomas,WR,Jacksonville Jaguars,ALBE1998,Lamar Jackson,Baltimore Ravens,0,,,Houston Texans,0,0
3,6,67,Tory Horton,WR,Seattle Seahawks,LEE121503,Sam Darnold,Seattle Seahawks,1,,,Arizona Cardinals,1,1
3,5,68,Mark Andrews,TE,Baltimore Ravens,BUSTERSBOYS,Matthew Stafford,Los Angeles Rams,0,,,Minnesota Vikings,0,0
3,4,69,Justin Fields,QB,New York Jets,CHADCANDLES,Justin Fields,New York Jets,1,1,1,Cleveland Browns,0,0
3,3,70,J.J. McCarthy,QB,Minnesota Vikings,KRUTCHES93,J.J. McCarthy,Minnesota Vikings,1,1,1,Baltimore Ravens,0,0
3,2,71,T.J. Hockenson,TE,Minnesota Vikings,SCHWEC03,Marcus Mariota,Washington Commanders,0,,,Baltimore Ravens,1,1
3,1,72,Kayshon Boutte,WR,New England Patriots,BESTBALLVIPER,Drake Maye,New England Patriots,1,,,Tampa Bay Buccaneers,0,0
4,1,1,Christian McCaffrey,RB,San Francisco 49ers,KREAR72,Marcus Mariota,Washington Commanders,0,,,Los Angeles Rams,0,0
4,2,2,Jahmyr Gibbs,RB,Detroit Lions,DANJPRECIADO,Brock Purdy,San Francisco 49ers,0,,,Washington Commanders,0,0
4,3,3,James Cook,RB,Buffalo Bills,MATHOLOGY,Justin Fields,New York Jets,0,,,Miami Dolphins,0,0
4,4,4,Jaxon Smith-Njigba,WR,Seattle Seahawks,BUSTERSBOYS,Baker Mayfield,Tampa Bay Buccaneers,0,,,Arizona Cardinals,1,1
4,5,5,Puka Nacua,WR,Los Angeles Rams,LEE121503,Jaxson Dart,New York Giants,0,,,San Francisco 49ers,0,0
4,6,6,De'Von Achane,RB,Miami Dolphins,KRUTCHES93,Drake Maye,New England Patriots,0,,,Buffalo Bills,1,1
4,7,7,Amon-Ra St. Brown,WR,Detroit Lions,MIKEC6212,Jared Goff,Detroit Lions,1,,,Washington Commanders,0,0
4,8,8,Lamar Jackson,QB,Baltimore Ravens,TYLER2121,Lamar Jackson,Baltimore Ravens,1,2,1,Minnesota Vikings,1,1
4,9,9,Rico Dowdle,RB,Carolina Panthers,FFLINX,Caleb Williams,Chicago Bears,0,,,New Orleans Saints,0,0
4,10,10,Kyren Williams,RB,Los Angeles Rams,BESTBALLVIPER,Sam Darnold,Seattle Seahawks,0,,,San Francisco 49ers,0,0
4,11,11,Derrick Henry,RB,Baltimore Ravens,ECOXER10,J.J. McCarthy,Minnesota Vikings,0,,,Minnesota Vikings,3,1
4,12,12,Josh Allen,QB,Buffalo Bills,SCHWEC03,Josh Allen,Buffalo Bills,1,1,1,Miami Dolphins,0,0
4,12,13,Bucky Irving,RB,Tampa Bay Buccaneers,SCHWEC03,Josh Allen,Buffalo Bills,0,,,New England Patriots,1,1
4,11,14,Justin Jefferson,WR,Minnesota Vikings,ECOXER10,J.J. McCarthy,Minnesota Vikings,1,,,Baltimore Ravens,1,1
4,10,15,Nico Collins,WR,Houston Texans,BESTBALLVIPER,Sam Darnold,Seattle Seahawks,0,,,Jacksonville Jaguars,0,0
4,9,16,Davante Adams,WR,Los Angeles Rams,FFLINX,Caleb Williams,Chicago Bears,0,,,San Francisco 49ers,0,0
4,8,17,Zay Flowers,WR,Baltimore Ravens,TYLER2121,Lamar Jackson,Baltimore Ravens,1,,,Minnesota Vikings,1,1
4,7,18,Quinshon Judkins,RB,Cleveland Browns,MIKEC6212,Jared Goff,Detroit Lions,0,,,New York Jets,0,0
4,6,19,Emeka Egbuka,WR,Tampa Bay Buccaneers,KRUTCHES93,Drake Maye,New England Patriots,0,,,New England Patriots,1,1
4,5,20,Trey McBride,TE,Arizona Cardinals,LEE121503,Jaxson Dart,New York Giants,0,,,Seattle Seahawks,1,1
4,4,21,George Kittle,TE,San Francisco 49ers,BUSTERSBOYS,Baker Mayfield,Tampa Bay Buccaneers,0,,,Los Angeles Rams,0,0
4,3,22,D'Andre Swift,RB,Chicago Bears,MATHOLOGY,Justin Fields,New York Jets,0,,,New York Giants,1,1
4,2,23,Jaylen Waddle,WR,Miami Dolphins,DANJPRECIADO,Brock Purdy,San Francisco 49ers,0,,,Buffalo Bills,0,0
4,1,24,Kyle Monangai,RB,Chicago Bears,KREAR72,Marcus Mariota,Washington Commanders,0,,,New York Giants,0,0
4,1,25,Rome Odunze,WR,Chicago Bears,KREAR72,Marcus Mariota,Washington Commanders,0,,,New York Giants,0,0
4,2,26,Sam LaPorta,TE,Detroit Lions,DANJPRECIADO,Brock Purdy,San Francisco 49ers,0,,,Washington Commanders,0,0
4,3,27,Garrett Wilson,WR,New York Jets,MATHOLOGY,Justin Fields,New York Jets,1,,,Cleveland Browns,0,0
4,4,28,Breece Hall,RB,New York Jets,BUSTERSBOYS,Baker Mayfield,Tampa Bay Buccaneers,0,,,Cleveland Browns,0,0
4,5,29,Jaxson Dart,QB,New York Giants,LEE121503,Jaxson Dart,New York Giants,1,1,1,Chicago Bears,0,0
4,6,30,Drake Maye,QB,New England Patriots,KRUTCHES93,Drake Maye,New England Patriots,1,0,0,Tampa Bay Buccaneers,1,1
4,7,31,Jared Goff,QB,Detroit Lions,MIKEC6212,Jared Goff,Detroit Lions,1,2,1,Washington Commanders,0,0
4,8,32,Chris Olave,WR,New Orleans Saints,TYLER2121,Lamar Jackson,Baltimore Ravens,0,,,Carolina Panthers,0,0
4,9,33,Caleb Williams,QB,Chicago Bears,FFLINX,Caleb Williams,Chicago Bears,1,1,1,New York Giants,0,0
4,10,34,Tetairoa McMillan,WR,Carolina Panthers,BESTBALLVIPER,Sam Darnold,Seattle Seahawks,0,,,New Orleans Saints,0,0
4,11,35,Jordan Addison,WR,Minnesota Vikings,ECOXER10,J.J. McCarthy,Minnesota Vikings,1,,,Baltimore Ravens,1,1
4,12,36,Stefon Diggs,WR,New England Patriots,SCHWEC03,Josh Allen,Buffalo Bills,0,,,Tampa Bay Buccaneers,1,1
4,12,37,Kenneth Walker III,RB,Seattle Seahawks,SCHWEC03,Josh Allen,Buffalo Bills,0,,,Arizona Cardinals,0,0
4,11,38,Travis Etienne Jr.,RB,Jacksonville Jaguars,ECOXER10,J.J. McCarthy,Minnesota Vikings,0,,,Houston Texans,0,0
4,10,39,Rhamondre Stevenson,RB,New England Patriots,BESTBALLVIPER,Sam Darnold,Seattle Seahawks,0,,,Tampa Bay Buccaneers,0,0
4,9,40,Colston Loveland,TE,Chicago Bears,FFLINX,Caleb Williams,Chicago Bears,1,,,New York Giants,0,0
4,8,41,David Montgomery,RB,Detroit Lions,TYLER2121,Lamar Jackson,Baltimore Ravens,0,,,Washington Commanders,0,0
4,7,42,Jameson Williams,WR,Detroit Lions,MIKEC6212,Jared Goff,Detroit Lions,1,,,Washington Commanders,0,0
4,6,43,Deebo Samuel,WR,Washington Commanders,KRUTCHES93,Drake Maye,New England Patriots,0,,,Detroit Lions,0,0
4,5,44,Wan'Dale Robinson,WR,New York Giants,LEE121503,Jaxson Dart,New York Giants,1,,,Chicago Bears,0,0
4,4,45,Baker Mayfield,QB,Tampa Bay Buccaneers,BUSTERSBOYS,Baker Mayfield,Tampa Bay Buccaneers,1,0,0,New England Patriots,0,0
4,3,46,Justin Fields,QB,New York Jets,MATHOLOGY,Justin Fields,New York Jets,1,2,1,Cleveland Browns,0,0
4,2,47,Jauan Jennings,WR,San Francisco 49ers,DANJPRECIADO,Brock Purdy,San Francisco 49ers,1,,,Los Angeles Rams,0,0
4,1,48,Hunter Henry,TE,New England Patriots,KREAR72,Marcus Mariota,Washington Commanders,0,,,Tampa Bay Buccaneers,0,0
4,1,49,D.J. Moore,WR,Chicago Bears,KREAR72,Marcus Mariota,Washington Commanders,0,,,New York Giants,0,0
4,2,50,Tyrone Tracy,RB,New York Giants,DANJPRECIADO,Brock Purdy,San Francisco 49ers,0,,,Chicago Bears,0,0
4,3,51,Mason Taylor,TE,New York Jets,MATHOLOGY,Justin Fields,New York Jets,1,,,Cleveland Browns,0,0
4,4,52,Marvin Harrison,WR,Arizona Cardinals,BUSTERSBOYS,Baker Mayfield,Tampa Bay Buccaneers,0,,,Seattle Seahawks,1,1
4,5,53,Rachaad White,RB,Tampa Bay Buccaneers,LEE121503,Jaxson Dart,New York Giants,0,,,New England Patriots,0,0
4,6,54,Khalil Shakir,WR,Buffalo Bills,KRUTCHES93,Drake Maye,New England Patriots,0,,,Miami Dolphins,1,1
4,7,55,Aaron Jones,RB,Minnesota Vikings,MIKEC6212,Jared Goff,Detroit Lions,0,,,Baltimore Ravens,0,0
4,8,56,Jordan Mason,RB,Minnesota Vikings,TYLER2121,Lamar Jackson,Baltimore Ravens,0,,,Baltimore Ravens,3,1
4,9,57,Tory Horton,WR,Seattle Seahawks,FFLINX,Caleb Williams,Chicago Bears,0,,,Arizona Cardinals,0,0
4,10,58,Sam Darnold,QB,Seattle Seahawks,BESTBALLVIPER,Sam Darnold,Seattle Seahawks,1,1,1,Arizona Cardinals,0,0
4,11,59,Theo Johnson,TE,New York Giants,ECOXER10,J.J. McCarthy,Minnesota Vikings,0,,,Chicago Bears,0,0
4,12,60,Dalton Kincaid,TE,Buffalo Bills,SCHWEC03,Josh Allen,Buffalo Bills,1,,,Miami Dolphins,0,0
4,12,61,Rashid Shaheed,WR,New Orleans Saints,SCHWEC03,Josh Allen,Buffalo Bills,0,,,Carolina Panthers,0,0
4,11,62,J.J. McCarthy,QB,Minnesota Vikings,ECOXER10,J.J. McCarthy,Minnesota Vikings,1,2,1,Baltimore Ravens,1,1
4,10,63,Elijah Arroyo,TE,Seattle Seahawks,BESTBALLVIPER,Sam Darnold,Seattle Seahawks,1,,,Arizona Cardinals,0,0
4,9,64,DeMario Douglas,WR,New England Patriots,FFLINX,Caleb Williams,Chicago Bears,0,,,Tampa Bay Buccaneers,0,0
4,8,65,Mark Andrews,TE,Baltimore Ravens,TYLER2121,Lamar Jackson,Baltimore Ravens,1,,,Minnesota Vikings,1,1
4,7,66,Harold Fannin,TE,Cleveland Browns,MIKEC6212,Jared Goff,Detroit Lions,0,,,New York Jets,0,0
4,6,67,Dalton Schultz,TE,Houston Texans,KRUTCHES93,Drake Maye,New England Patriots,0,,,Jacksonville Jaguars,0,0
4,5,68,Zach Charbonnet,RB,Seattle Seahawks,LEE121503,Jaxson Dart,New York Giants,0,,,Arizona Cardinals,1,1
4,4,69,Alvin Kamara,RB,New Orleans Saints,BUSTERSBOYS,Baker Mayfield,Tampa Bay Buccaneers,0,,,Carolina Panthers,0,0
4,3,70,Darius Slayton,WR,New York Giants,MATHOLOGY,Justin Fields,New York Jets,0,,,Chicago Bears,1,1
4,2,71,Brock Purdy,QB,San Francisco 49ers,DANJPRECIADO,Brock Purdy,San Francisco 49ers,1,1,1,Los Angeles Rams,0,0
4,1,72,Marcus Mariota,QB,Washington Commanders,KREAR72,Marcus Mariota,Washington Commanders,1,0,0,Detroit Lions,0,0
5,1,1,Christian McCaffrey,RB,San Francisco 49ers,NEZ,Drake Maye,New England Patriots,0,,,Los Angeles Rams,0,0
5,2,2,Jahmyr Gibbs,RB,Detroit Lions,NF42,Matthew Stafford,Los Angeles Rams,0,,,Washington Commanders,0,0
5,3,3,James Cook,RB,Buffalo Bills,BUSTERSBOYS,Marcus Mariota,Washington Commanders,0,,,Miami Dolphins,0,0
5,4,4,Jaxon Smith-Njigba,WR,Seattle Seahawks,KREAR72,Sam Darnold,Seattle Seahawks,1,,,Arizona Cardinals,0,0
5,5,5,De'Von Achane,RB,Miami Dolphins,KRUTCHES93,Jaxson Dart,New York Giants,0,,,Buffalo Bills,0,0
5,6,6,Puka Nacua,WR,Los Angeles Rams,HETT711,Justin Fields,New York Jets,0,,,San Francisco 49ers,0,0
5,7,7,Derrick Henry,RB,Baltimore Ravens,SCHWEC03,Kyler Murray,Arizona Cardinals,0,,,Minnesota Vikings,0,0
5,8,8,Amon-Ra St. Brown,WR,Detroit Lions,CHADCANDLES,Josh Allen,Buffalo Bills,0,,,Washington Commanders,1,1
5,9,9,Rico Dowdle,RB,Carolina Panthers,MANARAY31,Baker Mayfield,Tampa Bay Buccaneers,0,,,New Orleans Saints,1,1
5,10,10,Justin Jefferson,WR,Minnesota Vikings,CGEEEEEE,Caleb Williams,Chicago Bears,0,,,Baltimore Ravens,0,0
5,11,11,Kyren Williams,RB,Los Angeles Rams,ECOXER10,Lamar Jackson,Baltimore Ravens,0,,,San Francisco 49ers,0,0
5,12,12,Davante Adams,WR,Los Angeles Rams,MATHOLOGY,Jared Goff,Detroit Lions,0,,,San Francisco 49ers,0,0
5,12,13,Nico Collins,WR,Houston Texans,MATHOLOGY,Jared Goff,Detroit Lions,0,,,Jacksonville Jaguars,0,0
5,11,14,Lamar Jackson,QB,Baltimore Ravens,ECOXER10,Lamar Jackson,Baltimore Ravens,1,1,1,Minnesota Vikings,1,1
5,10,15,Emeka Egbuka,WR,Tampa Bay Buccaneers,CGEEEEEE,Caleb Williams,Chicago Bears,0,,,New England Patriots,0,0
5,9,16,Breece Hall,RB,New York Jets,MANARAY31,Baker Mayfield,Tampa Bay Buccaneers,0,,,Cleveland Browns,0,0
5,8,17,Josh Allen,QB,Buffalo Bills,CHADCANDLES,Josh Allen,Buffalo Bills,1,1,1,Miami Dolphins,0,0
5,7,18,Trey McBride,TE,Arizona Cardinals,SCHWEC03,Kyler Murray,Arizona Cardinals,1,,,Seattle Seahawks,0,0
5,6,19,Bucky Irving,RB,Tampa Bay Buccaneers,HETT711,Justin Fields,New York Jets,0,,,New England Patriots,0,0
5,5,20,George Kittle,TE,San Francisco 49ers,KRUTCHES93,Jaxson Dart,New York Giants,0,,,Los Angeles Rams,0,0
5,4,21,Sam LaPorta,TE,Detroit Lions,KREAR72,Sam Darnold,Seattle Seahawks,0,,,Washington Commanders,1,1
5,3,22,Quinshon Judkins,RB,Cleveland Browns,BUSTERSBOYS,Marcus Mariota,Washington Commanders,0,,,New York Jets,0,0
5,2,23,Zay Flowers,WR,Baltimore Ravens,NF42,Matthew Stafford,Los Angeles Rams,0,,,Minnesota Vikings,0,0
5,1,24,Stefon Diggs,WR,New England Patriots,NEZ,Drake Maye,New England Patriots,1,,,Tampa Bay Buccaneers,0,0
5,1,25,Drake Maye,QB,New England Patriots,NEZ,Drake Maye,New England Patriots,1,2,1,Tampa Bay Buccaneers,0,0
5,2,26,Jaylen Waddle,WR,Miami Dolphins,NF42,Matthew Stafford,Los Angeles Rams,0,,,Buffalo Bills,1,1
5,3,27,Rome Odunze,WR,Chicago Bears,BUSTERSBOYS,Marcus Mariota,Washington Commanders,0,,,New York Giants,0,0
5,4,28,David Montgomery,RB,Detroit Lions,KREAR72,Sam Darnold,Seattle Seahawks,0,,,Washington Commanders,1,1
5,5,29,Jaxson Dart,QB,New York Giants,KRUTCHES93,Jaxson Dart,New York Giants,1,0,0,Chicago Bears,0,0
5,6,30,Kyle Monangai,RB,Chicago Bears,HETT711,Justin Fields,New York Jets,0,,,New York Giants,0,0
5,7,31,Garrett Wilson,WR,New York Jets,SCHWEC03,Kyler Murray,Arizona Cardinals,0,,,Cleveland Browns,0,0
5,8,32,Jacory Croskey-Merritt,RB,Washington Commanders,CHADCANDLES,Josh Allen,Buffalo Bills,0,,,Detroit Lions,1,1
5,9,33,Baker Mayfield,QB,Tampa Bay Buccaneers,MANARAY31,Baker Mayfield,Tampa Bay Buccaneers,1,0,0,New England Patriots,0,0
5,10,34,D'Andre Swift,RB,Chicago Bears,CGEEEEEE,Caleb Williams,Chicago Bears,1,,,New York Giants,0,0
5,11,35,Kenneth Walker III,RB,Seattle Seahawks,ECOXER10,Lamar Jackson,Baltimore Ravens,0,,,Arizona Cardinals,0,0
5,12,36,Jared Goff,QB,Detroit Lions,MATHOLOGY,Jared Goff,Detroit Lions,1,1,1,Washington Commanders,0,0
5,12,37,Jameson Williams,WR,Detroit Lions,MATHOLOGY,Jared Goff,Detroit Lions,1,,,Washington Commanders,0,0
5,11,38,Jordan Addison,WR,Minnesota Vikings,ECOXER10,Lamar Jackson,Baltimore Ravens,0,,,Baltimore Ravens,2,1
5,10,39,Caleb Williams,QB,Chicago Bears,CGEEEEEE,Caleb Williams,Chicago Bears,1,1,1,New York Giants,0,0
5,9,40,Chris Olave,WR,New Orleans Saints,MANARAY31,Baker Mayfield,Tampa Bay Buccaneers,0,,,Carolina Panthers,1,1
5,8,41,Dalton Kincaid,TE,Buffalo Bills,CHADCANDLES,Josh Allen,Buffalo Bills,1,,,Miami Dolphins,0,0
5,7,42,Wan'Dale Robinson,WR,New York Giants,SCHWEC03,Kyler Murray,Arizona Cardinals,0,,,Chicago Bears,0,0
5,6,43,Marvin Harrison,WR,Arizona Cardinals,HETT711,Justin Fields,New York Jets,0,,,Seattle Seahawks,0,0
5,5,44,Tetairoa McMillan,WR,Carolina Panthers,KRUTCHES93,Jaxson Dart,New York Giants,0,,,New Orleans Saints,1,1
5,4,45,Deebo Samuel,WR,Washington Commanders,KREAR72,Sam Darnold,Seattle Seahawks,0,,,Detroit Lions,2,1
5,3,46,Jauan Jennings,WR,San Francisco 49ers,BUSTERSBOYS,Marcus Mariota,Washington Commanders,0,,,Los Angeles Rams,0,0
5,2,47,Khalil Shakir,WR,Buffalo Bills,NF42,Matthew Stafford,Los Angeles Rams,0,,,Miami Dolphins,1,1
5,1,48,Travis Etienne Jr.,RB,Jacksonville Jaguars,NEZ,Drake Maye,New England Patriots,0,,,Houston Texans,0,0
5,1,49,D.J. Moore,WR,Chicago Bears,NEZ,Drake Maye,New England Patriots,0,,,New York Giants,0,0
5,2,50,Matthew Stafford,QB,Los Angeles Rams,NF42,Matthew Stafford,Los Angeles Rams,1,0,0,San Francisco 49ers,0,0
5,3,51,Colston Loveland,TE,Chicago Bears,BUSTERSBOYS,Marcus Mariota,Washington Commanders,0,,,New York Giants,0,0
5,4,52,Woody Marks,RB,Houston Texans,KREAR72,Sam Darnold,Seattle Seahawks,0,,,Jacksonville Jaguars,0,0
5,5,53,Rashid Shaheed,WR,New Orleans Saints,KRUTCHES93,Jaxson Dart,New York Giants,0,,,Carolina Panthers,1,1
5,6,54,Justin Fields,QB,New York Jets,HETT711,Justin Fields,New York Jets,1,1,1,Cleveland Browns,0,0
5,7,55,Tyrone Tracy,RB,New York Giants,SCHWEC03,Kyler Murray,Arizona Cardinals,0,,,Chicago Bears,0,0
5,8,56,Rhamondre Stevenson,RB,New England Patriots,CHADCANDLES,Josh Allen,Buffalo Bills,0,,,Tampa Bay Buccaneers,0,0
5,9,57,Theo Johnson,TE,New York Giants,MANARAY31,Baker Mayfield,Tampa Bay Buccaneers,0,,,Chicago Bears,0,0
5,10,58,Zach Ertz,TE,Washington Commanders,CGEEEEEE,Caleb Williams,Chicago Bears,0,,,Detroit Lions,0,0
5,11,59,Mark Andrews,TE,Baltimore Ravens,ECOXER10,Lamar Jackson,Baltimore Ravens,1,,,Minnesota Vikings,1,1
5,12,60,Aaron Jones,RB,Minnesota Vikings,MATHOLOGY,Jared Goff,Detroit Lions,0,,,Baltimore Ravens,0,0
5,12,61,Harold Fannin,TE,Cleveland Browns,MATHOLOGY,Jared Goff,Detroit Lions,0,,,New York Jets,0,0
5,11,62,Darius Slayton,WR,New York Giants,ECOXER10,Lamar Jackson,Baltimore Ravens,0,,,Chicago Bears,0,0
5,10,63,Chris Godwin,WR,Tampa Bay Buccaneers,CGEEEEEE,Caleb Williams,Chicago Bears,0,,,New England Patriots,0,0
5,9,64,Parker Washington,WR,Jacksonville Jaguars,MANARAY31,Baker Mayfield,Tampa Bay Buccaneers,0,,,Houston Texans,0,0
5,8,65,DeMario Douglas,WR,New England Patriots,CHADCANDLES,Josh Allen,Buffalo Bills,0,,,Tampa Bay Buccaneers,0,0
5,7,66,Kyler Murray,QB,Arizona Cardinals,SCHWEC03,Kyler Murray,Arizona Cardinals,1,1,1,Seattle Seahawks,0,0
5,6,67,Mason Taylor,TE,New York Jets,HETT711,Justin Fields,New York Jets,1,,,Cleveland Browns,0,0
5,5,68,Jordan Mason,RB,Minnesota Vikings,KRUTCHES93,Jaxson Dart,New York Giants,0,,,Baltimore Ravens,0,0
5,4,69,Sam Darnold,QB,Seattle Seahawks,KREAR72,Sam Darnold,Seattle Seahawks,1,1,1,Arizona Cardinals,0,0
5,3,70,Marcus Mariota,QB,Washington Commanders,BUSTERSBOYS,Marcus Mariota,Washington Commanders,1,0,0,Detroit Lions,0,0
5,2,71,Cade Otton,TE,Tampa Bay Buccaneers,NF42,Matthew Stafford,Los Angeles Rams,0,,,New England Patriots,0,0
5,1,72,Hunter Henry,TE,New England Patriots,NEZ,Drake Maye,New England Patriots,1,,,Tampa Bay Buccaneers,0,0
6,1,1,Christian McCaffrey,RB,San Francisco 49ers,EZ116,Justin Fields,New York Jets,0,,,Los Angeles Rams,0,0
6,2,2,Jahmyr Gibbs,RB,Detroit Lions,SCHWEC03,Jaxson Dart,New York Giants,0,,,Washington Commanders,1,1
6,3,3,Jaxon Smith-Njigba,WR,Seattle Seahawks,NEZ,Jared Goff,Detroit Lions,0,,,Arizona Cardinals,0,0
6,4,4,James Cook,RB,Buffalo Bills,LEE121503,Drake Maye,New England Patriots,0,,,Miami Dolphins,0,0
6,5,5,Puka Nacua,WR,Los Angeles Rams,DABK,Matthew Stafford,Los Angeles Rams,1,,,San Francisco 49ers,0,0
6,6,6,Bucky Irving,RB,Tampa Bay Buccaneers,BESTBALLVIPER,Sam Darnold,Seattle Seahawks,0,,,New England Patriots,0,0
6,7,7,Amon-Ra St. Brown,WR,Detroit Lions,FFLINX,Trevor Lawrence,Jacksonville Jaguars,0,,,Washington Commanders,0,0
6,8,8,De'Von Achane,RB,Miami Dolphins,MIKEC6212,Josh Allen,Buffalo Bills,0,,,Buffalo Bills,1,1
6,9,9,Rico Dowdle,RB,Carolina Panthers,DANJPRECIADO,Marcus Mariota,Washington Commanders,0,,,New Orleans Saints,0,0
6,10,10,Kyren Williams,RB,Los Angeles Rams,INGELX,Caleb Williams,Chicago Bears,0,,,San Francisco 49ers,0,0
6,11,11,Derrick Henry,RB,Baltimore Ravens,BUSTERSBOYS,Baker Mayfield,Tampa Bay Buccaneers,0,,,Minnesota Vikings,0,0
6,12,12,Lamar Jackson,QB,Baltimore Ravens,KRUTCHES93,Lamar Jackson,Baltimore Ravens,1,0,0,Minnesota Vikings,2,1
6,12,13,Justin Jefferson,WR,Minnesota Vikings,KRUTCHES93,Lamar Jackson,Baltimore Ravens,0,,,Baltimore Ravens,1,1
6,11,14,Davante Adams,WR,Los Angeles Rams,BUSTERSBOYS,Baker Mayfield,Tampa Bay Buccaneers,0,,,San Francisco 49ers,0,0
6,10,15,Trey McBride,TE,Arizona Cardinals,INGELX,Caleb Williams,Chicago Bears,0,,,Seattle Seahawks,1,1
6,9,16,Emeka Egbuka,WR,Tampa Bay Buccaneers,DANJPRECIADO,Marcus Mariota,Washington Commanders,0,,,New England Patriots,0,0
6,8,17,Josh Allen,QB,Buffalo Bills,MIKEC6212,Josh Allen,Buffalo Bills,1,0,0,Miami Dolphins,1,1
6,7,18,Nico Collins,WR,Houston Texans,FFLINX,Trevor Lawrence,Jacksonville Jaguars,0,,,Jacksonville Jaguars,2,1
6,6,19,Quinshon Judkins,RB,Cleveland Browns,BESTBALLVIPER,Sam Darnold,Seattle Seahawks,0,,,New York Jets,0,0
6,5,20,Breece Hall,RB,New York Jets,DABK,Matthew Stafford,Los Angeles Rams,0,,,Cleveland Browns,0,0
6,4,21,Kyle Monangai,RB,Chicago Bears,LEE121503,Drake Maye,New England Patriots,0,,,New York Giants,0,0
6,3,22,Zay Flowers,WR,Baltimore Ravens,NEZ,Jared Goff,Detroit Lions,0,,,Minnesota Vikings,0,0
6,2,23,George Kittle,TE,San Francisco 49ers,SCHWEC03,Jaxson Dart,New York Giants,0,,,Los Angeles Rams,0,0
6,1,24,Garrett Wilson,WR,New York Jets,EZ116,Justin Fields,New York Jets,1,,,Cleveland Browns,0,0
6,1,25,Jaylen Waddle,WR,Miami Dolphins,EZ116,Justin Fields,New York Jets,0,,,Buffalo Bills,1,1
6,2,26,Jaxson Dart,QB,New York Giants,SCHWEC03,Jaxson Dart,New York Giants,1,0,0,Chicago Bears,0,0
6,3,27,D'Andre Swift,RB,Chicago Bears,NEZ,Jared Goff,Detroit Lions,0,,,New York Giants,0,0
6,4,28,Drake Maye,QB,New England Patriots,LEE121503,Drake Maye,New England Patriots,1,1,1,Tampa Bay Buccaneers,0,0
6,5,29,Rome Odunze,WR,Chicago Bears,DABK,Matthew Stafford,Los Angeles Rams,0,,,New York Giants,1,1
6,6,30,Marvin Harrison,WR,Arizona Cardinals,BESTBALLVIPER,Sam Darnold,Seattle Seahawks,0,,,Seattle Seahawks,2,1
6,7,31,Travis Etienne Jr.,RB,Jacksonville Jaguars,FFLINX,Trevor Lawrence,Jacksonville Jaguars,1,,,Houston Texans,1,1
6,8,32,Stefon Diggs,WR,New England Patriots,MIKEC6212,Josh Allen,Buffalo Bills,0,,,Tampa Bay Buccaneers,0,0
6,9,33,David Montgomery,RB,Detroit Lions,DANJPRECIADO,Marcus Mariota,Washington Commanders,0,,,Washington Commanders,2,1
6,10,34,Kenneth Walker III,RB,Seattle Seahawks,INGELX,Caleb Williams,Chicago Bears,0,,,Arizona Cardinals,1,1
6,11,35,Baker Mayfield,QB,Tampa Bay Buccaneers,BUSTERSBOYS,Baker Mayfield,Tampa Bay Buccaneers,1,1,1,New England Patriots,1,1
6,12,36,Sam LaPorta,TE,Detroit Lions,KRUTCHES93,Lamar Jackson,Baltimore Ravens,0,,,Washington Commanders,0,0
6,12,37,Chris Olave,WR,New Orleans Saints,KRUTCHES93,Lamar Jackson,Baltimore Ravens,0,,,Carolina Panthers,0,0
6,11,38,Tetairoa McMillan,WR,Carolina Panthers,BUSTERSBOYS,Baker Mayfield,Tampa Bay Buccaneers,0,,,New Orleans Saints,0,0
6,10,39,Caleb Williams,QB,Chicago Bears,INGELX,Caleb Williams,Chicago Bears,1,1,1,New York Giants,1,1
6,9,40,Deebo Samuel,WR,Washington Commanders,DANJPRECIADO,Marcus Mariota,Washington Commanders,1,,,Detroit Lions,1,1
6,8,41,Tyrone Tracy,RB,New York Giants,MIKEC6212,Josh Allen,Buffalo Bills,0,,,Chicago Bears,1,1
6,7,42,Jordan Addison,WR,Minnesota Vikings,FFLINX,Trevor Lawrence,Jacksonville Jaguars,0,,,Baltimore Ravens,1,1
6,6,43,Sam Darnold,QB,Seattle Seahawks,BESTBALLVIPER,Sam Darnold,Seattle Seahawks,1,1,1,Arizona Cardinals,1,1
6,5,44,Wan'Dale Robinson,WR,New York Giants,DABK,Matthew Stafford,Los Angeles Rams,0,,,Chicago Bears,1,1
6,4,45,Jauan Jennings,WR,San Francisco 49ers,LEE121503,Drake Maye,New England Patriots,0,,,Los Angeles Rams,0,0
6,3,46,Jameson Williams,WR,Detroit Lions,NEZ,Jared Goff,Detroit Lions,1,,,Washington Commanders,0,0
6,2,47,Khalil Shakir,WR,Buffalo Bills,SCHWEC03,Jaxson Dart,New York Giants,0,,,Miami Dolphins,0,0
6,1,48,Rhamondre Stevenson,RB,New England Patriots,EZ116,Justin Fields,New York Jets,0,,,Tampa Bay Buccaneers,0,0
6,1,49,Dalton Kincaid,TE,Buffalo Bills,EZ116,Justin Fields,New York Jets,0,,,Miami Dolphins,1,1
6,2,50,Jacory Croskey-Merritt,RB,Washington Commanders,SCHWEC03,Jaxson Dart,New York Giants,0,,,Detroit Lions,1,1
6,3,51,Jared Goff,QB,Detroit Lions,NEZ,Jared Goff,Detroit Lions,1,1,1,Washington Commanders,0,0
6,4,52,Hunter Henry,TE,New England Patriots,LEE121503,Drake Maye,New England Patriots,1,,,Tampa Bay Buccaneers,0,0
6,5,53,Matthew Stafford,QB,Los Angeles Rams,DABK,Matthew Stafford,Los Angeles Rams,1,1,1,San Francisco 49ers,0,0
6,6,54,Tory Horton,WR,Seattle Seahawks,BESTBALLVIPER,Sam Darnold,Seattle Seahawks,1,,,Arizona Cardinals,1,1
6,7,55,Trevor Lawrence,QB,Jacksonville Jaguars,FFLINX,Trevor Lawrence,Jacksonville Jaguars,1,1,1,Houston Texans,1,1
6,8,56,Colston Loveland,TE,Chicago Bears,MIKEC6212,Josh Allen,Buffalo Bills,0,,,New York Giants,1,1
6,9,57,Theo Johnson,TE,New York Giants,DANJPRECIADO,Marcus Mariota,Washington Commanders,0,,,Chicago Bears,0,0
6,10,58,D.J. Moore,WR,Chicago Bears,INGELX,Caleb Williams,Chicago Bears,1,,,New York Giants,1,1
6,11,59,TreVeyon Henderson,RB,New England Patriots,BUSTERSBOYS,Baker Mayfield,Tampa Bay Buccaneers,0,,,Tampa Bay Buccaneers,2,1
6,12,60,Brian Thomas,WR,Jacksonville Jaguars,KRUTCHES93,Lamar Jackson,Baltimore Ravens,0,,,Houston Texans,0,0
6,12,61,Jordan Mason,RB,Minnesota Vikings,KRUTCHES93,Lamar Jackson,Baltimore Ravens,0,,,Baltimore Ravens,1,1
6,11,62,Cade Otton,TE,Tampa Bay Buccaneers,BUSTERSBOYS,Baker Mayfield,Tampa Bay Buccaneers,1,,,New England Patriots,1,1
6,10,63,Darius Slayton,WR,New York Giants,INGELX,Caleb Williams,Chicago Bears,0,,,Chicago Bears,2,1
6,9,64,Marcus Mariota,QB,Washington Commanders,DANJPRECIADO,Marcus Mariota,Washington Commanders,1,1,1,Detroit Lions,1,1
6,8,65,Rashid Shaheed,WR,New Orleans Saints,MIKEC6212,Josh Allen,Buffalo Bills,0,,,Carolina Panthers,0,0
6,7,66,Mark Andrews,TE,Baltimore Ravens,FFLINX,Trevor Lawrence,Jacksonville Jaguars,0,,,Minnesota Vikings,1,1
6,6,67,Zach Ertz,TE,Washington Commanders,BESTBALLVIPER,Sam Darnold,Seattle Seahawks,0,,,Detroit Lions,0,0
6,5,68,Juwan Johnson,TE,New Orleans Saints,DABK,Matthew Stafford,Los Angeles Rams,0,,,Carolina Panthers,0,0
6,4,69,Parker Washington,WR,Jacksonville Jaguars,LEE121503,Drake Maye,New England Patriots,0,,,Houston Texans,0,0
6,3,70,Harold Fannin,TE,Cleveland Browns,NEZ,Jared Goff,Detroit Lions,0,,,New York Jets,0,0
6,2,71,Jerry Jeudy,WR,Cleveland Browns,SCHWEC03,Jaxson Dart,New York Giants,0,,,New York Jets,0,0
6,1,72,Justin Fields,QB,New York Jets,EZ116,Justin Fields,New York Jets,1,1,1,Cleveland Browns,0,0
7,1,1,Christian McCaffrey,RB,San Francisco 49ers,BUSTERSBOYS,Bryce Young,Carolina Panthers,0,,,Los Angeles Rams,0,0
7,2,2,Jahmyr Gibbs,RB,Detroit Lions,KRUTCHES93,J.J. McCarthy,Minnesota Vikings,0,,,Washington Commanders,1,1
7,3,3,James Cook,RB,Buffalo Bills,MIKEC6212,Matthew Stafford,Los Angeles Rams,0,,,Miami Dolphins,1,1
7,4,4,Jaxon Smith-Njigba,WR,Seattle Seahawks,FFLINX,Jaxson Dart,New York Giants,0,,,Arizona Cardinals,0,0
7,5,5,Puka Nacua,WR,Los Angeles Rams,GUNNEROSS,Caleb Williams,Chicago Bears,0,,,San Francisco 49ers,0,0
7,6,6,Rico Dowdle,RB,Carolina Panthers,LEE121503,Brock Purdy,San Francisco 49ers,0,,,New Orleans Saints,0,0
7,7,7,De'Von Achane,RB,Miami Dolphins,KREAR72,Drake Maye,New England Patriots,0,,,Buffalo Bills,0,0
7,8,8,Amon-Ra St. Brown,WR,Detroit Lions,GPNGC,Jared Goff,Detroit Lions,1,,,Washington Commanders,0,0
7,9,9,Derrick Henry,RB,Baltimore Ravens,MATHOLOGY,Baker Mayfield,Tampa Bay Buccaneers,0,,,Minnesota Vikings,1,1
7,10,10,Lamar Jackson,QB,Baltimore Ravens,BHOKEVIN,Lamar Jackson,Baltimore Ravens,1,1,1,Minnesota Vikings,0,0
7,11,11,Josh Allen,QB,Buffalo Bills,EZ116,Josh Allen,Buffalo Bills,1,1,1,Miami Dolphins,0,0
7,12,12,Kyren Williams,RB,Los Angeles Rams,SCHWEC03,Justin Fields,New York Jets,0,,,San Francisco 49ers,0,0
7,12,13,Justin Jefferson,WR,Minnesota Vikings,SCHWEC03,Justin Fields,New York Jets,0,,,Baltimore Ravens,0,0
7,11,14,Nico Collins,WR,Houston Texans,EZ116,Josh Allen,Buffalo Bills,0,,,Jacksonville Jaguars,0,0
7,10,15,Davante Adams,WR,Los Angeles Rams,BHOKEVIN,Lamar Jackson,Baltimore Ravens,0,,,San Francisco 49ers,0,0
7,9,16,Emeka Egbuka,WR,Tampa Bay Buccaneers,MATHOLOGY,Baker Mayfield,Tampa Bay Buccaneers,1,,,New England Patriots,1,1
7,8,17,Trey McBride,TE,Arizona Cardinals,GPNGC,Jared Goff,Detroit Lions,0,,,Seattle Seahawks,0,0
7,7,18,Bucky Irving,RB,Tampa Bay Buccaneers,KREAR72,Drake Maye,New England Patriots,0,,,New England Patriots,2,1
7,6,19,Quinshon Judkins,RB,Cleveland Browns,LEE121503,Brock Purdy,San Francisco 49ers,0,,,New York Jets,0,0
7,5,20,Breece Hall,RB,New York Jets,GUNNEROSS,Caleb Williams,Chicago Bears,0,,,Cleveland Browns,0,0
7,4,21,D'Andre Swift,RB,Chicago Bears,FFLINX,Jaxson Dart,New York Giants,0,,,New York Giants,2,1
7,3,22,Jaylen Waddle,WR,Miami Dolphins,MIKEC6212,Matthew Stafford,Los Angeles Rams,0,,,Buffalo Bills,1,1
7,2,23,George Kittle,TE,San Francisco 49ers,KRUTCHES93,J.J. McCarthy,Minnesota Vikings,0,,,Los Angeles Rams,0,0
7,1,24,Zay Flowers,WR,Baltimore Ravens,BUSTERSBOYS,Bryce Young,Carolina Panthers,0,,,Minnesota Vikings,0,0
7,1,25,Rome Odunze,WR,Chicago Bears,BUSTERSBOYS,Bryce Young,Carolina Panthers,0,,,New York Giants,0,0
7,2,26,Garrett Wilson,WR,New York Jets,KRUTCHES93,J.J. McCarthy,Minnesota Vikings,0,,,Cleveland Browns,0,0
7,3,27,Tyrone Tracy,RB,New York Giants,MIKEC6212,Matthew Stafford,Los Angeles Rams,0,,,Chicago Bears,0,0
7,4,28,Jaxson Dart,QB,New York Giants,FFLINX,Jaxson Dart,New York Giants,1,1,1,Chicago Bears,1,1
7,5,29,Sam LaPorta,TE,Detroit Lions,GUNNEROSS,Caleb Williams,Chicago Bears,0,,,Washington Commanders,0,0
7,6,30,Stefon Diggs,WR,New England Patriots,LEE121503,Brock Purdy,San Francisco 49ers,0,,,Tampa Bay Buccaneers,0,0
7,7,31,Drake Maye,QB,New England Patriots,KREAR72,Drake Maye,New England Patriots,1,1,1,Tampa Bay Buccaneers,1,1
7,8,32,Kyle Monangai,RB,Chicago Bears,GPNGC,Jared Goff,Detroit Lions,0,,,New York Giants,0,0
7,9,33,Baker Mayfield,QB,Tampa Bay Buccaneers,MATHOLOGY,Baker Mayfield,Tampa Bay Buccaneers,1,1,1,New England Patriots,1,1
7,10,34,Chris Olave,WR,New Orleans Saints,BHOKEVIN,Lamar Jackson,Baltimore Ravens,0,,,Carolina Panthers,0,0
7,11,35,Kenneth Walker III,RB,Seattle Seahawks,EZ116,Josh Allen,Buffalo Bills,0,,,Arizona Cardinals,0,0
7,12,36,Travis Etienne Jr.,RB,Jacksonville Jaguars,SCHWEC03,Justin Fields,New York Jets,0,,,Houston Texans,0,0
7,12,37,Marvin Harrison,WR,Arizona Cardinals,SCHWEC03,Justin Fields,New York Jets,0,,,Seattle Seahawks,0,0
7,11,38,Khalil Shakir,WR,Buffalo Bills,EZ116,Josh Allen,Buffalo Bills,1,,,Miami Dolphins,0,0
7,10,39,Mark Andrews,TE,Baltimore Ravens,BHOKEVIN,Lamar Jackson,Baltimore Ravens,1,,,Minnesota Vikings,0,0
7,9,40,Jordan Addison,WR,Minnesota Vikings,MATHOLOGY,Baker Mayfield,Tampa Bay Buccaneers,0,,,Baltimore Ravens,1,1
7,8,41,Jared Goff,QB,Detroit Lions,GPNGC,Jared Goff,Detroit Lions,1,2,1,Washington Commanders,0,0
7,7,42,Wan'Dale Robinson,WR,New York Giants,KREAR72,Drake Maye,New England Patriots,0,,,Chicago Bears,0,0
7,6,43,Dalton Kincaid,TE,Buffalo Bills,LEE121503,Brock Purdy,San Francisco 49ers,0,,,Miami Dolphins,0,0
7,5,44,Caleb Williams,QB,Chicago Bears,GUNNEROSS,Caleb Williams,Chicago Bears,1,1,1,New York Giants,0,0
7,4,45,Jameson Williams,WR,Detroit Lions,FFLINX,Jaxson Dart,New York Giants,0,,,Washington Commanders,0,0
7,3,46,Jauan Jennings,WR,San Francisco 49ers,MIKEC6212,Matthew Stafford,Los Angeles Rams,0,,,Los Angeles Rams,1,1
7,2,47,Deebo Samuel,WR,Washington Commanders,KRUTCHES93,J.J. McCarthy,Minnesota Vikings,0,,,Detroit Lions,1,1
7,1,48,Tetairoa McMillan,WR,Carolina Panthers,BUSTERSBOYS,Bryce Young,Carolina Panthers,1,,,New Orleans Saints,0,0
7,1,49,Colston Loveland,TE,Chicago Bears,BUSTERSBOYS,Bryce Young,Carolina Panthers,0,,,New York Giants,0,0
7,2,50,Aaron Jones,RB,Minnesota Vikings,KRUTCHES93,J.J. McCarthy,Minnesota Vikings,1,,,Baltimore Ravens,0,0
7,3,51,Matthew Stafford,QB,Los Angeles Rams,MIKEC6212,Matthew Stafford,Los Angeles Rams,1,0,0,San Francisco 49ers,1,1
7,4,52,Theo Johnson,TE,New York Giants,FFLINX,Jaxson Dart,New York Giants,1,,,Chicago Bears,1,1
7,5,53,D.J. Moore,WR,Chicago Bears,GUNNEROSS,Caleb Williams,Chicago Bears,1,,,New York Giants,0,0
7,6,54,Brian Thomas,WR,Jacksonville Jaguars,LEE121503,Brock Purdy,San Francisco 49ers,0,,,Houston Texans,0,0
7,7,55,Hunter Henry,TE,New England Patriots,KREAR72,Drake Maye,New England Patriots,1,,,Tampa Bay Buccaneers,1,1
7,8,56,David Montgomery,RB,Detroit Lions,GPNGC,Jared Goff,Detroit Lions,1,,,Washington Commanders,0,0
7,9,57,Rhamondre Stevenson,RB,New England Patriots,MATHOLOGY,Baker Mayfield,Tampa Bay Buccaneers,0,,,Tampa Bay Buccaneers,2,1
7,10,58,Woody Marks,RB,Houston Texans,BHOKEVIN,Lamar Jackson,Baltimore Ravens,0,,,Jacksonville Jaguars,0,0
7,11,59,Zach Ertz,TE,Washington Commanders,EZ116,Josh Allen,Buffalo Bills,0,,,Detroit Lions,0,0
7,12,60,Justin Fields,QB,New York Jets,SCHWEC03,Justin Fields,New York Jets,1,1,1,Cleveland Browns,0,0
7,12,61,Mason Taylor,TE,New York Jets,SCHWEC03,Justin Fields,New York Jets,1,,,Cleveland Browns,0,0
7,11,62,Alvin Kamara,RB,New Orleans Saints,EZ116,Josh Allen,Buffalo Bills,0,,,Carolina Panthers,0,0
7,10,63,Jeremy McNichols,RB,Washington Commanders,BHOKEVIN,Lamar Jackson,Baltimore Ravens,0,,,Detroit Lions,0,0
7,9,64,Elijah Arroyo,TE,Seattle Seahawks,MATHOLOGY,Baker Mayfield,Tampa Bay Buccaneers,0,,,Arizona Cardinals,0,0
7,8,65,Rashid Shaheed,WR,New Orleans Saints,GPNGC,Jared Goff,Detroit Lions,0,,,Carolina Panthers,0,0
7,7,66,Parker Washington,WR,Jacksonville Jaguars,KREAR72,Drake Maye,New England Patriots,0,,,Houston Texans,0,0
7,6,67,Brock Purdy,QB,San Francisco 49ers,LEE121503,Brock Purdy,San Francisco 49ers,1,0,0,Los Angeles Rams,0,0
7,5,68,TreVeyon Henderson,RB,New England Patriots,GUNNEROSS,Caleb Williams,Chicago Bears,0,,,Tampa Bay Buccaneers,0,0
7,4,69,Rachaad White,RB,Tampa Bay Buccaneers,FFLINX,Jaxson Dart,New York Giants,0,,,New England Patriots,0,0
7,3,70,Harold Fannin,TE,Cleveland Browns,MIKEC6212,Matthew Stafford,Los Angeles Rams,0,,,New York Jets,0,0
7,2,71,J.J. McCarthy,QB,Minnesota Vikings,KRUTCHES93,J.J. McCarthy,Minnesota Vikings,1,1,1,Baltimore Ravens,0,0
7,1,72,Bryce Young,QB,Carolina Panthers,BUSTERSBOYS,Bryce Young,Carolina Panthers,1,1,1,New Orleans Saints,0,0
8,1,1,Christian McCaffrey,RB,San Francisco 49ers,DABK,Sam Darnold,Seattle Seahawks,0,,,Los Angeles Rams,0,0
8,2,2,Jahmyr Gibbs,RB,Detroit Lions,FANTASYGRIN,Brock Purdy,San Francisco 49ers,0,,,Washington Commanders,0,0
8,3,3,James Cook,RB,Buffalo Bills,BUSTERSBOYS,Bryce Young,Carolina Panthers,0,,,Miami Dolphins,0,0
8,4,4,Jaxon Smith-Njigba,WR,Seattle Seahawks,SCHWEC03,Kyler Murray,Arizona Cardinals,0,,,Arizona Cardinals,2,1
8,5,5,Puka Nacua,WR,Los Angeles Rams,COPPERPRICES,Matthew Stafford,Los Angeles Rams,1,,,San Francisco 49ers,0,0
8,6,6,De'Von Achane,RB,Miami Dolphins,KRUTCHES93,Caleb Williams,Chicago Bears,0,,,Buffalo Bills,0,0
8,7,7,Amon-Ra St. Brown,WR,Detroit Lions,MIKEC6212,Drake Maye,New England Patriots,0,,,Washington Commanders,0,0
8,8,8,Rico Dowdle,RB,Carolina Panthers,FFLINX,Jaxson Dart,New York Giants,0,,,New Orleans Saints,0,0
8,9,9,Derrick Henry,RB,Baltimore Ravens,GPNGC,Jared Goff,Detroit Lions,0,,,Minnesota Vikings,0,0
8,10,10,Josh Allen,QB,Buffalo Bills,EZ116,Josh Allen,Buffalo Bills,1,0,0,Miami Dolphins,0,0
8,11,11,Kyren Williams,RB,Los Angeles Rams,LEE121503,Baker Mayfield,Tampa Bay Buccaneers,0,,,San Francisco 49ers,0,0
8,12,12,Lamar Jackson,QB,Baltimore Ravens,DANJPRECIADO,Lamar Jackson,Baltimore Ravens,1,0,0,Minnesota Vikings,1,1
8,12,13,Justin Jefferson,WR,Minnesota Vikings,DANJPRECIADO,Lamar Jackson,Baltimore Ravens,0,,,Baltimore Ravens,1,1
8,11,14,Emeka Egbuka,WR,Tampa Bay Buccaneers,LEE121503,Baker Mayfield,Tampa Bay Buccaneers,1,,,New England Patriots,0,0
8,10,15,Nico Collins,WR,Houston Texans,EZ116,Josh Allen,Buffalo Bills,0,,,Jacksonville Jaguars,0,0
8,9,16,Davante Adams,WR,Los Angeles Rams,GPNGC,Jared Goff,Detroit Lions,0,,,San Francisco 49ers,0,0
8,8,17,Breece Hall,RB,New York Jets,FFLINX,Jaxson Dart,New York Giants,0,,,Cleveland Browns,0,0
8,7,18,Quinshon Judkins,RB,Cleveland Browns,MIKEC6212,Drake Maye,New England Patriots,0,,,New York Jets,0,0
8,6,19,Bucky Irving,RB,Tampa Bay Buccaneers,KRUTCHES93,Caleb Williams,Chicago Bears,0,,,New England Patriots,0,0
8,5,20,D'Andre Swift,RB,Chicago Bears,COPPERPRICES,Matthew Stafford,Los Angeles Rams,0,,,New York Giants,0,0
8,4,21,Trey McBride,TE,Arizona Cardinals,SCHWEC03,Kyler Murray,Arizona Cardinals,1,,,Seattle Seahawks,2,1
8,3,22,Zay Flowers,WR,Baltimore Ravens,BUSTERSBOYS,Bryce Young,Carolina Panthers,0,,,Minnesota Vikings,0,0
8,2,23,George Kittle,TE,San Francisco 49ers,FANTASYGRIN,Brock Purdy,San Francisco 49ers,1,,,Los Angeles Rams,0,0
8,1,24,Garrett Wilson,WR,New York Jets,DABK,Sam Darnold,Seattle Seahawks,0,,,Cleveland Browns,0,0
8,1,25,Kyle Monangai,RB,Chicago Bears,DABK,Sam Darnold,Seattle Seahawks,0,,,New York Giants,0,0
8,2,26,Chris Olave,WR,New Orleans Saints,FANTASYGRIN,Brock Purdy,San Francisco 49ers,0,,,Carolina Panthers,0,0
8,3,27,Rome Odunze,WR,Chicago Bears,BUSTERSBOYS,Bryce Young,Carolina Panthers,0,,,New York Giants,0,0
8,4,28,Jaylen Waddle,WR,Miami Dolphins,SCHWEC03,Kyler Murray,Arizona Cardinals,0,,,Buffalo Bills,1,1
8,5,29,David Montgomery,RB,Detroit Lions,COPPERPRICES,Matthew Stafford,Los Angeles Rams,0,,,Washington Commanders,0,0
8,6,30,Sam LaPorta,TE,Detroit Lions,KRUTCHES93,Caleb Williams,Chicago Bears,0,,,Washington Commanders,0,0
8,7,31,Drake Maye,QB,New England Patriots,MIKEC6212,Drake Maye,New England Patriots,1,2,1,Tampa Bay Buccaneers,0,0
8,8,32,Jaxson Dart,QB,New York Giants,FFLINX,Jaxson Dart,New York Giants,1,1,1,Chicago Bears,0,0
8,9,33,Jameson Williams,WR,Detroit Lions,GPNGC,Jared Goff,Detroit Lions,1,,,Washington Commanders,0,0
8,10,34,Stefon Diggs,WR,New England Patriots,EZ116,Josh Allen,Buffalo Bills,0,,,Tampa Bay Buccaneers,0,0
8,11,35,Travis Etienne Jr.,RB,Jacksonville Jaguars,LEE121503,Baker Mayfield,Tampa Bay Buccaneers,0,,,Houston Texans,0,0
8,12,36,Tyrone Tracy,RB,New York Giants,DANJPRECIADO,Lamar Jackson,Baltimore Ravens,0,,,Chicago Bears,0,0
8,12,37,Deebo Samuel,WR,Washington Commanders,DANJPRECIADO,Lamar Jackson,Baltimore Ravens,0,,,Detroit Lions,0,0
8,11,38,Baker Mayfield,QB,Tampa Bay Buccaneers,LEE121503,Baker Mayfield,Tampa Bay Buccaneers,1,2,1,New England Patriots,0,0
8,10,39,Kenneth Walker III,RB,Seattle Seahawks,EZ116,Josh Allen,Buffalo Bills,0,,,Arizona Cardinals,0,0
8,9,40,Jared Goff,QB,Detroit Lions,GPNGC,Jared Goff,Detroit Lions,1,1,1,Washington Commanders,0,0
8,8,41,Jordan Addison,WR,Minnesota Vikings,FFLINX,Jaxson Dart,New York Giants,0,,,Baltimore Ravens,0,0
8,7,42,Tetairoa McMillan,WR,Carolina Panthers,MIKEC6212,Drake Maye,New England Patriots,0,,,New Orleans Saints,0,0
8,6,43,Caleb Williams,QB,Chicago Bears,KRUTCHES93,Caleb Williams,Chicago Bears,1,1,1,New York Giants,1,1
8,5,44,Marvin Harrison,WR,Arizona Cardinals,COPPERPRICES,Matthew Stafford,Los Angeles Rams,0,,,Seattle Seahawks,0,0
8,4,45,Khalil Shakir,WR,Buffalo Bills,SCHWEC03,Kyler Murray,Arizona Cardinals,0,,,Miami Dolphins,1,1
8,3,46,Alvin Kamara,RB,New Orleans Saints,BUSTERSBOYS,Bryce Young,Carolina Panthers,0,,,Carolina Panthers,1,1
8,2,47,Jauan Jennings,WR,San Francisco 49ers,FANTASYGRIN,Brock Purdy,San Francisco 49ers,1,,,Los Angeles Rams,0,0
8,1,48,Brian Thomas,WR,Jacksonville Jaguars,DABK,Sam Darnold,Seattle Seahawks,0,,,Houston Texans,0,0
8,1,49,Sam Darnold,QB,Seattle Seahawks,DABK,Sam Darnold,Seattle Seahawks,1,0,0,Arizona Cardinals,0,0
8,2,50,Brock Purdy,QB,San Francisco 49ers,FANTASYGRIN,Brock Purdy,San Francisco 49ers,1,2,1,Los Angeles Rams,0,0
8,3,51,Dalton Kincaid,TE,Buffalo Bills,BUSTERSBOYS,Bryce Young,Carolina Panthers,0,,,Miami Dolphins,0,0
8,4,52,Zach Charbonnet,RB,Seattle Seahawks,SCHWEC03,Kyler Murray,Arizona Cardinals,0,,,Arizona Cardinals,2,1
8,5,53,Matthew Stafford,QB,Los Angeles Rams,COPPERPRICES,Matthew Stafford,Los Angeles Rams,1,1,1,San Francisco 49ers,0,0
8,6,54,D.J. Moore,WR,Chicago Bears,KRUTCHES93,Caleb Williams,Chicago Bears,1,,,New York Giants,1,1
8,7,55,TreVeyon Henderson,RB,New England Patriots,MIKEC6212,Drake Maye,New England Patriots,1,,,Tampa Bay Buccaneers,0,0
8,8,56,Theo Johnson,TE,New York Giants,FFLINX,Jaxson Dart,New York Giants,1,,,Chicago Bears,0,0
8,9,57,Wan'Dale Robinson,WR,New York Giants,GPNGC,Jared Goff,Detroit Lions,0,,,Chicago Bears,1,1
8,10,58,Mark Andrews,TE,Baltimore Ravens,EZ116,Josh Allen,Buffalo Bills,0,,,Minnesota Vikings,0,0
8,11,59,Parker Washington,WR,Jacksonville Jaguars,LEE121503,Baker Mayfield,Tampa Bay Buccaneers,0,,,Houston Texans,0,0
8,12,60,Rhamondre Stevenson,RB,New England Patriots,DANJPRECIADO,Lamar Jackson,Baltimore Ravens,0,,,Tampa Bay Buccaneers,0,0
8,12,61,Harold Fannin,TE,Cleveland Browns,DANJPRECIADO,Lamar Jackson,Baltimore Ravens,0,,,New York Jets,0,0
8,11,62,Cade Otton,TE,Tampa Bay Buccaneers,LEE121503,Baker Mayfield,Tampa Bay Buccaneers,1,,,New England Patriots,0,0
8,10,63,Rashid Shaheed,WR,New Orleans Saints,EZ116,Josh Allen,Buffalo Bills,0,,,Carolina Panthers,0,0
8,9,64,Colston Loveland,TE,Chicago Bears,GPNGC,Jared Goff,Detroit Lions,0,,,New York Giants,1,1
8,8,65,Tory Horton,WR,Seattle Seahawks,FFLINX,Jaxson Dart,New York Giants,0,,,Arizona Cardinals,0,0
8,7,66,Hunter Henry,TE,New England Patriots,MIKEC6212,Drake Maye,New England Patriots,1,,,Tampa Bay Buccaneers,0,0
8,6,67,Darius Slayton,WR,New York Giants,KRUTCHES93,Caleb Williams,Chicago Bears,0,,,Chicago Bears,2,1
8,5,68,Dalton Schultz,TE,Houston Texans,COPPERPRICES,Matthew Stafford,Los Angeles Rams,0,,,Jacksonville Jaguars,0,0
8,4,69,Kyler Murray,QB,Arizona Cardinals,SCHWEC03,Kyler Murray,Arizona Cardinals,1,1,1,Seattle Seahawks,2,1
8,3,70,Bryce Young,QB,Carolina Panthers,BUSTERSBOYS,Bryce Young,Carolina Panthers,1,0,0,New Orleans Saints,1,1
8,2,71,Aaron Jones,RB,Minnesota Vikings,FANTASYGRIN,Brock Purdy,San Francisco 49ers,0,,,Baltimore Ravens,0,0
8,1,72,T.J. Hockenson,TE,Minnesota Vikings,DABK,Sam Darnold,Seattle Seahawks,0,,,Baltimore Ravens,0,0
9,1,1,Christian McCaffrey,RB,San Francisco 49ers,HOTSIZAUCE,Brock Purdy,San Francisco 49ers,1,,,Los Angeles Rams,0,0
9,2,2,Jahmyr Gibbs,RB,Detroit Lions,EZ116,Marcus Mariota,Washington Commanders,0,,,Washington Commanders,1,1
9,3,3,Jaxon Smith-Njigba,WR,Seattle Seahawks,YUZENN,Jaxson Dart,New York Giants,0,,,Arizona Cardinals,0,0
9,4,4,James Cook,RB,Buffalo Bills,JOOPY,Bryce Young,Carolina Panthers,0,,,Miami Dolphins,0,0
9,5,5,Puka Nacua,WR,Los Angeles Rams,BUSTERSBOYS,Caleb Williams,Chicago Bears,0,,,San Francisco 49ers,1,1
9,6,6,De'Von Achane,RB,Miami Dolphins,GPNGC,Sam Darnold,Seattle Seahawks,0,,,Buffalo Bills,0,0
9,7,7,Amon-Ra St. Brown,WR,Detroit Lions,SCHWEC03,Matthew Stafford,Los Angeles Rams,0,,,Washington Commanders,1,1
9,8,8,Lamar Jackson,QB,Baltimore Ravens,COPPERPRICES,Lamar Jackson,Baltimore Ravens,1,1,1,Minnesota Vikings,1,1
9,9,9,Rico Dowdle,RB,Carolina Panthers,KRUTCHES93,Baker Mayfield,Tampa Bay Buccaneers,0,,,New Orleans Saints,0,0
9,10,10,Josh Allen,QB,Buffalo Bills,BRELLBRELL,Josh Allen,Buffalo Bills,1,0,0,Miami Dolphins,0,0
9,11,11,Derrick Henry,RB,Baltimore Ravens,LEE121503,Drake Maye,New England Patriots,0,,,Minnesota Vikings,0,0
9,12,12,Bucky Irving,RB,Tampa Bay Buccaneers,MIKEC6212,Jared Goff,Detroit Lions,0,,,New England Patriots,1,1
9,12,13,Quinshon Judkins,RB,Cleveland Browns,MIKEC6212,Jared Goff,Detroit Lions,0,,,New York Jets,0,0
9,11,14,Kyren Williams,RB,Los Angeles Rams,LEE121503,Drake Maye,New England Patriots,0,,,San Francisco 49ers,0,0
9,10,15,Justin Jefferson,WR,Minnesota Vikings,BRELLBRELL,Josh Allen,Buffalo Bills,0,,,Baltimore Ravens,0,0
9,9,16,Emeka Egbuka,WR,Tampa Bay Buccaneers,KRUTCHES93,Baker Mayfield,Tampa Bay Buccaneers,1,,,New England Patriots,0,0
9,8,17,D'Andre Swift,RB,Chicago Bears,COPPERPRICES,Lamar Jackson,Baltimore Ravens,0,,,New York Giants,1,1
9,7,18,Davante Adams,WR,Los Angeles Rams,SCHWEC03,Matthew Stafford,Los Angeles Rams,1,,,San Francisco 49ers,0,0
9,6,19,Nico Collins,WR,Houston Texans,GPNGC,Sam Darnold,Seattle Seahawks,0,,,Jacksonville Jaguars,0,0
9,5,20,Trey McBride,TE,Arizona Cardinals,BUSTERSBOYS,Caleb Williams,Chicago Bears,0,,,Seattle Seahawks,0,0
9,4,21,Breece Hall,RB,New York Jets,JOOPY,Bryce Young,Carolina Panthers,0,,,Cleveland Browns,0,0
9,3,22,Jaxson Dart,QB,New York Giants,YUZENN,Jaxson Dart,New York Giants,1,0,0,Chicago Bears,0,0
9,2,23,Zay Flowers,WR,Baltimore Ravens,EZ116,Marcus Mariota,Washington Commanders,0,,,Minnesota Vikings,0,0
9,1,24,George Kittle,TE,San Francisco 49ers,HOTSIZAUCE,Brock Purdy,San Francisco 49ers,1,,,Los Angeles Rams,0,0
9,1,25,Garrett Wilson,WR,New York Jets,HOTSIZAUCE,Brock Purdy,San Francisco 49ers,0,,,Cleveland Browns,0,0
9,2,26,Sam LaPorta,TE,Detroit Lions,EZ116,Marcus Mariota,Washington Commanders,0,,,Washington Commanders,1,1
9,3,27,Jaylen Waddle,WR,Miami Dolphins,YUZENN,Jaxson Dart,New York Giants,0,,,Buffalo Bills,0,0
9,4,28,Rome Odunze,WR,Chicago Bears,JOOPY,Bryce Young,Carolina Panthers,0,,,New York Giants,0,0
9,5,29,Kyle Monangai,RB,Chicago Bears,BUSTERSBOYS,Caleb Williams,Chicago Bears,1,,,New York Giants,0,0
9,6,30,Stefon Diggs,WR,New England Patriots,GPNGC,Sam Darnold,Seattle Seahawks,0,,,Tampa Bay Buccaneers,0,0
9,7,31,Kenneth Walker III,RB,Seattle Seahawks,SCHWEC03,Matthew Stafford,Los Angeles Rams,0,,,Arizona Cardinals,0,0
9,8,32,Jordan Addison,WR,Minnesota Vikings,COPPERPRICES,Lamar Jackson,Baltimore Ravens,0,,,Baltimore Ravens,2,1
9,9,33,David Montgomery,RB,Detroit Lions,KRUTCHES93,Baker Mayfield,Tampa Bay Buccaneers,0,,,Washington Commanders,0,0
9,10,34,Chris Olave,WR,New Orleans Saints,BRELLBRELL,Josh Allen,Buffalo Bills,0,,,Carolina Panthers,0,0
9,11,35,Drake Maye,QB,New England Patriots,LEE121503,Drake Maye,New England Patriots,1,0,0,Tampa Bay Buccaneers,0,0
9,12,36,Jared Goff,QB,Detroit Lions,MIKEC6212,Jared Goff,Detroit Lions,1,1,1,Washington Commanders,0,0
9,12,37,Jameson Williams,WR,Detroit Lions,MIKEC6212,Jared Goff,Detroit Lions,1,,,Washington Commanders,0,0
9,11,38,Marvin Harrison,WR,Arizona Cardinals,LEE121503,Drake Maye,New England Patriots,0,,,Seattle Seahawks,0,0
9,10,39,Alvin Kamara,RB,New Orleans Saints,BRELLBRELL,Josh Allen,Buffalo Bills,0,,,Carolina Panthers,0,0
9,9,40,Baker Mayfield,QB,Tampa Bay Buccaneers,KRUTCHES93,Baker Mayfield,Tampa Bay Buccaneers,1,2,1,New England Patriots,0,0
9,8,41,Wan'Dale Robinson,WR,New York Giants,COPPERPRICES,Lamar Jackson,Baltimore Ravens,0,,,Chicago Bears,1,1
9,7,42,Deebo Samuel,WR,Washington Commanders,SCHWEC03,Matthew Stafford,Los Angeles Rams,0,,,Detroit Lions,1,1
9,6,43,Tyrone Tracy,RB,New York Giants,GPNGC,Sam Darnold,Seattle Seahawks,0,,,Chicago Bears,1,1
9,5,44,Caleb Williams,QB,Chicago Bears,BUSTERSBOYS,Caleb Williams,Chicago Bears,1,1,1,New York Giants,0,0
9,4,45,Tetairoa McMillan,WR,Carolina Panthers,JOOPY,Bryce Young,Carolina Panthers,1,,,New Orleans Saints,0,0
9,3,46,Travis Etienne Jr.,RB,Jacksonville Jaguars,YUZENN,Jaxson Dart,New York Giants,0,,,Houston Texans,1,1
9,2,47,D.J. Moore,WR,Chicago Bears,EZ116,Marcus Mariota,Washington Commanders,0,,,New York Giants,0,0
9,1,48,Brock Purdy,QB,San Francisco 49ers,HOTSIZAUCE,Brock Purdy,San Francisco 49ers,1,2,1,Los Angeles Rams,0,0
9,1,49,Rashid Shaheed,WR,New Orleans Saints,HOTSIZAUCE,Brock Purdy,San Francisco 49ers,0,,,Carolina Panthers,0,0
9,2,50,Khalil Shakir,WR,Buffalo Bills,EZ116,Marcus Mariota,Washington Commanders,0,,,Miami Dolphins,0,0
9,3,51,Jacory Croskey-Merritt,RB,Washington Commanders,YUZENN,Jaxson Dart,New York Giants,0,,,Detroit Lions,0,0
9,4,52,Dalton Kincaid,TE,Buffalo Bills,JOOPY,Bryce Young,Carolina Panthers,0,,,Miami Dolphins,0,0
9,5,53,Jauan Jennings,WR,San Francisco 49ers,BUSTERSBOYS,Caleb Williams,Chicago Bears,0,,,Los Angeles Rams,1,1
9,6,54,Colston Loveland,TE,Chicago Bears,GPNGC,Sam Darnold,Seattle Seahawks,0,,,New York Giants,1,1
9,7,55,Mark Andrews,TE,Baltimore Ravens,SCHWEC03,Matthew Stafford,Los Angeles Rams,0,,,Minnesota Vikings,0,0
9,8,56,Zach Charbonnet,RB,Seattle Seahawks,COPPERPRICES,Lamar Jackson,Baltimore Ravens,0,,,Arizona Cardinals,0,0
9,9,57,Harold Fannin,TE,Cleveland Browns,KRUTCHES93,Baker Mayfield,Tampa Bay Buccaneers,0,,,New York Jets,0,0
9,10,58,Brian Thomas,WR,Jacksonville Jaguars,BRELLBRELL,Josh Allen,Buffalo Bills,0,,,Houston Texans,0,0
9,11,59,Parker Washington,WR,Jacksonville Jaguars,LEE121503,Drake Maye,New England Patriots,0,,,Houston Texans,0,0
9,12,60,Hunter Henry,TE,New England Patriots,MIKEC6212,Jared Goff,Detroit Lions,0,,,Tampa Bay Buccaneers,1,1
9,12,61,Tory Horton,WR,Seattle Seahawks,MIKEC6212,Jared Goff,Detroit Lions,0,,,Arizona Cardinals,0,0
9,11,62,Theo Johnson,TE,New York Giants,LEE121503,Drake Maye,New England Patriots,0,,,Chicago Bears,0,0
9,10,63,Zach Ertz,TE,Washington Commanders,BRELLBRELL,Josh Allen,Buffalo Bills,0,,,Detroit Lions,0,0
9,9,64,Chris Godwin,WR,Tampa Bay Buccaneers,KRUTCHES93,Baker Mayfield,Tampa Bay Buccaneers,1,,,New England Patriots,0,0
9,8,65,Isaiah Likely,TE,Baltimore Ravens,COPPERPRICES,Lamar Jackson,Baltimore Ravens,1,,,Minnesota Vikings,1,1
9,7,66,Matthew Stafford,QB,Los Angeles Rams,SCHWEC03,Matthew Stafford,Los Angeles Rams,1,1,1,San Francisco 49ers,0,0
9,6,67,Sam Darnold,QB,Seattle Seahawks,GPNGC,Sam Darnold,Seattle Seahawks,1,0,0,Arizona Cardinals,0,0
9,5,68,Rhamondre Stevenson,RB,New England Patriots,BUSTERSBOYS,Caleb Williams,Chicago Bears,0,,,Tampa Bay Buccaneers,0,0
9,4,69,Bryce Young,QB,Carolina Panthers,JOOPY,Bryce Young,Carolina Panthers,1,1,1,New Orleans Saints,0,0
9,3,70,Dalton Schultz,TE,Houston Texans,YUZENN,Jaxson Dart,New York Giants,0,,,Jacksonville Jaguars,1,1
9,2,71,Marcus Mariota,QB,Washington Commanders,EZ116,Marcus Mariota,Washington Commanders,1,0,0,Detroit Lions,2,1
9,1,72,Darius Slayton,WR,New York Giants,HOTSIZAUCE,Brock Purdy,San Francisco 49ers,0,,,Chicago Bears,0,0
10,1,1,James Cook,RB,Buffalo Bills,GUNNEROSS,Brock Purdy,San Francisco 49ers,0,,,Miami Dolphins,0,0
10,2,2,Christian McCaffrey,RB,San Francisco 49ers,HOTSIZAUCE,Caleb Williams,Chicago Bears,0,,,Los Angeles Rams,0,0
10,3,3,Jahmyr Gibbs,RB,Detroit Lions,JOOPY,Jared Goff,Detroit Lions,1,,,Washington Commanders,0,0
10,4,4,Jaxon Smith-Njigba,WR,Seattle Seahawks,LEE121503,Sam Darnold,Seattle Seahawks,1,,,Arizona Cardinals,0,0
10,5,5,Puka Nacua,WR,Los Angeles Rams,DANJPRECIADO,Jaxson Dart,New York Giants,0,,,San Francisco 49ers,0,0
10,6,6,Amon-Ra St. Brown,WR,Detroit Lions,BUSTERSBOYS,Baker Mayfield,Tampa Bay Buccaneers,0,,,Washington Commanders,0,0
10,7,7,Josh Allen,QB,Buffalo Bills,LEGIOXIII,Josh Allen,Buffalo Bills,1,0,0,Miami Dolphins,0,0
10,8,8,De'Von Achane,RB,Miami Dolphins,SCHWEC03,Lamar Jackson,Baltimore Ravens,0,,,Buffalo Bills,0,0
10,9,9,Rico Dowdle,RB,Carolina Panthers,KCPOLACK,Drake Maye,New England Patriots,0,,,New Orleans Saints,0,0
10,10,10,Derrick Henry,RB,Baltimore Ravens,KRUTCHES93,J.J. McCarthy,Minnesota Vikings,0,,,Minnesota Vikings,2,1
10,11,11,Kyren Williams,RB,Los Angeles Rams,DABK,Matthew Stafford,Los Angeles Rams,1,,,San Francisco 49ers,0,0
10,12,12,Davante Adams,WR,Los Angeles Rams,NEZ,Justin Fields,New York Jets,0,,,San Francisco 49ers,0,0
10,12,13,Trey McBride,TE,Arizona Cardinals,NEZ,Justin Fields,New York Jets,0,,,Seattle Seahawks,1,1
10,11,14,Justin Jefferson,WR,Minnesota Vikings,DABK,Matthew Stafford,Los Angeles Rams,0,,,Baltimore Ravens,0,0
10,10,15,Bucky Irving,RB,Tampa Bay Buccaneers,KRUTCHES93,J.J. McCarthy,Minnesota Vikings,0,,,New England Patriots,0,0
10,9,16,Emeka Egbuka,WR,Tampa Bay Buccaneers,KCPOLACK,Drake Maye,New England Patriots,0,,,New England Patriots,2,1
10,8,17,Lamar Jackson,QB,Baltimore Ravens,SCHWEC03,Lamar Jackson,Baltimore Ravens,1,1,1,Minnesota Vikings,0,0
10,7,18,Quinshon Judkins,RB,Cleveland Browns,LEGIOXIII,Josh Allen,Buffalo Bills,0,,,New York Jets,0,0
10,6,19,Zay Flowers,WR,Baltimore Ravens,BUSTERSBOYS,Baker Mayfield,Tampa Bay Buccaneers,0,,,Minnesota Vikings,0,0
10,5,20,Jaxson Dart,QB,New York Giants,DANJPRECIADO,Jaxson Dart,New York Giants,1,0,0,Chicago Bears,1,1
10,4,21,Breece Hall,RB,New York Jets,LEE121503,Sam Darnold,Seattle Seahawks,0,,,Cleveland Browns,1,1
10,3,22,Nico Collins,WR,Houston Texans,JOOPY,Jared Goff,Detroit Lions,0,,,Jacksonville Jaguars,0,0
10,2,23,Garrett Wilson,WR,New York Jets,HOTSIZAUCE,Caleb Williams,Chicago Bears,0,,,Cleveland Browns,0,0
10,1,24,George Kittle,TE,San Francisco 49ers,GUNNEROSS,Brock Purdy,San Francisco 49ers,1,,,Los Angeles Rams,0,0
10,1,25,Rome Odunze,WR,Chicago Bears,GUNNEROSS,Brock Purdy,San Francisco 49ers,0,,,New York Giants,1,1
10,2,26,Jaylen Waddle,WR,Miami Dolphins,HOTSIZAUCE,Caleb Williams,Chicago Bears,0,,,Buffalo Bills,0,0
10,3,27,Sam LaPorta,TE,Detroit Lions,JOOPY,Jared Goff,Detroit Lions,1,,,Washington Commanders,0,0
10,4,28,Kyle Monangai,RB,Chicago Bears,LEE121503,Sam Darnold,Seattle Seahawks,0,,,New York Giants,0,0
10,5,29,D'Andre Swift,RB,Chicago Bears,DANJPRECIADO,Jaxson Dart,New York Giants,0,,,New York Giants,1,1
10,6,30,Chris Olave,WR,New Orleans Saints,BUSTERSBOYS,Baker Mayfield,Tampa Bay Buccaneers,0,,,Carolina Panthers,0,0
10,7,31,Jameson Williams,WR,Detroit Lions,LEGIOXIII,Josh Allen,Buffalo Bills,0,,,Washington Commanders,0,0
10,8,32,Stefon Diggs,WR,New England Patriots,SCHWEC03,Lamar Jackson,Baltimore Ravens,0,,,Tampa Bay Buccaneers,0,0
10,9,33,Drake Maye,QB,New England Patriots,KCPOLACK,Drake Maye,New England Patriots,1,1,1,Tampa Bay Buccaneers,1,1
10,10,34,Tetairoa McMillan,WR,Carolina Panthers,KRUTCHES93,J.J. McCarthy,Minnesota Vikings,0,,,New Orleans Saints,0,0
10,11,35,Marvin Harrison,WR,Arizona Cardinals,DABK,Matthew Stafford,Los Angeles Rams,0,,,Seattle Seahawks,0,0
10,12,36,David Montgomery,RB,Detroit Lions,NEZ,Justin Fields,New York Jets,0,,,Washington Commanders,0,0
10,12,37,Wan'Dale Robinson,WR,New York Giants,NEZ,Justin Fields,New York Jets,0,,,Chicago Bears,0,0
10,11,38,Travis Etienne Jr.,RB,Jacksonville Jaguars,DABK,Matthew Stafford,Los Angeles Rams,0,,,Houston Texans,0,0
10,10,39,Jordan Addison,WR,Minnesota Vikings,KRUTCHES93,J.J. McCarthy,Minnesota Vikings,1,,,Baltimore Ravens,1,1
10,9,40,Dalton Kincaid,TE,Buffalo Bills,KCPOLACK,Drake Maye,New England Patriots,0,,,Miami Dolphins,0,0
10,8,41,Kenneth Walker III,RB,Seattle Seahawks,SCHWEC03,Lamar Jackson,Baltimore Ravens,0,,,Arizona Cardinals,0,0
10,7,42,D.J. Moore,WR,Chicago Bears,LEGIOXIII,Josh Allen,Buffalo Bills,0,,,New York Giants,1,1
10,6,43,Baker Mayfield,QB,Tampa Bay Buccaneers,BUSTERSBOYS,Baker Mayfield,Tampa Bay Buccaneers,1,1,1,New England Patriots,0,0
10,5,44,Deebo Samuel,WR,Washington Commanders,DANJPRECIADO,Jaxson Dart,New York Giants,0,,,Detroit Lions,0,0
10,4,45,Sam Darnold,QB,Seattle Seahawks,LEE121503,Sam Darnold,Seattle Seahawks,1,2,1,Arizona Cardinals,0,0
10,3,46,Jared Goff,QB,Detroit Lions,JOOPY,Jared Goff,Detroit Lions,1,2,1,Washington Commanders,0,0
10,2,47,Alvin Kamara,RB,New Orleans Saints,HOTSIZAUCE,Caleb Williams,Chicago Bears,0,,,Carolina Panthers,0,0
10,1,48,Aaron Jones,RB,Minnesota Vikings,GUNNEROSS,Brock Purdy,San Francisco 49ers,0,,,Baltimore Ravens,0,0
10,1,49,Darius Slayton,WR,New York Giants,GUNNEROSS,Brock Purdy,San Francisco 49ers,0,,,Chicago Bears,1,1
10,2,50,Caleb Williams,QB,Chicago Bears,HOTSIZAUCE,Caleb Williams,Chicago Bears,1,0,0,New York Giants,0,0
10,3,51,Khalil Shakir,WR,Buffalo Bills,JOOPY,Jared Goff,Detroit Lions,0,,,Miami Dolphins,0,0
10,4,52,Harold Fannin,TE,Cleveland Browns,LEE121503,Sam Darnold,Seattle Seahawks,0,,,New York Jets,1,1
10,5,53,Hunter Henry,TE,New England Patriots,DANJPRECIADO,Jaxson Dart,New York Giants,0,,,Tampa Bay Buccaneers,0,0
10,6,54,Tyrone Tracy,RB,New York Giants,BUSTERSBOYS,Baker Mayfield,Tampa Bay Buccaneers,0,,,Chicago Bears,0,0
10,7,55,Parker Washington,WR,Jacksonville Jaguars,LEGIOXIII,Josh Allen,Buffalo Bills,0,,,Houston Texans,0,0
10,8,56,Mark Andrews,TE,Baltimore Ravens,SCHWEC03,Lamar Jackson,Baltimore Ravens,1,,,Minnesota Vikings,0,0
10,9,57,Jauan Jennings,WR,San Francisco 49ers,KCPOLACK,Drake Maye,New England Patriots,0,,,Los Angeles Rams,0,0
10,10,58,J.J. McCarthy,QB,Minnesota Vikings,KRUTCHES93,J.J. McCarthy,Minnesota Vikings,1,1,1,Baltimore Ravens,1,1
10,11,59,Matthew Stafford,QB,Los Angeles Rams,DABK,Matthew Stafford,Los Angeles Rams,1,1,1,San Francisco 49ers,0,0
10,12,60,Justin Fields,QB,New York Jets,NEZ,Justin Fields,New York Jets,1,0,0,Cleveland Browns,0,0
10,12,61,Zach Charbonnet,RB,Seattle Seahawks,NEZ,Justin Fields,New York Jets,0,,,Arizona Cardinals,1,1
10,11,62,Colston Loveland,TE,Chicago Bears,DABK,Matthew Stafford,Los Angeles Rams,0,,,New York Giants,0,0
10,10,63,Zach Ertz,TE,Washington Commanders,KRUTCHES93,J.J. McCarthy,Minnesota Vikings,0,,,Detroit Lions,0,0
10,9,64,Kayshon Boutte,WR,New England Patriots,KCPOLACK,Drake Maye,New England Patriots,1,,,Tampa Bay Buccaneers,1,1
10,8,65,Brian Thomas,WR,Jacksonville Jaguars,SCHWEC03,Lamar Jackson,Baltimore Ravens,0,,,Houston Texans,0,0
10,7,66,Theo Johnson,TE,New York Giants,LEGIOXIII,Josh Allen,Buffalo Bills,0,,,Chicago Bears,1,1
10,6,67,Cade Otton,TE,Tampa Bay Buccaneers,BUSTERSBOYS,Baker Mayfield,Tampa Bay Buccaneers,1,,,New England Patriots,0,0
10,5,68,Rashid Shaheed,WR,New Orleans Saints,DANJPRECIADO,Jaxson Dart,New York Giants,0,,,Carolina Panthers,0,0
10,4,69,Tory Horton,WR,Seattle Seahawks,LEE121503,Sam Darnold,Seattle Seahawks,1,,,Arizona Cardinals,0,0
10,3,70,Rhamondre Stevenson,RB,New England Patriots,JOOPY,Jared Goff,Detroit Lions,0,,,Tampa Bay Buccaneers,0,0
10,2,71,Dalton Schultz,TE,Houston Texans,HOTSIZAUCE,Caleb Williams,Chicago Bears,0,,,Jacksonville Jaguars,0,0
10,1,72,Brock Purdy,QB,San Francisco 49ers,GUNNEROSS,Brock Purdy,San Francisco 49ers,1,1,1,Los Angeles Rams,0,0
11,1,1,Christian McCaffrey,RB,San Francisco 49ers,CHADCANDLES,Brock Purdy,San Francisco 49ers,1,,,Los Angeles Rams,0,0
11,2,2,Jahmyr Gibbs,RB,Detroit Lions,PATRICKBARN,Sam Darnold,Seattle Seahawks,0,,,Washington Commanders,0,0
11,3,3,James Cook,RB,Buffalo Bills,BUSTERSBOYS,Baker Mayfield,Tampa Bay Buccaneers,0,,,Miami Dolphins,0,0
11,4,4,Jaxon Smith-Njigba,WR,Seattle Seahawks,TMONEYTTIME1,Drake Maye,New England Patriots,0,,,Arizona Cardinals,0,0
11,5,5,Puka Nacua,WR,Los Angeles Rams,EZ116,Matthew Stafford,Los Angeles Rams,1,,,San Francisco 49ers,0,0
11,6,6,Amon-Ra St. Brown,WR,Detroit Lions,ECOXER10,Jared Goff,Detroit Lions,1,,,Washington Commanders,0,0
11,7,7,Rico Dowdle,RB,Carolina Panthers,FFLINX,Jaxson Dart,New York Giants,0,,,New Orleans Saints,1,1
11,8,8,De'Von Achane,RB,Miami Dolphins,ASAPTUNA,J.J. McCarthy,Minnesota Vikings,0,,,Buffalo Bills,0,0
11,9,9,Derrick Henry,RB,Baltimore Ravens,TOPSTATNFT,Justin Fields,New York Jets,0,,,Minnesota Vikings,0,0
11,10,10,Justin Jefferson,WR,Minnesota Vikings,LEE121503,Lamar Jackson,Baltimore Ravens,0,,,Baltimore Ravens,2,1
11,11,11,Davante Adams,WR,Los Angeles Rams,HOTSIZAUCE,Caleb Williams,Chicago Bears,0,,,San Francisco 49ers,0,0
11,12,12,Kyren Williams,RB,Los Angeles Rams,DDAMRON44,Josh Allen,Buffalo Bills,0,,,San Francisco 49ers,0,0
11,12,13,Josh Allen,QB,Buffalo Bills,DDAMRON44,Josh Allen,Buffalo Bills,1,2,1,Miami Dolphins,0,0
11,11,14,Bucky Irving,RB,Tampa Bay Buccaneers,HOTSIZAUCE,Caleb Williams,Chicago Bears,0,,,New England Patriots,0,0
11,10,15,Lamar Jackson,QB,Baltimore Ravens,LEE121503,Lamar Jackson,Baltimore Ravens,1,1,1,Minnesota Vikings,1,1
11,9,16,Nico Collins,WR,Houston Texans,TOPSTATNFT,Justin Fields,New York Jets,0,,,Jacksonville Jaguars,0,0
11,8,17,Trey McBride,TE,Arizona Cardinals,ASAPTUNA,J.J. McCarthy,Minnesota Vikings,0,,,Seattle Seahawks,0,0
11,7,18,Jaxson Dart,QB,New York Giants,FFLINX,Jaxson Dart,New York Giants,1,0,0,Chicago Bears,2,1
11,6,19,Emeka Egbuka,WR,Tampa Bay Buccaneers,ECOXER10,Jared Goff,Detroit Lions,0,,,New England Patriots,0,0
11,5,20,Breece Hall,RB,New York Jets,EZ116,Matthew Stafford,Los Angeles Rams,0,,,Cleveland Browns,0,0
11,4,21,Quinshon Judkins,RB,Cleveland Browns,TMONEYTTIME1,Drake Maye,New England Patriots,0,,,New York Jets,0,0
11,3,22,George Kittle,TE,San Francisco 49ers,BUSTERSBOYS,Baker Mayfield,Tampa Bay Buccaneers,0,,,Los Angeles Rams,0,0
11,2,23,Zay Flowers,WR,Baltimore Ravens,PATRICKBARN,Sam Darnold,Seattle Seahawks,0,,,Minnesota Vikings,0,0
11,1,24,Kyle Monangai,RB,Chicago Bears,CHADCANDLES,Brock Purdy,San Francisco 49ers,0,,,New York Giants,0,0
11,1,25,Garrett Wilson,WR,New York Jets,CHADCANDLES,Brock Purdy,San Francisco 49ers,0,,,Cleveland Browns,0,0
11,2,26,Stefon Diggs,WR,New England Patriots,PATRICKBARN,Sam Darnold,Seattle Seahawks,0,,,Tampa Bay Buccaneers,1,1
11,3,27,Rome Odunze,WR,Chicago Bears,BUSTERSBOYS,Baker Mayfield,Tampa Bay Buccaneers,0,,,New York Giants,0,0
11,4,28,Drake Maye,QB,New England Patriots,TMONEYTTIME1,Drake Maye,New England Patriots,1,1,1,Tampa Bay Buccaneers,1,1
11,5,29,Jaylen Waddle,WR,Miami Dolphins,EZ116,Matthew Stafford,Los Angeles Rams,0,,,Buffalo Bills,0,0
11,6,30,Sam LaPorta,TE,Detroit Lions,ECOXER10,Jared Goff,Detroit Lions,1,,,Washington Commanders,0,0
11,7,31,Chris Olave,WR,New Orleans Saints,FFLINX,Jaxson Dart,New York Giants,0,,,Carolina Panthers,1,1
11,8,32,Tetairoa McMillan,WR,Carolina Panthers,ASAPTUNA,J.J. McCarthy,Minnesota Vikings,0,,,New Orleans Saints,1,1
11,9,33,Tyrone Tracy,RB,New York Giants,TOPSTATNFT,Justin Fields,New York Jets,0,,,Chicago Bears,0,0
11,10,34,Travis Etienne Jr.,RB,Jacksonville Jaguars,LEE121503,Lamar Jackson,Baltimore Ravens,0,,,Houston Texans,0,0
11,11,35,Deebo Samuel,WR,Washington Commanders,HOTSIZAUCE,Caleb Williams,Chicago Bears,0,,,Detroit Lions,0,0
11,12,36,Wan'Dale Robinson,WR,New York Giants,DDAMRON44,Josh Allen,Buffalo Bills,0,,,Chicago Bears,0,0
11,12,37,Dalton Kincaid,TE,Buffalo Bills,DDAMRON44,Josh Allen,Buffalo Bills,1,,,Miami Dolphins,0,0
11,11,38,Caleb Williams,QB,Chicago Bears,HOTSIZAUCE,Caleb Williams,Chicago Bears,1,0,0,New York Giants,0,0
11,10,39,Kenneth Walker III,RB,Seattle Seahawks,LEE121503,Lamar Jackson,Baltimore Ravens,0,,,Arizona Cardinals,0,0
11,9,40,Jameson Williams,WR,Detroit Lions,TOPSTATNFT,Justin Fields,New York Jets,0,,,Washington Commanders,0,0
11,8,41,Jordan Addison,WR,Minnesota Vikings,ASAPTUNA,J.J. McCarthy,Minnesota Vikings,1,,,Baltimore Ravens,0,0
11,7,42,D'Andre Swift,RB,Chicago Bears,FFLINX,Jaxson Dart,New York Giants,0,,,New York Giants,1,1
11,6,43,Jared Goff,QB,Detroit Lions,ECOXER10,Jared Goff,Detroit Lions,1,2,1,Washington Commanders,0,0
11,5,44,D.J. Moore,WR,Chicago Bears,EZ116,Matthew Stafford,Los Angeles Rams,0,,,New York Giants,1,1
11,4,45,David Montgomery,RB,Detroit Lions,TMONEYTTIME1,Drake Maye,New England Patriots,0,,,Washington Commanders,0,0
11,3,46,Baker Mayfield,QB,Tampa Bay Buccaneers,BUSTERSBOYS,Baker Mayfield,Tampa Bay Buccaneers,1,0,0,New England Patriots,0,0
11,2,47,Sam Darnold,QB,Seattle Seahawks,PATRICKBARN,Sam Darnold,Seattle Seahawks,1,0,0,Arizona Cardinals,0,0
11,1,48,Jauan Jennings,WR,San Francisco 49ers,CHADCANDLES,Brock Purdy,San Francisco 49ers,1,,,Los Angeles Rams,0,0
11,1,49,Brock Purdy,QB,San Francisco 49ers,CHADCANDLES,Brock Purdy,San Francisco 49ers,1,2,1,Los Angeles Rams,0,0
11,2,50,Rachaad White,RB,Tampa Bay Buccaneers,PATRICKBARN,Sam Darnold,Seattle Seahawks,0,,,New England Patriots,1,1
11,3,51,Marvin Harrison,WR,Arizona Cardinals,BUSTERSBOYS,Baker Mayfield,Tampa Bay Buccaneers,0,,,Seattle Seahawks,0,0
11,4,52,Hunter Henry,TE,New England Patriots,TMONEYTTIME1,Drake Maye,New England Patriots,1,,,Tampa Bay Buccaneers,1,1
11,5,53,Matthew Stafford,QB,Los Angeles Rams,EZ116,Matthew Stafford,Los Angeles Rams,1,1,1,San Francisco 49ers,0,0
11,6,54,Tory Horton,WR,Seattle Seahawks,ECOXER10,Jared Goff,Detroit Lions,0,,,Arizona Cardinals,0,0
11,7,55,Colston Loveland,TE,Chicago Bears,FFLINX,Jaxson Dart,New York Giants,0,,,New York Giants,1,1
11,8,56,Alvin Kamara,RB,New Orleans Saints,ASAPTUNA,J.J. McCarthy,Minnesota Vikings,0,,,Carolina Panthers,1,1
11,9,57,Mark Andrews,TE,Baltimore Ravens,TOPSTATNFT,Justin Fields,New York Jets,0,,,Minnesota Vikings,0,0
11,10,58,Rashod Bateman,WR,Baltimore Ravens,LEE121503,Lamar Jackson,Baltimore Ravens,1,,,Minnesota Vikings,1,1
11,11,59,Brian Thomas,WR,Jacksonville Jaguars,HOTSIZAUCE,Caleb Williams,Chicago Bears,0,,,Houston Texans,0,0
11,12,60,TreVeyon Henderson,RB,New England Patriots,DDAMRON44,Josh Allen,Buffalo Bills,0,,,Tampa Bay Buccaneers,0,0
11,12,61,Khalil Shakir,WR,Buffalo Bills,DDAMRON44,Josh Allen,Buffalo Bills,1,,,Miami Dolphins,0,0
11,11,62,Zach Ertz,TE,Washington Commanders,HOTSIZAUCE,Caleb Williams,Chicago Bears,0,,,Detroit Lions,0,0
11,10,63,Harold Fannin,TE,Cleveland Browns,LEE121503,Lamar Jackson,Baltimore Ravens,0,,,New York Jets,0,0
11,9,64,Justin Fields,QB,New York Jets,TOPSTATNFT,Justin Fields,New York Jets,1,0,0,Cleveland Browns,0,0
11,8,65,J.J. McCarthy,QB,Minnesota Vikings,ASAPTUNA,J.J. McCarthy,Minnesota Vikings,1,1,1,Baltimore Ravens,0,0
11,7,66,DeMario Douglas,WR,New England Patriots,FFLINX,Jaxson Dart,New York Giants,0,,,Tampa Bay Buccaneers,0,0
11,6,67,Zach Charbonnet,RB,Seattle Seahawks,ECOXER10,Jared Goff,Detroit Lions,0,,,Arizona Cardinals,0,0
11,5,68,Theo Johnson,TE,New York Giants,EZ116,Matthew Stafford,Los Angeles Rams,0,,,Chicago Bears,1,1
11,4,69,Chris Godwin,WR,Tampa Bay Buccaneers,TMONEYTTIME1,Drake Maye,New England Patriots,0,,,New England Patriots,2,1
11,3,70,Parker Washington,WR,Jacksonville Jaguars,BUSTERSBOYS,Baker Mayfield,Tampa Bay Buccaneers,0,,,Houston Texans,0,0
11,2,71,Dalton Schultz,TE,Houston Texans,PATRICKBARN,Sam Darnold,Seattle Seahawks,0,,,Jacksonville Jaguars,0,0
11,1,72,Juwan Johnson,TE,New Orleans Saints,CHADCANDLES,Brock Purdy,San Francisco 49ers,0,,,Carolina Panthers,0,0
12,1,1,Christian McCaffrey,RB,San Francisco 49ers,JNAPOLI,Drake Maye,New England Patriots,0,,,Los Angeles Rams,0,0
12,2,2,Lamar Jackson,QB,Baltimore Ravens,D4VE,Lamar Jackson,Baltimore Ravens,1,1,1,Minnesota Vikings,0,0
12,3,3,Jahmyr Gibbs,RB,Detroit Lions,EGGERS3,Jaxson Dart,New York Giants,0,,,Washington Commanders,0,0
12,4,4,James Cook,RB,Buffalo Bills,BUSTERSBOYS,Marcus Mariota,Washington Commanders,0,,,Miami Dolphins,0,0
12,5,5,Jaxon Smith-Njigba,WR,Seattle Seahawks,LEE121503,Sam Darnold,Seattle Seahawks,1,,,Arizona Cardinals,0,0
12,6,6,De'Von Achane,RB,Miami Dolphins,KURUC711,Matthew Stafford,Los Angeles Rams,0,,,Buffalo Bills,0,0
12,7,7,Josh Allen,QB,Buffalo Bills,CGEEEEEE,Josh Allen,Buffalo Bills,1,0,0,Miami Dolphins,0,0
12,8,8,Puka Nacua,WR,Los Angeles Rams,ECOXER10,Brock Purdy,San Francisco 49ers,0,,,San Francisco 49ers,2,1
12,9,9,Derrick Henry,RB,Baltimore Ravens,PATRICKBARN,Bryce Young,Carolina Panthers,0,,,Minnesota Vikings,0,0
12,10,10,Amon-Ra St. Brown,WR,Detroit Lions,MARIOSOLAR,Jared Goff,Detroit Lions,1,,,Washington Commanders,1,1
12,11,11,Rico Dowdle,RB,Carolina Panthers,MATHOLOGY,Caleb Williams,Chicago Bears,0,,,New Orleans Saints,0,0
12,12,12,Emeka Egbuka,WR,Tampa Bay Buccaneers,MIKEC6212,Baker Mayfield,Tampa Bay Buccaneers,1,,,New England Patriots,0,0
12,12,13,Bucky Irving,RB,Tampa Bay Buccaneers,MIKEC6212,Baker Mayfield,Tampa Bay Buccaneers,1,,,New England Patriots,0,0
12,11,14,Kyren Williams,RB,Los Angeles Rams,MATHOLOGY,Caleb Williams,Chicago Bears,0,,,San Francisco 49ers,0,0
12,10,15,Justin Jefferson,WR,Minnesota Vikings,MARIOSOLAR,Jared Goff,Detroit Lions,0,,,Baltimore Ravens,0,0
12,9,16,Davante Adams,WR,Los Angeles Rams,PATRICKBARN,Bryce Young,Carolina Panthers,0,,,San Francisco 49ers,0,0
12,8,17,Trey McBride,TE,Arizona Cardinals,ECOXER10,Brock Purdy,San Francisco 49ers,0,,,Seattle Seahawks,0,0
12,7,18,D'Andre Swift,RB,Chicago Bears,CGEEEEEE,Josh Allen,Buffalo Bills,0,,,New York Giants,2,1
12,6,19,Jaylen Waddle,WR,Miami Dolphins,KURUC711,Matthew Stafford,Los Angeles Rams,0,,,Buffalo Bills,0,0
12,5,20,Breece Hall,RB,New York Jets,LEE121503,Sam Darnold,Seattle Seahawks,0,,,Cleveland Browns,0,0
12,4,21,Quinshon Judkins,RB,Cleveland Browns,BUSTERSBOYS,Marcus Mariota,Washington Commanders,0,,,New York Jets,0,0
12,3,22,Nico Collins,WR,Houston Texans,EGGERS3,Jaxson Dart,New York Giants,0,,,Jacksonville Jaguars,1,1
12,2,23,Zay Flowers,WR,Baltimore Ravens,D4VE,Lamar Jackson,Baltimore Ravens,1,,,Minnesota Vikings,0,0
12,1,24,Drake Maye,QB,New England Patriots,JNAPOLI,Drake Maye,New England Patriots,1,2,1,Tampa Bay Buccaneers,0,0
12,1,25,Stefon Diggs,WR,New England Patriots,JNAPOLI,Drake Maye,New England Patriots,1,,,Tampa Bay Buccaneers,0,0
12,2,26,Tyrone Tracy,RB,New York Giants,D4VE,Lamar Jackson,Baltimore Ravens,0,,,Chicago Bears,1,1
12,3,27,Jaxson Dart,QB,New York Giants,EGGERS3,Jaxson Dart,New York Giants,1,0,0,Chicago Bears,1,1
12,4,28,George Kittle,TE,San Francisco 49ers,BUSTERSBOYS,Marcus Mariota,Washington Commanders,0,,,Los Angeles Rams,0,0
12,5,29,Kyle Monangai,RB,Chicago Bears,LEE121503,Sam Darnold,Seattle Seahawks,0,,,New York Giants,0,0
12,6,30,Sam LaPorta,TE,Detroit Lions,KURUC711,Matthew Stafford,Los Angeles Rams,0,,,Washington Commanders,0,0
12,7,31,Garrett Wilson,WR,New York Jets,CGEEEEEE,Josh Allen,Buffalo Bills,0,,,Cleveland Browns,0,0
12,8,32,Rome Odunze,WR,Chicago Bears,ECOXER10,Brock Purdy,San Francisco 49ers,0,,,New York Giants,0,0
12,9,33,Kenneth Walker III,RB,Seattle Seahawks,PATRICKBARN,Bryce Young,Carolina Panthers,0,,,Arizona Cardinals,0,0
12,10,34,Travis Etienne Jr.,RB,Jacksonville Jaguars,MARIOSOLAR,Jared Goff,Detroit Lions,0,,,Houston Texans,0,0
12,11,35,Jordan Addison,WR,Minnesota Vikings,MATHOLOGY,Caleb Williams,Chicago Bears,0,,,Baltimore Ravens,1,1
12,12,36,Baker Mayfield,QB,Tampa Bay Buccaneers,MIKEC6212,Baker Mayfield,Tampa Bay Buccaneers,1,3,1,New England Patriots,0,0
12,12,37,Tetairoa McMillan,WR,Carolina Panthers,MIKEC6212,Baker Mayfield,Tampa Bay Buccaneers,0,,,New Orleans Saints,0,0
12,11,38,Caleb Williams,QB,Chicago Bears,MATHOLOGY,Caleb Williams,Chicago Bears,1,0,0,New York Giants,0,0
12,10,39,Jared Goff,QB,Detroit Lions,MARIOSOLAR,Jared Goff,Detroit Lions,1,1,1,Washington Commanders,1,1
12,9,40,Wan'Dale Robinson,WR,New York Giants,PATRICKBARN,Bryce Young,Carolina Panthers,0,,,Chicago Bears,0,0
12,8,41,David Montgomery,RB,Detroit Lions,ECOXER10,Brock Purdy,San Francisco 49ers,0,,,Washington Commanders,0,0
12,7,42,Alvin Kamara,RB,New Orleans Saints,CGEEEEEE,Josh Allen,Buffalo Bills,0,,,Carolina Panthers,0,0
12,6,43,Chris Olave,WR,New Orleans Saints,KURUC711,Matthew Stafford,Los Angeles Rams,0,,,Carolina Panthers,0,0
12,5,44,Sam Darnold,QB,Seattle Seahawks,LEE121503,Sam Darnold,Seattle Seahawks,1,2,1,Arizona Cardinals,0,0
12,4,45,Deebo Samuel,WR,Washington Commanders,BUSTERSBOYS,Marcus Mariota,Washington Commanders,1,,,Detroit Lions,0,0
12,3,46,D.J. Moore,WR,Chicago Bears,EGGERS3,Jaxson Dart,New York Giants,0,,,New York Giants,1,1
12,2,47,Colston Loveland,TE,Chicago Bears,D4VE,Lamar Jackson,Baltimore Ravens,0,,,New York Giants,1,1
12,1,48,Khalil Shakir,WR,Buffalo Bills,JNAPOLI,Drake Maye,New England Patriots,0,,,Miami Dolphins,0,0
12,1,49,Dalton Kincaid,TE,Buffalo Bills,JNAPOLI,Drake Maye,New England Patriots,0,,,Miami Dolphins,0,0
12,2,50,Jameson Williams,WR,Detroit Lions,D4VE,Lamar Jackson,Baltimore Ravens,0,,,Washington Commanders,0,0
12,3,51,Harold Fannin,TE,Cleveland Browns,EGGERS3,Jaxson Dart,New York Giants,0,,,New York Jets,0,0
12,4,52,Marvin Harrison,WR,Arizona Cardinals,BUSTERSBOYS,Marcus Mariota,Washington Commanders,0,,,Seattle Seahawks,0,0
12,5,53,Zach Ertz,TE,Washington Commanders,LEE121503,Sam Darnold,Seattle Seahawks,0,,,Detroit Lions,0,0
12,6,54,Matthew Stafford,QB,Los Angeles Rams,KURUC711,Matthew Stafford,Los Angeles Rams,1,0,0,San Francisco 49ers,0,0
12,7,55,Theo Johnson,TE,New York Giants,CGEEEEEE,Josh Allen,Buffalo Bills,0,,,Chicago Bears,1,1
12,8,56,Jauan Jennings,WR,San Francisco 49ers,ECOXER10,Brock Purdy,San Francisco 49ers,1,,,Los Angeles Rams,1,1
12,9,57,Bryce Young,QB,Carolina Panthers,PATRICKBARN,Bryce Young,Carolina Panthers,1,0,0,New Orleans Saints,0,0
12,10,58,Hunter Henry,TE,New England Patriots,MARIOSOLAR,Jared Goff,Detroit Lions,0,,,Tampa Bay Buccaneers,0,0
12,11,59,Mark Andrews,TE,Baltimore Ravens,MATHOLOGY,Caleb Williams,Chicago Bears,0,,,Minnesota Vikings,1,1
12,12,60,Aaron Jones,RB,Minnesota Vikings,MIKEC6212,Baker Mayfield,Tampa Bay Buccaneers,0,,,Baltimore Ravens,0,0
12,12,61,Cade Otton,TE,Tampa Bay Buccaneers,MIKEC6212,Baker Mayfield,Tampa Bay Buccaneers,1,,,New England Patriots,0,0
12,11,62,DeMario Douglas,WR,New England Patriots,MATHOLOGY,Caleb Williams,Chicago Bears,0,,,Tampa Bay Buccaneers,0,0
12,10,63,Jacory Croskey-Merritt,RB,Washington Commanders,MARIOSOLAR,Jared Goff,Detroit Lions,0,,,Detroit Lions,2,1
12,9,64,Dalton Schultz,TE,Houston Texans,PATRICKBARN,Bryce Young,Carolina Panthers,0,,,Jacksonville Jaguars,0,0
12,8,65,Brock Purdy,QB,San Francisco 49ers,ECOXER10,Brock Purdy,San Francisco 49ers,1,1,1,Los Angeles Rams,1,1
12,7,66,Darius Slayton,WR,New York Giants,CGEEEEEE,Josh Allen,Buffalo Bills,0,,,Chicago Bears,1,1
12,6,67,Parker Washington,WR,Jacksonville Jaguars,KURUC711,Matthew Stafford,Los Angeles Rams,0,,,Houston Texans,0,0
12,5,68,Tory Horton,WR,Seattle Seahawks,LEE121503,Sam Darnold,Seattle Seahawks,1,,,Arizona Cardinals,0,0
12,4,69,Marcus Mariota,QB,Washington Commanders,BUSTERSBOYS,Marcus Mariota,Washington Commanders,1,1,1,Detroit Lions,0,0
12,3,70,Brian Thomas,WR,Jacksonville Jaguars,EGGERS3,Jaxson Dart,New York Giants,0,,,Houston Texans,1,1
12,2,71,Zach Charbonnet,RB,Seattle Seahawks,D4VE,Lamar Jackson,Baltimore Ravens,0,,,Arizona Cardinals,0,0
12,1,72,Rhamondre Stevenson,RB,New England Patriots,JNAPOLI,Drake Maye,New England Patriots,1,,,Tampa Bay Buccaneers,0,0
13,1,1,Christian McCaffrey,RB,San Francisco 49ers,ECOXER10,Sam Darnold,Seattle Seahawks,0,,,Los Angeles Rams,0,0
13,2,2,Jahmyr Gibbs,RB,Detroit Lions,MIKEC6212,Drake Maye,New England Patriots,0,,,Washington Commanders,0,0
13,3,3,James Cook,RB,Buffalo Bills,D4VE,Jaxson Dart,New York Giants,0,,,Miami Dolphins,0,0
13,4,4,Jaxon Smith-Njigba,WR,Seattle Seahawks,ICEYFFB,Kyler Murray,Arizona Cardinals,0,,,Arizona Cardinals,2,1
13,5,5,Puka Nacua,WR,Los Angeles Rams,SCHWEC03,Matthew Stafford,Los Angeles Rams,1,,,San Francisco 49ers,0,0
13,6,6,De'Von Achane,RB,Miami Dolphins,KCPOLACK,Marcus Mariota,Washington Commanders,0,,,Buffalo Bills,1,1
13,7,7,Derrick Henry,RB,Baltimore Ravens,BUSTERSBOYS,Caleb Williams,Chicago Bears,0,,,Minnesota Vikings,0,0
13,8,8,Amon-Ra St. Brown,WR,Detroit Lions,INGELX,Josh Allen,Buffalo Bills,0,,,Washington Commanders,2,1
13,9,9,Rico Dowdle,RB,Carolina Panthers,FFLINX,Jared Goff,Detroit Lions,0,,,New Orleans Saints,0,0
13,10,10,Kyren Williams,RB,Los Angeles Rams,LEE121503,Baker Mayfield,Tampa Bay Buccaneers,0,,,San Francisco 49ers,0,0
13,11,11,Davante Adams,WR,Los Angeles Rams,PATRICKBARN,Lamar Jackson,Baltimore Ravens,0,,,San Francisco 49ers,0,0
13,12,12,Bucky Irving,RB,Tampa Bay Buccaneers,KRUTCHES93,J.J. McCarthy,Minnesota Vikings,0,,,New England Patriots,0,0
13,12,13,Trey McBride,TE,Arizona Cardinals,KRUTCHES93,J.J. McCarthy,Minnesota Vikings,0,,,Seattle Seahawks,0,0
13,11,14,Lamar Jackson,QB,Baltimore Ravens,PATRICKBARN,Lamar Jackson,Baltimore Ravens,1,1,1,Minnesota Vikings,0,0
13,10,15,Emeka Egbuka,WR,Tampa Bay Buccaneers,LEE121503,Baker Mayfield,Tampa Bay Buccaneers,1,,,New England Patriots,0,0
13,9,16,Justin Jefferson,WR,Minnesota Vikings,FFLINX,Jared Goff,Detroit Lions,0,,,Baltimore Ravens,0,0
13,8,17,Josh Allen,QB,Buffalo Bills,INGELX,Josh Allen,Buffalo Bills,1,0,0,Miami Dolphins,0,0
13,7,18,Quinshon Judkins,RB,Cleveland Browns,BUSTERSBOYS,Caleb Williams,Chicago Bears,0,,,New York Jets,0,0
13,6,19,Jaylen Waddle,WR,Miami Dolphins,KCPOLACK,Marcus Mariota,Washington Commanders,0,,,Buffalo Bills,1,1
13,5,20,Nico Collins,WR,Houston Texans,SCHWEC03,Matthew Stafford,Los Angeles Rams,0,,,Jacksonville Jaguars,1,1
13,4,21,George Kittle,TE,San Francisco 49ers,ICEYFFB,Kyler Murray,Arizona Cardinals,0,,,Los Angeles Rams,0,0
13,3,22,Kyle Monangai,RB,Chicago Bears,D4VE,Jaxson Dart,New York Giants,0,,,New York Giants,2,1
13,2,23,Drake Maye,QB,New England Patriots,MIKEC6212,Drake Maye,New England Patriots,1,3,1,Tampa Bay Buccaneers,0,0
13,1,24,Breece Hall,RB,New York Jets,ECOXER10,Sam Darnold,Seattle Seahawks,0,,,Cleveland Browns,0,0
13,1,25,Zay Flowers,WR,Baltimore Ravens,ECOXER10,Sam Darnold,Seattle Seahawks,0,,,Minnesota Vikings,0,0
13,2,26,Stefon Diggs,WR,New England Patriots,MIKEC6212,Drake Maye,New England Patriots,1,,,Tampa Bay Buccaneers,0,0
13,3,27,Jaxson Dart,QB,New York Giants,D4VE,Jaxson Dart,New York Giants,1,1,1,Chicago Bears,1,1
13,4,28,Tyrone Tracy,RB,New York Giants,ICEYFFB,Kyler Murray,Arizona Cardinals,0,,,Chicago Bears,0,0
13,5,29,Travis Etienne Jr.,RB,Jacksonville Jaguars,SCHWEC03,Matthew Stafford,Los Angeles Rams,0,,,Houston Texans,1,1
13,6,30,Garrett Wilson,WR,New York Jets,KCPOLACK,Marcus Mariota,Washington Commanders,0,,,Cleveland Browns,0,0
13,7,31,Rome Odunze,WR,Chicago Bears,BUSTERSBOYS,Caleb Williams,Chicago Bears,1,,,New York Giants,0,0
13,8,32,Tetairoa McMillan,WR,Carolina Panthers,INGELX,Josh Allen,Buffalo Bills,0,,,New Orleans Saints,0,0
13,9,33,Sam LaPorta,TE,Detroit Lions,FFLINX,Jared Goff,Detroit Lions,1,,,Washington Commanders,0,0
13,10,34,Baker Mayfield,QB,Tampa Bay Buccaneers,LEE121503,Baker Mayfield,Tampa Bay Buccaneers,1,1,1,New England Patriots,0,0
13,11,35,David Montgomery,RB,Detroit Lions,PATRICKBARN,Lamar Jackson,Baltimore Ravens,0,,,Washington Commanders,0,0
13,12,36,Chris Olave,WR,New Orleans Saints,KRUTCHES93,J.J. McCarthy,Minnesota Vikings,0,,,Carolina Panthers,0,0
13,12,37,D'Andre Swift,RB,Chicago Bears,KRUTCHES93,J.J. McCarthy,Minnesota Vikings,0,,,New York Giants,0,0
13,11,38,Kenneth Walker III,RB,Seattle Seahawks,PATRICKBARN,Lamar Jackson,Baltimore Ravens,0,,,Arizona Cardinals,0,0
13,10,39,Colston Loveland,TE,Chicago Bears,LEE121503,Baker Mayfield,Tampa Bay Buccaneers,0,,,New York Giants,0,0
13,9,40,Jordan Addison,WR,Minnesota Vikings,FFLINX,Jared Goff,Detroit Lions,0,,,Baltimore Ravens,0,0
13,8,41,Deebo Samuel,WR,Washington Commanders,INGELX,Josh Allen,Buffalo Bills,0,,,Detroit Lions,1,1
13,7,42,Caleb Williams,QB,Chicago Bears,BUSTERSBOYS,Caleb Williams,Chicago Bears,1,1,1,New York Giants,0,0
13,6,43,Dalton Kincaid,TE,Buffalo Bills,KCPOLACK,Marcus Mariota,Washington Commanders,0,,,Miami Dolphins,2,1
13,5,44,Theo Johnson,TE,New York Giants,SCHWEC03,Matthew Stafford,Los Angeles Rams,0,,,Chicago Bears,0,0
13,4,45,Alvin Kamara,RB,New Orleans Saints,ICEYFFB,Kyler Murray,Arizona Cardinals,0,,,Carolina Panthers,0,0
13,3,46,Wan'Dale Robinson,WR,New York Giants,D4VE,Jaxson Dart,New York Giants,1,,,Chicago Bears,1,1
13,2,47,Jameson Williams,WR,Detroit Lions,MIKEC6212,Drake Maye,New England Patriots,0,,,Washington Commanders,0,0
13,1,48,Sam Darnold,QB,Seattle Seahawks,ECOXER10,Sam Darnold,Seattle Seahawks,1,0,0,Arizona Cardinals,0,0
13,1,49,D.J. Moore,WR,Chicago Bears,ECOXER10,Sam Darnold,Seattle Seahawks,0,,,New York Giants,0,0
13,2,50,Hunter Henry,TE,New England Patriots,MIKEC6212,Drake Maye,New England Patriots,1,,,Tampa Bay Buccaneers,0,0
13,3,51,Khalil Shakir,WR,Buffalo Bills,D4VE,Jaxson Dart,New York Giants,0,,,Miami Dolphins,0,0
13,4,52,Marvin Harrison,WR,Arizona Cardinals,ICEYFFB,Kyler Murray,Arizona Cardinals,1,,,Seattle Seahawks,1,1
13,5,53,Rashid Shaheed,WR,New Orleans Saints,SCHWEC03,Matthew Stafford,Los Angeles Rams,0,,,Carolina Panthers,0,0
13,6,54,Aaron Jones,RB,Minnesota Vikings,KCPOLACK,Marcus Mariota,Washington Commanders,0,,,Baltimore Ravens,0,0
13,7,55,Jauan Jennings,WR,San Francisco 49ers,BUSTERSBOYS,Caleb Williams,Chicago Bears,0,,,Los Angeles Rams,0,0
13,8,56,Harold Fannin,TE,Cleveland Browns,INGELX,Josh Allen,Buffalo Bills,0,,,New York Jets,0,0
13,9,57,Tory Horton,WR,Seattle Seahawks,FFLINX,Jared Goff,Detroit Lions,0,,,Arizona Cardinals,0,0
13,10,58,Brian Thomas,WR,Jacksonville Jaguars,LEE121503,Baker Mayfield,Tampa Bay Buccaneers,0,,,Houston Texans,0,0
13,11,59,Christian Kirk,WR,Houston Texans,PATRICKBARN,Lamar Jackson,Baltimore Ravens,0,,,Jacksonville Jaguars,0,0
13,12,60,Parker Washington,WR,Jacksonville Jaguars,KRUTCHES93,J.J. McCarthy,Minnesota Vikings,0,,,Houston Texans,0,0
13,12,61,J.J. McCarthy,QB,Minnesota Vikings,KRUTCHES93,J.J. McCarthy,Minnesota Vikings,1,0,0,Baltimore Ravens,0,0
13,11,62,Mark Andrews,TE,Baltimore Ravens,PATRICKBARN,Lamar Jackson,Baltimore Ravens,1,,,Minnesota Vikings,0,0
13,10,63,Jordan Mason,RB,Minnesota Vikings,LEE121503,Baker Mayfield,Tampa Bay Buccaneers,0,,,Baltimore Ravens,0,0
13,9,64,Jared Goff,QB,Detroit Lions,FFLINX,Jared Goff,Detroit Lions,1,1,1,Washington Commanders,0,0
13,8,65,Jacory Croskey-Merritt,RB,Washington Commanders,INGELX,Josh Allen,Buffalo Bills,0,,,Detroit Lions,1,1
13,7,66,Zach Ertz,TE,Washington Commanders,BUSTERSBOYS,Caleb Williams,Chicago Bears,0,,,Detroit Lions,0,0
13,6,67,Marcus Mariota,QB,Washington Commanders,KCPOLACK,Marcus Mariota,Washington Commanders,1,0,0,Detroit Lions,0,0
13,5,68,Matthew Stafford,QB,Los Angeles Rams,SCHWEC03,Matthew Stafford,Los Angeles Rams,1,1,1,San Francisco 49ers,0,0
13,4,69,Kyler Murray,QB,Arizona Cardinals,ICEYFFB,Kyler Murray,Arizona Cardinals,1,1,1,Seattle Seahawks,1,1
13,3,70,Dalton Schultz,TE,Houston Texans,D4VE,Jaxson Dart,New York Giants,0,,,Jacksonville Jaguars,0,0
13,2,71,TreVeyon Henderson,RB,New England Patriots,MIKEC6212,Drake Maye,New England Patriots,1,,,Tampa Bay Buccaneers,0,0
13,1,72,Cade Otton,TE,Tampa Bay Buccaneers,ECOXER10,Sam Darnold,Seattle Seahawks,0,,,New England Patriots,0,0
14,1,1,Christian McCaffrey,RB,San Francisco 49ers,ICEYFFB,Jaxson Dart,New York Giants,0,,,Los Angeles Rams,0,0
14,2,2,Jahmyr Gibbs,RB,Detroit Lions,CHADCANDLES,Brock Purdy,San Francisco 49ers,0,,,Washington Commanders,0,0
14,3,3,James Cook,RB,Buffalo Bills,CGEEEEEE,Sam Darnold,Seattle Seahawks,0,,,Miami Dolphins,0,0
14,4,4,Puka Nacua,WR,Los Angeles Rams,DRAPP,Matthew Stafford,Los Angeles Rams,1,,,San Francisco 49ers,0,0
14,5,5,Jaxon Smith-Njigba,WR,Seattle Seahawks,ECOXER10,Caleb Williams,Chicago Bears,0,,,Arizona Cardinals,0,0
14,6,6,De'Von Achane,RB,Miami Dolphins,KRUTCHES93,J.J. McCarthy,Minnesota Vikings,0,,,Buffalo Bills,0,0
14,7,7,Amon-Ra St. Brown,WR,Detroit Lions,MIKEC6212,Jared Goff,Detroit Lions,1,,,Washington Commanders,0,0
14,8,8,Josh Allen,QB,Buffalo Bills,RAZOR33,Josh Allen,Buffalo Bills,1,1,1,Miami Dolphins,0,0
14,9,9,Derrick Henry,RB,Baltimore Ravens,D4VE,Lamar Jackson,Baltimore Ravens,1,,,Minnesota Vikings,0,0
14,10,10,Rico Dowdle,RB,Carolina Panthers,BUSTERSBOYS,Marcus Mariota,Washington Commanders,0,,,New Orleans Saints,1,1
14,11,11,Justin Jefferson,WR,Minnesota Vikings,LEE121503,Drake Maye,New England Patriots,0,,,Baltimore Ravens,0,0
14,12,12,Kyren Williams,RB,Los Angeles Rams,INGELX,Baker Mayfield,Tampa Bay Buccaneers,0,,,San Francisco 49ers,0,0
14,12,13,Bucky Irving,RB,Tampa Bay Buccaneers,INGELX,Baker Mayfield,Tampa Bay Buccaneers,1,,,New England Patriots,0,0
14,11,14,Davante Adams,WR,Los Angeles Rams,LEE121503,Drake Maye,New England Patriots,0,,,San Francisco 49ers,0,0
14,10,15,Trey McBride,TE,Arizona Cardinals,BUSTERSBOYS,Marcus Mariota,Washington Commanders,0,,,Seattle Seahawks,0,0
14,9,16,Lamar Jackson,QB,Baltimore Ravens,D4VE,Lamar Jackson,Baltimore Ravens,1,1,1,Minnesota Vikings,0,0
14,8,17,Alvin Kamara,RB,New Orleans Saints,RAZOR33,Josh Allen,Buffalo Bills,0,,,Carolina Panthers,0,0
14,7,18,Quinshon Judkins,RB,Cleveland Browns,MIKEC6212,Jared Goff,Detroit Lions,0,,,New York Jets,0,0
14,6,19,Emeka Egbuka,WR,Tampa Bay Buccaneers,KRUTCHES93,J.J. McCarthy,Minnesota Vikings,0,,,New England Patriots,0,0
14,5,20,Kyle Monangai,RB,Chicago Bears,ECOXER10,Caleb Williams,Chicago Bears,1,,,New York Giants,0,0
14,4,21,Breece Hall,RB,New York Jets,DRAPP,Matthew Stafford,Los Angeles Rams,0,,,Cleveland Browns,0,0
14,3,22,Stefon Diggs,WR,New England Patriots,CGEEEEEE,Sam Darnold,Seattle Seahawks,0,,,Tampa Bay Buccaneers,0,0
14,2,23,Garrett Wilson,WR,New York Jets,CHADCANDLES,Brock Purdy,San Francisco 49ers,0,,,Cleveland Browns,0,0
14,1,24,Jaxson Dart,QB,New York Giants,ICEYFFB,Jaxson Dart,New York Giants,1,1,1,Chicago Bears,0,0
14,1,25,Nico Collins,WR,Houston Texans,ICEYFFB,Jaxson Dart,New York Giants,0,,,Jacksonville Jaguars,0,0
14,2,26,George Kittle,TE,San Francisco 49ers,CHADCANDLES,Brock Purdy,San Francisco 49ers,1,,,Los Angeles Rams,0,0
14,3,27,D'Andre Swift,RB,Chicago Bears,CGEEEEEE,Sam Darnold,Seattle Seahawks,0,,,New York Giants,1,1
14,4,28,Zay Flowers,WR,Baltimore Ravens,DRAPP,Matthew Stafford,Los Angeles Rams,0,,,Minnesota Vikings,1,1
14,5,29,Sam LaPorta,TE,Detroit Lions,ECOXER10,Caleb Williams,Chicago Bears,0,,,Washington Commanders,0,0
14,6,30,David Montgomery,RB,Detroit Lions,KRUTCHES93,J.J. McCarthy,Minnesota Vikings,0,,,Washington Commanders,1,1
14,7,31,Rome Odunze,WR,Chicago Bears,MIKEC6212,Jared Goff,Detroit Lions,0,,,New York Giants,0,0
14,8,32,Tyrone Tracy,RB,New York Giants,RAZOR33,Josh Allen,Buffalo Bills,0,,,Chicago Bears,0,0
14,9,33,Jaylen Waddle,WR,Miami Dolphins,D4VE,Lamar Jackson,Baltimore Ravens,0,,,Buffalo Bills,0,0
14,10,34,Travis Etienne Jr.,RB,Jacksonville Jaguars,BUSTERSBOYS,Marcus Mariota,Washington Commanders,0,,,Houston Texans,0,0
14,11,35,Drake Maye,QB,New England Patriots,LEE121503,Drake Maye,New England Patriots,1,0,0,Tampa Bay Buccaneers,1,1
14,12,36,Tetairoa McMillan,WR,Carolina Panthers,INGELX,Baker Mayfield,Tampa Bay Buccaneers,0,,,New Orleans Saints,0,0
14,12,37,Baker Mayfield,QB,Tampa Bay Buccaneers,INGELX,Baker Mayfield,Tampa Bay Buccaneers,1,1,1,New England Patriots,0,0
14,11,38,Kenneth Walker III,RB,Seattle Seahawks,LEE121503,Drake Maye,New England Patriots,0,,,Arizona Cardinals,0,0
14,10,39,Chris Olave,WR,New Orleans Saints,BUSTERSBOYS,Marcus Mariota,Washington Commanders,0,,,Carolina Panthers,1,1
14,9,40,Jameson Williams,WR,Detroit Lions,D4VE,Lamar Jackson,Baltimore Ravens,0,,,Washington Commanders,0,0
14,8,41,Jordan Addison,WR,Minnesota Vikings,RAZOR33,Josh Allen,Buffalo Bills,0,,,Baltimore Ravens,0,0
14,7,42,Jared Goff,QB,Detroit Lions,MIKEC6212,Jared Goff,Detroit Lions,1,1,1,Washington Commanders,0,0
14,6,43,Deebo Samuel,WR,Washington Commanders,KRUTCHES93,J.J. McCarthy,Minnesota Vikings,0,,,Detroit Lions,1,1
14,5,44,Caleb Williams,QB,Chicago Bears,ECOXER10,Caleb Williams,Chicago Bears,1,2,1,New York Giants,0,0
14,4,45,Jordan Mason,RB,Minnesota Vikings,DRAPP,Matthew Stafford,Los Angeles Rams,0,,,Baltimore Ravens,1,1
14,3,46,Theo Johnson,TE,New York Giants,CGEEEEEE,Sam Darnold,Seattle Seahawks,0,,,Chicago Bears,1,1
14,2,47,Rhamondre Stevenson,RB,New England Patriots,CHADCANDLES,Brock Purdy,San Francisco 49ers,0,,,Tampa Bay Buccaneers,0,0
14,1,48,Wan'Dale Robinson,WR,New York Giants,ICEYFFB,Jaxson Dart,New York Giants,1,,,Chicago Bears,0,0
14,1,49,Jauan Jennings,WR,San Francisco 49ers,ICEYFFB,Jaxson Dart,New York Giants,0,,,Los Angeles Rams,0,0
14,2,50,Brock Purdy,QB,San Francisco 49ers,CHADCANDLES,Brock Purdy,San Francisco 49ers,1,1,1,Los Angeles Rams,0,0
14,3,51,Sam Darnold,QB,Seattle Seahawks,CGEEEEEE,Sam Darnold,Seattle Seahawks,1,1,1,Arizona Cardinals,0,0
14,4,52,Matthew Stafford,QB,Los Angeles Rams,DRAPP,Matthew Stafford,Los Angeles Rams,1,1,1,San Francisco 49ers,0,0
14,5,53,D.J. Moore,WR,Chicago Bears,ECOXER10,Caleb Williams,Chicago Bears,1,,,New York Giants,0,0
14,6,54,J.J. McCarthy,QB,Minnesota Vikings,KRUTCHES93,J.J. McCarthy,Minnesota Vikings,1,0,0,Baltimore Ravens,1,1
14,7,55,Dalton Kincaid,TE,Buffalo Bills,MIKEC6212,Jared Goff,Detroit Lions,0,,,Miami Dolphins,0,0
14,8,56,Khalil Shakir,WR,Buffalo Bills,RAZOR33,Josh Allen,Buffalo Bills,1,,,Miami Dolphins,0,0
14,9,57,Hunter Henry,TE,New England Patriots,D4VE,Lamar Jackson,Baltimore Ravens,0,,,Tampa Bay Buccaneers,0,0
14,10,58,Marvin Harrison,WR,Arizona Cardinals,BUSTERSBOYS,Marcus Mariota,Washington Commanders,0,,,Seattle Seahawks,0,0
14,11,59,Colston Loveland,TE,Chicago Bears,LEE121503,Drake Maye,New England Patriots,0,,,New York Giants,0,0
14,12,60,Brian Thomas,WR,Jacksonville Jaguars,INGELX,Baker Mayfield,Tampa Bay Buccaneers,0,,,Houston Texans,0,0
14,12,61,Harold Fannin,TE,Cleveland Browns,INGELX,Baker Mayfield,Tampa Bay Buccaneers,0,,,New York Jets,0,0
14,11,62,Rachaad White,RB,Tampa Bay Buccaneers,LEE121503,Drake Maye,New England Patriots,0,,,New England Patriots,1,1
14,10,63,Marcus Mariota,QB,Washington Commanders,BUSTERSBOYS,Marcus Mariota,Washington Commanders,1,0,0,Detroit Lions,0,0
14,9,64,Darius Slayton,WR,New York Giants,D4VE,Lamar Jackson,Baltimore Ravens,0,,,Chicago Bears,0,0
14,8,65,Cade Otton,TE,Tampa Bay Buccaneers,RAZOR33,Josh Allen,Buffalo Bills,0,,,New England Patriots,0,0
14,7,66,Aaron Jones,RB,Minnesota Vikings,MIKEC6212,Jared Goff,Detroit Lions,0,,,Baltimore Ravens,0,0
14,6,67,Mark Andrews,TE,Baltimore Ravens,KRUTCHES93,J.J. McCarthy,Minnesota Vikings,0,,,Minnesota Vikings,1,1
14,5,68,Zach Charbonnet,RB,Seattle Seahawks,ECOXER10,Caleb Williams,Chicago Bears,0,,,Arizona Cardinals,0,0
14,4,69,Zach Ertz,TE,Washington Commanders,DRAPP,Matthew Stafford,Los Angeles Rams,0,,,Detroit Lions,0,0
14,3,70,Tory Horton,WR,Seattle Seahawks,CGEEEEEE,Sam Darnold,Seattle Seahawks,1,,,Arizona Cardinals,0,0
14,2,71,Rashid Shaheed,WR,New Orleans Saints,CHADCANDLES,Brock Purdy,San Francisco 49ers,0,,,Carolina Panthers,0,0
14,1,72,Dalton Schultz,TE,Houston Texans,ICEYFFB,Jaxson Dart,New York Giants,0,,,Jacksonville Jaguars,0,0
15,1,1,Christian McCaffrey,RB,San Francisco 49ers,BUSTERSBOYS,Bryce Young,Carolina Panthers,0,,,Los Angeles Rams,0,0
15,2,2,Jaxon Smith-Njigba,WR,Seattle Seahawks,FFLINX,Sam Darnold,Seattle Seahawks,1,,,Arizona Cardinals,0,0
15,3,3,Lamar Jackson,QB,Baltimore Ravens,ICEYFFB,Lamar Jackson,Baltimore Ravens,1,0,0,Minnesota Vikings,1,1
15,4,4,Jahmyr Gibbs,RB,Detroit Lions,PATRICKBARN,Jared Goff,Detroit Lions,1,,,Washington Commanders,0,0
15,5,5,James Cook,RB,Buffalo Bills,INGELX,Caleb Williams,Chicago Bears,0,,,Miami Dolphins,0,0
15,6,6,Derrick Henry,RB,Baltimore Ravens,BESTBALLVIPER,Jaxson Dart,New York Giants,0,,,Minnesota Vikings,0,0
15,7,7,Puka Nacua,WR,Los Angeles Rams,MATHOLOGY,Matthew Stafford,Los Angeles Rams,1,,,San Francisco 49ers,0,0
15,8,8,De'Von Achane,RB,Miami Dolphins,JGFC,Baker Mayfield,Tampa Bay Buccaneers,0,,,Buffalo Bills,1,1
15,9,9,Rico Dowdle,RB,Carolina Panthers,LEE121503,Justin Fields,New York Jets,0,,,New Orleans Saints,0,0
15,10,10,Kyren Williams,RB,Los Angeles Rams,KRUTCHES93,Brock Purdy,San Francisco 49ers,0,,,San Francisco 49ers,2,1
15,11,11,Josh Allen,QB,Buffalo Bills,RAZOR33,Josh Allen,Buffalo Bills,1,0,0,Miami Dolphins,0,0
15,12,12,Amon-Ra St. Brown,WR,Detroit Lions,D4VE,Drake Maye,New England Patriots,0,,,Washington Commanders,0,0
15,12,13,Bucky Irving,RB,Tampa Bay Buccaneers,D4VE,Drake Maye,New England Patriots,0,,,New England Patriots,2,1
15,11,14,Justin Jefferson,WR,Minnesota Vikings,RAZOR33,Josh Allen,Buffalo Bills,0,,,Baltimore Ravens,0,0
15,10,15,Trey McBride,TE,Arizona Cardinals,KRUTCHES93,Brock Purdy,San Francisco 49ers,0,,,Seattle Seahawks,0,0
15,9,16,Davante Adams,WR,Los Angeles Rams,LEE121503,Justin Fields,New York Jets,0,,,San Francisco 49ers,0,0
15,8,17,D'Andre Swift,RB,Chicago Bears,JGFC,Baker Mayfield,Tampa Bay Buccaneers,0,,,New York Giants,0,0
15,7,18,Quinshon Judkins,RB,Cleveland Browns,MATHOLOGY,Matthew Stafford,Los Angeles Rams,0,,,New York Jets,0,0
15,6,19,Breece Hall,RB,New York Jets,BESTBALLVIPER,Jaxson Dart,New York Giants,0,,,Cleveland Browns,0,0
15,5,20,Emeka Egbuka,WR,Tampa Bay Buccaneers,INGELX,Caleb Williams,Chicago Bears,0,,,New England Patriots,0,0
15,4,21,Kyle Monangai,RB,Chicago Bears,PATRICKBARN,Jared Goff,Detroit Lions,0,,,New York Giants,0,0
15,3,22,Nico Collins,WR,Houston Texans,ICEYFFB,Lamar Jackson,Baltimore Ravens,0,,,Jacksonville Jaguars,0,0
15,2,23,Travis Etienne Jr.,RB,Jacksonville Jaguars,FFLINX,Sam Darnold,Seattle Seahawks,0,,,Houston Texans,0,0
15,1,24,Zay Flowers,WR,Baltimore Ravens,BUSTERSBOYS,Bryce Young,Carolina Panthers,0,,,Minnesota Vikings,0,0
15,1,25,Rome Odunze,WR,Chicago Bears,BUSTERSBOYS,Bryce Young,Carolina Panthers,0,,,New York Giants,0,0
15,2,26,Chris Olave,WR,New Orleans Saints,FFLINX,Sam Darnold,Seattle Seahawks,0,,,Carolina Panthers,0,0
15,3,27,Kenneth Walker III,RB,Seattle Seahawks,ICEYFFB,Lamar Jackson,Baltimore Ravens,0,,,Arizona Cardinals,0,0
15,4,28,George Kittle,TE,San Francisco 49ers,PATRICKBARN,Jared Goff,Detroit Lions,0,,,Los Angeles Rams,0,0
15,5,29,Garrett Wilson,WR,New York Jets,INGELX,Caleb Williams,Chicago Bears,0,,,Cleveland Browns,1,1
15,6,30,Jaxson Dart,QB,New York Giants,BESTBALLVIPER,Jaxson Dart,New York Giants,1,2,1,Chicago Bears,0,0
15,7,31,David Montgomery,RB,Detroit Lions,MATHOLOGY,Matthew Stafford,Los Angeles Rams,0,,,Washington Commanders,1,1
15,8,32,Stefon Diggs,WR,New England Patriots,JGFC,Baker Mayfield,Tampa Bay Buccaneers,0,,,Tampa Bay Buccaneers,2,1
15,9,33,Sam LaPorta,TE,Detroit Lions,LEE121503,Justin Fields,New York Jets,0,,,Washington Commanders,0,0
15,10,34,Jaylen Waddle,WR,Miami Dolphins,KRUTCHES93,Brock Purdy,San Francisco 49ers,0,,,Buffalo Bills,0,0
15,11,35,Alvin Kamara,RB,New Orleans Saints,RAZOR33,Josh Allen,Buffalo Bills,0,,,Carolina Panthers,0,0
15,12,36,Drake Maye,QB,New England Patriots,D4VE,Drake Maye,New England Patriots,1,1,1,Tampa Bay Buccaneers,1,1
15,12,37,Tyrone Tracy,RB,New York Giants,D4VE,Drake Maye,New England Patriots,0,,,Chicago Bears,0,0
15,11,38,Jameson Williams,WR,Detroit Lions,RAZOR33,Josh Allen,Buffalo Bills,0,,,Washington Commanders,0,0
15,10,39,Jacory Croskey-Merritt,RB,Washington Commanders,KRUTCHES93,Brock Purdy,San Francisco 49ers,0,,,Detroit Lions,0,0
15,9,40,Wan'Dale Robinson,WR,New York Giants,LEE121503,Justin Fields,New York Jets,0,,,Chicago Bears,0,0
15,8,41,Baker Mayfield,QB,Tampa Bay Buccaneers,JGFC,Baker Mayfield,Tampa Bay Buccaneers,1,1,1,New England Patriots,1,1
15,7,42,Deebo Samuel,WR,Washington Commanders,MATHOLOGY,Matthew Stafford,Los Angeles Rams,0,,,Detroit Lions,1,1
15,6,43,Tetairoa McMillan,WR,Carolina Panthers,BESTBALLVIPER,Jaxson Dart,New York Giants,0,,,New Orleans Saints,0,0
15,5,44,Caleb Williams,QB,Chicago Bears,INGELX,Caleb Williams,Chicago Bears,1,0,0,New York Giants,0,0
15,4,45,Jared Goff,QB,Detroit Lions,PATRICKBARN,Jared Goff,Detroit Lions,1,1,1,Washington Commanders,0,0
15,3,46,Jordan Addison,WR,Minnesota Vikings,ICEYFFB,Lamar Jackson,Baltimore Ravens,0,,,Baltimore Ravens,1,1
15,2,47,Sam Darnold,QB,Seattle Seahawks,FFLINX,Sam Darnold,Seattle Seahawks,1,1,1,Arizona Cardinals,0,0
15,1,48,Marvin Harrison,WR,Arizona Cardinals,BUSTERSBOYS,Bryce Young,Carolina Panthers,0,,,Seattle Seahawks,0,0
15,1,49,Colston Loveland,TE,Chicago Bears,BUSTERSBOYS,Bryce Young,Carolina Panthers,0,,,New York Giants,0,0
15,2,50,Khalil Shakir,WR,Buffalo Bills,FFLINX,Sam Darnold,Seattle Seahawks,0,,,Miami Dolphins,0,0
15,3,51,Rhamondre Stevenson,RB,New England Patriots,ICEYFFB,Lamar Jackson,Baltimore Ravens,0,,,Tampa Bay Buccaneers,0,0
15,4,52,D.J. Moore,WR,Chicago Bears,PATRICKBARN,Jared Goff,Detroit Lions,0,,,New York Giants,0,0
15,5,53,Harold Fannin,TE,Cleveland Browns,INGELX,Caleb Williams,Chicago Bears,0,,,New York Jets,1,1
15,6,54,Theo Johnson,TE,New York Giants,BESTBALLVIPER,Jaxson Dart,New York Giants,1,,,Chicago Bears,0,0
15,7,55,Matthew Stafford,QB,Los Angeles Rams,MATHOLOGY,Matthew Stafford,Los Angeles Rams,1,1,1,San Francisco 49ers,0,0
15,8,56,Tez Johnson,WR,Tampa Bay Buccaneers,JGFC,Baker Mayfield,Tampa Bay Buccaneers,1,,,New England Patriots,1,1
15,9,57,Justin Fields,QB,New York Jets,LEE121503,Justin Fields,New York Jets,1,0,0,Cleveland Browns,0,0
15,10,58,Jauan Jennings,WR,San Francisco 49ers,KRUTCHES93,Brock Purdy,San Francisco 49ers,1,,,Los Angeles Rams,1,1
15,11,59,Zach Charbonnet,RB,Seattle Seahawks,RAZOR33,Josh Allen,Buffalo Bills,0,,,Arizona Cardinals,0,0
15,12,60,Brian Thomas,WR,Jacksonville Jaguars,D4VE,Drake Maye,New England Patriots,0,,,Houston Texans,0,0
15,12,61,Hunter Henry,TE,New England Patriots,D4VE,Drake Maye,New England Patriots,1,,,Tampa Bay Buccaneers,1,1
15,11,62,Cade Otton,TE,Tampa Bay Buccaneers,RAZOR33,Josh Allen,Buffalo Bills,0,,,New England Patriots,0,0
15,10,63,Brock Purdy,QB,San Francisco 49ers,KRUTCHES93,Brock Purdy,San Francisco 49ers,1,1,1,Los Angeles Rams,1,1
15,9,64,Rachaad White,RB,Tampa Bay Buccaneers,LEE121503,Justin Fields,New York Jets,0,,,New England Patriots,0,0
15,8,65,Dalton Kincaid,TE,Buffalo Bills,JGFC,Baker Mayfield,Tampa Bay Buccaneers,0,,,Miami Dolphins,1,1
15,7,66,Juwan Johnson,TE,New Orleans Saints,MATHOLOGY,Matthew Stafford,Los Angeles Rams,0,,,Carolina Panthers,0,0
15,6,67,Darius Slayton,WR,New York Giants,BESTBALLVIPER,Jaxson Dart,New York Giants,1,,,Chicago Bears,0,0
15,5,68,Jordan Mason,RB,Minnesota Vikings,INGELX,Caleb Williams,Chicago Bears,0,,,Baltimore Ravens,0,0
15,4,69,Jerry Jeudy,WR,Cleveland Browns,PATRICKBARN,Jared Goff,Detroit Lions,0,,,New York Jets,0,0
15,3,70,Taysom Hill,TE,New Orleans Saints,ICEYFFB,Lamar Jackson,Baltimore Ravens,0,,,Carolina Panthers,0,0
15,2,71,Mark Andrews,TE,Baltimore Ravens,FFLINX,Sam Darnold,Seattle Seahawks,0,,,Minnesota Vikings,0,0
15,1,72,Bryce Young,QB,Carolina Panthers,BUSTERSBOYS,Bryce Young,Carolina Panthers,1,0,0,New Orleans Saints,0,0
16,1,1,Christian McCaffrey,RB,San Francisco 49ers,CGEEEEEE,Brock Purdy,San Francisco 49ers,1,,,Los Angeles Rams,0,0
16,2,2,Jahmyr Gibbs,RB,Detroit Lions,ECOXER10,Caleb Williams,Chicago Bears,0,,,Washington Commanders,0,0
16,3,3,Jaxon Smith-Njigba,WR,Seattle Seahawks,TOPSTATNFT,Sam Darnold,Seattle Seahawks,1,,,Arizona Cardinals,0,0
16,4,4,James Cook,RB,Buffalo Bills,LINEOFSCRIM,Jaxson Dart,New York Giants,0,,,Miami Dolphins,0,0
16,5,5,De'Von Achane,RB,Miami Dolphins,KRUTCHES93,Justin Fields,New York Jets,0,,,Buffalo Bills,0,0
16,6,6,Rico Dowdle,RB,Carolina Panthers,KCPOLACK,Baker Mayfield,Tampa Bay Buccaneers,0,,,New Orleans Saints,0,0
16,7,7,Derrick Henry,RB,Baltimore Ravens,RAZOR33,Jared Goff,Detroit Lions,0,,,Minnesota Vikings,0,0
16,8,8,Puka Nacua,WR,Los Angeles Rams,DRAPP,Drake Maye,New England Patriots,0,,,San Francisco 49ers,0,0
16,9,9,Josh Allen,QB,Buffalo Bills,KURUC711,Josh Allen,Buffalo Bills,1,0,0,Miami Dolphins,0,0
16,10,10,Amon-Ra St. Brown,WR,Detroit Lions,INGELX,Matthew Stafford,Los Angeles Rams,0,,,Washington Commanders,1,1
16,11,11,Lamar Jackson,QB,Baltimore Ravens,MIKEC6212,Lamar Jackson,Baltimore Ravens,1,0,0,Minnesota Vikings,0,0
16,12,12,Justin Jefferson,WR,Minnesota Vikings,ICEYFFB,J.J. McCarthy,Minnesota Vikings,1,,,Baltimore Ravens,0,0
16,12,13,Davante Adams,WR,Los Angeles Rams,ICEYFFB,J.J. McCarthy,Minnesota Vikings,0,,,San Francisco 49ers,0,0
16,11,14,Quinshon Judkins,RB,Cleveland Browns,MIKEC6212,Lamar Jackson,Baltimore Ravens,0,,,New York Jets,0,0
16,10,15,Kyren Williams,RB,Los Angeles Rams,INGELX,Matthew Stafford,Los Angeles Rams,1,,,San Francisco 49ers,0,0
16,9,16,Trey McBride,TE,Arizona Cardinals,KURUC711,Josh Allen,Buffalo Bills,0,,,Seattle Seahawks,0,0
16,8,17,Breece Hall,RB,New York Jets,DRAPP,Drake Maye,New England Patriots,0,,,Cleveland Browns,0,0
16,7,18,Kenneth Walker III,RB,Seattle Seahawks,RAZOR33,Jared Goff,Detroit Lions,0,,,Arizona Cardinals,0,0
16,6,19,Emeka Egbuka,WR,Tampa Bay Buccaneers,KCPOLACK,Baker Mayfield,Tampa Bay Buccaneers,1,,,New England Patriots,1,1
16,5,20,Bucky Irving,RB,Tampa Bay Buccaneers,KRUTCHES93,Justin Fields,New York Jets,0,,,New England Patriots,0,0
16,4,21,Nico Collins,WR,Houston Texans,LINEOFSCRIM,Jaxson Dart,New York Giants,0,,,Jacksonville Jaguars,1,1
16,3,22,Zay Flowers,WR,Baltimore Ravens,TOPSTATNFT,Sam Darnold,Seattle Seahawks,0,,,Minnesota Vikings,0,0
16,2,23,Kyle Monangai,RB,Chicago Bears,ECOXER10,Caleb Williams,Chicago Bears,1,,,New York Giants,1,1
16,1,24,D'Andre Swift,RB,Chicago Bears,CGEEEEEE,Brock Purdy,San Francisco 49ers,0,,,New York Giants,1,1
16,1,25,Rome Odunze,WR,Chicago Bears,CGEEEEEE,Brock Purdy,San Francisco 49ers,0,,,New York Giants,1,1
16,2,26,Jordan Addison,WR,Minnesota Vikings,ECOXER10,Caleb Williams,Chicago Bears,0,,,Baltimore Ravens,0,0
16,3,27,George Kittle,TE,San Francisco 49ers,TOPSTATNFT,Sam Darnold,Seattle Seahawks,0,,,Los Angeles Rams,0,0
16,4,28,Jaxson Dart,QB,New York Giants,LINEOFSCRIM,Jaxson Dart,New York Giants,1,0,0,Chicago Bears,1,1
16,5,29,Sam LaPorta,TE,Detroit Lions,KRUTCHES93,Justin Fields,New York Jets,0,,,Washington Commanders,0,0
16,6,30,Jaylen Waddle,WR,Miami Dolphins,KCPOLACK,Baker Mayfield,Tampa Bay Buccaneers,0,,,Buffalo Bills,1,1
16,7,31,Jameson Williams,WR,Detroit Lions,RAZOR33,Jared Goff,Detroit Lions,1,,,Washington Commanders,0,0
16,8,32,Drake Maye,QB,New England Patriots,DRAPP,Drake Maye,New England Patriots,1,1,1,Tampa Bay Buccaneers,0,0
16,9,33,Garrett Wilson,WR,New York Jets,KURUC711,Josh Allen,Buffalo Bills,0,,,Cleveland Browns,0,0
16,10,34,Tetairoa McMillan,WR,Carolina Panthers,INGELX,Matthew Stafford,Los Angeles Rams,0,,,New Orleans Saints,0,0
16,11,35,Tyrone Tracy,RB,New York Giants,MIKEC6212,Lamar Jackson,Baltimore Ravens,0,,,Chicago Bears,0,0
16,12,36,Aaron Jones,RB,Minnesota Vikings,ICEYFFB,J.J. McCarthy,Minnesota Vikings,1,,,Baltimore Ravens,0,0
16,12,37,Travis Etienne Jr.,RB,Jacksonville Jaguars,ICEYFFB,J.J. McCarthy,Minnesota Vikings,0,,,Houston Texans,1,1
16,11,38,Stefon Diggs,WR,New England Patriots,MIKEC6212,Lamar Jackson,Baltimore Ravens,0,,,Tampa Bay Buccaneers,1,1
16,10,39,Deebo Samuel,WR,Washington Commanders,INGELX,Matthew Stafford,Los Angeles Rams,0,,,Detroit Lions,1,1
16,9,40,David Montgomery,RB,Detroit Lions,KURUC711,Josh Allen,Buffalo Bills,0,,,Washington Commanders,0,0
16,8,41,Wan'Dale Robinson,WR,New York Giants,DRAPP,Drake Maye,New England Patriots,0,,,Chicago Bears,0,0
16,7,42,Jared Goff,QB,Detroit Lions,RAZOR33,Jared Goff,Detroit Lions,1,1,1,Washington Commanders,0,0
16,6,43,Baker Mayfield,QB,Tampa Bay Buccaneers,KCPOLACK,Baker Mayfield,Tampa Bay Buccaneers,1,1,1,New England Patriots,1,1
16,5,44,Chris Olave,WR,New Orleans Saints,KRUTCHES93,Justin Fields,New York Jets,0,,,Carolina Panthers,0,0
16,4,45,D.J. Moore,WR,Chicago Bears,LINEOFSCRIM,Jaxson Dart,New York Giants,0,,,New York Giants,1,1
16,3,46,Sam Darnold,QB,Seattle Seahawks,TOPSTATNFT,Sam Darnold,Seattle Seahawks,1,2,1,Arizona Cardinals,0,0
16,2,47,Caleb Williams,QB,Chicago Bears,ECOXER10,Caleb Williams,Chicago Bears,1,1,1,New York Giants,1,1
16,1,48,Theo Johnson,TE,New York Giants,CGEEEEEE,Brock Purdy,San Francisco 49ers,0,,,Chicago Bears,2,1
16,1,49,Jauan Jennings,WR,San Francisco 49ers,CGEEEEEE,Brock Purdy,San Francisco 49ers,1,,,Los Angeles Rams,0,0
16,2,50,Harold Fannin,TE,Cleveland Browns,ECOXER10,Caleb Williams,Chicago Bears,0,,,New York Jets,0,0
16,3,51,Tory Horton,WR,Seattle Seahawks,TOPSTATNFT,Sam Darnold,Seattle Seahawks,1,,,Arizona Cardinals,0,0
16,4,52,Brian Thomas,WR,Jacksonville Jaguars,LINEOFSCRIM,Jaxson Dart,New York Giants,0,,,Houston Texans,1,1
16,5,53,Parker Washington,WR,Jacksonville Jaguars,KRUTCHES93,Justin Fields,New York Jets,0,,,Houston Texans,0,0
16,6,54,Dalton Kincaid,TE,Buffalo Bills,KCPOLACK,Baker Mayfield,Tampa Bay Buccaneers,0,,,Miami Dolphins,1,1
16,7,55,Khalil Shakir,WR,Buffalo Bills,RAZOR33,Jared Goff,Detroit Lions,0,,,Miami Dolphins,0,0
16,8,56,Hunter Henry,TE,New England Patriots,DRAPP,Drake Maye,New England Patriots,1,,,Tampa Bay Buccaneers,0,0
16,9,57,Rashid Shaheed,WR,New Orleans Saints,KURUC711,Josh Allen,Buffalo Bills,0,,,Carolina Panthers,0,0
16,10,58,Colston Loveland,TE,Chicago Bears,INGELX,Matthew Stafford,Los Angeles Rams,0,,,New York Giants,0,0
16,11,59,Cade Otton,TE,Tampa Bay Buccaneers,MIKEC6212,Lamar Jackson,Baltimore Ravens,0,,,New England Patriots,1,1
16,12,60,Dalton Schultz,TE,Houston Texans,ICEYFFB,J.J. McCarthy,Minnesota Vikings,0,,,Jacksonville Jaguars,1,1
16,12,61,J.J. McCarthy,QB,Minnesota Vikings,ICEYFFB,J.J. McCarthy,Minnesota Vikings,1,2,1,Baltimore Ravens,0,0
16,11,62,Marvin Harrison,WR,Arizona Cardinals,MIKEC6212,Lamar Jackson,Baltimore Ravens,0,,,Seattle Seahawks,0,0
16,10,63,Matthew Stafford,QB,Los Angeles Rams,INGELX,Matthew Stafford,Los Angeles Rams,1,1,1,San Francisco 49ers,0,0
16,9,64,Rachaad White,RB,Tampa Bay Buccaneers,KURUC711,Josh Allen,Buffalo Bills,0,,,New England Patriots,0,0
16,8,65,Jordan Mason,RB,Minnesota Vikings,DRAPP,Drake Maye,New England Patriots,0,,,Baltimore Ravens,0,0
16,7,66,David Njoku,TE,Cleveland Browns,RAZOR33,Jared Goff,Detroit Lions,0,,,New York Jets,0,0
16,6,67,Kayshon Boutte,WR,New England Patriots,KCPOLACK,Baker Mayfield,Tampa Bay Buccaneers,0,,,Tampa Bay Buccaneers,2,1
16,5,68,Justin Fields,QB,New York Jets,KRUTCHES93,Justin Fields,New York Jets,1,0,0,Cleveland Browns,0,0
16,4,69,Juwan Johnson,TE,New Orleans Saints,LINEOFSCRIM,Jaxson Dart,New York Giants,0,,,Carolina Panthers,0,0
16,3,70,Jacory Croskey-Merritt,RB,Washington Commanders,TOPSTATNFT,Sam Darnold,Seattle Seahawks,0,,,Detroit Lions,0,0
16,2,71,Darius Slayton,WR,New York Giants,ECOXER10,Caleb Williams,Chicago Bears,0,,,Chicago Bears,2,1
16,1,72,Brock Purdy,QB,San Francisco 49ers,CGEEEEEE,Brock Purdy,San Francisco 49ers,1,2,1,Los Angeles Rams,0,0
17,1,1,Christian McCaffrey,RB,San Francisco 49ers,MIKEC6212,Baker Mayfield,Tampa Bay Buccaneers,0,,,Los Angeles Rams,0,0
17,2,2,Jahmyr Gibbs,RB,Detroit Lions,RAZOR33,Jared Goff,Detroit Lions,1,,,Washington Commanders,0,0
17,3,3,James Cook,RB,Buffalo Bills,GUNNEROSS,Caleb Williams,Chicago Bears,0,,,Miami Dolphins,0,0
17,4,4,Lamar Jackson,QB,Baltimore Ravens,BESTBALLVIPER,Lamar Jackson,Baltimore Ravens,1,1,1,Minnesota Vikings,0,0
17,5,5,De'Von Achane,RB,Miami Dolphins,KRUTCHES93,J.J. McCarthy,Minnesota Vikings,0,,,Buffalo Bills,0,0
17,6,6,Jaxon Smith-Njigba,WR,Seattle Seahawks,TUBINIS2121,Marcus Mariota,Washington Commanders,0,,,Arizona Cardinals,0,0
17,7,7,Puka Nacua,WR,Los Angeles Rams,ECOXER10,Matthew Stafford,Los Angeles Rams,1,,,San Francisco 49ers,0,0
17,8,8,Amon-Ra St. Brown,WR,Detroit Lions,D4VE,Jaxson Dart,New York Giants,0,,,Washington Commanders,0,0
17,9,9,Kyren Williams,RB,Los Angeles Rams,PATRICKBARN,Josh Allen,Buffalo Bills,0,,,San Francisco 49ers,1,1
17,10,10,Derrick Henry,RB,Baltimore Ravens,BUSTERSBOYS,Bryce Young,Carolina Panthers,0,,,Minnesota Vikings,0,0
17,11,11,Justin Jefferson,WR,Minnesota Vikings,RIPSEWELL,C.J. Stroud,Houston Texans,0,,,Baltimore Ravens,0,0
17,12,12,Rico Dowdle,RB,Carolina Panthers,DRAPP,Drake Maye,New England Patriots,0,,,New Orleans Saints,0,0
17,12,13,Davante Adams,WR,Los Angeles Rams,DRAPP,Drake Maye,New England Patriots,0,,,San Francisco 49ers,0,0
17,11,14,Nico Collins,WR,Houston Texans,RIPSEWELL,C.J. Stroud,Houston Texans,1,,,Jacksonville Jaguars,1,1
17,10,15,Emeka Egbuka,WR,Tampa Bay Buccaneers,BUSTERSBOYS,Bryce Young,Carolina Panthers,0,,,New England Patriots,0,0
17,9,16,Josh Allen,QB,Buffalo Bills,PATRICKBARN,Josh Allen,Buffalo Bills,1,0,0,Miami Dolphins,0,0
17,8,17,Breece Hall,RB,New York Jets,D4VE,Jaxson Dart,New York Giants,0,,,Cleveland Browns,0,0
17,7,18,Bucky Irving,RB,Tampa Bay Buccaneers,ECOXER10,Matthew Stafford,Los Angeles Rams,0,,,New England Patriots,0,0
17,6,19,Zay Flowers,WR,Baltimore Ravens,TUBINIS2121,Marcus Mariota,Washington Commanders,0,,,Minnesota Vikings,0,0
17,5,20,Trey McBride,TE,Arizona Cardinals,KRUTCHES93,J.J. McCarthy,Minnesota Vikings,0,,,Seattle Seahawks,0,0
17,4,21,Quinshon Judkins,RB,Cleveland Browns,BESTBALLVIPER,Lamar Jackson,Baltimore Ravens,0,,,New York Jets,0,0
17,3,22,Garrett Wilson,WR,New York Jets,GUNNEROSS,Caleb Williams,Chicago Bears,0,,,Cleveland Browns,0,0
17,2,23,Alvin Kamara,RB,New Orleans Saints,RAZOR33,Jared Goff,Detroit Lions,0,,,Carolina Panthers,0,0
17,1,24,George Kittle,TE,San Francisco 49ers,MIKEC6212,Baker Mayfield,Tampa Bay Buccaneers,0,,,Los Angeles Rams,0,0
17,1,25,D'Andre Swift,RB,Chicago Bears,MIKEC6212,Baker Mayfield,Tampa Bay Buccaneers,0,,,New York Giants,0,0
17,2,26,Khalil Shakir,WR,Buffalo Bills,RAZOR33,Jared Goff,Detroit Lions,0,,,Miami Dolphins,0,0
17,3,27,Kenneth Walker III,RB,Seattle Seahawks,GUNNEROSS,Caleb Williams,Chicago Bears,0,,,Arizona Cardinals,0,0
17,4,28,Jacory Croskey-Merritt,RB,Washington Commanders,BESTBALLVIPER,Lamar Jackson,Baltimore Ravens,0,,,Detroit Lions,0,0
17,5,29,Rome Odunze,WR,Chicago Bears,KRUTCHES93,J.J. McCarthy,Minnesota Vikings,0,,,New York Giants,0,0
17,6,30,Tyrone Tracy,RB,New York Giants,TUBINIS2121,Marcus Mariota,Washington Commanders,0,,,Chicago Bears,0,0
17,7,31,Kyle Monangai,RB,Chicago Bears,ECOXER10,Matthew Stafford,Los Angeles Rams,0,,,New York Giants,1,1
17,8,32,Jaylen Waddle,WR,Miami Dolphins,D4VE,Jaxson Dart,New York Giants,0,,,Buffalo Bills,0,0
17,9,33,Sam LaPorta,TE,Detroit Lions,PATRICKBARN,Josh Allen,Buffalo Bills,0,,,Washington Commanders,0,0
17,10,34,Chris Olave,WR,New Orleans Saints,BUSTERSBOYS,Bryce Young,Carolina Panthers,0,,,Carolina Panthers,2,1
17,11,35,David Montgomery,RB,Detroit Lions,RIPSEWELL,C.J. Stroud,Houston Texans,0,,,Washington Commanders,0,0
17,12,36,Drake Maye,QB,New England Patriots,DRAPP,Drake Maye,New England Patriots,1,2,1,Tampa Bay Buccaneers,0,0
17,12,37,Stefon Diggs,WR,New England Patriots,DRAPP,Drake Maye,New England Patriots,1,,,Tampa Bay Buccaneers,0,0
17,11,38,Travis Etienne Jr.,RB,Jacksonville Jaguars,RIPSEWELL,C.J. Stroud,Houston Texans,0,,,Houston Texans,3,1
17,10,39,Tetairoa McMillan,WR,Carolina Panthers,BUSTERSBOYS,Bryce Young,Carolina Panthers,1,,,New Orleans Saints,1,1
17,9,40,Wan'Dale Robinson,WR,New York Giants,PATRICKBARN,Josh Allen,Buffalo Bills,0,,,Chicago Bears,0,0
17,8,41,Jaxson Dart,QB,New York Giants,D4VE,Jaxson Dart,New York Giants,1,1,1,Chicago Bears,1,1
17,7,42,Jordan Addison,WR,Minnesota Vikings,ECOXER10,Matthew Stafford,Los Angeles Rams,0,,,Baltimore Ravens,0,0
17,6,43,Deebo Samuel,WR,Washington Commanders,TUBINIS2121,Marcus Mariota,Washington Commanders,1,,,Detroit Lions,0,0
17,5,44,Jameson Williams,WR,Detroit Lions,KRUTCHES93,J.J. McCarthy,Minnesota Vikings,0,,,Washington Commanders,0,0
17,4,45,Brian Thomas,WR,Jacksonville Jaguars,BESTBALLVIPER,Lamar Jackson,Baltimore Ravens,0,,,Houston Texans,0,0
17,3,46,Caleb Williams,QB,Chicago Bears,GUNNEROSS,Caleb Williams,Chicago Bears,1,1,1,New York Giants,0,0
17,2,47,Marvin Harrison,WR,Arizona Cardinals,RAZOR33,Jared Goff,Detroit Lions,0,,,Seattle Seahawks,0,0
17,1,48,Baker Mayfield,QB,Tampa Bay Buccaneers,MIKEC6212,Baker Mayfield,Tampa Bay Buccaneers,1,1,1,New England Patriots,0,0
17,1,49,Chris Godwin,WR,Tampa Bay Buccaneers,MIKEC6212,Baker Mayfield,Tampa Bay Buccaneers,1,,,New England Patriots,0,0
17,2,50,Jared Goff,QB,Detroit Lions,RAZOR33,Jared Goff,Detroit Lions,1,1,1,Washington Commanders,0,0
17,3,51,D.J. Moore,WR,Chicago Bears,GUNNEROSS,Caleb Williams,Chicago Bears,1,,,New York Giants,0,0
17,4,52,Tory Horton,WR,Seattle Seahawks,BESTBALLVIPER,Lamar Jackson,Baltimore Ravens,0,,,Arizona Cardinals,0,0
17,5,53,J.J. McCarthy,QB,Minnesota Vikings,KRUTCHES93,J.J. McCarthy,Minnesota Vikings,1,0,0,Baltimore Ravens,0,0
17,6,54,Marcus Mariota,QB,Washington Commanders,TUBINIS2121,Marcus Mariota,Washington Commanders,1,2,1,Detroit Lions,0,0
17,7,55,Matthew Stafford,QB,Los Angeles Rams,ECOXER10,Matthew Stafford,Los Angeles Rams,1,1,1,San Francisco 49ers,0,0
17,8,56,Colston Loveland,TE,Chicago Bears,D4VE,Jaxson Dart,New York Giants,0,,,New York Giants,2,1
17,9,57,Jauan Jennings,WR,San Francisco 49ers,PATRICKBARN,Josh Allen,Buffalo Bills,0,,,Los Angeles Rams,1,1
17,10,58,Mark Andrews,TE,Baltimore Ravens,BUSTERSBOYS,Bryce Young,Carolina Panthers,0,,,Minnesota Vikings,0,0
17,11,59,Dalton Schultz,TE,Houston Texans,RIPSEWELL,C.J. Stroud,Houston Texans,1,,,Jacksonville Jaguars,1,1
17,12,60,Aaron Jones,RB,Minnesota Vikings,DRAPP,Drake Maye,New England Patriots,0,,,Baltimore Ravens,0,0
17,12,61,Hunter Henry,TE,New England Patriots,DRAPP,Drake Maye,New England Patriots,1,,,Tampa Bay Buccaneers,0,0
17,11,62,C.J. Stroud,QB,Houston Texans,RIPSEWELL,C.J. Stroud,Houston Texans,1,2,1,Jacksonville Jaguars,1,1
17,10,63,Bryce Young,QB,Carolina Panthers,BUSTERSBOYS,Bryce Young,Carolina Panthers,1,1,1,New Orleans Saints,1,1
17,9,64,TreVeyon Henderson,RB,New England Patriots,PATRICKBARN,Josh Allen,Buffalo Bills,0,,,Tampa Bay Buccaneers,0,0
17,8,65,Darius Slayton,WR,New York Giants,D4VE,Jaxson Dart,New York Giants,1,,,Chicago Bears,1,1
17,7,66,Theo Johnson,TE,New York Giants,ECOXER10,Matthew Stafford,Los Angeles Rams,0,,,Chicago Bears,1,1
17,6,67,Zach Ertz,TE,Washington Commanders,TUBINIS2121,Marcus Mariota,Washington Commanders,1,,,Detroit Lions,0,0
17,5,68,Parker Washington,WR,Jacksonville Jaguars,KRUTCHES93,J.J. McCarthy,Minnesota Vikings,0,,,Houston Texans,0,0
17,4,69,Isaiah Likely,TE,Baltimore Ravens,BESTBALLVIPER,Lamar Jackson,Baltimore Ravens,1,,,Minnesota Vikings,0,0
17,3,70,Cade Otton,TE,Tampa Bay Buccaneers,GUNNEROSS,Caleb Williams,Chicago Bears,0,,,New England Patriots,0,0
17,2,71,Harold Fannin,TE,Cleveland Browns,RAZOR33,Jared Goff,Detroit Lions,0,,,New York Jets,0,0
17,1,72,Rashid Shaheed,WR,New Orleans Saints,MIKEC6212,Baker Mayfield,Tampa Bay Buccaneers,0,,,Carolina Panthers,0,0
18,1,1,Josh Allen,QB,Buffalo Bills,REDROCK47,Josh Allen,Buffalo Bills,1,0,0,Miami Dolphins,0,0
18,2,2,Jahmyr Gibbs,RB,Detroit Lions,MATHOLOGY,Sam Darnold,Seattle Seahawks,0,,,Washington Commanders,0,0
18,3,3,Christian McCaffrey,RB,San Francisco 49ers,KRUTCHES93,J.J. McCarthy,Minnesota Vikings,0,,,Los Angeles Rams,0,0
18,4,4,Jaxon Smith-Njigba,WR,Seattle Seahawks,DABK,Brock Purdy,San Francisco 49ers,0,,,Arizona Cardinals,0,0
18,5,5,James Cook,RB,Buffalo Bills,PATRICKBARN,Matthew Stafford,Los Angeles Rams,0,,,Miami Dolphins,1,1
18,6,6,Amon-Ra St. Brown,WR,Detroit Lions,RIPSEWELL,Jared Goff,Detroit Lions,1,,,Washington Commanders,0,0
18,7,7,Derrick Henry,RB,Baltimore Ravens,BESTBALLVIPER,Lamar Jackson,Baltimore Ravens,1,,,Minnesota Vikings,2,1
18,8,8,De'Von Achane,RB,Miami Dolphins,CGEEEEEE,Baker Mayfield,Tampa Bay Buccaneers,0,,,Buffalo Bills,0,0
18,9,9,Puka Nacua,WR,Los Angeles Rams,BUSTERSBOYS,Caleb Williams,Chicago Bears,0,,,San Francisco 49ers,0,0
18,10,10,Rico Dowdle,RB,Carolina Panthers,MIKEC6212,Jaxson Dart,New York Giants,0,,,New Orleans Saints,0,0
18,11,11,Kyren Williams,RB,Los Angeles Rams,ASAPTUNA,Marcus Mariota,Washington Commanders,0,,,San Francisco 49ers,0,0
18,12,12,Justin Jefferson,WR,Minnesota Vikings,DRAPP,Drake Maye,New England Patriots,0,,,Baltimore Ravens,0,0
18,12,13,Davante Adams,WR,Los Angeles Rams,DRAPP,Drake Maye,New England Patriots,0,,,San Francisco 49ers,0,0
18,11,14,Nico Collins,WR,Houston Texans,ASAPTUNA,Marcus Mariota,Washington Commanders,0,,,Jacksonville Jaguars,0,0
18,10,15,Quinshon Judkins,RB,Cleveland Browns,MIKEC6212,Jaxson Dart,New York Giants,0,,,New York Jets,0,0
18,9,16,Trey McBride,TE,Arizona Cardinals,BUSTERSBOYS,Caleb Williams,Chicago Bears,0,,,Seattle Seahawks,0,0
18,8,17,Emeka Egbuka,WR,Tampa Bay Buccaneers,CGEEEEEE,Baker Mayfield,Tampa Bay Buccaneers,1,,,New England Patriots,1,1
18,7,18,Lamar Jackson,QB,Baltimore Ravens,BESTBALLVIPER,Lamar Jackson,Baltimore Ravens,1,2,1,Minnesota Vikings,2,1
18,6,19,Sam LaPorta,TE,Detroit Lions,RIPSEWELL,Jared Goff,Detroit Lions,1,,,Washington Commanders,0,0
18,5,20,Kyle Monangai,RB,Chicago Bears,PATRICKBARN,Matthew Stafford,Los Angeles Rams,0,,,New York Giants,0,0
18,4,21,Bucky Irving,RB,Tampa Bay Buccaneers,DABK,Brock Purdy,San Francisco 49ers,0,,,New England Patriots,0,0
18,3,22,George Kittle,TE,San Francisco 49ers,KRUTCHES93,J.J. McCarthy,Minnesota Vikings,0,,,Los Angeles Rams,0,0
18,2,23,Breece Hall,RB,New York Jets,MATHOLOGY,Sam Darnold,Seattle Seahawks,0,,,Cleveland Browns,0,0
18,1,24,Garrett Wilson,WR,New York Jets,REDROCK47,Josh Allen,Buffalo Bills,0,,,Cleveland Browns,0,0
18,1,25,Jacory Croskey-Merritt,RB,Washington Commanders,REDROCK47,Josh Allen,Buffalo Bills,0,,,Detroit Lions,0,0
18,2,26,Rome Odunze,WR,Chicago Bears,MATHOLOGY,Sam Darnold,Seattle Seahawks,0,,,New York Giants,1,1
18,3,27,Zay Flowers,WR,Baltimore Ravens,KRUTCHES93,J.J. McCarthy,Minnesota Vikings,0,,,Minnesota Vikings,1,1
18,4,28,D'Andre Swift,RB,Chicago Bears,DABK,Brock Purdy,San Francisco 49ers,0,,,New York Giants,0,0
18,5,29,Jaylen Waddle,WR,Miami Dolphins,PATRICKBARN,Matthew Stafford,Los Angeles Rams,0,,,Buffalo Bills,1,1
18,6,30,David Montgomery,RB,Detroit Lions,RIPSEWELL,Jared Goff,Detroit Lions,1,,,Washington Commanders,0,0
18,7,31,Chris Olave,WR,New Orleans Saints,BESTBALLVIPER,Lamar Jackson,Baltimore Ravens,0,,,Carolina Panthers,0,0
18,8,32,Stefon Diggs,WR,New England Patriots,CGEEEEEE,Baker Mayfield,Tampa Bay Buccaneers,0,,,Tampa Bay Buccaneers,3,1
18,9,33,Travis Etienne Jr.,RB,Jacksonville Jaguars,BUSTERSBOYS,Caleb Williams,Chicago Bears,0,,,Houston Texans,0,0
18,10,34,Jaxson Dart,QB,New York Giants,MIKEC6212,Jaxson Dart,New York Giants,1,2,1,Chicago Bears,1,1
18,11,35,Tetairoa McMillan,WR,Carolina Panthers,ASAPTUNA,Marcus Mariota,Washington Commanders,0,,,New Orleans Saints,0,0
18,12,36,Drake Maye,QB,New England Patriots,DRAPP,Drake Maye,New England Patriots,1,1,1,Tampa Bay Buccaneers,0,0
18,12,37,Kenneth Walker III,RB,Seattle Seahawks,DRAPP,Drake Maye,New England Patriots,0,,,Arizona Cardinals,0,0
18,11,38,Tyrone Tracy,RB,New York Giants,ASAPTUNA,Marcus Mariota,Washington Commanders,0,,,Chicago Bears,0,0
18,10,39,Wan'Dale Robinson,WR,New York Giants,MIKEC6212,Jaxson Dart,New York Giants,1,,,Chicago Bears,1,1
18,9,40,Caleb Williams,QB,Chicago Bears,BUSTERSBOYS,Caleb Williams,Chicago Bears,1,0,0,New York Giants,0,0
18,8,41,Baker Mayfield,QB,Tampa Bay Buccaneers,CGEEEEEE,Baker Mayfield,Tampa Bay Buccaneers,1,2,1,New England Patriots,1,1
18,7,42,Jordan Addison,WR,Minnesota Vikings,BESTBALLVIPER,Lamar Jackson,Baltimore Ravens,0,,,Baltimore Ravens,3,1
18,6,43,Jared Goff,QB,Detroit Lions,RIPSEWELL,Jared Goff,Detroit Lions,1,3,1,Washington Commanders,0,0
18,5,44,Matthew Stafford,QB,Los Angeles Rams,PATRICKBARN,Matthew Stafford,Los Angeles Rams,1,0,0,San Francisco 49ers,0,0
18,4,45,Deebo Samuel,WR,Washington Commanders,DABK,Brock Purdy,San Francisco 49ers,0,,,Detroit Lions,0,0
18,3,46,Jameson Williams,WR,Detroit Lions,KRUTCHES93,J.J. McCarthy,Minnesota Vikings,0,,,Washington Commanders,0,0
18,2,47,Theo Johnson,TE,New York Giants,MATHOLOGY,Sam Darnold,Seattle Seahawks,0,,,Chicago Bears,1,1
18,1,48,Rhamondre Stevenson,RB,New England Patriots,REDROCK47,Josh Allen,Buffalo Bills,0,,,Tampa Bay Buccaneers,0,0
18,1,49,Marvin Harrison,WR,Arizona Cardinals,REDROCK47,Josh Allen,Buffalo Bills,0,,,Seattle Seahawks,0,0
18,2,50,Sam Darnold,QB,Seattle Seahawks,MATHOLOGY,Sam Darnold,Seattle Seahawks,1,1,1,Arizona Cardinals,0,0
18,3,51,J.J. McCarthy,QB,Minnesota Vikings,KRUTCHES93,J.J. McCarthy,Minnesota Vikings,1,0,0,Baltimore Ravens,1,1
18,4,52,Dalton Kincaid,TE,Buffalo Bills,DABK,Brock Purdy,San Francisco 49ers,0,,,Miami Dolphins,0,0
18,5,53,D.J. Moore,WR,Chicago Bears,PATRICKBARN,Matthew Stafford,Los Angeles Rams,0,,,New York Giants,0,0
18,6,54,Khalil Shakir,WR,Buffalo Bills,RIPSEWELL,Jared Goff,Detroit Lions,0,,,Miami Dolphins,0,0
18,7,55,Aaron Jones,RB,Minnesota Vikings,BESTBALLVIPER,Lamar Jackson,Baltimore Ravens,0,,,Baltimore Ravens,3,1
18,8,56,Jauan Jennings,WR,San Francisco 49ers,CGEEEEEE,Baker Mayfield,Tampa Bay Buccaneers,0,,,Los Angeles Rams,0,0
18,9,57,Parker Washington,WR,Jacksonville Jaguars,BUSTERSBOYS,Caleb Williams,Chicago Bears,0,,,Houston Texans,0,0
18,10,58,Colston Loveland,TE,Chicago Bears,MIKEC6212,Jaxson Dart,New York Giants,0,,,New York Giants,3,1
18,11,59,Zach Ertz,TE,Washington Commanders,ASAPTUNA,Marcus Mariota,Washington Commanders,1,,,Detroit Lions,0,0
18,12,60,Brian Thomas,WR,Jacksonville Jaguars,DRAPP,Drake Maye,New England Patriots,0,,,Houston Texans,0,0
18,12,61,Hunter Henry,TE,New England Patriots,DRAPP,Drake Maye,New England Patriots,1,,,Tampa Bay Buccaneers,0,0
18,11,62,Marcus Mariota,QB,Washington Commanders,ASAPTUNA,Marcus Mariota,Washington Commanders,1,1,1,Detroit Lions,0,0
18,10,63,Darius Slayton,WR,New York Giants,MIKEC6212,Jaxson Dart,New York Giants,1,,,Chicago Bears,1,1
18,9,64,Rashid Shaheed,WR,New Orleans Saints,BUSTERSBOYS,Caleb Williams,Chicago Bears,0,,,Carolina Panthers,0,0
18,8,65,Cade Otton,TE,Tampa Bay Buccaneers,CGEEEEEE,Baker Mayfield,Tampa Bay Buccaneers,1,,,New England Patriots,1,1
18,7,66,Mark Andrews,TE,Baltimore Ravens,BESTBALLVIPER,Lamar Jackson,Baltimore Ravens,1,,,Minnesota Vikings,2,1
18,6,67,Jordan Mason,RB,Minnesota Vikings,RIPSEWELL,Jared Goff,Detroit Lions,0,,,Baltimore Ravens,0,0
18,5,68,Dalton Schultz,TE,Houston Texans,PATRICKBARN,Matthew Stafford,Los Angeles Rams,0,,,Jacksonville Jaguars,0,0
18,4,69,Brock Purdy,QB,San Francisco 49ers,DABK,Brock Purdy,San Francisco 49ers,1,0,0,Los Angeles Rams,0,0
18,3,70,Woody Marks,RB,Houston Texans,KRUTCHES93,J.J. McCarthy,Minnesota Vikings,0,,,Jacksonville Jaguars,0,0
18,2,71,Tory Horton,WR,Seattle Seahawks,MATHOLOGY,Sam Darnold,Seattle Seahawks,1,,,Arizona Cardinals,0,0
18,1,72,Isaiah Likely,TE,Baltimore Ravens,REDROCK47,Josh Allen,Buffalo Bills,0,,,Minnesota Vikings,0,0
19,1,1,Christian McCaffrey,RB,San Francisco 49ers,LGREWE50,Baker Mayfield,Tampa Bay Buccaneers,0,,,Los Angeles Rams,0,0
19,2,2,Jahmyr Gibbs,RB,Detroit Lions,BESTBALLVIPER,Justin Fields,New York Jets,0,,,Washington Commanders,0,0
19,3,3,James Cook,RB,Buffalo Bills,KURUC711,Drake Maye,New England Patriots,0,,,Miami Dolphins,0,0
19,4,4,Rico Dowdle,RB,Carolina Panthers,CHADCANDLES,Sam Darnold,Seattle Seahawks,0,,,New Orleans Saints,0,0
19,5,5,Jaxon Smith-Njigba,WR,Seattle Seahawks,LEE121503,Jaxson Dart,New York Giants,0,,,Arizona Cardinals,0,0
19,6,6,Puka Nacua,WR,Los Angeles Rams,ECOXER10,Matthew Stafford,Los Angeles Rams,1,,,San Francisco 49ers,0,0
19,7,7,Lamar Jackson,QB,Baltimore Ravens,CUPOJAKE,Lamar Jackson,Baltimore Ravens,1,1,1,Minnesota Vikings,0,0
19,8,8,De'Von Achane,RB,Miami Dolphins,GUNNEROSS,Brock Purdy,San Francisco 49ers,0,,,Buffalo Bills,1,1
19,9,9,Amon-Ra St. Brown,WR,Detroit Lions,BHOKEVIN,Jared Goff,Detroit Lions,1,,,Washington Commanders,1,1
19,10,10,Derrick Henry,RB,Baltimore Ravens,JDUBS1035,Caleb Williams,Chicago Bears,0,,,Minnesota Vikings,0,0
19,11,11,Trey McBride,TE,Arizona Cardinals,BUSTERSBOYS,Josh Allen,Buffalo Bills,0,,,Seattle Seahawks,0,0
19,12,12,Justin Jefferson,WR,Minnesota Vikings,TBEAR81,J.J. McCarthy,Minnesota Vikings,1,,,Baltimore Ravens,0,0
19,12,13,Davante Adams,WR,Los Angeles Rams,TBEAR81,J.J. McCarthy,Minnesota Vikings,0,,,San Francisco 49ers,0,0
19,11,14,Josh Allen,QB,Buffalo Bills,BUSTERSBOYS,Josh Allen,Buffalo Bills,1,0,0,Miami Dolphins,0,0
19,10,15,Kyren Williams,RB,Los Angeles Rams,JDUBS1035,Caleb Williams,Chicago Bears,0,,,San Francisco 49ers,0,0
19,9,16,Quinshon Judkins,RB,Cleveland Browns,BHOKEVIN,Jared Goff,Detroit Lions,0,,,New York Jets,0,0
19,8,17,Emeka Egbuka,WR,Tampa Bay Buccaneers,GUNNEROSS,Brock Purdy,San Francisco 49ers,0,,,New England Patriots,0,0
19,7,18,Bucky Irving,RB,Tampa Bay Buccaneers,CUPOJAKE,Lamar Jackson,Baltimore Ravens,0,,,New England Patriots,0,0
19,6,19,Nico Collins,WR,Houston Texans,ECOXER10,Matthew Stafford,Los Angeles Rams,0,,,Jacksonville Jaguars,1,1
19,5,20,Jaxson Dart,QB,New York Giants,LEE121503,Jaxson Dart,New York Giants,1,2,1,Chicago Bears,1,1
19,4,21,Breece Hall,RB,New York Jets,CHADCANDLES,Sam Darnold,Seattle Seahawks,0,,,Cleveland Browns,1,1
19,3,22,Drake Maye,QB,New England Patriots,KURUC711,Drake Maye,New England Patriots,1,1,1,Tampa Bay Buccaneers,0,0
19,2,23,Garrett Wilson,WR,New York Jets,BESTBALLVIPER,Justin Fields,New York Jets,1,,,Cleveland Browns,0,0
19,1,24,Zay Flowers,WR,Baltimore Ravens,LGREWE50,Baker Mayfield,Tampa Bay Buccaneers,0,,,Minnesota Vikings,0,0
19,1,25,George Kittle,TE,San Francisco 49ers,LGREWE50,Baker Mayfield,Tampa Bay Buccaneers,0,,,Los Angeles Rams,0,0
19,2,26,Jaylen Waddle,WR,Miami Dolphins,BESTBALLVIPER,Justin Fields,New York Jets,0,,,Buffalo Bills,0,0
19,3,27,Stefon Diggs,WR,New England Patriots,KURUC711,Drake Maye,New England Patriots,1,,,Tampa Bay Buccaneers,0,0
19,4,28,Rome Odunze,WR,Chicago Bears,CHADCANDLES,Sam Darnold,Seattle Seahawks,0,,,New York Giants,0,0
19,5,29,Kyle Monangai,RB,Chicago Bears,LEE121503,Jaxson Dart,New York Giants,0,,,New York Giants,3,1
19,6,30,Travis Etienne Jr.,RB,Jacksonville Jaguars,ECOXER10,Matthew Stafford,Los Angeles Rams,0,,,Houston Texans,1,1
19,7,31,D'Andre Swift,RB,Chicago Bears,CUPOJAKE,Lamar Jackson,Baltimore Ravens,0,,,New York Giants,1,1
19,8,32,Kenneth Walker III,RB,Seattle Seahawks,GUNNEROSS,Brock Purdy,San Francisco 49ers,0,,,Arizona Cardinals,0,0
19,9,33,Sam LaPorta,TE,Detroit Lions,BHOKEVIN,Jared Goff,Detroit Lions,1,,,Washington Commanders,1,1
19,10,34,Chris Olave,WR,New Orleans Saints,JDUBS1035,Caleb Williams,Chicago Bears,0,,,Carolina Panthers,0,0
19,11,35,Tetairoa McMillan,WR,Carolina Panthers,BUSTERSBOYS,Josh Allen,Buffalo Bills,0,,,New Orleans Saints,1,1
19,12,36,Jordan Addison,WR,Minnesota Vikings,TBEAR81,J.J. McCarthy,Minnesota Vikings,1,,,Baltimore Ravens,0,0
19,12,37,Colston Loveland,TE,Chicago Bears,TBEAR81,J.J. McCarthy,Minnesota Vikings,0,,,New York Giants,0,0
19,11,38,Jameson Williams,WR,Detroit Lions,BUSTERSBOYS,Josh Allen,Buffalo Bills,0,,,Washington Commanders,0,0
19,10,39,Caleb Williams,QB,Chicago Bears,JDUBS1035,Caleb Williams,Chicago Bears,1,0,0,New York Giants,0,0
19,9,40,Jared Goff,QB,Detroit Lions,BHOKEVIN,Jared Goff,Detroit Lions,1,2,1,Washington Commanders,1,1
19,8,41,Dalton Kincaid,TE,Buffalo Bills,GUNNEROSS,Brock Purdy,San Francisco 49ers,0,,,Miami Dolphins,1,1
19,7,42,Wan'Dale Robinson,WR,New York Giants,CUPOJAKE,Lamar Jackson,Baltimore Ravens,0,,,Chicago Bears,1,1
19,6,43,David Montgomery,RB,Detroit Lions,ECOXER10,Matthew Stafford,Los Angeles Rams,0,,,Washington Commanders,0,0
19,5,44,Deebo Samuel,WR,Washington Commanders,LEE121503,Jaxson Dart,New York Giants,0,,,Detroit Lions,0,0
19,4,45,Marvin Harrison,WR,Arizona Cardinals,CHADCANDLES,Sam Darnold,Seattle Seahawks,0,,,Seattle Seahawks,1,1
19,3,46,D.J. Moore,WR,Chicago Bears,KURUC711,Drake Maye,New England Patriots,0,,,New York Giants,0,0
19,2,47,Justin Fields,QB,New York Jets,BESTBALLVIPER,Justin Fields,New York Jets,1,1,1,Cleveland Browns,0,0
19,1,48,Baker Mayfield,QB,Tampa Bay Buccaneers,LGREWE50,Baker Mayfield,Tampa Bay Buccaneers,1,0,0,New England Patriots,0,0
19,1,49,Khalil Shakir,WR,Buffalo Bills,LGREWE50,Baker Mayfield,Tampa Bay Buccaneers,0,,,Miami Dolphins,0,0
19,2,50,Aaron Jones,RB,Minnesota Vikings,BESTBALLVIPER,Justin Fields,New York Jets,0,,,Baltimore Ravens,0,0
19,3,51,Rashid Shaheed,WR,New Orleans Saints,KURUC711,Drake Maye,New England Patriots,0,,,Carolina Panthers,0,0
19,4,52,Harold Fannin,TE,Cleveland Browns,CHADCANDLES,Sam Darnold,Seattle Seahawks,0,,,New York Jets,1,1
19,5,53,Theo Johnson,TE,New York Giants,LEE121503,Jaxson Dart,New York Giants,1,,,Chicago Bears,1,1
19,6,54,Hunter Henry,TE,New England Patriots,ECOXER10,Matthew Stafford,Los Angeles Rams,0,,,Tampa Bay Buccaneers,0,0
19,7,55,Mark Andrews,TE,Baltimore Ravens,CUPOJAKE,Lamar Jackson,Baltimore Ravens,1,,,Minnesota Vikings,0,0
19,8,56,Jauan Jennings,WR,San Francisco 49ers,GUNNEROSS,Brock Purdy,San Francisco 49ers,1,,,Los Angeles Rams,0,0
19,9,57,Kendrick Bourne,WR,San Francisco 49ers,BHOKEVIN,Jared Goff,Detroit Lions,0,,,Los Angeles Rams,0,0
19,10,58,DeMario Douglas,WR,New England Patriots,JDUBS1035,Caleb Williams,Chicago Bears,0,,,Tampa Bay Buccaneers,0,0
19,11,59,Alvin Kamara,RB,New Orleans Saints,BUSTERSBOYS,Josh Allen,Buffalo Bills,0,,,Carolina Panthers,1,1
19,12,60,J.J. McCarthy,QB,Minnesota Vikings,TBEAR81,J.J. McCarthy,Minnesota Vikings,1,2,1,Baltimore Ravens,0,0
19,12,61,TreVeyon Henderson,RB,New England Patriots,TBEAR81,J.J. McCarthy,Minnesota Vikings,0,,,Tampa Bay Buccaneers,0,0
19,11,62,Tyrone Tracy,RB,New York Giants,BUSTERSBOYS,Josh Allen,Buffalo Bills,0,,,Chicago Bears,0,0
19,10,63,Mason Taylor,TE,New York Jets,JDUBS1035,Caleb Williams,Chicago Bears,0,,,Cleveland Browns,0,0
19,9,64,Jeremy McNichols,RB,Washington Commanders,BHOKEVIN,Jared Goff,Detroit Lions,0,,,Detroit Lions,3,1
19,8,65,Brock Purdy,QB,San Francisco 49ers,GUNNEROSS,Brock Purdy,San Francisco 49ers,1,1,1,Los Angeles Rams,0,0
19,7,66,Brian Thomas,WR,Jacksonville Jaguars,CUPOJAKE,Lamar Jackson,Baltimore Ravens,0,,,Houston Texans,0,0
19,6,67,Matthew Stafford,QB,Los Angeles Rams,ECOXER10,Matthew Stafford,Los Angeles Rams,1,1,1,San Francisco 49ers,0,0
19,5,68,Darius Slayton,WR,New York Giants,LEE121503,Jaxson Dart,New York Giants,1,,,Chicago Bears,1,1
19,4,69,Sam Darnold,QB,Seattle Seahawks,CHADCANDLES,Sam Darnold,Seattle Seahawks,1,0,0,Arizona Cardinals,1,1
19,3,70,Juwan Johnson,TE,New Orleans Saints,KURUC711,Drake Maye,New England Patriots,0,,,Carolina Panthers,0,0
19,2,71,Dalton Schultz,TE,Houston Texans,BESTBALLVIPER,Justin Fields,New York Jets,0,,,Jacksonville Jaguars,0,0
19,1,72,Jacory Croskey-Merritt,RB,Washington Commanders,LGREWE50,Baker Mayfield,Tampa Bay Buccaneers,0,,,Detroit Lions,0,0
20,1,1,Christian McCaffrey,RB,San Francisco 49ers,LEE121503,Drake Maye,New England Patriots,0,,,Los Angeles Rams,0,0
20,2,2,Jahmyr Gibbs,RB,Detroit Lions,CUPOJAKE,Jaxson Dart,New York Giants,0,,,Washington Commanders,1,1
20,3,3,Jaxon Smith-Njigba,WR,Seattle Seahawks,YUZENN,Baker Mayfield,Tampa Bay Buccaneers,0,,,Arizona Cardinals,0,0
20,4,4,Lamar Jackson,QB,Baltimore Ravens,FRIARBETS,Lamar Jackson,Baltimore Ravens,1,1,1,Minnesota Vikings,1,1
20,5,5,James Cook,RB,Buffalo Bills,NEZ,Justin Fields,New York Jets,0,,,Miami Dolphins,0,0
20,6,6,De'Von Achane,RB,Miami Dolphins,LENKEITH,Jared Goff,Detroit Lions,0,,,Buffalo Bills,0,0
20,7,7,Puka Nacua,WR,Los Angeles Rams,BUSTERSBOYS,Josh Allen,Buffalo Bills,0,,,San Francisco 49ers,0,0
20,8,8,Derrick Henry,RB,Baltimore Ravens,BESTBALLVIPER,Jacoby Brissett,Arizona Cardinals,0,,,Minnesota Vikings,0,0
20,9,9,Rico Dowdle,RB,Carolina Panthers,KRUTCHES93,Caleb Williams,Chicago Bears,0,,,New Orleans Saints,0,0
20,10,10,Amon-Ra St. Brown,WR,Detroit Lions,KCPOLACK,Matthew Stafford,Los Angeles Rams,0,,,Washington Commanders,0,0
20,11,11,Justin Jefferson,WR,Minnesota Vikings,SICKODANK,Sam Darnold,Seattle Seahawks,0,,,Baltimore Ravens,0,0
20,12,12,Kyren Williams,RB,Los Angeles Rams,PATRICKBARN,Bryce Young,Carolina Panthers,0,,,San Francisco 49ers,0,0
20,12,13,Trey McBride,TE,Arizona Cardinals,PATRICKBARN,Bryce Young,Carolina Panthers,0,,,Seattle Seahawks,1,1
20,11,14,Nico Collins,WR,Houston Texans,SICKODANK,Sam Darnold,Seattle Seahawks,0,,,Jacksonville Jaguars,0,0
20,10,15,Davante Adams,WR,Los Angeles Rams,KCPOLACK,Matthew Stafford,Los Angeles Rams,1,,,San Francisco 49ers,0,0
20,9,16,George Kittle,TE,San Francisco 49ers,KRUTCHES93,Caleb Williams,Chicago Bears,0,,,Los Angeles Rams,0,0
20,8,17,Bucky Irving,RB,Tampa Bay Buccaneers,BESTBALLVIPER,Jacoby Brissett,Arizona Cardinals,0,,,New England Patriots,1,1
20,7,18,Josh Allen,QB,Buffalo Bills,BUSTERSBOYS,Josh Allen,Buffalo Bills,1,0,0,Miami Dolphins,1,1
20,6,19,Quinshon Judkins,RB,Cleveland Browns,LENKEITH,Jared Goff,Detroit Lions,0,,,New York Jets,0,0
20,5,20,Emeka Egbuka,WR,Tampa Bay Buccaneers,NEZ,Justin Fields,New York Jets,0,,,New England Patriots,0,0
20,4,21,Zay Flowers,WR,Baltimore Ravens,FRIARBETS,Lamar Jackson,Baltimore Ravens,1,,,Minnesota Vikings,1,1
20,3,22,Kyle Monangai,RB,Chicago Bears,YUZENN,Baker Mayfield,Tampa Bay Buccaneers,0,,,New York Giants,0,0
20,2,23,Jaxson Dart,QB,New York Giants,CUPOJAKE,Jaxson Dart,New York Giants,1,0,0,Chicago Bears,2,1
20,1,24,Breece Hall,RB,New York Jets,LEE121503,Drake Maye,New England Patriots,0,,,Cleveland Browns,0,0
20,1,25,Drake Maye,QB,New England Patriots,LEE121503,Drake Maye,New England Patriots,1,1,1,Tampa Bay Buccaneers,0,0
20,2,26,D'Andre Swift,RB,Chicago Bears,CUPOJAKE,Jaxson Dart,New York Giants,0,,,New York Giants,1,1
20,3,27,Baker Mayfield,QB,Tampa Bay Buccaneers,YUZENN,Baker Mayfield,Tampa Bay Buccaneers,1,0,0,New England Patriots,1,1
20,4,28,Sam LaPorta,TE,Detroit Lions,FRIARBETS,Lamar Jackson,Baltimore Ravens,0,,,Washington Commanders,1,1
20,5,29,Garrett Wilson,WR,New York Jets,NEZ,Justin Fields,New York Jets,1,,,Cleveland Browns,0,0
20,6,30,Rome Odunze,WR,Chicago Bears,LENKEITH,Jared Goff,Detroit Lions,0,,,New York Giants,1,1
20,7,31,Jaylen Waddle,WR,Miami Dolphins,BUSTERSBOYS,Josh Allen,Buffalo Bills,0,,,Buffalo Bills,1,1
20,8,32,Stefon Diggs,WR,New England Patriots,BESTBALLVIPER,Jacoby Brissett,Arizona Cardinals,0,,,Tampa Bay Buccaneers,1,1
20,9,33,Deebo Samuel,WR,Washington Commanders,KRUTCHES93,Caleb Williams,Chicago Bears,0,,,Detroit Lions,0,0
20,10,34,Aaron Jones,RB,Minnesota Vikings,KCPOLACK,Matthew Stafford,Los Angeles Rams,0,,,Baltimore Ravens,0,0
20,11,35,David Montgomery,RB,Detroit Lions,SICKODANK,Sam Darnold,Seattle Seahawks,0,,,Washington Commanders,0,0
20,12,36,Kenneth Walker III,RB,Seattle Seahawks,PATRICKBARN,Bryce Young,Carolina Panthers,0,,,Arizona Cardinals,1,1
20,12,37,Tetairoa McMillan,WR,Carolina Panthers,PATRICKBARN,Bryce Young,Carolina Panthers,1,,,New Orleans Saints,0,0
20,11,38,Sam Darnold,QB,Seattle Seahawks,SICKODANK,Sam Darnold,Seattle Seahawks,1,1,1,Arizona Cardinals,0,0
20,10,39,Dalton Kincaid,TE,Buffalo Bills,KCPOLACK,Matthew Stafford,Los Angeles Rams,0,,,Miami Dolphins,0,0
20,9,40,Caleb Williams,QB,Chicago Bears,KRUTCHES93,Caleb Williams,Chicago Bears,1,0,0,New York Giants,1,1
20,8,41,Marvin Harrison,WR,Arizona Cardinals,BESTBALLVIPER,Jacoby Brissett,Arizona Cardinals,1,,,Seattle Seahawks,0,0
20,7,42,Travis Etienne Jr.,RB,Jacksonville Jaguars,BUSTERSBOYS,Josh Allen,Buffalo Bills,0,,,Houston Texans,0,0
20,6,43,Wan'Dale Robinson,WR,New York Giants,LENKEITH,Jared Goff,Detroit Lions,0,,,Chicago Bears,1,1
20,5,44,Jameson Williams,WR,Detroit Lions,NEZ,Justin Fields,New York Jets,0,,,Washington Commanders,0,0
20,4,45,Jordan Addison,WR,Minnesota Vikings,FRIARBETS,Lamar Jackson,Baltimore Ravens,0,,,Baltimore Ravens,2,1
20,3,46,Chris Olave,WR,New Orleans Saints,YUZENN,Baker Mayfield,Tampa Bay Buccaneers,0,,,Carolina Panthers,0,0
20,2,47,Khalil Shakir,WR,Buffalo Bills,CUPOJAKE,Jaxson Dart,New York Giants,0,,,Miami Dolphins,0,0
20,1,48,Jauan Jennings,WR,San Francisco 49ers,LEE121503,Drake Maye,New England Patriots,0,,,Los Angeles Rams,0,0
20,1,49,Hunter Henry,TE,New England Patriots,LEE121503,Drake Maye,New England Patriots,1,,,Tampa Bay Buccaneers,0,0
20,2,50,D.J. Moore,WR,Chicago Bears,CUPOJAKE,Jaxson Dart,New York Giants,0,,,New York Giants,1,1
20,3,51,Mark Andrews,TE,Baltimore Ravens,YUZENN,Baker Mayfield,Tampa Bay Buccaneers,0,,,Minnesota Vikings,0,0
20,4,52,Jacory Croskey-Merritt,RB,Washington Commanders,FRIARBETS,Lamar Jackson,Baltimore Ravens,0,,,Detroit Lions,1,1
20,5,53,Justin Fields,QB,New York Jets,NEZ,Justin Fields,New York Jets,1,2,1,Cleveland Browns,0,0
20,6,54,Jared Goff,QB,Detroit Lions,LENKEITH,Jared Goff,Detroit Lions,1,0,0,Washington Commanders,0,0
20,7,55,Rashid Shaheed,WR,New Orleans Saints,BUSTERSBOYS,Josh Allen,Buffalo Bills,0,,,Carolina Panthers,0,0
20,8,56,Jacoby Brissett,QB,Arizona Cardinals,BESTBALLVIPER,Jacoby Brissett,Arizona Cardinals,1,1,1,Seattle Seahawks,0,0
20,9,57,Parker Washington,WR,Jacksonville Jaguars,KRUTCHES93,Caleb Williams,Chicago Bears,0,,,Houston Texans,0,0
20,10,58,Matthew Stafford,QB,Los Angeles Rams,KCPOLACK,Matthew Stafford,Los Angeles Rams,1,1,1,San Francisco 49ers,0,0
20,11,59,Tory Horton,WR,Seattle Seahawks,SICKODANK,Sam Darnold,Seattle Seahawks,1,,,Arizona Cardinals,0,0
20,12,60,Bryce Young,QB,Carolina Panthers,PATRICKBARN,Bryce Young,Carolina Panthers,1,1,1,New Orleans Saints,0,0
20,12,61,Darius Slayton,WR,New York Giants,PATRICKBARN,Bryce Young,Carolina Panthers,0,,,Chicago Bears,0,0
20,11,62,Theo Johnson,TE,New York Giants,SICKODANK,Sam Darnold,Seattle Seahawks,0,,,Chicago Bears,0,0
20,10,63,Kayshon Boutte,WR,New England Patriots,KCPOLACK,Matthew Stafford,Los Angeles Rams,0,,,Tampa Bay Buccaneers,0,0
20,9,64,Tyrone Tracy,RB,New York Giants,KRUTCHES93,Caleb Williams,Chicago Bears,0,,,Chicago Bears,1,1
20,8,65,Harold Fannin,TE,Cleveland Browns,BESTBALLVIPER,Jacoby Brissett,Arizona Cardinals,0,,,New York Jets,0,0
20,7,66,Colston Loveland,TE,Chicago Bears,BUSTERSBOYS,Josh Allen,Buffalo Bills,0,,,New York Giants,0,0
20,6,67,Dalton Schultz,TE,Houston Texans,LENKEITH,Jared Goff,Detroit Lions,0,,,Jacksonville Jaguars,0,0
20,5,68,Mason Taylor,TE,New York Jets,NEZ,Justin Fields,New York Jets,1,,,Cleveland Browns,0,0
20,4,69,Alvin Kamara,RB,New Orleans Saints,FRIARBETS,Lamar Jackson,Baltimore Ravens,0,,,Carolina Panthers,0,0
20,3,70,Rhamondre Stevenson,RB,New England Patriots,YUZENN,Baker Mayfield,Tampa Bay Buccaneers,0,,,Tampa Bay Buccaneers,1,1
20,2,71,Zach Ertz,TE,Washington Commanders,CUPOJAKE,Jaxson Dart,New York Giants,0,,,Detroit Lions,1,1
20,1,72,Parker Washington,WR,Jacksonville Jaguars,LEE121503,Drake Maye,New England Patriots,0,,,Houston Texans,0,0
21,1,1,Christian McCaffrey,RB,San Francisco 49ers,SHAGNASTYB,Caleb Williams,Chicago Bears,0,,,Los Angeles Rams,0,0
21,2,2,James Cook,RB,Buffalo Bills,AARONJH22,Drake Maye,New England Patriots,0,,,Miami Dolphins,0,0
21,3,3,Jahmyr Gibbs,RB,Detroit Lions,KRUTCHES93,Matthew Stafford,Los Angeles Rams,0,,,Washington Commanders,0,0
21,4,4,Jaxon Smith-Njigba,WR,Seattle Seahawks,PATRICKBARN,Marcus Mariota,Washington Commanders,0,,,Arizona Cardinals,0,0
21,5,5,De'Von Achane,RB,Miami Dolphins,KREAR72,Brock Purdy,San Francisco 49ers,0,,,Buffalo Bills,0,0
21,6,6,Rico Dowdle,RB,Carolina Panthers,NEZ,Jaxson Dart,New York Giants,0,,,New Orleans Saints,0,0
21,7,7,Josh Allen,QB,Buffalo Bills,JOHNPOZEY,Josh Allen,Buffalo Bills,1,0,0,Miami Dolphins,0,0
21,8,8,Amon-Ra St. Brown,WR,Detroit Lions,TREVORTVEITE1,Jared Goff,Detroit Lions,1,,,Washington Commanders,1,1
21,9,9,Puka Nacua,WR,Los Angeles Rams,KURUC711,Lamar Jackson,Baltimore Ravens,0,,,San Francisco 49ers,0,0
21,10,10,Derrick Henry,RB,Baltimore Ravens,BUSTERSBOYS,Justin Fields,New York Jets,0,,,Minnesota Vikings,0,0
21,11,11,Kyren Williams,RB,Los Angeles Rams,FFLINX,Sam Darnold,Seattle Seahawks,0,,,San Francisco 49ers,0,0
21,12,12,Emeka Egbuka,WR,Tampa Bay Buccaneers,CHADCANDLES,Baker Mayfield,Tampa Bay Buccaneers,1,,,New England Patriots,1,1
21,12,13,Trey McBride,TE,Arizona Cardinals,CHADCANDLES,Baker Mayfield,Tampa Bay Buccaneers,0,,,Seattle Seahawks,0,0
21,11,14,Justin Jefferson,WR,Minnesota Vikings,FFLINX,Sam Darnold,Seattle Seahawks,0,,,Baltimore Ravens,0,0
21,10,15,Davante Adams,WR,Los Angeles Rams,BUSTERSBOYS,Justin Fields,New York Jets,0,,,San Francisco 49ers,0,0
21,9,16,Lamar Jackson,QB,Baltimore Ravens,KURUC711,Lamar Jackson,Baltimore Ravens,1,1,1,Minnesota Vikings,1,1
21,8,17,Nico Collins,WR,Houston Texans,TREVORTVEITE1,Jared Goff,Detroit Lions,0,,,Jacksonville Jaguars,0,0
21,7,18,Rome Odunze,WR,Chicago Bears,JOHNPOZEY,Josh Allen,Buffalo Bills,0,,,New York Giants,0,0
21,6,19,George Kittle,TE,San Francisco 49ers,NEZ,Jaxson Dart,New York Giants,0,,,Los Angeles Rams,0,0
21,5,20,Bucky Irving,RB,Tampa Bay Buccaneers,KREAR72,Brock Purdy,San Francisco 49ers,0,,,New England Patriots,0,0
21,4,21,Kyle Monangai,RB,Chicago Bears,PATRICKBARN,Marcus Mariota,Washington Commanders,0,,,New York Giants,0,0
21,3,22,Breece Hall,RB,New York Jets,KRUTCHES93,Matthew Stafford,Los Angeles Rams,0,,,Cleveland Browns,0,0
21,2,23,Quinshon Judkins,RB,Cleveland Browns,AARONJH22,Drake Maye,New England Patriots,0,,,New York Jets,0,0
21,1,24,D'Andre Swift,RB,Chicago Bears,SHAGNASTYB,Caleb Williams,Chicago Bears,1,,,New York Giants,0,0
21,1,25,Caleb Williams,QB,Chicago Bears,SHAGNASTYB,Caleb Williams,Chicago Bears,1,1,1,New York Giants,0,0
21,2,26,Drake Maye,QB,New England Patriots,AARONJH22,Drake Maye,New England Patriots,1,0,0,Tampa Bay Buccaneers,0,0
21,3,27,Jaylen Waddle,WR,Miami Dolphins,KRUTCHES93,Matthew Stafford,Los Angeles Rams,0,,,Buffalo Bills,1,1
21,4,28,Zay Flowers,WR,Baltimore Ravens,PATRICKBARN,Marcus Mariota,Washington Commanders,0,,,Minnesota Vikings,0,0
21,5,29,Sam LaPorta,TE,Detroit Lions,KREAR72,Brock Purdy,San Francisco 49ers,0,,,Washington Commanders,1,1
21,6,30,Jaxson Dart,QB,New York Giants,NEZ,Jaxson Dart,New York Giants,1,1,1,Chicago Bears,0,0
21,7,31,Kenneth Walker III,RB,Seattle Seahawks,JOHNPOZEY,Josh Allen,Buffalo Bills,0,,,Arizona Cardinals,0,0
21,8,32,Jared Goff,QB,Detroit Lions,TREVORTVEITE1,Jared Goff,Detroit Lions,1,1,1,Washington Commanders,1,1
21,9,33,Garrett Wilson,WR,New York Jets,KURUC711,Lamar Jackson,Baltimore Ravens,0,,,Cleveland Browns,0,0
21,10,34,Stefon Diggs,WR,New England Patriots,BUSTERSBOYS,Justin Fields,New York Jets,0,,,Tampa Bay Buccaneers,0,0
21,11,35,Travis Etienne Jr.,RB,Jacksonville Jaguars,FFLINX,Sam Darnold,Seattle Seahawks,0,,,Houston Texans,0,0
21,12,36,Baker Mayfield,QB,Tampa Bay Buccaneers,CHADCANDLES,Baker Mayfield,Tampa Bay Buccaneers,1,1,1,New England Patriots,1,1
21,12,37,Tetairoa McMillan,WR,Carolina Panthers,CHADCANDLES,Baker Mayfield,Tampa Bay Buccaneers,0,,,New Orleans Saints,1,1
21,11,38,Sam Darnold,QB,Seattle Seahawks,FFLINX,Sam Darnold,Seattle Seahawks,1,1,1,Arizona Cardinals,0,0
21,10,39,Chris Olave,WR,New Orleans Saints,BUSTERSBOYS,Justin Fields,New York Jets,0,,,Carolina Panthers,0,0
21,9,40,Jordan Addison,WR,Minnesota Vikings,KURUC711,Lamar Jackson,Baltimore Ravens,0,,,Baltimore Ravens,2,1
21,8,41,Tyrone Tracy,RB,New York Giants,TREVORTVEITE1,Jared Goff,Detroit Lions,0,,,Chicago Bears,0,0
21,7,42,David Montgomery,RB,Detroit Lions,JOHNPOZEY,Josh Allen,Buffalo Bills,0,,,Washington Commanders,0,0
21,6,43,Wan'Dale Robinson,WR,New York Giants,NEZ,Jaxson Dart,New York Giants,1,,,Chicago Bears,0,0
21,5,44,Deebo Samuel,WR,Washington Commanders,KREAR72,Brock Purdy,San Francisco 49ers,0,,,Detroit Lions,1,1
21,4,45,Jameson Williams,WR,Detroit Lions,PATRICKBARN,Marcus Mariota,Washington Commanders,0,,,Washington Commanders,2,1
21,3,46,Dalton Kincaid,TE,Buffalo Bills,KRUTCHES93,Matthew Stafford,Los Angeles Rams,0,,,Miami Dolphins,1,1
21,2,47,D.J. Moore,WR,Chicago Bears,AARONJH22,Drake Maye,New England Patriots,0,,,New York Giants,0,0
21,1,48,Marvin Harrison,WR,Arizona Cardinals,SHAGNASTYB,Caleb Williams,Chicago Bears,0,,,Seattle Seahawks,0,0
21,1,49,Khalil Shakir,WR,Buffalo Bills,SHAGNASTYB,Caleb Williams,Chicago Bears,0,,,Miami Dolphins,0,0
21,2,50,Brian Thomas,WR,Jacksonville Jaguars,AARONJH22,Drake Maye,New England Patriots,0,,,Houston Texans,0,0
21,3,51,Matthew Stafford,QB,Los Angeles Rams,KRUTCHES93,Matthew Stafford,Los Angeles Rams,1,0,0,San Francisco 49ers,0,0
21,4,52,Marcus Mariota,QB,Washington Commanders,PATRICKBARN,Marcus Mariota,Washington Commanders,1,1,1,Detroit Lions,1,1
21,5,53,Jauan Jennings,WR,San Francisco 49ers,KREAR72,Brock Purdy,San Francisco 49ers,1,,,Los Angeles Rams,0,0
21,6,54,Aaron Jones,RB,Minnesota Vikings,NEZ,Jaxson Dart,New York Giants,0,,,Baltimore Ravens,0,0
21,7,55,Colston Loveland,TE,Chicago Bears,JOHNPOZEY,Josh Allen,Buffalo Bills,0,,,New York Giants,0,0
21,8,56,Jacory Croskey-Merritt,RB,Washington Commanders,TREVORTVEITE1,Jared Goff,Detroit Lions,0,,,Detroit Lions,2,1
21,9,57,Rachaad White,RB,Tampa Bay Buccaneers,KURUC711,Lamar Jackson,Baltimore Ravens,0,,,New England Patriots,0,0
21,10,58,Theo Johnson,TE,New York Giants,BUSTERSBOYS,Justin Fields,New York Jets,0,,,Chicago Bears,0,0
21,11,59,Tory Horton,WR,Seattle Seahawks,FFLINX,Sam Darnold,Seattle Seahawks,1,,,Arizona Cardinals,0,0
21,12,60,TreVeyon Henderson,RB,New England Patriots,CHADCANDLES,Baker Mayfield,Tampa Bay Buccaneers,0,,,Tampa Bay Buccaneers,2,1
21,12,61,Alvin Kamara,RB,New Orleans Saints,CHADCANDLES,Baker Mayfield,Tampa Bay Buccaneers,0,,,Carolina Panthers,1,1
21,11,62,Harold Fannin,TE,Cleveland Browns,FFLINX,Sam Darnold,Seattle Seahawks,0,,,New York Jets,0,0
21,10,63,Justin Fields,QB,New York Jets,BUSTERSBOYS,Justin Fields,New York Jets,1,0,0,Cleveland Browns,0,0
21,9,64,Mark Andrews,TE,Baltimore Ravens,KURUC711,Lamar Jackson,Baltimore Ravens,1,,,Minnesota Vikings,1,1
21,8,65,Hunter Henry,TE,New England Patriots,TREVORTVEITE1,Jared Goff,Detroit Lions,0,,,Tampa Bay Buccaneers,0,0
21,7,66,Kendrick Bourne,WR,San Francisco 49ers,JOHNPOZEY,Josh Allen,Buffalo Bills,0,,,Los Angeles Rams,0,0
21,6,67,Parker Washington,WR,Jacksonville Jaguars,NEZ,Jaxson Dart,New York Giants,0,,,Houston Texans,0,0
21,5,68,Brock Purdy,QB,San Francisco 49ers,KREAR72,Brock Purdy,San Francisco 49ers,1,1,1,Los Angeles Rams,0,0
21,4,69,Zach Ertz,TE,Washington Commanders,PATRICKBARN,Marcus Mariota,Washington Commanders,1,,,Detroit Lions,1,1
21,3,70,Rashid Shaheed,WR,New Orleans Saints,KRUTCHES93,Matthew Stafford,Los Angeles Rams,0,,,Carolina Panthers,0,0
21,2,71,Juwan Johnson,TE,New Orleans Saints,AARONJH22,Drake Maye,New England Patriots,0,,,Carolina Panthers,0,0
21,1,72,T.J. Hockenson,TE,Minnesota Vikings,SHAGNASTYB,Caleb Williams,Chicago Bears,0,,,Baltimore Ravens,0,0
22,1,1,Christian McCaffrey,RB,San Francisco 49ers,KCPOLACK,Caleb Williams,Chicago Bears,0,,,Los Angeles Rams,0,0
22,2,2,Jahmyr Gibbs,RB,Detroit Lions,RAZOR33,Jared Goff,Detroit Lions,1,,,Washington Commanders,0,0
22,3,3,Jaxon Smith-Njigba,WR,Seattle Seahawks,LENKEITH,Sam Darnold,Seattle Seahawks,1,,,Arizona Cardinals,0,0
22,4,4,James Cook,RB,Buffalo Bills,PATRICKBARN,Baker Mayfield,Tampa Bay Buccaneers,0,,,Miami Dolphins,0,0
22,5,5,Wan'Dale Robinson,WR,New York Giants,NORMALNORM,Jaxson Dart,New York Giants,1,,,Chicago Bears,2,1
22,6,6,Puka Nacua,WR,Los Angeles Rams,DANJPRECIADO,Drake Maye,New England Patriots,0,,,San Francisco 49ers,0,0
22,7,7,Josh Allen,QB,Buffalo Bills,TEDDYONFETTI,Josh Allen,Buffalo Bills,1,0,0,Miami Dolphins,0,0
22,8,8,Rico Dowdle,RB,Carolina Panthers,FFLINX,Matthew Stafford,Los Angeles Rams,0,,,New Orleans Saints,0,0
22,9,9,De'Von Achane,RB,Miami Dolphins,BESTBALLVIPER,Justin Fields,New York Jets,0,,,Buffalo Bills,0,0
22,10,10,Amon-Ra St. Brown,WR,Detroit Lions,NEZ,Jacoby Brissett,Arizona Cardinals,0,,,Washington Commanders,0,0
22,11,11,Lamar Jackson,QB,Baltimore Ravens,DOYLEDANIEL,Lamar Jackson,Baltimore Ravens,1,0,0,Minnesota Vikings,1,1
22,12,12,Derrick Henry,RB,Baltimore Ravens,HOTSIZAUCE,Marcus Mariota,Washington Commanders,0,,,Minnesota Vikings,1,1
22,12,13,Justin Jefferson,WR,Minnesota Vikings,HOTSIZAUCE,Marcus Mariota,Washington Commanders,0,,,Baltimore Ravens,1,1
22,11,14,Kyren Williams,RB,Los Angeles Rams,DOYLEDANIEL,Lamar Jackson,Baltimore Ravens,0,,,San Francisco 49ers,1,1
22,10,15,Trey McBride,TE,Arizona Cardinals,NEZ,Jacoby Brissett,Arizona Cardinals,1,,,Seattle Seahawks,0,0
22,9,16,Nico Collins,WR,Houston Texans,BESTBALLVIPER,Justin Fields,New York Jets,0,,,Jacksonville Jaguars,0,0
22,8,17,Davante Adams,WR,Los Angeles Rams,FFLINX,Matthew Stafford,Los Angeles Rams,1,,,San Francisco 49ers,0,0
22,7,18,Bucky Irving,RB,Tampa Bay Buccaneers,TEDDYONFETTI,Josh Allen,Buffalo Bills,0,,,New England Patriots,1,1
22,6,19,Quinshon Judkins,RB,Cleveland Browns,DANJPRECIADO,Drake Maye,New England Patriots,0,,,New York Jets,0,0
22,5,20,Jaxson Dart,QB,New York Giants,NORMALNORM,Jaxson Dart,New York Giants,1,2,1,Chicago Bears,2,1
22,4,21,Emeka Egbuka,WR,Tampa Bay Buccaneers,PATRICKBARN,Baker Mayfield,Tampa Bay Buccaneers,1,,,New England Patriots,1,1
22,3,22,George Kittle,TE,San Francisco 49ers,LENKEITH,Sam Darnold,Seattle Seahawks,0,,,Los Angeles Rams,0,0
22,2,23,Tetairoa McMillan,WR,Carolina Panthers,RAZOR33,Jared Goff,Detroit Lions,0,,,New Orleans Saints,0,0
22,1,24,Jaylen Waddle,WR,Miami Dolphins,KCPOLACK,Caleb Williams,Chicago Bears,0,,,Buffalo Bills,0,0
22,1,25,Stefon Diggs,WR,New England Patriots,KCPOLACK,Caleb Williams,Chicago Bears,0,,,Tampa Bay Buccaneers,0,0
22,2,26,Breece Hall,RB,New York Jets,RAZOR33,Jared Goff,Detroit Lions,0,,,Cleveland Browns,1,1
22,3,27,D'Andre Swift,RB,Chicago Bears,LENKEITH,Sam Darnold,Seattle Seahawks,0,,,New York Giants,0,0
22,4,28,Zay Flowers,WR,Baltimore Ravens,PATRICKBARN,Baker Mayfield,Tampa Bay Buccaneers,0,,,Minnesota Vikings,0,0
22,5,29,Kyle Monangai,RB,Chicago Bears,NORMALNORM,Jaxson Dart,New York Giants,0,,,New York Giants,3,1
22,6,30,Drake Maye,QB,New England Patriots,DANJPRECIADO,Drake Maye,New England Patriots,1,0,0,Tampa Bay Buccaneers,0,0
22,7,31,Rome Odunze,WR,Chicago Bears,TEDDYONFETTI,Josh Allen,Buffalo Bills,0,,,New York Giants,1,1
22,8,32,Sam LaPorta,TE,Detroit Lions,FFLINX,Matthew Stafford,Los Angeles Rams,0,,,Washington Commanders,0,0
22,9,33,Garrett Wilson,WR,New York Jets,BESTBALLVIPER,Justin Fields,New York Jets,1,,,Cleveland Browns,0,0
22,10,34,Travis Etienne Jr.,RB,Jacksonville Jaguars,NEZ,Jacoby Brissett,Arizona Cardinals,0,,,Houston Texans,0,0
22,11,35,Chris Olave,WR,New Orleans Saints,DOYLEDANIEL,Lamar Jackson,Baltimore Ravens,0,,,Carolina Panthers,0,0
22,12,36,Tyrone Tracy,RB,New York Giants,HOTSIZAUCE,Marcus Mariota,Washington Commanders,0,,,Chicago Bears,0,0
22,12,37,Deebo Samuel,WR,Washington Commanders,HOTSIZAUCE,Marcus Mariota,Washington Commanders,1,,,Detroit Lions,0,0
22,11,38,Dalton Kincaid,TE,Buffalo Bills,DOYLEDANIEL,Lamar Jackson,Baltimore Ravens,0,,,Miami Dolphins,0,0
22,10,39,Marvin Harrison,WR,Arizona Cardinals,NEZ,Jacoby Brissett,Arizona Cardinals,1,,,Seattle Seahawks,0,0
22,9,40,Kenneth Walker III,RB,Seattle Seahawks,BESTBALLVIPER,Justin Fields,New York Jets,0,,,Arizona Cardinals,0,0
22,8,41,Jordan Addison,WR,Minnesota Vikings,FFLINX,Matthew Stafford,Los Angeles Rams,0,,,Baltimore Ravens,0,0
22,7,42,Wan'Dale Robinson,WR,New York Giants,TEDDYONFETTI,Josh Allen,Buffalo Bills,0,,,Chicago Bears,1,1
22,6,43,Jameson Williams,WR,Detroit Lions,DANJPRECIADO,Drake Maye,New England Patriots,0,,,Washington Commanders,1,1
22,5,44,D.J. Moore,WR,Chicago Bears,NORMALNORM,Jaxson Dart,New York Giants,0,,,New York Giants,3,1
22,4,45,Baker Mayfield,QB,Tampa Bay Buccaneers,PATRICKBARN,Baker Mayfield,Tampa Bay Buccaneers,1,2,1,New England Patriots,1,1
22,3,46,David Montgomery,RB,Detroit Lions,LENKEITH,Sam Darnold,Seattle Seahawks,0,,,Washington Commanders,0,0
22,2,47,Khalil Shakir,WR,Buffalo Bills,RAZOR33,Jared Goff,Detroit Lions,0,,,Miami Dolphins,0,0
22,1,48,Colston Loveland,TE,Chicago Bears,KCPOLACK,Caleb Williams,Chicago Bears,1,,,New York Giants,0,0
22,1,49,Caleb Williams,QB,Chicago Bears,KCPOLACK,Caleb Williams,Chicago Bears,1,1,1,New York Giants,0,0
22,2,50,Jared Goff,QB,Detroit Lions,RAZOR33,Jared Goff,Detroit Lions,1,1,1,Washington Commanders,0,0
22,3,51,Sam Darnold,QB,Seattle Seahawks,LENKEITH,Sam Darnold,Seattle Seahawks,1,2,1,Arizona Cardinals,0,0
22,4,52,Rhamondre Stevenson,RB,New England Patriots,PATRICKBARN,Baker Mayfield,Tampa Bay Buccaneers,0,,,Tampa Bay Buccaneers,3,1
22,5,53,Theo Johnson,TE,New York Giants,NORMALNORM,Jaxson Dart,New York Giants,1,,,Chicago Bears,2,1
22,6,54,Jacory Croskey-Merritt,RB,Washington Commanders,DANJPRECIADO,Drake Maye,New England Patriots,0,,,Detroit Lions,1,1
22,7,55,Rashid Shaheed,WR,New Orleans Saints,TEDDYONFETTI,Josh Allen,Buffalo Bills,0,,,Carolina Panthers,0,0
22,8,56,Matthew Stafford,QB,Los Angeles Rams,FFLINX,Matthew Stafford,Los Angeles Rams,1,1,1,San Francisco 49ers,0,0
22,9,57,Justin Fields,QB,New York Jets,BESTBALLVIPER,Justin Fields,New York Jets,1,2,1,Cleveland Browns,0,0
22,10,58,Aaron Jones,RB,Minnesota Vikings,NEZ,Jacoby Brissett,Arizona Cardinals,0,,,Baltimore Ravens,0,0
22,11,59,Jauan Jennings,WR,San Francisco 49ers,DOYLEDANIEL,Lamar Jackson,Baltimore Ravens,0,,,Los Angeles Rams,1,1
22,12,60,Marcus Mariota,QB,Washington Commanders,HOTSIZAUCE,Marcus Mariota,Washington Commanders,1,2,1,Detroit Lions,0,0
22,12,61,Zach Ertz,TE,Washington Commanders,HOTSIZAUCE,Marcus Mariota,Washington Commanders,1,,,Detroit Lions,0,0
22,11,62,Jordan Mason,RB,Minnesota Vikings,DOYLEDANIEL,Lamar Jackson,Baltimore Ravens,0,,,Baltimore Ravens,1,1
22,10,63,Jacoby Brissett,QB,Arizona Cardinals,NEZ,Jacoby Brissett,Arizona Cardinals,1,2,1,Seattle Seahawks,0,0
22,9,64,Mason Taylor,TE,New York Jets,BESTBALLVIPER,Justin Fields,New York Jets,1,,,Cleveland Browns,0,0
22,8,65,Woody Marks,RB,Houston Texans,FFLINX,Matthew Stafford,Los Angeles Rams,0,,,Jacksonville Jaguars,0,0
22,7,66,Hunter Henry,TE,New England Patriots,TEDDYONFETTI,Josh Allen,Buffalo Bills,0,,,Tampa Bay Buccaneers,1,1
22,6,67,Mark Andrews,TE,Baltimore Ravens,DANJPRECIADO,Drake Maye,New England Patriots,0,,,Minnesota Vikings,0,0
22,5,68,Parker Washington,WR,Jacksonville Jaguars,NORMALNORM,Jaxson Dart,New York Giants,0,,,Houston Texans,0,0
22,4,69,Cade Otton,TE,Tampa Bay Buccaneers,PATRICKBARN,Baker Mayfield,Tampa Bay Buccaneers,1,,,New England Patriots,1,1
22,3,70,Tory Horton,WR,Seattle Seahawks,LENKEITH,Sam Darnold,Seattle Seahawks,1,,,Arizona Cardinals,0,0
22,2,71,Harold Fannin,TE,Cleveland Browns,RAZOR33,Jared Goff,Detroit Lions,0,,,New York Jets,1,1
22,1,72,DeMario Douglas,WR,New England Patriots,KCPOLACK,Caleb Williams,Chicago Bears,0,,,Tampa Bay Buccaneers,0,0
23,1,1,Christian McCaffrey,RB,San Francisco 49ers,GUNNEROSS,Brock Purdy,San Francisco 49ers,1,,,Los Angeles Rams,0,0
23,2,2,Jahmyr Gibbs,RB,Detroit Lions,LEE121503,Jaxson Dart,New York Giants,0,,,Washington Commanders,0,0
23,3,3,Jaxon Smith-Njigba,WR,Seattle Seahawks,TEDDYONFETTI,Sam Darnold,Seattle Seahawks,1,,,Arizona Cardinals,0,0
23,4,4,James Cook,RB,Buffalo Bills,BUSTERSBOYS,Caleb Williams,Chicago Bears,0,,,Miami Dolphins,1,1
23,5,5,Lamar Jackson,QB,Baltimore Ravens,BESTBALLVIPER,Lamar Jackson,Baltimore Ravens,1,1,1,Minnesota Vikings,2,1
23,6,6,Rico Dowdle,RB,Carolina Panthers,SCHWEC03,Baker Mayfield,Tampa Bay Buccaneers,0,,,New Orleans Saints,1,1
23,7,7,Josh Allen,QB,Buffalo Bills,RAZOR33,Josh Allen,Buffalo Bills,1,0,0,Miami Dolphins,0,0
23,8,8,De'Von Achane,RB,Miami Dolphins,KRUTCHES93,Justin Fields,New York Jets,0,,,Buffalo Bills,0,0
23,9,9,Puka Nacua,WR,Los Angeles Rams,HOTSIZAUCE,Drake Maye,New England Patriots,0,,,San Francisco 49ers,0,0
23,10,10,Amon-Ra St. Brown,WR,Detroit Lions,FFLINX,Jared Goff,Detroit Lions,1,,,Washington Commanders,0,0
23,11,11,Kyren Williams,RB,Los Angeles Rams,LINEOFSCRIM,J.J. McCarthy,Minnesota Vikings,0,,,San Francisco 49ers,0,0
23,12,12,Derrick Henry,RB,Baltimore Ravens,LENKEITH,Kyler Murray,Arizona Cardinals,0,,,Minnesota Vikings,0,0
23,12,13,Trey McBride,TE,Arizona Cardinals,LENKEITH,Kyler Murray,Arizona Cardinals,1,,,Seattle Seahawks,0,0
23,11,14,Justin Jefferson,WR,Minnesota Vikings,LINEOFSCRIM,J.J. McCarthy,Minnesota Vikings,1,,,Baltimore Ravens,0,0
23,10,15,Davante Adams,WR,Los Angeles Rams,FFLINX,Jared Goff,Detroit Lions,0,,,San Francisco 49ers,0,0
23,9,16,Emeka Egbuka,WR,Tampa Bay Buccaneers,HOTSIZAUCE,Drake Maye,New England Patriots,0,,,New England Patriots,2,1
23,8,17,George Kittle,TE,San Francisco 49ers,KRUTCHES93,Justin Fields,New York Jets,0,,,Los Angeles Rams,0,0
23,7,18,Quinshon Judkins,RB,Cleveland Browns,RAZOR33,Josh Allen,Buffalo Bills,0,,,New York Jets,0,0
23,6,19,Bucky Irving,RB,Tampa Bay Buccaneers,SCHWEC03,Baker Mayfield,Tampa Bay Buccaneers,1,,,New England Patriots,0,0
23,5,20,Zay Flowers,WR,Baltimore Ravens,BESTBALLVIPER,Lamar Jackson,Baltimore Ravens,1,,,Minnesota Vikings,2,1
23,4,21,Jaylen Waddle,WR,Miami Dolphins,BUSTERSBOYS,Caleb Williams,Chicago Bears,0,,,Buffalo Bills,1,1
23,3,22,Nico Collins,WR,Houston Texans,TEDDYONFETTI,Sam Darnold,Seattle Seahawks,0,,,Jacksonville Jaguars,1,1
23,2,23,Kyle Monangai,RB,Chicago Bears,LEE121503,Jaxson Dart,New York Giants,0,,,New York Giants,1,1
23,1,24,Breece Hall,RB,New York Jets,GUNNEROSS,Brock Purdy,San Francisco 49ers,0,,,Cleveland Browns,0,0
23,1,25,Rome Odunze,WR,Chicago Bears,GUNNEROSS,Brock Purdy,San Francisco 49ers,0,,,New York Giants,1,1
23,2,26,Jaxson Dart,QB,New York Giants,LEE121503,Jaxson Dart,New York Giants,1,0,0,Chicago Bears,1,1
23,3,27,Travis Etienne Jr.,RB,Jacksonville Jaguars,TEDDYONFETTI,Sam Darnold,Seattle Seahawks,0,,,Houston Texans,2,1
23,4,28,Garrett Wilson,WR,New York Jets,BUSTERSBOYS,Caleb Williams,Chicago Bears,0,,,Cleveland Browns,0,0
23,5,29,Kenneth Walker III,RB,Seattle Seahawks,BESTBALLVIPER,Lamar Jackson,Baltimore Ravens,0,,,Arizona Cardinals,0,0
23,6,30,Chris Olave,WR,New Orleans Saints,SCHWEC03,Baker Mayfield,Tampa Bay Buccaneers,0,,,Carolina Panthers,1,1
23,7,31,Alvin Kamara,RB,New Orleans Saints,RAZOR33,Josh Allen,Buffalo Bills,0,,,Carolina Panthers,1,1
23,8,32,D'Andre Swift,RB,Chicago Bears,KRUTCHES93,Justin Fields,New York Jets,0,,,New York Giants,0,0
23,9,33,Drake Maye,QB,New England Patriots,HOTSIZAUCE,Drake Maye,New England Patriots,1,1,1,Tampa Bay Buccaneers,1,1
23,10,34,Sam LaPorta,TE,Detroit Lions,FFLINX,Jared Goff,Detroit Lions,1,,,Washington Commanders,0,0
23,11,35,Wan'Dale Robinson,WR,New York Giants,LINEOFSCRIM,J.J. McCarthy,Minnesota Vikings,0,,,Chicago Bears,0,0
23,12,36,David Montgomery,RB,Detroit Lions,LENKEITH,Kyler Murray,Arizona Cardinals,0,,,Washington Commanders,0,0
23,12,37,Stefon Diggs,WR,New England Patriots,LENKEITH,Kyler Murray,Arizona Cardinals,0,,,Tampa Bay Buccaneers,0,0
23,11,38,Dalton Kincaid,TE,Buffalo Bills,LINEOFSCRIM,J.J. McCarthy,Minnesota Vikings,0,,,Miami Dolphins,0,0
23,10,39,Jared Goff,QB,Detroit Lions,FFLINX,Jared Goff,Detroit Lions,1,2,1,Washington Commanders,0,0
23,9,40,Tyrone Tracy,RB,New York Giants,HOTSIZAUCE,Drake Maye,New England Patriots,0,,,Chicago Bears,0,0
23,8,41,Deebo Samuel,WR,Washington Commanders,KRUTCHES93,Justin Fields,New York Jets,0,,,Detroit Lions,0,0
23,7,42,Tetairoa McMillan,WR,Carolina Panthers,RAZOR33,Josh Allen,Buffalo Bills,0,,,New Orleans Saints,1,1
23,6,43,Baker Mayfield,QB,Tampa Bay Buccaneers,SCHWEC03,Baker Mayfield,Tampa Bay Buccaneers,1,1,1,New England Patriots,0,0
23,5,44,Jordan Addison,WR,Minnesota Vikings,BESTBALLVIPER,Lamar Jackson,Baltimore Ravens,0,,,Baltimore Ravens,2,1
23,4,45,Caleb Williams,QB,Chicago Bears,BUSTERSBOYS,Caleb Williams,Chicago Bears,1,1,1,New York Giants,0,0
23,3,46,Khalil Shakir,WR,Buffalo Bills,TEDDYONFETTI,Sam Darnold,Seattle Seahawks,0,,,Miami Dolphins,0,0
23,2,47,Marvin Harrison,WR,Arizona Cardinals,LEE121503,Jaxson Dart,New York Giants,0,,,Seattle Seahawks,0,0
23,1,48,Jameson Williams,WR,Detroit Lions,GUNNEROSS,Brock Purdy,San Francisco 49ers,0,,,Washington Commanders,0,0
23,1,49,Theo Johnson,TE,New York Giants,GUNNEROSS,Brock Purdy,San Francisco 49ers,0,,,Chicago Bears,1,1
23,2,50,Harold Fannin,TE,Cleveland Browns,LEE121503,Jaxson Dart,New York Giants,0,,,New York Jets,0,0
23,3,51,Sam Darnold,QB,Seattle Seahawks,TEDDYONFETTI,Sam Darnold,Seattle Seahawks,1,1,1,Arizona Cardinals,0,0
23,4,52,Colston Loveland,TE,Chicago Bears,BUSTERSBOYS,Caleb Williams,Chicago Bears,1,,,New York Giants,0,0
23,5,53,Aaron Jones,RB,Minnesota Vikings,BESTBALLVIPER,Lamar Jackson,Baltimore Ravens,0,,,Baltimore Ravens,2,1
23,6,54,Jauan Jennings,WR,San Francisco 49ers,SCHWEC03,Baker Mayfield,Tampa Bay Buccaneers,0,,,Los Angeles Rams,0,0
23,7,55,D.J. Moore,WR,Chicago Bears,RAZOR33,Josh Allen,Buffalo Bills,0,,,New York Giants,0,0
23,8,56,Justin Fields,QB,New York Jets,KRUTCHES93,Justin Fields,New York Jets,1,0,0,Cleveland Browns,0,0
23,9,57,Brian Thomas,WR,Jacksonville Jaguars,HOTSIZAUCE,Drake Maye,New England Patriots,0,,,Houston Texans,0,0
23,10,58,Woody Marks,RB,Houston Texans,FFLINX,Jared Goff,Detroit Lions,0,,,Jacksonville Jaguars,0,0
23,11,59,Rhamondre Stevenson,RB,New England Patriots,LINEOFSCRIM,J.J. McCarthy,Minnesota Vikings,0,,,Tampa Bay Buccaneers,0,0
23,12,60,Kyler Murray,QB,Arizona Cardinals,LENKEITH,Kyler Murray,Arizona Cardinals,1,1,1,Seattle Seahawks,0,0
23,12,61,Parker Washington,WR,Jacksonville Jaguars,LENKEITH,Kyler Murray,Arizona Cardinals,0,,,Houston Texans,0,0
23,11,62,J.J. McCarthy,QB,Minnesota Vikings,LINEOFSCRIM,J.J. McCarthy,Minnesota Vikings,1,1,1,Baltimore Ravens,0,0
23,10,63,DeMario Douglas,WR,New England Patriots,FFLINX,Jared Goff,Detroit Lions,0,,,Tampa Bay Buccaneers,0,0
23,9,64,Hunter Henry,TE,New England Patriots,HOTSIZAUCE,Drake Maye,New England Patriots,1,,,Tampa Bay Buccaneers,1,1
23,8,65,Jaylin Lane,WR,Washington Commanders,KRUTCHES93,Justin Fields,New York Jets,0,,,Detroit Lions,0,0
23,7,66,Cade Otton,TE,Tampa Bay Buccaneers,RAZOR33,Josh Allen,Buffalo Bills,0,,,New England Patriots,0,0
23,6,67,Mark Andrews,TE,Baltimore Ravens,SCHWEC03,Baker Mayfield,Tampa Bay Buccaneers,0,,,Minnesota Vikings,0,0
23,5,68,Juwan Johnson,TE,New Orleans Saints,BESTBALLVIPER,Lamar Jackson,Baltimore Ravens,0,,,Carolina Panthers,0,0
23,4,69,TreVeyon Henderson,RB,New England Patriots,BUSTERSBOYS,Caleb Williams,Chicago Bears,0,,,Tampa Bay Buccaneers,0,0
23,3,70,Dalton Schultz,TE,Houston Texans,TEDDYONFETTI,Sam Darnold,Seattle Seahawks,0,,,Jacksonville Jaguars,1,1
23,2,71,Chris Godwin,WR,Tampa Bay Buccaneers,LEE121503,Jaxson Dart,New York Giants,0,,,New England Patriots,0,0
23,1,72,Brock Purdy,QB,San Francisco 49ers,GUNNEROSS,Brock Purdy,San Francisco 49ers,1,1,1,Los Angeles Rams,0,0
24,1,1,Christian McCaffrey,RB,San Francisco 49ers,KRUTCHES93,Marcus Mariota,Washington Commanders,0,,,Los Angeles Rams,0,0
24,2,2,James Cook,RB,Buffalo Bills,LEE121503,Jared Goff,Detroit Lions,0,,,Miami Dolphins,0,0
24,3,3,Jahmyr Gibbs,RB,Detroit Lions,GPNGC,Caleb Williams,Chicago Bears,0,,,Washington Commanders,0,0
24,4,4,Jaxon Smith-Njigba,WR,Seattle Seahawks,ECOXER10,Drake Maye,New England Patriots,0,,,Arizona Cardinals,0,0
24,5,5,Puka Nacua,WR,Los Angeles Rams,LENKEITH,Matthew Stafford,Los Angeles Rams,1,,,San Francisco 49ers,0,0
24,6,6,De'Von Achane,RB,Miami Dolphins,RIPSEWELL,Sam Darnold,Seattle Seahawks,0,,,Buffalo Bills,1,1
24,7,7,Derrick Henry,RB,Baltimore Ravens,GUNNEROSS,Brock Purdy,San Francisco 49ers,0,,,Minnesota Vikings,0,0
24,8,8,Rico Dowdle,RB,Carolina Panthers,PATRICKBARN,Baker Mayfield,Tampa Bay Buccaneers,0,,,New Orleans Saints,0,0
24,9,9,Amon-Ra St. Brown,WR,Detroit Lions,NEZ,Jaxson Dart,New York Giants,0,,,Washington Commanders,0,0
24,10,10,Kyren Williams,RB,Los Angeles Rams,TEDDYONFETTI,Justin Fields,New York Jets,0,,,San Francisco 49ers,0,0
24,11,11,Justin Jefferson,WR,Minnesota Vikings,HOTSIZAUCE,Lamar Jackson,Baltimore Ravens,0,,,Baltimore Ravens,2,1
24,12,12,Josh Allen,QB,Buffalo Bills,DANJPRECIADO,Josh Allen,Buffalo Bills,1,1,1,Miami Dolphins,0,0
24,12,13,Bucky Irving,RB,Tampa Bay Buccaneers,DANJPRECIADO,Josh Allen,Buffalo Bills,0,,,New England Patriots,1,1
24,11,14,Lamar Jackson,QB,Baltimore Ravens,HOTSIZAUCE,Lamar Jackson,Baltimore Ravens,1,1,1,Minnesota Vikings,1,1
24,10,15,Davante Adams,WR,Los Angeles Rams,TEDDYONFETTI,Justin Fields,New York Jets,0,,,San Francisco 49ers,0,0
24,9,16,Nico Collins,WR,Houston Texans,NEZ,Jaxson Dart,New York Giants,0,,,Jacksonville Jaguars,2,1
24,8,17,Emeka Egbuka,WR,Tampa Bay Buccaneers,PATRICKBARN,Baker Mayfield,Tampa Bay Buccaneers,1,,,New England Patriots,1,1
24,7,18,Trey McBride,TE,Arizona Cardinals,GUNNEROSS,Brock Purdy,San Francisco 49ers,0,,,Seattle Seahawks,1,1
24,6,19,Zay Flowers,WR,Baltimore Ravens,RIPSEWELL,Sam Darnold,Seattle Seahawks,0,,,Minnesota Vikings,0,0
24,5,20,Quinshon Judkins,RB,Cleveland Browns,LENKEITH,Matthew Stafford,Los Angeles Rams,0,,,New York Jets,0,0
24,4,21,Breece Hall,RB,New York Jets,ECOXER10,Drake Maye,New England Patriots,0,,,Cleveland Browns,0,0
24,3,22,Jaylen Waddle,WR,Miami Dolphins,GPNGC,Caleb Williams,Chicago Bears,0,,,Buffalo Bills,0,0
24,2,23,George Kittle,TE,San Francisco 49ers,LEE121503,Jared Goff,Detroit Lions,0,,,Los Angeles Rams,0,0
24,1,24,Sam LaPorta,TE,Detroit Lions,KRUTCHES93,Marcus Mariota,Washington Commanders,0,,,Washington Commanders,2,1
24,1,25,D'Andre Swift,RB,Chicago Bears,KRUTCHES93,Marcus Mariota,Washington Commanders,0,,,New York Giants,0,0
24,2,26,Kyle Monangai,RB,Chicago Bears,LEE121503,Jared Goff,Detroit Lions,0,,,New York Giants,0,0
24,3,27,Chris Olave,WR,New Orleans Saints,GPNGC,Caleb Williams,Chicago Bears,0,,,Carolina Panthers,0,0
24,4,28,Drake Maye,QB,New England Patriots,ECOXER10,Drake Maye,New England Patriots,1,1,1,Tampa Bay Buccaneers,0,0
24,5,29,Rome Odunze,WR,Chicago Bears,LENKEITH,Matthew Stafford,Los Angeles Rams,0,,,New York Giants,1,1
24,6,30,David Montgomery,RB,Detroit Lions,RIPSEWELL,Sam Darnold,Seattle Seahawks,0,,,Washington Commanders,0,0
24,7,31,Kenneth Walker III,RB,Seattle Seahawks,GUNNEROSS,Brock Purdy,San Francisco 49ers,0,,,Arizona Cardinals,1,1
24,8,32,Stefon Diggs,WR,New England Patriots,PATRICKBARN,Baker Mayfield,Tampa Bay Buccaneers,0,,,Tampa Bay Buccaneers,3,1
24,9,33,Travis Etienne Jr.,RB,Jacksonville Jaguars,NEZ,Jaxson Dart,New York Giants,0,,,Houston Texans,1,1
24,10,34,Tetairoa McMillan,WR,Carolina Panthers,TEDDYONFETTI,Justin Fields,New York Jets,0,,,New Orleans Saints,0,0
24,11,35,Garrett Wilson,WR,New York Jets,HOTSIZAUCE,Lamar Jackson,Baltimore Ravens,0,,,Cleveland Browns,0,0
24,12,36,Tyrone Tracy,RB,New York Giants,DANJPRECIADO,Josh Allen,Buffalo Bills,0,,,Chicago Bears,0,0
24,12,37,Jordan Addison,WR,Minnesota Vikings,DANJPRECIADO,Josh Allen,Buffalo Bills,0,,,Baltimore Ravens,0,0
24,11,38,Deebo Samuel,WR,Washington Commanders,HOTSIZAUCE,Lamar Jackson,Baltimore Ravens,0,,,Detroit Lions,0,0
24,10,39,Marvin Harrison,WR,Arizona Cardinals,TEDDYONFETTI,Justin Fields,New York Jets,0,,,Seattle Seahawks,0,0
24,9,40,Jaxson Dart,QB,New York Giants,NEZ,Jaxson Dart,New York Giants,1,1,1,Chicago Bears,0,0
24,8,41,Baker Mayfield,QB,Tampa Bay Buccaneers,PATRICKBARN,Baker Mayfield,Tampa Bay Buccaneers,1,2,1,New England Patriots,1,1
24,7,42,Jameson Williams,WR,Detroit Lions,GUNNEROSS,Brock Purdy,San Francisco 49ers,0,,,Washington Commanders,0,0
24,6,43,Sam Darnold,QB,Seattle Seahawks,RIPSEWELL,Sam Darnold,Seattle Seahawks,1,0,0,Arizona Cardinals,0,0
24,5,44,Wan'Dale Robinson,WR,New York Giants,LENKEITH,Matthew Stafford,Los Angeles Rams,0,,,Chicago Bears,1,1
24,4,45,D.J. Moore,WR,Chicago Bears,ECOXER10,Drake Maye,New England Patriots,0,,,New York Giants,0,0
24,3,46,Caleb Williams,QB,Chicago Bears,GPNGC,Caleb Williams,Chicago Bears,1,1,1,New York Giants,1,1
24,2,47,Jared Goff,QB,Detroit Lions,LEE121503,Jared Goff,Detroit Lions,1,0,0,Washington Commanders,0,0
24,1,48,Khalil Shakir,WR,Buffalo Bills,KRUTCHES93,Marcus Mariota,Washington Commanders,0,,,Miami Dolphins,0,0
24,1,49,Marcus Mariota,QB,Washington Commanders,KRUTCHES93,Marcus Mariota,Washington Commanders,1,1,1,Detroit Lions,1,1
24,2,50,Brian Thomas,WR,Jacksonville Jaguars,LEE121503,Jared Goff,Detroit Lions,0,,,Houston Texans,1,1
24,3,51,Colston Loveland,TE,Chicago Bears,GPNGC,Caleb Williams,Chicago Bears,1,,,New York Giants,1,1
24,4,52,TreVeyon Henderson,RB,New England Patriots,ECOXER10,Drake Maye,New England Patriots,1,,,Tampa Bay Buccaneers,0,0
24,5,53,Matthew Stafford,QB,Los Angeles Rams,LENKEITH,Matthew Stafford,Los Angeles Rams,1,1,1,San Francisco 49ers,0,0
24,6,54,Dalton Kincaid,TE,Buffalo Bills,RIPSEWELL,Sam Darnold,Seattle Seahawks,0,,,Miami Dolphins,1,1
24,7,55,Jauan Jennings,WR,San Francisco 49ers,GUNNEROSS,Brock Purdy,San Francisco 49ers,1,,,Los Angeles Rams,0,0
24,8,56,Aaron Jones,RB,Minnesota Vikings,PATRICKBARN,Baker Mayfield,Tampa Bay Buccaneers,0,,,Baltimore Ravens,0,0
24,9,57,Parker Washington,WR,Jacksonville Jaguars,NEZ,Jaxson Dart,New York Giants,0,,,Houston Texans,1,1
24,10,58,Mason Taylor,TE,New York Jets,TEDDYONFETTI,Justin Fields,New York Jets,1,,,Cleveland Browns,0,0
24,11,59,Mark Andrews,TE,Baltimore Ravens,HOTSIZAUCE,Lamar Jackson,Baltimore Ravens,1,,,Minnesota Vikings,1,1
24,12,60,Keon Coleman,WR,Buffalo Bills,DANJPRECIADO,Josh Allen,Buffalo Bills,1,,,Miami Dolphins,0,0
24,12,61,Hunter Henry,TE,New England Patriots,DANJPRECIADO,Josh Allen,Buffalo Bills,0,,,Tampa Bay Buccaneers,1,1
24,11,62,Alvin Kamara,RB,New Orleans Saints,HOTSIZAUCE,Lamar Jackson,Baltimore Ravens,0,,,Carolina Panthers,0,0
24,10,63,Justin Fields,QB,New York Jets,TEDDYONFETTI,Justin Fields,New York Jets,1,1,1,Cleveland Browns,0,0
24,9,64,Theo Johnson,TE,New York Giants,NEZ,Jaxson Dart,New York Giants,1,,,Chicago Bears,0,0
24,8,65,Cade Otton,TE,Tampa Bay Buccaneers,PATRICKBARN,Baker Mayfield,Tampa Bay Buccaneers,1,,,New England Patriots,1,1
24,7,66,Brock Purdy,QB,San Francisco 49ers,GUNNEROSS,Brock Purdy,San Francisco 49ers,1,1,1,Los Angeles Rams,0,0
24,6,67,Rashid Shaheed,WR,New Orleans Saints,RIPSEWELL,Sam Darnold,Seattle Seahawks,0,,,Carolina Panthers,0,0
24,5,68,Harold Fannin,TE,Cleveland Browns,LENKEITH,Matthew Stafford,Los Angeles Rams,0,,,New York Jets,0,0
24,4,69,Juwan Johnson,TE,New Orleans Saints,ECOXER10,Drake Maye,New England Patriots,0,,,Carolina Panthers,0,0
24,3,70,Darius Slayton,WR,New York Giants,GPNGC,Caleb Williams,Chicago Bears,0,,,Chicago Bears,2,1
24,2,71,Christian Kirk,WR,Houston Texans,LEE121503,Jared Goff,Detroit Lions,0,,,Jacksonville Jaguars,1,1
24,1,72,Jaylin Lane,WR,Washington Commanders,KRUTCHES93,Marcus Mariota,Washington Commanders,1,,,Detroit Lions,1,1
25,1,1,Christian McCaffrey,RB,San Francisco 49ers,PATRICKBARN,Matthew Stafford,Los Angeles Rams,0,,,Los Angeles Rams,1,1
25,2,2,James Cook,RB,Buffalo Bills,MATHOLOGY,Caleb Williams,Chicago Bears,0,,,Miami Dolphins,1,1
25,3,3,Jahmyr Gibbs,RB,Detroit Lions,SICKODANK,Jared Goff,Detroit Lions,1,,,Washington Commanders,0,0
25,4,4,Jaxon Smith-Njigba,WR,Seattle Seahawks,LEE121503,Justin Fields,New York Jets,0,,,Arizona Cardinals,0,0
25,5,5,Rico Dowdle,RB,Carolina Panthers,CGEEEEEE,Drake Maye,New England Patriots,0,,,New Orleans Saints,0,0
25,6,6,De'Von Achane,RB,Miami Dolphins,LENKEITH,Sam Darnold,Seattle Seahawks,0,,,Buffalo Bills,0,0
25,7,7,Derrick Henry,RB,Baltimore Ravens,DANJPRECIADO,Jaxson Dart,New York Giants,0,,,Minnesota Vikings,0,0
25,8,8,Puka Nacua,WR,Los Angeles Rams,BRADC,Tua Tagovailoa,Miami Dolphins,0,,,San Francisco 49ers,0,0
25,9,9,Amon-Ra St. Brown,WR,Detroit Lions,BUSTERSBOYS,Baker Mayfield,Tampa Bay Buccaneers,0,,,Washington Commanders,0,0
25,10,10,Kyren Williams,RB,Los Angeles Rams,ECOXER10,Marcus Mariota,Washington Commanders,0,,,San Francisco 49ers,0,0
25,11,11,Justin Jefferson,WR,Minnesota Vikings,RAZOR33,Lamar Jackson,Baltimore Ravens,0,,,Baltimore Ravens,1,1
25,12,12,Josh Allen,QB,Buffalo Bills,TEDDYONFETTI,Josh Allen,Buffalo Bills,1,1,1,Miami Dolphins,0,0
25,12,13,Davante Adams,WR,Los Angeles Rams,TEDDYONFETTI,Josh Allen,Buffalo Bills,0,,,San Francisco 49ers,0,0
25,11,14,Lamar Jackson,QB,Baltimore Ravens,RAZOR33,Lamar Jackson,Baltimore Ravens,1,0,0,Minnesota Vikings,1,1
25,10,15,Quinshon Judkins,RB,Cleveland Browns,ECOXER10,Marcus Mariota,Washington Commanders,0,,,New York Jets,1,1
25,9,16,Trey McBride,TE,Arizona Cardinals,BUSTERSBOYS,Baker Mayfield,Tampa Bay Buccaneers,0,,,Seattle Seahawks,0,0
25,8,17,Emeka Egbuka,WR,Tampa Bay Buccaneers,BRADC,Tua Tagovailoa,Miami Dolphins,0,,,New England Patriots,0,0
25,7,18,Bucky Irving,RB,Tampa Bay Buccaneers,DANJPRECIADO,Jaxson Dart,New York Giants,0,,,New England Patriots,0,0
25,6,19,George Kittle,TE,San Francisco 49ers,LENKEITH,Sam Darnold,Seattle Seahawks,0,,,Los Angeles Rams,0,0
25,5,20,Kyle Monangai,RB,Chicago Bears,CGEEEEEE,Drake Maye,New England Patriots,0,,,New York Giants,0,0
25,4,21,Nico Collins,WR,Houston Texans,LEE121503,Justin Fields,New York Jets,0,,,Jacksonville Jaguars,1,1
25,3,22,Zay Flowers,WR,Baltimore Ravens,SICKODANK,Jared Goff,Detroit Lions,0,,,Minnesota Vikings,1,1
25,2,23,Breece Hall,RB,New York Jets,MATHOLOGY,Caleb Williams,Chicago Bears,0,,,Cleveland Browns,0,0
25,1,24,D'Andre Swift,RB,Chicago Bears,PATRICKBARN,Matthew Stafford,Los Angeles Rams,0,,,New York Giants,0,0
25,1,25,Rome Odunze,WR,Chicago Bears,PATRICKBARN,Matthew Stafford,Los Angeles Rams,0,,,New York Giants,0,0
25,2,26,Jaylen Waddle,WR,Miami Dolphins,MATHOLOGY,Caleb Williams,Chicago Bears,0,,,Buffalo Bills,1,1
25,3,27,Sam LaPorta,TE,Detroit Lions,SICKODANK,Jared Goff,Detroit Lions,1,,,Washington Commanders,0,0
25,4,28,Travis Etienne Jr.,RB,Jacksonville Jaguars,LEE121503,Justin Fields,New York Jets,0,,,Houston Texans,1,1
25,5,29,Drake Maye,QB,New England Patriots,CGEEEEEE,Drake Maye,New England Patriots,1,2,1,Tampa Bay Buccaneers,0,0
25,6,30,Chris Olave,WR,New Orleans Saints,LENKEITH,Sam Darnold,Seattle Seahawks,0,,,Carolina Panthers,0,0
25,7,31,Jaxson Dart,QB,New York Giants,DANJPRECIADO,Jaxson Dart,New York Giants,1,2,1,Chicago Bears,0,0
25,8,32,Tetairoa McMillan,WR,Carolina Panthers,BRADC,Tua Tagovailoa,Miami Dolphins,0,,,New Orleans Saints,1,1
25,9,33,Stefon Diggs,WR,New England Patriots,BUSTERSBOYS,Baker Mayfield,Tampa Bay Buccaneers,0,,,Tampa Bay Buccaneers,2,1
25,10,34,Garrett Wilson,WR,New York Jets,ECOXER10,Marcus Mariota,Washington Commanders,0,,,Cleveland Browns,1,1
25,11,35,Kenneth Walker III,RB,Seattle Seahawks,RAZOR33,Lamar Jackson,Baltimore Ravens,0,,,Arizona Cardinals,0,0
25,12,36,Jordan Addison,WR,Minnesota Vikings,TEDDYONFETTI,Josh Allen,Buffalo Bills,0,,,Baltimore Ravens,0,0
25,12,37,Khalil Shakir,WR,Buffalo Bills,TEDDYONFETTI,Josh Allen,Buffalo Bills,1,,,Miami Dolphins,0,0
25,11,38,Jameson Williams,WR,Detroit Lions,RAZOR33,Lamar Jackson,Baltimore Ravens,0,,,Washington Commanders,1,1
25,10,39,Deebo Samuel,WR,Washington Commanders,ECOXER10,Marcus Mariota,Washington Commanders,1,,,Detroit Lions,0,0
25,9,40,Baker Mayfield,QB,Tampa Bay Buccaneers,BUSTERSBOYS,Baker Mayfield,Tampa Bay Buccaneers,1,1,1,New England Patriots,1,1
25,8,41,Alvin Kamara,RB,New Orleans Saints,BRADC,Tua Tagovailoa,Miami Dolphins,0,,,Carolina Panthers,1,1
25,7,42,Wan'Dale Robinson,WR,New York Giants,DANJPRECIADO,Jaxson Dart,New York Giants,1,,,Chicago Bears,0,0
25,6,43,Marvin Harrison,WR,Arizona Cardinals,LENKEITH,Sam Darnold,Seattle Seahawks,0,,,Seattle Seahawks,1,1
25,5,44,Jauan Jennings,WR,San Francisco 49ers,CGEEEEEE,Drake Maye,New England Patriots,0,,,Los Angeles Rams,0,0
25,4,45,David Montgomery,RB,Detroit Lions,LEE121503,Justin Fields,New York Jets,0,,,Washington Commanders,0,0
25,3,46,Jared Goff,QB,Detroit Lions,SICKODANK,Jared Goff,Detroit Lions,1,2,1,Washington Commanders,0,0
25,2,47,Caleb Williams,QB,Chicago Bears,MATHOLOGY,Caleb Williams,Chicago Bears,1,1,1,New York Giants,0,0
25,1,48,Brian Thomas,WR,Jacksonville Jaguars,PATRICKBARN,Matthew Stafford,Los Angeles Rams,0,,,Houston Texans,0,0
25,1,49,Matthew Stafford,QB,Los Angeles Rams,PATRICKBARN,Matthew Stafford,Los Angeles Rams,1,0,0,San Francisco 49ers,1,1
25,2,50,Colston Loveland,TE,Chicago Bears,MATHOLOGY,Caleb Williams,Chicago Bears,1,,,New York Giants,0,0
25,3,51,D.J. Moore,WR,Chicago Bears,SICKODANK,Jared Goff,Detroit Lions,0,,,New York Giants,0,0
25,4,52,Justin Fields,QB,New York Jets,LEE121503,Justin Fields,New York Jets,1,1,1,Cleveland Browns,0,0
25,5,53,Hunter Henry,TE,New England Patriots,CGEEEEEE,Drake Maye,New England Patriots,1,,,Tampa Bay Buccaneers,0,0
25,6,54,Sam Darnold,QB,Seattle Seahawks,LENKEITH,Sam Darnold,Seattle Seahawks,1,0,0,Arizona Cardinals,1,1
25,7,55,Darius Slayton,WR,New York Giants,DANJPRECIADO,Jaxson Dart,New York Giants,1,,,Chicago Bears,0,0
25,8,56,Dalton Kincaid,TE,Buffalo Bills,BRADC,Tua Tagovailoa,Miami Dolphins,0,,,Miami Dolphins,1,1
25,9,57,Tyrone Tracy,RB,New York Giants,BUSTERSBOYS,Baker Mayfield,Tampa Bay Buccaneers,0,,,Chicago Bears,0,0
25,10,58,Theo Johnson,TE,New York Giants,ECOXER10,Marcus Mariota,Washington Commanders,0,,,Chicago Bears,0,0
25,11,59,Jacory Croskey-Merritt,RB,Washington Commanders,RAZOR33,Lamar Jackson,Baltimore Ravens,0,,,Detroit Lions,1,1
25,12,60,Zach Charbonnet,RB,Seattle Seahawks,TEDDYONFETTI,Josh Allen,Buffalo Bills,0,,,Arizona Cardinals,0,0
25,12,61,Dalton Schultz,TE,Houston Texans,TEDDYONFETTI,Josh Allen,Buffalo Bills,0,,,Jacksonville Jaguars,0,0
25,11,62,Cade Otton,TE,Tampa Bay Buccaneers,RAZOR33,Lamar Jackson,Baltimore Ravens,0,,,New England Patriots,0,0
25,10,63,Marcus Mariota,QB,Washington Commanders,ECOXER10,Marcus Mariota,Washington Commanders,1,1,1,Detroit Lions,0,0
25,9,64,Tez Johnson,WR,Tampa Bay Buccaneers,BUSTERSBOYS,Baker Mayfield,Tampa Bay Buccaneers,1,,,New England Patriots,1,1
25,8,65,Tua Tagovailoa,QB,Miami Dolphins,BRADC,Tua Tagovailoa,Miami Dolphins,1,0,0,Buffalo Bills,1,1
25,7,66,Juwan Johnson,TE,New Orleans Saints,DANJPRECIADO,Jaxson Dart,New York Giants,0,,,Carolina Panthers,0,0
25,6,67,TreVeyon Henderson,RB,New England Patriots,LENKEITH,Sam Darnold,Seattle Seahawks,0,,,Tampa Bay Buccaneers,0,0
25,5,68,DeMario Douglas,WR,New England Patriots,CGEEEEEE,Drake Maye,New England Patriots,1,,,Tampa Bay Buccaneers,0,0
25,4,69,Mason Taylor,TE,New York Jets,LEE121503,Justin Fields,New York Jets,1,,,Cleveland Browns,0,0
25,3,70,Aaron Jones,RB,Minnesota Vikings,SICKODANK,Jared Goff,Detroit Lions,0,,,Baltimore Ravens,1,1
25,2,71,Tez Johnson,WR,Tampa Bay Buccaneers,MATHOLOGY,Caleb Williams,Chicago Bears,0,,,New England Patriots,0,0
25,1,72,Harold Fannin,TE,Cleveland Browns,PATRICKBARN,Matthew Stafford,Los Angeles Rams,0,,,New York Jets,0,0
26,1,1,Christian McCaffrey,RB,San Francisco 49ers,ECOXER10,Matthew Stafford,Los Angeles Rams,0,,,Los Angeles Rams,1,1
26,2,2,Jahmyr Gibbs,RB,Detroit Lions,LEE121503,Jared Goff,Detroit Lions,1,,,Washington Commanders,0,0
26,3,3,Jaxon Smith-Njigba,WR,Seattle Seahawks,LENKEITH,Sam Darnold,Seattle Seahawks,1,,,Arizona Cardinals,0,0
26,4,4,James Cook,RB,Buffalo Bills,XCHEERFUL,Brock Purdy,San Francisco 49ers,0,,,Miami Dolphins,0,0
26,5,5,De'Von Achane,RB,Miami Dolphins,MATHOLOGY,Drake Maye,New England Patriots,0,,,Buffalo Bills,0,0
26,6,6,Puka Nacua,WR,Los Angeles Rams,GABRAINOS,Caleb Williams,Chicago Bears,0,,,San Francisco 49ers,1,1
26,7,7,Derrick Henry,RB,Baltimore Ravens,GUNNEROSS,Baker Mayfield,Tampa Bay Buccaneers,0,,,Minnesota Vikings,0,0
26,8,8,Rico Dowdle,RB,Carolina Panthers,KCPOLACK,Jaxson Dart,New York Giants,0,,,New Orleans Saints,0,0
26,9,9,Kyren Williams,RB,Los Angeles Rams,PATRICKBARN,Bryce Young,Carolina Panthers,0,,,San Francisco 49ers,0,0
26,10,10,Amon-Ra St. Brown,WR,Detroit Lions,KRUTCHES93,Marcus Mariota,Washington Commanders,0,,,Washington Commanders,3,1
26,11,11,Justin Jefferson,WR,Minnesota Vikings,CGEEEEEE,Lamar Jackson,Baltimore Ravens,0,,,Baltimore Ravens,2,1
26,12,12,Josh Allen,QB,Buffalo Bills,RAZOR33,Josh Allen,Buffalo Bills,1,0,0,Miami Dolphins,0,0
26,12,13,Quinshon Judkins,RB,Cleveland Browns,RAZOR33,Josh Allen,Buffalo Bills,0,,,New York Jets,0,0
26,11,14,Lamar Jackson,QB,Baltimore Ravens,CGEEEEEE,Lamar Jackson,Baltimore Ravens,1,1,1,Minnesota Vikings,2,1
26,10,15,Trey McBride,TE,Arizona Cardinals,KRUTCHES93,Marcus Mariota,Washington Commanders,0,,,Seattle Seahawks,0,0
26,9,16,Nico Collins,WR,Houston Texans,PATRICKBARN,Bryce Young,Carolina Panthers,0,,,Jacksonville Jaguars,0,0
26,8,17,Davante Adams,WR,Los Angeles Rams,KCPOLACK,Jaxson Dart,New York Giants,0,,,San Francisco 49ers,0,0
26,7,18,Emeka Egbuka,WR,Tampa Bay Buccaneers,GUNNEROSS,Baker Mayfield,Tampa Bay Buccaneers,1,,,New England Patriots,1,1
26,6,19,Bucky Irving,RB,Tampa Bay Buccaneers,GABRAINOS,Caleb Williams,Chicago Bears,0,,,New England Patriots,1,1
26,5,20,D'Andre Swift,RB,Chicago Bears,MATHOLOGY,Drake Maye,New England Patriots,0,,,New York Giants,1,1
26,4,21,Rome Odunze,WR,Chicago Bears,XCHEERFUL,Brock Purdy,San Francisco 49ers,0,,,New York Giants,0,0
26,3,22,George Kittle,TE,San Francisco 49ers,LENKEITH,Sam Darnold,Seattle Seahawks,0,,,Los Angeles Rams,0,0
26,2,23,Zay Flowers,WR,Baltimore Ravens,LEE121503,Jared Goff,Detroit Lions,0,,,Minnesota Vikings,0,0
26,1,24,Sam LaPorta,TE,Detroit Lions,ECOXER10,Matthew Stafford,Los Angeles Rams,0,,,Washington Commanders,0,0
26,1,25,Kyle Monangai,RB,Chicago Bears,ECOXER10,Matthew Stafford,Los Angeles Rams,0,,,New York Giants,1,1
26,2,26,Jaylen Waddle,WR,Miami Dolphins,LEE121503,Jared Goff,Detroit Lions,0,,,Buffalo Bills,1,1
26,3,27,Breece Hall,RB,New York Jets,LENKEITH,Sam Darnold,Seattle Seahawks,0,,,Cleveland Browns,0,0
26,4,28,Colston Loveland,TE,Chicago Bears,XCHEERFUL,Brock Purdy,San Francisco 49ers,0,,,New York Giants,0,0
26,5,29,Drake Maye,QB,New England Patriots,MATHOLOGY,Drake Maye,New England Patriots,1,1,1,Tampa Bay Buccaneers,0,0
26,6,30,Stefon Diggs,WR,New England Patriots,GABRAINOS,Caleb Williams,Chicago Bears,0,,,Tampa Bay Buccaneers,1,1
26,7,31,Chris Olave,WR,New Orleans Saints,GUNNEROSS,Baker Mayfield,Tampa Bay Buccaneers,0,,,Carolina Panthers,0,0
26,8,32,Garrett Wilson,WR,New York Jets,KCPOLACK,Jaxson Dart,New York Giants,0,,,Cleveland Browns,0,0
26,9,33,Kenneth Walker III,RB,Seattle Seahawks,PATRICKBARN,Bryce Young,Carolina Panthers,0,,,Arizona Cardinals,0,0
26,10,34,Deebo Samuel,WR,Washington Commanders,KRUTCHES93,Marcus Mariota,Washington Commanders,1,,,Detroit Lions,1,1
26,11,35,David Montgomery,RB,Detroit Lions,CGEEEEEE,Lamar Jackson,Baltimore Ravens,0,,,Washington Commanders,0,0
26,12,36,Jameson Williams,WR,Detroit Lions,RAZOR33,Josh Allen,Buffalo Bills,0,,,Washington Commanders,0,0
26,12,37,D.J. Moore,WR,Chicago Bears,RAZOR33,Josh Allen,Buffalo Bills,0,,,New York Giants,0,0
26,11,38,Marvin Harrison,WR,Arizona Cardinals,CGEEEEEE,Lamar Jackson,Baltimore Ravens,0,,,Seattle Seahawks,0,0
26,10,39,Travis Etienne Jr.,RB,Jacksonville Jaguars,KRUTCHES93,Marcus Mariota,Washington Commanders,0,,,Houston Texans,0,0
26,9,40,Tetairoa McMillan,WR,Carolina Panthers,PATRICKBARN,Bryce Young,Carolina Panthers,1,,,New Orleans Saints,1,1
26,8,41,Jaxson Dart,QB,New York Giants,KCPOLACK,Jaxson Dart,New York Giants,1,1,1,Chicago Bears,0,0
26,7,42,Baker Mayfield,QB,Tampa Bay Buccaneers,GUNNEROSS,Baker Mayfield,Tampa Bay Buccaneers,1,1,1,New England Patriots,1,1
26,6,43,Caleb Williams,QB,Chicago Bears,GABRAINOS,Caleb Williams,Chicago Bears,1,0,0,New York Giants,0,0
26,5,44,Wan'Dale Robinson,WR,New York Giants,MATHOLOGY,Drake Maye,New England Patriots,0,,,Chicago Bears,1,1
26,4,45,Rhamondre Stevenson,RB,New England Patriots,XCHEERFUL,Brock Purdy,San Francisco 49ers,0,,,Tampa Bay Buccaneers,0,0
26,3,46,Khalil Shakir,WR,Buffalo Bills,LENKEITH,Sam Darnold,Seattle Seahawks,0,,,Miami Dolphins,0,0
26,2,47,Dalton Kincaid,TE,Buffalo Bills,LEE121503,Jared Goff,Detroit Lions,0,,,Miami Dolphins,1,1
26,1,48,Jordan Addison,WR,Minnesota Vikings,ECOXER10,Matthew Stafford,Los Angeles Rams,0,,,Baltimore Ravens,0,0
26,1,49,Darius Slayton,WR,New York Giants,ECOXER10,Matthew Stafford,Los Angeles Rams,0,,,Chicago Bears,1,1
26,2,50,Jared Goff,QB,Detroit Lions,LEE121503,Jared Goff,Detroit Lions,1,1,1,Washington Commanders,0,0
26,3,51,Sam Darnold,QB,Seattle Seahawks,LENKEITH,Sam Darnold,Seattle Seahawks,1,1,1,Arizona Cardinals,0,0
26,4,52,Brock Purdy,QB,San Francisco 49ers,XCHEERFUL,Brock Purdy,San Francisco 49ers,1,0,0,Los Angeles Rams,0,0
26,5,53,Hunter Henry,TE,New England Patriots,MATHOLOGY,Drake Maye,New England Patriots,1,,,Tampa Bay Buccaneers,0,0
26,6,54,Jauan Jennings,WR,San Francisco 49ers,GABRAINOS,Caleb Williams,Chicago Bears,0,,,Los Angeles Rams,1,1
26,7,55,TreVeyon Henderson,RB,New England Patriots,GUNNEROSS,Baker Mayfield,Tampa Bay Buccaneers,0,,,Tampa Bay Buccaneers,2,1
26,8,56,Theo Johnson,TE,New York Giants,KCPOLACK,Jaxson Dart,New York Giants,1,,,Chicago Bears,0,0
26,9,57,Juwan Johnson,TE,New Orleans Saints,PATRICKBARN,Bryce Young,Carolina Panthers,0,,,Carolina Panthers,2,1
26,10,58,Marcus Mariota,QB,Washington Commanders,KRUTCHES93,Marcus Mariota,Washington Commanders,1,2,1,Detroit Lions,1,1
26,11,59,Aaron Jones,RB,Minnesota Vikings,CGEEEEEE,Lamar Jackson,Baltimore Ravens,0,,,Baltimore Ravens,2,1
26,12,60,Alvin Kamara,RB,New Orleans Saints,RAZOR33,Josh Allen,Buffalo Bills,0,,,Carolina Panthers,0,0
26,12,61,Cade Otton,TE,Tampa Bay Buccaneers,RAZOR33,Josh Allen,Buffalo Bills,0,,,New England Patriots,0,0
26,11,62,Mark Andrews,TE,Baltimore Ravens,CGEEEEEE,Lamar Jackson,Baltimore Ravens,1,,,Minnesota Vikings,2,1
26,10,63,Jaylin Lane,WR,Washington Commanders,KRUTCHES93,Marcus Mariota,Washington Commanders,1,,,Detroit Lions,1,1
26,9,64,Bryce Young,QB,Carolina Panthers,PATRICKBARN,Bryce Young,Carolina Panthers,1,1,1,New Orleans Saints,1,1
26,8,65,Kayshon Boutte,WR,New England Patriots,KCPOLACK,Jaxson Dart,New York Giants,0,,,Tampa Bay Buccaneers,0,0
26,7,66,Harold Fannin,TE,Cleveland Browns,GUNNEROSS,Baker Mayfield,Tampa Bay Buccaneers,0,,,New York Jets,0,0
26,6,67,David Njoku,TE,Cleveland Browns,GABRAINOS,Caleb Williams,Chicago Bears,0,,,New York Jets,0,0
26,5,68,Kendrick Bourne,WR,San Francisco 49ers,MATHOLOGY,Drake Maye,New England Patriots,0,,,Los Angeles Rams,0,0
26,4,69,Tory Horton,WR,Seattle Seahawks,XCHEERFUL,Brock Purdy,San Francisco 49ers,0,,,Arizona Cardinals,0,0
26,3,70,Tyrone Tracy,RB,New York Giants,LENKEITH,Sam Darnold,Seattle Seahawks,0,,,Chicago Bears,0,0
26,2,71,Isaiah Davis,RB,New York Jets,LEE121503,Jared Goff,Detroit Lions,0,,,Cleveland Browns,0,0
26,1,72,Matthew Stafford,QB,Los Angeles Rams,ECOXER10,Matthew Stafford,Los Angeles Rams,1,0,0,San Francisco 49ers,1,1
27,1,1,Christian McCaffrey,RB,San Francisco 49ers,LEE121503,J.J. McCarthy,Minnesota Vikings,0,,,Los Angeles Rams,0,0
27,2,2,Jahmyr Gibbs,RB,Detroit Lions,D4VE,Justin Fields,New York Jets,0,,,Washington Commanders,0,0
27,3,3,Rico Dowdle,RB,Carolina Panthers,LINEOFSCRIM,Jaxson Dart,New York Giants,0,,,New Orleans Saints,0,0
27,4,4,James Cook,RB,Buffalo Bills,BUSTERSBOYS,Baker Mayfield,Tampa Bay Buccaneers,0,,,Miami Dolphins,0,0
27,5,5,De'Von Achane,RB,Miami Dolphins,PATRICKBARN,Caleb Williams,Chicago Bears,0,,,Buffalo Bills,0,0
27,6,6,Jaxon Smith-Njigba,WR,Seattle Seahawks,CGEEEEEE,Sam Darnold,Seattle Seahawks,1,,,Arizona Cardinals,1,1
27,7,7,Puka Nacua,WR,Los Angeles Rams,LENKEITH,Matthew Stafford,Los Angeles Rams,1,,,San Francisco 49ers,0,0
27,8,8,Amon-Ra St. Brown,WR,Detroit Lions,INGELX,Marcus Mariota,Washington Commanders,0,,,Washington Commanders,1,1
27,9,9,Kyren Williams,RB,Los Angeles Rams,KRUTCHES93,Drake Maye,New England Patriots,0,,,San Francisco 49ers,0,0
27,10,10,Lamar Jackson,QB,Baltimore Ravens,KOBEGOAT2424,Lamar Jackson,Baltimore Ravens,1,1,1,Minnesota Vikings,1,1
27,11,11,Derrick Henry,RB,Baltimore Ravens,XCHEERFUL,Jared Goff,Detroit Lions,0,,,Minnesota Vikings,0,0
27,12,12,Josh Allen,QB,Buffalo Bills,MATHOLOGY,Josh Allen,Buffalo Bills,1,1,1,Miami Dolphins,0,0
27,12,13,Trey McBride,TE,Arizona Cardinals,MATHOLOGY,Josh Allen,Buffalo Bills,0,,,Seattle Seahawks,0,0
27,11,14,Quinshon Judkins,RB,Cleveland Browns,XCHEERFUL,Jared Goff,Detroit Lions,0,,,New York Jets,0,0
27,10,15,Justin Jefferson,WR,Minnesota Vikings,KOBEGOAT2424,Lamar Jackson,Baltimore Ravens,0,,,Baltimore Ravens,2,1
27,9,16,Emeka Egbuka,WR,Tampa Bay Buccaneers,KRUTCHES93,Drake Maye,New England Patriots,0,,,New England Patriots,1,1
27,8,17,Bucky Irving,RB,Tampa Bay Buccaneers,INGELX,Marcus Mariota,Washington Commanders,0,,,New England Patriots,0,0
27,7,18,Davante Adams,WR,Los Angeles Rams,LENKEITH,Matthew Stafford,Los Angeles Rams,1,,,San Francisco 49ers,0,0
27,6,19,Breece Hall,RB,New York Jets,CGEEEEEE,Sam Darnold,Seattle Seahawks,0,,,Cleveland Browns,0,0
27,5,20,Nico Collins,WR,Houston Texans,PATRICKBARN,Caleb Williams,Chicago Bears,0,,,Jacksonville Jaguars,0,0
27,4,21,George Kittle,TE,San Francisco 49ers,BUSTERSBOYS,Baker Mayfield,Tampa Bay Buccaneers,0,,,Los Angeles Rams,0,0
27,3,22,Jaxson Dart,QB,New York Giants,LINEOFSCRIM,Jaxson Dart,New York Giants,1,1,1,Chicago Bears,1,1
27,2,23,Jaylen Waddle,WR,Miami Dolphins,D4VE,Justin Fields,New York Jets,0,,,Buffalo Bills,1,1
27,1,24,D'Andre Swift,RB,Chicago Bears,LEE121503,J.J. McCarthy,Minnesota Vikings,0,,,New York Giants,0,0
27,1,25,Zay Flowers,WR,Baltimore Ravens,LEE121503,J.J. McCarthy,Minnesota Vikings,0,,,Minnesota Vikings,2,1
27,2,26,Chris Olave,WR,New Orleans Saints,D4VE,Justin Fields,New York Jets,0,,,Carolina Panthers,0,0
27,3,27,Sam LaPorta,TE,Detroit Lions,LINEOFSCRIM,Jaxson Dart,New York Giants,0,,,Washington Commanders,0,0
27,4,28,Kyle Monangai,RB,Chicago Bears,BUSTERSBOYS,Baker Mayfield,Tampa Bay Buccaneers,0,,,New York Giants,0,0
27,5,29,Rome Odunze,WR,Chicago Bears,PATRICKBARN,Caleb Williams,Chicago Bears,1,,,New York Giants,0,0
27,6,30,Stefon Diggs,WR,New England Patriots,CGEEEEEE,Sam Darnold,Seattle Seahawks,0,,,Tampa Bay Buccaneers,0,0
27,7,31,Garrett Wilson,WR,New York Jets,LENKEITH,Matthew Stafford,Los Angeles Rams,0,,,Cleveland Browns,0,0
27,8,32,Tetairoa McMillan,WR,Carolina Panthers,INGELX,Marcus Mariota,Washington Commanders,0,,,New Orleans Saints,0,0
27,9,33,Drake Maye,QB,New England Patriots,KRUTCHES93,Drake Maye,New England Patriots,1,0,0,Tampa Bay Buccaneers,1,1
27,10,34,David Montgomery,RB,Detroit Lions,KOBEGOAT2424,Lamar Jackson,Baltimore Ravens,0,,,Washington Commanders,0,0
27,11,35,Jameson Williams,WR,Detroit Lions,XCHEERFUL,Jared Goff,Detroit Lions,1,,,Washington Commanders,0,0
27,12,36,Travis Etienne Jr.,RB,Jacksonville Jaguars,MATHOLOGY,Josh Allen,Buffalo Bills,0,,,Houston Texans,0,0
27,12,37,Tyrone Tracy,RB,New York Giants,MATHOLOGY,Josh Allen,Buffalo Bills,0,,,Chicago Bears,0,0
27,11,38,Jared Goff,QB,Detroit Lions,XCHEERFUL,Jared Goff,Detroit Lions,1,1,1,Washington Commanders,0,0
27,10,39,Wan'Dale Robinson,WR,New York Giants,KOBEGOAT2424,Lamar Jackson,Baltimore Ravens,0,,,Chicago Bears,0,0
27,9,40,Deebo Samuel,WR,Washington Commanders,KRUTCHES93,Drake Maye,New England Patriots,0,,,Detroit Lions,0,0
27,8,41,Kenneth Walker III,RB,Seattle Seahawks,INGELX,Marcus Mariota,Washington Commanders,0,,,Arizona Cardinals,0,0
27,7,42,Dalton Kincaid,TE,Buffalo Bills,LENKEITH,Matthew Stafford,Los Angeles Rams,0,,,Miami Dolphins,0,0
27,6,43,Marvin Harrison,WR,Arizona Cardinals,CGEEEEEE,Sam Darnold,Seattle Seahawks,0,,,Seattle Seahawks,2,1
27,5,44,Caleb Williams,QB,Chicago Bears,PATRICKBARN,Caleb Williams,Chicago Bears,1,1,1,New York Giants,0,0
27,4,45,Baker Mayfield,QB,Tampa Bay Buccaneers,BUSTERSBOYS,Baker Mayfield,Tampa Bay Buccaneers,1,1,1,New England Patriots,0,0
27,3,46,Theo Johnson,TE,New York Giants,LINEOFSCRIM,Jaxson Dart,New York Giants,1,,,Chicago Bears,1,1
27,2,47,Justin Fields,QB,New York Jets,D4VE,Justin Fields,New York Jets,1,1,1,Cleveland Browns,0,0
27,1,48,Jordan Addison,WR,Minnesota Vikings,LEE121503,J.J. McCarthy,Minnesota Vikings,1,,,Baltimore Ravens,1,1
27,1,49,Hunter Henry,TE,New England Patriots,LEE121503,J.J. McCarthy,Minnesota Vikings,0,,,Tampa Bay Buccaneers,0,0
27,2,50,Khalil Shakir,WR,Buffalo Bills,D4VE,Justin Fields,New York Jets,0,,,Miami Dolphins,1,1
27,3,51,D.J. Moore,WR,Chicago Bears,LINEOFSCRIM,Jaxson Dart,New York Giants,0,,,New York Giants,2,1
27,4,52,Jauan Jennings,WR,San Francisco 49ers,BUSTERSBOYS,Baker Mayfield,Tampa Bay Buccaneers,0,,,Los Angeles Rams,0,0
27,5,53,Aaron Jones,RB,Minnesota Vikings,PATRICKBARN,Caleb Williams,Chicago Bears,0,,,Baltimore Ravens,1,1
27,6,54,Sam Darnold,QB,Seattle Seahawks,CGEEEEEE,Sam Darnold,Seattle Seahawks,1,1,1,Arizona Cardinals,1,1
27,7,55,Matthew Stafford,QB,Los Angeles Rams,LENKEITH,Matthew Stafford,Los Angeles Rams,1,2,1,San Francisco 49ers,0,0
27,8,56,Colston Loveland,TE,Chicago Bears,INGELX,Marcus Mariota,Washington Commanders,0,,,New York Giants,0,0
27,9,57,Zach Ertz,TE,Washington Commanders,KRUTCHES93,Drake Maye,New England Patriots,0,,,Detroit Lions,0,0
27,10,58,Alvin Kamara,RB,New Orleans Saints,KOBEGOAT2424,Lamar Jackson,Baltimore Ravens,0,,,Carolina Panthers,0,0
27,11,59,Darius Slayton,WR,New York Giants,XCHEERFUL,Jared Goff,Detroit Lions,0,,,Chicago Bears,0,0
27,12,60,Jaylin Lane,WR,Washington Commanders,MATHOLOGY,Josh Allen,Buffalo Bills,0,,,Detroit Lions,0,0
27,12,61,Keon Coleman,WR,Buffalo Bills,MATHOLOGY,Josh Allen,Buffalo Bills,1,,,Miami Dolphins,0,0
27,11,62,Cade Otton,TE,Tampa Bay Buccaneers,XCHEERFUL,Jared Goff,Detroit Lions,0,,,New England Patriots,0,0
27,10,63,Mark Andrews,TE,Baltimore Ravens,KOBEGOAT2424,Lamar Jackson,Baltimore Ravens,1,,,Minnesota Vikings,1,1
27,9,64,Brian Thomas,WR,Jacksonville Jaguars,KRUTCHES93,Drake Maye,New England Patriots,0,,,Houston Texans,0,0
27,8,65,Marcus Mariota,QB,Washington Commanders,INGELX,Marcus Mariota,Washington Commanders,1,0,0,Detroit Lions,1,1
27,7,66,TreVeyon Henderson,RB,New England Patriots,LENKEITH,Matthew Stafford,Los Angeles Rams,0,,,Tampa Bay Buccaneers,0,0
27,6,67,Juwan Johnson,TE,New Orleans Saints,CGEEEEEE,Sam Darnold,Seattle Seahawks,0,,,Carolina Panthers,0,0
27,5,68,Isaiah Likely,TE,Baltimore Ravens,PATRICKBARN,Caleb Williams,Chicago Bears,0,,,Minnesota Vikings,1,1
27,4,69,Chris Godwin,WR,Tampa Bay Buccaneers,BUSTERSBOYS,Baker Mayfield,Tampa Bay Buccaneers,1,,,New England Patriots,0,0
27,3,70,Parker Washington,WR,Jacksonville Jaguars,LINEOFSCRIM,Jaxson Dart,New York Giants,0,,,Houston Texans,0,0
27,2,71,Mason Taylor,TE,New York Jets,D4VE,Justin Fields,New York Jets,1,,,Cleveland Browns,0,0
27,1,72,J.J. McCarthy,QB,Minnesota Vikings,LEE121503,J.J. McCarthy,Minnesota Vikings,1,1,1,Baltimore Ravens,1,1
28,1,1,Christian McCaffrey,RB,San Francisco 49ers,JORLAND50,Drake Maye,New England Patriots,0,,,Los Angeles Rams,0,0
28,2,2,Jahmyr Gibbs,RB,Detroit Lions,KRUTCHES93,Marcus Mariota,Washington Commanders,0,,,Washington Commanders,3,1
28,3,3,Jaxon Smith-Njigba,WR,Seattle Seahawks,ICEYFFB,J.J. McCarthy,Minnesota Vikings,0,,,Arizona Cardinals,0,0
28,4,4,James Cook,RB,Buffalo Bills,ECOXER10,Baker Mayfield,Tampa Bay Buccaneers,0,,,Miami Dolphins,0,0
28,5,5,De'Von Achane,RB,Miami Dolphins,D4VE,Caleb Williams,Chicago Bears,0,,,Buffalo Bills,0,0
28,6,6,Derrick Henry,RB,Baltimore Ravens,CHINOFRM210,Jaxson Dart,New York Giants,0,,,Minnesota Vikings,0,0
28,7,7,Amon-Ra St. Brown,WR,Detroit Lions,INGELX,Jared Goff,Detroit Lions,1,,,Washington Commanders,0,0
28,8,8,Rico Dowdle,RB,Carolina Panthers,PATRICKBARN,Josh Allen,Buffalo Bills,0,,,New Orleans Saints,0,0
28,9,9,Puka Nacua,WR,Los Angeles Rams,XCHEERFUL,Matthew Stafford,Los Angeles Rams,1,,,San Francisco 49ers,0,0
28,10,10,Justin Jefferson,WR,Minnesota Vikings,BESTBALLVIPER,Sam Darnold,Seattle Seahawks,0,,,Baltimore Ravens,0,0
28,11,11,Emeka Egbuka,WR,Tampa Bay Buccaneers,CGEEEEEE,Justin Fields,New York Jets,0,,,New England Patriots,1,1
28,12,12,Lamar Jackson,QB,Baltimore Ravens,RIPSEWELL,Lamar Jackson,Baltimore Ravens,1,1,1,Minnesota Vikings,1,1
28,12,13,Kyren Williams,RB,Los Angeles Rams,RIPSEWELL,Lamar Jackson,Baltimore Ravens,0,,,San Francisco 49ers,1,1
28,11,14,Davante Adams,WR,Los Angeles Rams,CGEEEEEE,Justin Fields,New York Jets,0,,,San Francisco 49ers,0,0
28,10,15,Trey McBride,TE,Arizona Cardinals,BESTBALLVIPER,Sam Darnold,Seattle Seahawks,0,,,Seattle Seahawks,2,1
28,9,16,Quinshon Judkins,RB,Cleveland Browns,XCHEERFUL,Matthew Stafford,Los Angeles Rams,0,,,New York Jets,0,0
28,8,17,Josh Allen,QB,Buffalo Bills,PATRICKBARN,Josh Allen,Buffalo Bills,1,0,0,Miami Dolphins,0,0
28,7,18,Bucky Irving,RB,Tampa Bay Buccaneers,INGELX,Jared Goff,Detroit Lions,0,,,New England Patriots,0,0
28,6,19,Jaxson Dart,QB,New York Giants,CHINOFRM210,Jaxson Dart,New York Giants,1,1,1,Chicago Bears,0,0
28,5,20,Breece Hall,RB,New York Jets,D4VE,Caleb Williams,Chicago Bears,0,,,Cleveland Browns,1,1
28,4,21,Nico Collins,WR,Houston Texans,ECOXER10,Baker Mayfield,Tampa Bay Buccaneers,0,,,Jacksonville Jaguars,0,0
28,3,22,George Kittle,TE,San Francisco 49ers,ICEYFFB,J.J. McCarthy,Minnesota Vikings,0,,,Los Angeles Rams,0,0
28,2,23,Jaylen Waddle,WR,Miami Dolphins,KRUTCHES93,Marcus Mariota,Washington Commanders,0,,,Buffalo Bills,1,1
28,1,24,Zay Flowers,WR,Baltimore Ravens,JORLAND50,Drake Maye,New England Patriots,0,,,Minnesota Vikings,0,0
28,1,25,Drake Maye,QB,New England Patriots,JORLAND50,Drake Maye,New England Patriots,1,0,0,Tampa Bay Buccaneers,0,0
28,2,26,Deebo Samuel,WR,Washington Commanders,KRUTCHES93,Marcus Mariota,Washington Commanders,1,,,Detroit Lions,1,1
28,3,27,Garrett Wilson,WR,New York Jets,ICEYFFB,J.J. McCarthy,Minnesota Vikings,0,,,Cleveland Browns,0,0
28,4,28,Rome Odunze,WR,Chicago Bears,ECOXER10,Baker Mayfield,Tampa Bay Buccaneers,0,,,New York Giants,1,1
28,5,29,Chris Olave,WR,New Orleans Saints,D4VE,Caleb Williams,Chicago Bears,0,,,Carolina Panthers,0,0
28,6,30,Wan'Dale Robinson,WR,New York Giants,CHINOFRM210,Jaxson Dart,New York Giants,1,,,Chicago Bears,0,0
28,7,31,Sam LaPorta,TE,Detroit Lions,INGELX,Jared Goff,Detroit Lions,1,,,Washington Commanders,0,0
28,8,32,Kyle Monangai,RB,Chicago Bears,PATRICKBARN,Josh Allen,Buffalo Bills,0,,,New York Giants,0,0
28,9,33,D'Andre Swift,RB,Chicago Bears,XCHEERFUL,Matthew Stafford,Los Angeles Rams,0,,,New York Giants,0,0
28,10,34,Travis Etienne Jr.,RB,Jacksonville Jaguars,BESTBALLVIPER,Sam Darnold,Seattle Seahawks,0,,,Houston Texans,0,0
28,11,35,Stefon Diggs,WR,New England Patriots,CGEEEEEE,Justin Fields,New York Jets,0,,,Tampa Bay Buccaneers,1,1
28,12,36,David Montgomery,RB,Detroit Lions,RIPSEWELL,Lamar Jackson,Baltimore Ravens,0,,,Washington Commanders,0,0
28,12,37,Jordan Addison,WR,Minnesota Vikings,RIPSEWELL,Lamar Jackson,Baltimore Ravens,0,,,Baltimore Ravens,2,1
28,11,38,Kenneth Walker III,RB,Seattle Seahawks,CGEEEEEE,Justin Fields,New York Jets,0,,,Arizona Cardinals,0,0
28,10,39,Rhamondre Stevenson,RB,New England Patriots,BESTBALLVIPER,Sam Darnold,Seattle Seahawks,0,,,Tampa Bay Buccaneers,0,0
28,9,40,Marvin Harrison,WR,Arizona Cardinals,XCHEERFUL,Matthew Stafford,Los Angeles Rams,0,,,Seattle Seahawks,0,0
28,8,41,Tetairoa McMillan,WR,Carolina Panthers,PATRICKBARN,Josh Allen,Buffalo Bills,0,,,New Orleans Saints,0,0
28,7,42,Jared Goff,QB,Detroit Lions,INGELX,Jared Goff,Detroit Lions,1,2,1,Washington Commanders,0,0
28,6,43,Hunter Henry,TE,New England Patriots,CHINOFRM210,Jaxson Dart,New York Giants,0,,,Tampa Bay Buccaneers,0,0
28,5,44,Caleb Williams,QB,Chicago Bears,D4VE,Caleb Williams,Chicago Bears,1,1,1,New York Giants,0,0
28,4,45,Tyrone Tracy,RB,New York Giants,ECOXER10,Baker Mayfield,Tampa Bay Buccaneers,0,,,Chicago Bears,1,1
28,3,46,Alvin Kamara,RB,New Orleans Saints,ICEYFFB,J.J. McCarthy,Minnesota Vikings,0,,,Carolina Panthers,0,0
28,2,47,Khalil Shakir,WR,Buffalo Bills,KRUTCHES93,Marcus Mariota,Washington Commanders,0,,,Miami Dolphins,1,1
28,1,48,Jameson Williams,WR,Detroit Lions,JORLAND50,Drake Maye,New England Patriots,0,,,Washington Commanders,1,1
28,1,49,Mark Andrews,TE,Baltimore Ravens,JORLAND50,Drake Maye,New England Patriots,0,,,Minnesota Vikings,0,0
28,2,50,Zach Ertz,TE,Washington Commanders,KRUTCHES93,Marcus Mariota,Washington Commanders,1,,,Detroit Lions,1,1
28,3,51,Aaron Jones,RB,Minnesota Vikings,ICEYFFB,J.J. McCarthy,Minnesota Vikings,1,,,Baltimore Ravens,0,0
28,4,52,Baker Mayfield,QB,Tampa Bay Buccaneers,ECOXER10,Baker Mayfield,Tampa Bay Buccaneers,1,0,0,New England Patriots,0,0
28,5,53,D.J. Moore,WR,Chicago Bears,D4VE,Caleb Williams,Chicago Bears,1,,,New York Giants,0,0
28,6,54,Dalton Kincaid,TE,Buffalo Bills,CHINOFRM210,Jaxson Dart,New York Giants,0,,,Miami Dolphins,0,0
28,7,55,Darius Slayton,WR,New York Giants,INGELX,Jared Goff,Detroit Lions,0,,,Chicago Bears,0,0
28,8,56,Brian Thomas,WR,Jacksonville Jaguars,PATRICKBARN,Josh Allen,Buffalo Bills,0,,,Houston Texans,0,0
28,9,57,Matthew Stafford,QB,Los Angeles Rams,XCHEERFUL,Matthew Stafford,Los Angeles Rams,1,1,1,San Francisco 49ers,0,0
28,10,58,Sam Darnold,QB,Seattle Seahawks,BESTBALLVIPER,Sam Darnold,Seattle Seahawks,1,1,1,Arizona Cardinals,1,1
28,11,59,Theo Johnson,TE,New York Giants,CGEEEEEE,Justin Fields,New York Jets,0,,,Chicago Bears,0,0
28,12,60,Jauan Jennings,WR,San Francisco 49ers,RIPSEWELL,Lamar Jackson,Baltimore Ravens,0,,,Los Angeles Rams,1,1
28,12,61,Isaiah Likely,TE,Baltimore Ravens,RIPSEWELL,Lamar Jackson,Baltimore Ravens,1,,,Minnesota Vikings,1,1
28,11,62,Justin Fields,QB,New York Jets,CGEEEEEE,Justin Fields,New York Jets,1,0,0,Cleveland Browns,0,0
28,10,63,Tory Horton,WR,Seattle Seahawks,BESTBALLVIPER,Sam Darnold,Seattle Seahawks,1,,,Arizona Cardinals,1,1
28,9,64,Colston Loveland,TE,Chicago Bears,XCHEERFUL,Matthew Stafford,Los Angeles Rams,0,,,New York Giants,0,0
28,8,65,Cade Otton,TE,Tampa Bay Buccaneers,PATRICKBARN,Josh Allen,Buffalo Bills,0,,,New England Patriots,0,0
28,7,66,Parker Washington,WR,Jacksonville Jaguars,INGELX,Jared Goff,Detroit Lions,0,,,Houston Texans,0,0
28,6,67,DeMario Douglas,WR,New England Patriots,CHINOFRM210,Jaxson Dart,New York Giants,0,,,Tampa Bay Buccaneers,0,0
28,5,68,Harold Fannin,TE,Cleveland Browns,D4VE,Caleb Williams,Chicago Bears,0,,,New York Jets,1,1
28,4,69,Juwan Johnson,TE,New Orleans Saints,ECOXER10,Baker Mayfield,Tampa Bay Buccaneers,0,,,Carolina Panthers,0,0
28,3,70,J.J. McCarthy,QB,Minnesota Vikings,ICEYFFB,J.J. McCarthy,Minnesota Vikings,1,1,1,Baltimore Ravens,0,0
28,2,71,Marcus Mariota,QB,Washington Commanders,KRUTCHES93,Marcus Mariota,Washington Commanders,1,2,1,Detroit Lions,1,1
28,1,72,Jacory Croskey-Merritt,RB,Washington Commanders,JORLAND50,Drake Maye,New England Patriots,0,,,Detroit Lions,1,1
29,1,1,Christian McCaffrey,RB,San Francisco 49ers,CGEEEEEE,Brock Purdy,San Francisco 49ers,1,,,Los Angeles Rams,0,0
29,2,2,Jahmyr Gibbs,RB,Detroit Lions,JORLAND50,Justin Fields,New York Jets,0,,,Washington Commanders,0,0
29,3,3,James Cook,RB,Buffalo Bills,ICEYFFB,Caleb Williams,Chicago Bears,0,,,Miami Dolphins,1,1
29,4,4,Jaxon Smith-Njigba,WR,Seattle Seahawks,MATHOLOGY,Jaxson Dart,New York Giants,0,,,Arizona Cardinals,0,0
29,5,5,Amon-Ra St. Brown,WR,Detroit Lions,BESTBALLVIPER,Jacoby Brissett,Arizona Cardinals,0,,,Washington Commanders,0,0
29,6,6,De'Von Achane,RB,Miami Dolphins,LENKEITH,Jared Goff,Detroit Lions,0,,,Buffalo Bills,0,0
29,7,7,Rico Dowdle,RB,Carolina Panthers,DANJPRECIADO,Lamar Jackson,Baltimore Ravens,0,,,New Orleans Saints,0,0
29,8,8,Puka Nacua,WR,Los Angeles Rams,ECOXER10,Josh Allen,Buffalo Bills,0,,,San Francisco 49ers,0,0
29,9,9,Derrick Henry,RB,Baltimore Ravens,DMLARSON,Drake Maye,New England Patriots,0,,,Minnesota Vikings,0,0
29,10,10,Kyren Williams,RB,Los Angeles Rams,MERKZ13,Baker Mayfield,Tampa Bay Buccaneers,0,,,San Francisco 49ers,0,0
29,11,11,Justin Jefferson,WR,Minnesota Vikings,D4VE,Matthew Stafford,Los Angeles Rams,0,,,Baltimore Ravens,0,0
29,12,12,Trey McBride,TE,Arizona Cardinals,KRUTCHES93,Marcus Mariota,Washington Commanders,0,,,Seattle Seahawks,0,0
29,12,13,Breece Hall,RB,New York Jets,KRUTCHES93,Marcus Mariota,Washington Commanders,0,,,Cleveland Browns,0,0
29,11,14,Davante Adams,WR,Los Angeles Rams,D4VE,Matthew Stafford,Los Angeles Rams,1,,,San Francisco 49ers,0,0
29,10,15,Emeka Egbuka,WR,Tampa Bay Buccaneers,MERKZ13,Baker Mayfield,Tampa Bay Buccaneers,1,,,New England Patriots,0,0
29,9,16,George Kittle,TE,San Francisco 49ers,DMLARSON,Drake Maye,New England Patriots,0,,,Los Angeles Rams,0,0
29,8,17,Josh Allen,QB,Buffalo Bills,ECOXER10,Josh Allen,Buffalo Bills,1,1,1,Miami Dolphins,0,0
29,7,18,Lamar Jackson,QB,Baltimore Ravens,DANJPRECIADO,Lamar Jackson,Baltimore Ravens,1,1,1,Minnesota Vikings,0,0
29,6,19,Quinshon Judkins,RB,Cleveland Browns,LENKEITH,Jared Goff,Detroit Lions,0,,,New York Jets,0,0
29,5,20,Bucky Irving,RB,Tampa Bay Buccaneers,BESTBALLVIPER,Jacoby Brissett,Arizona Cardinals,0,,,New England Patriots,0,0
29,4,21,Nico Collins,WR,Houston Texans,MATHOLOGY,Jaxson Dart,New York Giants,0,,,Jacksonville Jaguars,0,0
29,3,22,Jaylen Waddle,WR,Miami Dolphins,ICEYFFB,Caleb Williams,Chicago Bears,0,,,Buffalo Bills,1,1
29,2,23,Zay Flowers,WR,Baltimore Ravens,JORLAND50,Justin Fields,New York Jets,0,,,Minnesota Vikings,0,0
29,1,24,D'Andre Swift,RB,Chicago Bears,CGEEEEEE,Brock Purdy,San Francisco 49ers,0,,,New York Giants,1,1
29,1,25,Rome Odunze,WR,Chicago Bears,CGEEEEEE,Brock Purdy,San Francisco 49ers,0,,,New York Giants,1,1
29,2,26,Chris Olave,WR,New Orleans Saints,JORLAND50,Justin Fields,New York Jets,0,,,Carolina Panthers,0,0
29,3,27,Kyle Monangai,RB,Chicago Bears,ICEYFFB,Caleb Williams,Chicago Bears,1,,,New York Giants,0,0
29,4,28,Jaxson Dart,QB,New York Giants,MATHOLOGY,Jaxson Dart,New York Giants,1,0,0,Chicago Bears,0,0
29,5,29,Travis Etienne Jr.,RB,Jacksonville Jaguars,BESTBALLVIPER,Jacoby Brissett,Arizona Cardinals,0,,,Houston Texans,0,0
29,6,30,Sam LaPorta,TE,Detroit Lions,LENKEITH,Jared Goff,Detroit Lions,1,,,Washington Commanders,0,0
29,7,31,Garrett Wilson,WR,New York Jets,DANJPRECIADO,Lamar Jackson,Baltimore Ravens,0,,,Cleveland Browns,0,0
29,8,32,Kenneth Walker III,RB,Seattle Seahawks,ECOXER10,Josh Allen,Buffalo Bills,0,,,Arizona Cardinals,0,0
29,9,33,Drake Maye,QB,New England Patriots,DMLARSON,Drake Maye,New England Patriots,1,1,1,Tampa Bay Buccaneers,0,0
29,10,34,Tyrone Tracy,RB,New York Giants,MERKZ13,Baker Mayfield,Tampa Bay Buccaneers,0,,,Chicago Bears,0,0
29,11,35,David Montgomery,RB,Detroit Lions,D4VE,Matthew Stafford,Los Angeles Rams,0,,,Washington Commanders,0,0
29,12,36,Deebo Samuel,WR,Washington Commanders,KRUTCHES93,Marcus Mariota,Washington Commanders,1,,,Detroit Lions,0,0
29,12,37,Stefon Diggs,WR,New England Patriots,KRUTCHES93,Marcus Mariota,Washington Commanders,0,,,Tampa Bay Buccaneers,0,0
29,11,38,Tetairoa McMillan,WR,Carolina Panthers,D4VE,Matthew Stafford,Los Angeles Rams,0,,,New Orleans Saints,0,0
29,10,39,Baker Mayfield,QB,Tampa Bay Buccaneers,MERKZ13,Baker Mayfield,Tampa Bay Buccaneers,1,2,1,New England Patriots,0,0
29,9,40,Wan'Dale Robinson,WR,New York Giants,DMLARSON,Drake Maye,New England Patriots,0,,,Chicago Bears,0,0
29,8,41,Jordan Addison,WR,Minnesota Vikings,ECOXER10,Josh Allen,Buffalo Bills,0,,,Baltimore Ravens,0,0
29,7,42,Jameson Williams,WR,Detroit Lions,DANJPRECIADO,Lamar Jackson,Baltimore Ravens,0,,,Washington Commanders,0,0
29,6,43,Jared Goff,QB,Detroit Lions,LENKEITH,Jared Goff,Detroit Lions,1,1,1,Washington Commanders,0,0
29,5,44,Marvin Harrison,WR,Arizona Cardinals,BESTBALLVIPER,Jacoby Brissett,Arizona Cardinals,1,,,Seattle Seahawks,0,0
29,4,45,Jacory Croskey-Merritt,RB,Washington Commanders,MATHOLOGY,Jaxson Dart,New York Giants,0,,,Detroit Lions,0,0
29,3,46,Caleb Williams,QB,Chicago Bears,ICEYFFB,Caleb Williams,Chicago Bears,1,2,1,New York Giants,0,0
29,2,47,Khalil Shakir,WR,Buffalo Bills,JORLAND50,Justin Fields,New York Jets,0,,,Miami Dolphins,0,0
29,1,48,Theo Johnson,TE,New York Giants,CGEEEEEE,Brock Purdy,San Francisco 49ers,0,,,Chicago Bears,2,1
29,1,49,Jauan Jennings,WR,San Francisco 49ers,CGEEEEEE,Brock Purdy,San Francisco 49ers,1,,,Los Angeles Rams,0,0
29,2,50,Harold Fannin,TE,Cleveland Browns,JORLAND50,Justin Fields,New York Jets,0,,,New York Jets,1,1
29,3,51,Colston Loveland,TE,Chicago Bears,ICEYFFB,Caleb Williams,Chicago Bears,1,,,New York Giants,0,0
29,4,52,TreVeyon Henderson,RB,New England Patriots,MATHOLOGY,Jaxson Dart,New York Giants,0,,,Tampa Bay Buccaneers,0,0
29,5,53,Jacoby Brissett,QB,Arizona Cardinals,BESTBALLVIPER,Jacoby Brissett,Arizona Cardinals,1,2,1,Seattle Seahawks,0,0
29,6,54,D.J. Moore,WR,Chicago Bears,LENKEITH,Jared Goff,Detroit Lions,0,,,New York Giants,0,0
29,7,55,Rhamondre Stevenson,RB,New England Patriots,DANJPRECIADO,Lamar Jackson,Baltimore Ravens,0,,,Tampa Bay Buccaneers,0,0
29,8,56,Dalton Kincaid,TE,Buffalo Bills,ECOXER10,Josh Allen,Buffalo Bills,1,,,Miami Dolphins,0,0
29,9,57,Zach Charbonnet,RB,Seattle Seahawks,DMLARSON,Drake Maye,New England Patriots,0,,,Arizona Cardinals,0,0
29,10,58,Cade Otton,TE,Tampa Bay Buccaneers,MERKZ13,Baker Mayfield,Tampa Bay Buccaneers,1,,,New England Patriots,0,0
29,11,59,Matthew Stafford,QB,Los Angeles Rams,D4VE,Matthew Stafford,Los Angeles Rams,1,1,1,San Francisco 49ers,0,0
29,12,60,Marcus Mariota,QB,Washington Commanders,KRUTCHES93,Marcus Mariota,Washington Commanders,1,1,1,Detroit Lions,0,0
29,12,61,Parker Washington,WR,Jacksonville Jaguars,KRUTCHES93,Marcus Mariota,Washington Commanders,0,,,Houston Texans,0,0
29,11,62,Hunter Henry,TE,New England Patriots,D4VE,Matthew Stafford,Los Angeles Rams,0,,,Tampa Bay Buccaneers,0,0
29,10,63,Darius Slayton,WR,New York Giants,MERKZ13,Baker Mayfield,Tampa Bay Buccaneers,0,,,Chicago Bears,0,0
29,9,64,Kayshon Boutte,WR,New England Patriots,DMLARSON,Drake Maye,New England Patriots,1,,,Tampa Bay Buccaneers,0,0
29,8,65,Chris Godwin,WR,Tampa Bay Buccaneers,ECOXER10,Josh Allen,Buffalo Bills,0,,,New England Patriots,0,0
29,7,66,Mark Andrews,TE,Baltimore Ravens,DANJPRECIADO,Lamar Jackson,Baltimore Ravens,1,,,Minnesota Vikings,0,0
29,6,67,Parker Washington,WR,Jacksonville Jaguars,LENKEITH,Jared Goff,Detroit Lions,0,,,Houston Texans,0,0
29,5,68,Elijah Higgins,TE,Arizona Cardinals,BESTBALLVIPER,Jacoby Brissett,Arizona Cardinals,1,,,Seattle Seahawks,0,0
29,4,69,Isaiah Likely,TE,Baltimore Ravens,MATHOLOGY,Jaxson Dart,New York Giants,0,,,Minnesota Vikings,0,0
29,3,70,DeMario Douglas,WR,New England Patriots,ICEYFFB,Caleb Williams,Chicago Bears,0,,,Tampa Bay Buccaneers,0,0
29,2,71,Justin Fields,QB,New York Jets,JORLAND50,Justin Fields,New York Jets,1,0,0,Cleveland Browns,1,1
29,1,72,Brock Purdy,QB,San Francisco 49ers,CGEEEEEE,Brock Purdy,San Francisco 49ers,1,2,1,Los Angeles Rams,0,0
30,1,1,Christian McCaffrey,RB,San Francisco 49ers,D4VE,Caleb Williams,Chicago Bears,0,,,Los Angeles Rams,0,0
30,2,2,Jahmyr Gibbs,RB,Detroit Lions,NMJ4786,Jaxson Dart,New York Giants,0,,,Washington Commanders,1,1
30,3,3,James Cook,RB,Buffalo Bills,MIKEC6212,Drake Maye,New England Patriots,0,,,Miami Dolphins,0,0
30,4,4,De'Von Achane,RB,Miami Dolphins,BIGFUDGY,Jared Goff,Detroit Lions,0,,,Buffalo Bills,1,1
30,5,5,Jaxon Smith-Njigba,WR,Seattle Seahawks,DANJPRECIADO,Sam Darnold,Seattle Seahawks,1,,,Arizona Cardinals,0,0
30,6,6,Rico Dowdle,RB,Carolina Panthers,CHADCANDLES,Matthew Stafford,Los Angeles Rams,0,,,New Orleans Saints,0,0
30,7,7,Lamar Jackson,QB,Baltimore Ravens,DMLARSON,Lamar Jackson,Baltimore Ravens,1,1,1,Minnesota Vikings,0,0
30,8,8,Derrick Henry,RB,Baltimore Ravens,BESTBALLVIPER,Brock Purdy,San Francisco 49ers,0,,,Minnesota Vikings,0,0
30,9,9,Puka Nacua,WR,Los Angeles Rams,ICEYFFB,Baker Mayfield,Tampa Bay Buccaneers,0,,,San Francisco 49ers,0,0
30,10,10,Amon-Ra St. Brown,WR,Detroit Lions,KRUTCHES93,Marcus Mariota,Washington Commanders,0,,,Washington Commanders,2,1
30,11,11,Justin Jefferson,WR,Minnesota Vikings,YUZENN,J.J. McCarthy,Minnesota Vikings,1,,,Baltimore Ravens,0,0
30,12,12,Josh Allen,QB,Buffalo Bills,SHAGNASTYB,Josh Allen,Buffalo Bills,1,0,0,Miami Dolphins,0,0
30,12,13,Trey McBride,TE,Arizona Cardinals,SHAGNASTYB,Josh Allen,Buffalo Bills,0,,,Seattle Seahawks,0,0
30,11,14,Kyren Williams,RB,Los Angeles Rams,YUZENN,J.J. McCarthy,Minnesota Vikings,0,,,San Francisco 49ers,0,0
30,10,15,George Kittle,TE,San Francisco 49ers,KRUTCHES93,Marcus Mariota,Washington Commanders,0,,,Los Angeles Rams,0,0
30,9,16,Quinshon Judkins,RB,Cleveland Browns,ICEYFFB,Baker Mayfield,Tampa Bay Buccaneers,0,,,New York Jets,0,0
30,8,17,Bucky Irving,RB,Tampa Bay Buccaneers,BESTBALLVIPER,Brock Purdy,San Francisco 49ers,0,,,New England Patriots,1,1
30,7,18,Davante Adams,WR,Los Angeles Rams,DMLARSON,Lamar Jackson,Baltimore Ravens,0,,,San Francisco 49ers,0,0
30,6,19,Emeka Egbuka,WR,Tampa Bay Buccaneers,CHADCANDLES,Matthew Stafford,Los Angeles Rams,0,,,New England Patriots,1,1
30,5,20,Breece Hall,RB,New York Jets,DANJPRECIADO,Sam Darnold,Seattle Seahawks,0,,,Cleveland Browns,0,0
30,4,21,Nico Collins,WR,Houston Texans,BIGFUDGY,Jared Goff,Detroit Lions,0,,,Jacksonville Jaguars,0,0
30,3,22,D'Andre Swift,RB,Chicago Bears,MIKEC6212,Drake Maye,New England Patriots,0,,,New York Giants,0,0
30,2,23,Jaxson Dart,QB,New York Giants,NMJ4786,Jaxson Dart,New York Giants,1,1,1,Chicago Bears,1,1
30,1,24,Jaylen Waddle,WR,Miami Dolphins,D4VE,Caleb Williams,Chicago Bears,0,,,Buffalo Bills,0,0
30,1,25,Rome Odunze,WR,Chicago Bears,D4VE,Caleb Williams,Chicago Bears,1,,,New York Giants,1,1
30,2,26,Zay Flowers,WR,Baltimore Ravens,NMJ4786,Jaxson Dart,New York Giants,0,,,Minnesota Vikings,0,0
30,3,27,Drake Maye,QB,New England Patriots,MIKEC6212,Drake Maye,New England Patriots,1,2,1,Tampa Bay Buccaneers,0,0
30,4,28,Sam LaPorta,TE,Detroit Lions,BIGFUDGY,Jared Goff,Detroit Lions,1,,,Washington Commanders,0,0
30,5,29,David Montgomery,RB,Detroit Lions,DANJPRECIADO,Sam Darnold,Seattle Seahawks,0,,,Washington Commanders,1,1
30,6,30,Garrett Wilson,WR,New York Jets,CHADCANDLES,Matthew Stafford,Los Angeles Rams,0,,,Cleveland Browns,0,0
30,7,31,Kyle Monangai,RB,Chicago Bears,DMLARSON,Lamar Jackson,Baltimore Ravens,0,,,New York Giants,0,0
30,8,32,Stefon Diggs,WR,New England Patriots,BESTBALLVIPER,Brock Purdy,San Francisco 49ers,0,,,Tampa Bay Buccaneers,1,1
30,9,33,Chris Olave,WR,New Orleans Saints,ICEYFFB,Baker Mayfield,Tampa Bay Buccaneers,0,,,Carolina Panthers,0,0
30,10,34,Deebo Samuel,WR,Washington Commanders,KRUTCHES93,Marcus Mariota,Washington Commanders,1,,,Detroit Lions,1,1
30,11,35,Marvin Harrison,WR,Arizona Cardinals,YUZENN,J.J. McCarthy,Minnesota Vikings,0,,,Seattle Seahawks,0,0
30,12,36,Jordan Addison,WR,Minnesota Vikings,SHAGNASTYB,Josh Allen,Buffalo Bills,0,,,Baltimore Ravens,0,0
30,12,37,Jameson Williams,WR,Detroit Lions,SHAGNASTYB,Josh Allen,Buffalo Bills,0,,,Washington Commanders,0,0
30,11,38,Tetairoa McMillan,WR,Carolina Panthers,YUZENN,J.J. McCarthy,Minnesota Vikings,0,,,New Orleans Saints,1,1
30,10,39,Travis Etienne Jr.,RB,Jacksonville Jaguars,KRUTCHES93,Marcus Mariota,Washington Commanders,0,,,Houston Texans,0,0
30,9,40,Baker Mayfield,QB,Tampa Bay Buccaneers,ICEYFFB,Baker Mayfield,Tampa Bay Buccaneers,1,1,1,New England Patriots,0,0
30,8,41,Jauan Jennings,WR,San Francisco 49ers,BESTBALLVIPER,Brock Purdy,San Francisco 49ers,1,,,Los Angeles Rams,0,0
30,7,42,Kenneth Walker III,RB,Seattle Seahawks,DMLARSON,Lamar Jackson,Baltimore Ravens,0,,,Arizona Cardinals,0,0
30,6,43,TreVeyon Henderson,RB,New England Patriots,CHADCANDLES,Matthew Stafford,Los Angeles Rams,0,,,Tampa Bay Buccaneers,1,1
30,5,44,Khalil Shakir,WR,Buffalo Bills,DANJPRECIADO,Sam Darnold,Seattle Seahawks,0,,,Miami Dolphins,0,0
30,4,45,Wan'Dale Robinson,WR,New York Giants,BIGFUDGY,Jared Goff,Detroit Lions,0,,,Chicago Bears,0,0
30,3,46,D.J. Moore,WR,Chicago Bears,MIKEC6212,Drake Maye,New England Patriots,0,,,New York Giants,0,0
30,2,47,Colston Loveland,TE,Chicago Bears,NMJ4786,Jaxson Dart,New York Giants,0,,,New York Giants,2,1
30,1,48,Caleb Williams,QB,Chicago Bears,D4VE,Caleb Williams,Chicago Bears,1,1,1,New York Giants,1,1
30,1,49,Tyrone Tracy,RB,New York Giants,D4VE,Caleb Williams,Chicago Bears,0,,,Chicago Bears,2,1
30,2,50,Darius Slayton,WR,New York Giants,NMJ4786,Jaxson Dart,New York Giants,1,,,Chicago Bears,1,1
30,3,51,Hunter Henry,TE,New England Patriots,MIKEC6212,Drake Maye,New England Patriots,1,,,Tampa Bay Buccaneers,0,0
30,4,52,Jared Goff,QB,Detroit Lions,BIGFUDGY,Jared Goff,Detroit Lions,1,1,1,Washington Commanders,0,0
30,5,53,Sam Darnold,QB,Seattle Seahawks,DANJPRECIADO,Sam Darnold,Seattle Seahawks,1,1,1,Arizona Cardinals,0,0
30,6,54,Dalton Kincaid,TE,Buffalo Bills,CHADCANDLES,Matthew Stafford,Los Angeles Rams,0,,,Miami Dolphins,0,0
30,7,55,Mark Andrews,TE,Baltimore Ravens,DMLARSON,Lamar Jackson,Baltimore Ravens,1,,,Minnesota Vikings,0,0
30,8,56,Harold Fannin,TE,Cleveland Browns,BESTBALLVIPER,Brock Purdy,San Francisco 49ers,0,,,New York Jets,0,0
30,9,57,Aaron Jones,RB,Minnesota Vikings,ICEYFFB,Baker Mayfield,Tampa Bay Buccaneers,0,,,Baltimore Ravens,0,0
30,10,58,Marcus Mariota,QB,Washington Commanders,KRUTCHES93,Marcus Mariota,Washington Commanders,1,1,1,Detroit Lions,1,1
30,11,59,J.J. McCarthy,QB,Minnesota Vikings,YUZENN,J.J. McCarthy,Minnesota Vikings,1,1,1,Baltimore Ravens,0,0
30,12,60,Jordan Mason,RB,Minnesota Vikings,SHAGNASTYB,Josh Allen,Buffalo Bills,0,,,Baltimore Ravens,0,0
30,12,61,Alvin Kamara,RB,New Orleans Saints,SHAGNASTYB,Josh Allen,Buffalo Bills,0,,,Carolina Panthers,0,0
30,11,62,Juwan Johnson,TE,New Orleans Saints,YUZENN,J.J. McCarthy,Minnesota Vikings,0,,,Carolina Panthers,1,1
30,10,63,Brian Thomas,WR,Jacksonville Jaguars,KRUTCHES93,Marcus Mariota,Washington Commanders,0,,,Houston Texans,0,0
30,9,64,Cade Otton,TE,Tampa Bay Buccaneers,ICEYFFB,Baker Mayfield,Tampa Bay Buccaneers,1,,,New England Patriots,0,0
30,8,65,Brock Purdy,QB,San Francisco 49ers,BESTBALLVIPER,Brock Purdy,San Francisco 49ers,1,1,1,Los Angeles Rams,0,0
30,7,66,Parker Washington,WR,Jacksonville Jaguars,DMLARSON,Lamar Jackson,Baltimore Ravens,0,,,Houston Texans,0,0
30,6,67,Matthew Stafford,QB,Los Angeles Rams,CHADCANDLES,Matthew Stafford,Los Angeles Rams,1,0,0,San Francisco 49ers,0,0
30,5,68,Zach Ertz,TE,Washington Commanders,DANJPRECIADO,Sam Darnold,Seattle Seahawks,0,,,Detroit Lions,1,1
30,4,69,Keon Coleman,WR,Buffalo Bills,BIGFUDGY,Jared Goff,Detroit Lions,0,,,Miami Dolphins,1,1
30,3,70,DeMario Douglas,WR,New England Patriots,MIKEC6212,Drake Maye,New England Patriots,1,,,Tampa Bay Buccaneers,0,0
30,2,71,Jacory Croskey-Merritt,RB,Washington Commanders,NMJ4786,Jaxson Dart,New York Giants,0,,,Detroit Lions,1,1
30,1,72,Dalton Schultz,TE,Houston Texans,D4VE,Caleb Williams,Chicago Bears,0,,,Jacksonville Jaguars,0,0
31,1,1,Christian McCaffrey,RB,San Francisco 49ers,LEE121503,Drake Maye,New England Patriots,0,,,Los Angeles Rams,0,0
31,2,2,Jahmyr Gibbs,RB,Detroit Lions,MIKEC6212,Jared Goff,Detroit Lions,1,,,Washington Commanders,0,0
31,3,3,James Cook,RB,Buffalo Bills,SHAGNASTYB,Caleb Williams,Chicago Bears,0,,,Miami Dolphins,0,0
31,4,4,Jaxon Smith-Njigba,WR,Seattle Seahawks,GUNNEROSS,Sam Darnold,Seattle Seahawks,1,,,Arizona Cardinals,0,0
31,5,5,Puka Nacua,WR,Los Angeles Rams,SCHWEC03,Brock Purdy,San Francisco 49ers,0,,,San Francisco 49ers,3,1
31,6,6,De'Von Achane,RB,Miami Dolphins,CASHILYY,Jaxson Dart,New York Giants,0,,,Buffalo Bills,1,1
31,7,7,Rico Dowdle,RB,Carolina Panthers,DANJPRECIADO,Justin Fields,New York Jets,0,,,New Orleans Saints,0,0
31,8,8,Amon-Ra St. Brown,WR,Detroit Lions,WOLHAIKSONG,Josh Allen,Buffalo Bills,0,,,Washington Commanders,1,1
31,9,9,Emeka Egbuka,WR,Tampa Bay Buccaneers,DMLARSON,Baker Mayfield,Tampa Bay Buccaneers,1,,,New England Patriots,0,0
31,10,10,Lamar Jackson,QB,Baltimore Ravens,KOBEGOAT2424,Lamar Jackson,Baltimore Ravens,1,0,0,Minnesota Vikings,0,0
31,11,11,Trey McBride,TE,Arizona Cardinals,YUZENN,Jacoby Brissett,Arizona Cardinals,1,,,Seattle Seahawks,0,0
31,12,12,Derrick Henry,RB,Baltimore Ravens,D4VE,Marcus Mariota,Washington Commanders,0,,,Minnesota Vikings,1,1
31,12,13,Justin Jefferson,WR,Minnesota Vikings,D4VE,Marcus Mariota,Washington Commanders,0,,,Baltimore Ravens,1,1
31,11,14,Kyren Williams,RB,Los Angeles Rams,YUZENN,Jacoby Brissett,Arizona Cardinals,0,,,San Francisco 49ers,0,0
31,10,15,Davante Adams,WR,Los Angeles Rams,KOBEGOAT2424,Lamar Jackson,Baltimore Ravens,0,,,San Francisco 49ers,0,0
31,9,16,Nico Collins,WR,Houston Texans,DMLARSON,Baker Mayfield,Tampa Bay Buccaneers,0,,,Jacksonville Jaguars,1,1
31,8,17,Josh Allen,QB,Buffalo Bills,WOLHAIKSONG,Josh Allen,Buffalo Bills,1,1,1,Miami Dolphins,0,0
31,7,18,Breece Hall,RB,New York Jets,DANJPRECIADO,Justin Fields,New York Jets,1,,,Cleveland Browns,1,1
31,6,19,Bucky Irving,RB,Tampa Bay Buccaneers,CASHILYY,Jaxson Dart,New York Giants,0,,,New England Patriots,0,0
31,5,20,Quinshon Judkins,RB,Cleveland Browns,SCHWEC03,Brock Purdy,San Francisco 49ers,0,,,New York Jets,0,0
31,4,21,George Kittle,TE,San Francisco 49ers,GUNNEROSS,Sam Darnold,Seattle Seahawks,0,,,Los Angeles Rams,0,0
31,3,22,D'Andre Swift,RB,Chicago Bears,SHAGNASTYB,Caleb Williams,Chicago Bears,1,,,New York Giants,1,1
31,2,23,Jaylen Waddle,WR,Miami Dolphins,MIKEC6212,Jared Goff,Detroit Lions,0,,,Buffalo Bills,0,0
31,1,24,Kyle Monangai,RB,Chicago Bears,LEE121503,Drake Maye,New England Patriots,0,,,New York Giants,0,0
31,1,25,Drake Maye,QB,New England Patriots,LEE121503,Drake Maye,New England Patriots,1,2,1,Tampa Bay Buccaneers,0,0
31,2,26,Rome Odunze,WR,Chicago Bears,MIKEC6212,Jared Goff,Detroit Lions,0,,,New York Giants,0,0
31,3,27,Zay Flowers,WR,Baltimore Ravens,SHAGNASTYB,Caleb Williams,Chicago Bears,0,,,Minnesota Vikings,0,0
31,4,28,Chris Olave,WR,New Orleans Saints,GUNNEROSS,Sam Darnold,Seattle Seahawks,0,,,Carolina Panthers,0,0
31,5,29,Sam LaPorta,TE,Detroit Lions,SCHWEC03,Brock Purdy,San Francisco 49ers,0,,,Washington Commanders,0,0
31,6,30,Jaxson Dart,QB,New York Giants,CASHILYY,Jaxson Dart,New York Giants,1,1,1,Chicago Bears,0,0
31,7,31,Stefon Diggs,WR,New England Patriots,DANJPRECIADO,Justin Fields,New York Jets,0,,,Tampa Bay Buccaneers,0,0
31,8,32,Tetairoa McMillan,WR,Carolina Panthers,WOLHAIKSONG,Josh Allen,Buffalo Bills,0,,,New Orleans Saints,0,0
31,9,33,Baker Mayfield,QB,Tampa Bay Buccaneers,DMLARSON,Baker Mayfield,Tampa Bay Buccaneers,1,1,1,New England Patriots,0,0
31,10,34,Garrett Wilson,WR,New York Jets,KOBEGOAT2424,Lamar Jackson,Baltimore Ravens,0,,,Cleveland Browns,0,0
31,11,35,Wan'Dale Robinson,WR,New York Giants,YUZENN,Jacoby Brissett,Arizona Cardinals,0,,,Chicago Bears,1,1
31,12,36,Travis Etienne Jr.,RB,Jacksonville Jaguars,D4VE,Marcus Mariota,Washington Commanders,0,,,Houston Texans,0,0
31,12,37,Deebo Samuel,WR,Washington Commanders,D4VE,Marcus Mariota,Washington Commanders,1,,,Detroit Lions,0,0
31,11,38,Marvin Harrison,WR,Arizona Cardinals,YUZENN,Jacoby Brissett,Arizona Cardinals,1,,,Seattle Seahawks,0,0
31,10,39,David Montgomery,RB,Detroit Lions,KOBEGOAT2424,Lamar Jackson,Baltimore Ravens,0,,,Washington Commanders,0,0
31,9,40,Kenneth Walker III,RB,Seattle Seahawks,DMLARSON,Baker Mayfield,Tampa Bay Buccaneers,0,,,Arizona Cardinals,0,0
31,8,41,Tyrone Tracy,RB,New York Giants,WOLHAIKSONG,Josh Allen,Buffalo Bills,0,,,Chicago Bears,0,0
31,7,42,Jordan Addison,WR,Minnesota Vikings,DANJPRECIADO,Justin Fields,New York Jets,0,,,Baltimore Ravens,0,0
31,6,43,Jameson Williams,WR,Detroit Lions,CASHILYY,Jaxson Dart,New York Giants,0,,,Washington Commanders,0,0
31,5,44,Jauan Jennings,WR,San Francisco 49ers,SCHWEC03,Brock Purdy,San Francisco 49ers,1,,,Los Angeles Rams,1,1
31,4,45,Rhamondre Stevenson,RB,New England Patriots,GUNNEROSS,Sam Darnold,Seattle Seahawks,0,,,Tampa Bay Buccaneers,0,0
31,3,46,Caleb Williams,QB,Chicago Bears,SHAGNASTYB,Caleb Williams,Chicago Bears,1,1,1,New York Giants,1,1
31,2,47,Jared Goff,QB,Detroit Lions,MIKEC6212,Jared Goff,Detroit Lions,1,1,1,Washington Commanders,0,0
31,1,48,Hunter Henry,TE,New England Patriots,LEE121503,Drake Maye,New England Patriots,1,,,Tampa Bay Buccaneers,0,0
31,1,49,Khalil Shakir,WR,Buffalo Bills,LEE121503,Drake Maye,New England Patriots,0,,,Miami Dolphins,0,0
31,2,50,Colston Loveland,TE,Chicago Bears,MIKEC6212,Jared Goff,Detroit Lions,0,,,New York Giants,0,0
31,3,51,Theo Johnson,TE,New York Giants,SHAGNASTYB,Caleb Williams,Chicago Bears,0,,,Chicago Bears,2,1
31,4,52,Aaron Jones,RB,Minnesota Vikings,GUNNEROSS,Sam Darnold,Seattle Seahawks,0,,,Baltimore Ravens,0,0
31,5,53,Kendrick Bourne,WR,San Francisco 49ers,SCHWEC03,Brock Purdy,San Francisco 49ers,1,,,Los Angeles Rams,1,1
31,6,54,Dalton Kincaid,TE,Buffalo Bills,CASHILYY,Jaxson Dart,New York Giants,0,,,Miami Dolphins,1,1
31,7,55,Harold Fannin,TE,Cleveland Browns,DANJPRECIADO,Justin Fields,New York Jets,0,,,New York Jets,2,1
31,8,56,Zach Ertz,TE,Washington Commanders,WOLHAIKSONG,Josh Allen,Buffalo Bills,0,,,Detroit Lions,1,1
31,9,57,Mark Andrews,TE,Baltimore Ravens,DMLARSON,Baker Mayfield,Tampa Bay Buccaneers,0,,,Minnesota Vikings,0,0
31,10,58,Alvin Kamara,RB,New Orleans Saints,KOBEGOAT2424,Lamar Jackson,Baltimore Ravens,0,,,Carolina Panthers,0,0
31,11,59,Jacoby Brissett,QB,Arizona Cardinals,YUZENN,Jacoby Brissett,Arizona Cardinals,1,2,1,Seattle Seahawks,0,0
31,12,60,Juwan Johnson,TE,New Orleans Saints,D4VE,Marcus Mariota,Washington Commanders,0,,,Carolina Panthers,0,0
31,12,61,Marcus Mariota,QB,Washington Commanders,D4VE,Marcus Mariota,Washington Commanders,1,1,1,Detroit Lions,0,0
31,11,62,D.J. Moore,WR,Chicago Bears,YUZENN,Jacoby Brissett,Arizona Cardinals,0,,,New York Giants,1,1
31,10,63,Cade Otton,TE,Tampa Bay Buccaneers,KOBEGOAT2424,Lamar Jackson,Baltimore Ravens,0,,,New England Patriots,0,0
31,9,64,Brian Thomas,WR,Jacksonville Jaguars,DMLARSON,Baker Mayfield,Tampa Bay Buccaneers,0,,,Houston Texans,1,1
31,8,65,Keon Coleman,WR,Buffalo Bills,WOLHAIKSONG,Josh Allen,Buffalo Bills,1,,,Miami Dolphins,0,0
31,7,66,Justin Fields,QB,New York Jets,DANJPRECIADO,Justin Fields,New York Jets,1,1,1,Cleveland Browns,1,1
31,6,67,Darius Slayton,WR,New York Giants,CASHILYY,Jaxson Dart,New York Giants,1,,,Chicago Bears,0,0
31,5,68,Brock Purdy,QB,San Francisco 49ers,SCHWEC03,Brock Purdy,San Francisco 49ers,1,2,1,Los Angeles Rams,1,1
31,4,69,Sam Darnold,QB,Seattle Seahawks,GUNNEROSS,Sam Darnold,Seattle Seahawks,1,1,1,Arizona Cardinals,0,0
31,3,70,Jerry Jeudy,WR,Cleveland Browns,SHAGNASTYB,Caleb Williams,Chicago Bears,0,,,New York Jets,0,0
31,2,71,TreVeyon Henderson,RB,New England Patriots,MIKEC6212,Jared Goff,Detroit Lions,0,,,Tampa Bay Buccaneers,0,0
31,1,72,DeMario Douglas,WR,New England Patriots,LEE121503,Drake Maye,New England Patriots,1,,,Tampa Bay Buccaneers,0,0
32,1,1,Jaxon Smith-Njigba,WR,Seattle Seahawks,CONNORMCCL,Jaxson Dart,New York Giants,0,,,Arizona Cardinals,0,0
32,2,2,Christian McCaffrey,RB,San Francisco 49ers,LEE121503,Justin Fields,New York Jets,0,,,Los Angeles Rams,0,0
32,3,3,James Cook,RB,Buffalo Bills,CHADCANDLES,Drake Maye,New England Patriots,0,,,Miami Dolphins,0,0
32,4,4,Jahmyr Gibbs,RB,Detroit Lions,INGELX,Jared Goff,Detroit Lions,1,,,Washington Commanders,0,0
32,5,5,Puka Nacua,WR,Los Angeles Rams,DMLARSON,Matthew Stafford,Los Angeles Rams,1,,,San Francisco 49ers,1,1
32,6,6,Rico Dowdle,RB,Carolina Panthers,MIKEC6212,Caleb Williams,Chicago Bears,0,,,New Orleans Saints,0,0
32,7,7,Derrick Henry,RB,Baltimore Ravens,SICKODANK,J.J. McCarthy,Minnesota Vikings,0,,,Minnesota Vikings,2,1
32,8,8,De'Von Achane,RB,Miami Dolphins,SCHWEC03,C.J. Stroud,Houston Texans,0,,,Buffalo Bills,0,0
32,9,9,Amon-Ra St. Brown,WR,Detroit Lions,KRUTCHES93,Marcus Mariota,Washington Commanders,0,,,Washington Commanders,3,1
32,10,10,Davante Adams,WR,Los Angeles Rams,TEDDYONFETTI,Josh Allen,Buffalo Bills,0,,,San Francisco 49ers,0,0
32,11,11,Trey McBride,TE,Arizona Cardinals,STEVEVELGIN79,Lamar Jackson,Baltimore Ravens,0,,,Seattle Seahawks,0,0
32,12,12,Justin Jefferson,WR,Minnesota Vikings,TEHINFAMOUS,Baker Mayfield,Tampa Bay Buccaneers,0,,,Baltimore Ravens,0,0
32,12,13,Emeka Egbuka,WR,Tampa Bay Buccaneers,TEHINFAMOUS,Baker Mayfield,Tampa Bay Buccaneers,1,,,New England Patriots,1,1
32,11,14,Lamar Jackson,QB,Baltimore Ravens,STEVEVELGIN79,Lamar Jackson,Baltimore Ravens,1,2,1,Minnesota Vikings,0,0
32,10,15,Josh Allen,QB,Buffalo Bills,TEDDYONFETTI,Josh Allen,Buffalo Bills,1,0,0,Miami Dolphins,0,0
32,9,16,Kyren Williams,RB,Los Angeles Rams,KRUTCHES93,Marcus Mariota,Washington Commanders,0,,,San Francisco 49ers,0,0
32,8,17,Nico Collins,WR,Houston Texans,SCHWEC03,C.J. Stroud,Houston Texans,1,,,Jacksonville Jaguars,0,0
32,7,18,Bucky Irving,RB,Tampa Bay Buccaneers,SICKODANK,J.J. McCarthy,Minnesota Vikings,0,,,New England Patriots,1,1
32,6,19,Quinshon Judkins,RB,Cleveland Browns,MIKEC6212,Caleb Williams,Chicago Bears,0,,,New York Jets,0,0
32,5,20,George Kittle,TE,San Francisco 49ers,DMLARSON,Matthew Stafford,Los Angeles Rams,0,,,Los Angeles Rams,2,1
32,4,21,Breece Hall,RB,New York Jets,INGELX,Jared Goff,Detroit Lions,0,,,Cleveland Browns,1,1
32,3,22,Kyle Monangai,RB,Chicago Bears,CHADCANDLES,Drake Maye,New England Patriots,0,,,New York Giants,0,0
32,2,23,D'Andre Swift,RB,Chicago Bears,LEE121503,Justin Fields,New York Jets,0,,,New York Giants,0,0
32,1,24,Jaxson Dart,QB,New York Giants,CONNORMCCL,Jaxson Dart,New York Giants,1,0,0,Chicago Bears,0,0
32,1,25,Sam LaPorta,TE,Detroit Lions,CONNORMCCL,Jaxson Dart,New York Giants,0,,,Washington Commanders,0,0
32,2,26,Garrett Wilson,WR,New York Jets,LEE121503,Justin Fields,New York Jets,1,,,Cleveland Browns,0,0
32,3,27,Drake Maye,QB,New England Patriots,CHADCANDLES,Drake Maye,New England Patriots,1,1,1,Tampa Bay Buccaneers,1,1
32,4,28,Zay Flowers,WR,Baltimore Ravens,INGELX,Jared Goff,Detroit Lions,0,,,Minnesota Vikings,0,0
32,5,29,Jaylen Waddle,WR,Miami Dolphins,DMLARSON,Matthew Stafford,Los Angeles Rams,0,,,Buffalo Bills,0,0
32,6,30,Rome Odunze,WR,Chicago Bears,MIKEC6212,Caleb Williams,Chicago Bears,1,,,New York Giants,0,0
32,7,31,Tetairoa McMillan,WR,Carolina Panthers,SICKODANK,J.J. McCarthy,Minnesota Vikings,0,,,New Orleans Saints,0,0
32,8,32,Chris Olave,WR,New Orleans Saints,SCHWEC03,C.J. Stroud,Houston Texans,0,,,Carolina Panthers,0,0
32,9,33,Deebo Samuel,WR,Washington Commanders,KRUTCHES93,Marcus Mariota,Washington Commanders,1,,,Detroit Lions,1,1
32,10,34,Travis Etienne Jr.,RB,Jacksonville Jaguars,TEDDYONFETTI,Josh Allen,Buffalo Bills,0,,,Houston Texans,0,0
32,11,35,Tyrone Tracy,RB,New York Giants,STEVEVELGIN79,Lamar Jackson,Baltimore Ravens,0,,,Chicago Bears,0,0
32,12,36,Baker Mayfield,QB,Tampa Bay Buccaneers,TEHINFAMOUS,Baker Mayfield,Tampa Bay Buccaneers,1,2,1,New England Patriots,1,1
32,12,37,Stefon Diggs,WR,New England Patriots,TEHINFAMOUS,Baker Mayfield,Tampa Bay Buccaneers,0,,,Tampa Bay Buccaneers,3,1
32,11,38,Wan'Dale Robinson,WR,New York Giants,STEVEVELGIN79,Lamar Jackson,Baltimore Ravens,0,,,Chicago Bears,0,0
32,10,39,Marvin Harrison,WR,Arizona Cardinals,TEDDYONFETTI,Josh Allen,Buffalo Bills,0,,,Seattle Seahawks,0,0
32,9,40,Khalil Shakir,WR,Buffalo Bills,KRUTCHES93,Marcus Mariota,Washington Commanders,0,,,Miami Dolphins,0,0
32,8,41,David Montgomery,RB,Detroit Lions,SCHWEC03,C.J. Stroud,Houston Texans,0,,,Washington Commanders,0,0
32,7,42,Jordan Addison,WR,Minnesota Vikings,SICKODANK,J.J. McCarthy,Minnesota Vikings,1,,,Baltimore Ravens,1,1
32,6,43,Caleb Williams,QB,Chicago Bears,MIKEC6212,Caleb Williams,Chicago Bears,1,2,1,New York Giants,0,0
32,5,44,Kenneth Walker III,RB,Seattle Seahawks,DMLARSON,Matthew Stafford,Los Angeles Rams,0,,,Arizona Cardinals,0,0
32,4,45,Jameson Williams,WR,Detroit Lions,INGELX,Jared Goff,Detroit Lions,1,,,Washington Commanders,0,0
32,3,46,Dalton Kincaid,TE,Buffalo Bills,CHADCANDLES,Drake Maye,New England Patriots,0,,,Miami Dolphins,0,0
32,2,47,Jauan Jennings,WR,San Francisco 49ers,LEE121503,Justin Fields,New York Jets,0,,,Los Angeles Rams,0,0
32,1,48,T.J. Hockenson,TE,Minnesota Vikings,CONNORMCCL,Jaxson Dart,New York Giants,0,,,Baltimore Ravens,0,0
32,1,49,Zach Charbonnet,RB,Seattle Seahawks,CONNORMCCL,Jaxson Dart,New York Giants,0,,,Arizona Cardinals,0,0
32,2,50,Justin Fields,QB,New York Jets,LEE121503,Justin Fields,New York Jets,1,1,1,Cleveland Browns,0,0
32,3,51,DeMario Douglas,WR,New England Patriots,CHADCANDLES,Drake Maye,New England Patriots,1,,,Tampa Bay Buccaneers,1,1
32,4,52,Jared Goff,QB,Detroit Lions,INGELX,Jared Goff,Detroit Lions,1,2,1,Washington Commanders,0,0
32,5,53,D.J. Moore,WR,Chicago Bears,DMLARSON,Matthew Stafford,Los Angeles Rams,0,,,New York Giants,0,0
32,6,54,Colston Loveland,TE,Chicago Bears,MIKEC6212,Caleb Williams,Chicago Bears,1,,,New York Giants,0,0
32,7,55,Hunter Henry,TE,New England Patriots,SICKODANK,J.J. McCarthy,Minnesota Vikings,0,,,Tampa Bay Buccaneers,1,1
32,8,56,Dalton Schultz,TE,Houston Texans,SCHWEC03,C.J. Stroud,Houston Texans,1,,,Jacksonville Jaguars,0,0
32,9,57,Zach Ertz,TE,Washington Commanders,KRUTCHES93,Marcus Mariota,Washington Commanders,1,,,Detroit Lions,1,1
32,10,58,Rachaad White,RB,Tampa Bay Buccaneers,TEDDYONFETTI,Josh Allen,Buffalo Bills,0,,,New England Patriots,0,0
32,11,59,Mark Andrews,TE,Baltimore Ravens,STEVEVELGIN79,Lamar Jackson,Baltimore Ravens,1,,,Minnesota Vikings,0,0
32,12,60,Woody Marks,RB,Houston Texans,TEHINFAMOUS,Baker Mayfield,Tampa Bay Buccaneers,0,,,Jacksonville Jaguars,0,0
32,12,61,Cade Otton,TE,Tampa Bay Buccaneers,TEHINFAMOUS,Baker Mayfield,Tampa Bay Buccaneers,1,,,New England Patriots,1,1
32,11,62,DeAndre Hopkins,WR,Baltimore Ravens,STEVEVELGIN79,Lamar Jackson,Baltimore Ravens,1,,,Minnesota Vikings,0,0
32,10,63,Theo Johnson,TE,New York Giants,TEDDYONFETTI,Josh Allen,Buffalo Bills,0,,,Chicago Bears,0,0
32,9,64,Marcus Mariota,QB,Washington Commanders,KRUTCHES93,Marcus Mariota,Washington Commanders,1,2,1,Detroit Lions,1,1
32,8,65,C.J. Stroud,QB,Houston Texans,SCHWEC03,C.J. Stroud,Houston Texans,1,2,1,Jacksonville Jaguars,0,0
32,7,66,J.J. McCarthy,QB,Minnesota Vikings,SICKODANK,J.J. McCarthy,Minnesota Vikings,1,1,1,Baltimore Ravens,1,1
32,6,67,Kayshon Boutte,WR,New England Patriots,MIKEC6212,Caleb Williams,Chicago Bears,0,,,Tampa Bay Buccaneers,0,0
32,5,68,Matthew Stafford,QB,Los Angeles Rams,DMLARSON,Matthew Stafford,Los Angeles Rams,1,1,1,San Francisco 49ers,1,1
32,4,69,Harold Fannin,TE,Cleveland Browns,INGELX,Jared Goff,Detroit Lions,0,,,New York Jets,1,1
32,3,70,Chris Godwin,WR,Tampa Bay Buccaneers,CHADCANDLES,Drake Maye,New England Patriots,0,,,New England Patriots,2,1
32,2,71,Juwan Johnson,TE,New Orleans Saints,LEE121503,Justin Fields,New York Jets,0,,,Carolina Panthers,0,0
32,1,72,Brian Thomas,WR,Jacksonville Jaguars,CONNORMCCL,Jaxson Dart,New York Giants,0,,,Houston Texans,0,0
33,1,1,Christian McCaffrey,RB,San Francisco 49ers,D4VE,Justin Fields,New York Jets,0,,,Los Angeles Rams,0,0
33,2,2,Jahmyr Gibbs,RB,Detroit Lions,DREAMINGOFS,Jared Goff,Detroit Lions,1,,,Washington Commanders,0,0
33,3,3,James Cook,RB,Buffalo Bills,BUSTERSBOYS,J.J. McCarthy,Minnesota Vikings,0,,,Miami Dolphins,0,0
33,4,4,Jaxon Smith-Njigba,WR,Seattle Seahawks,HETT711,Sam Darnold,Seattle Seahawks,1,,,Arizona Cardinals,1,1
33,5,5,Puka Nacua,WR,Los Angeles Rams,MIKEC6212,Matthew Stafford,Los Angeles Rams,1,,,San Francisco 49ers,2,1
33,6,6,Rico Dowdle,RB,Carolina Panthers,LEE121503,Jaxson Dart,New York Giants,0,,,New Orleans Saints,0,0
33,7,7,Amon-Ra St. Brown,WR,Detroit Lions,STEVEVELGIN79,Caleb Williams,Chicago Bears,0,,,Washington Commanders,0,0
33,8,8,De'Von Achane,RB,Miami Dolphins,CHADCANDLES,Lamar Jackson,Baltimore Ravens,0,,,Buffalo Bills,0,0
33,9,9,Kyren Williams,RB,Los Angeles Rams,DMLARSON,Drake Maye,New England Patriots,0,,,San Francisco 49ers,0,0
33,10,10,Josh Allen,QB,Buffalo Bills,YIRKO,Josh Allen,Buffalo Bills,1,0,0,Miami Dolphins,0,0
33,11,11,Derrick Henry,RB,Baltimore Ravens,MERKZ13,Baker Mayfield,Tampa Bay Buccaneers,0,,,Minnesota Vikings,0,0
33,12,12,Trey McBride,TE,Arizona Cardinals,KRUTCHES93,Jacoby Brissett,Arizona Cardinals,1,,,Seattle Seahawks,0,0
33,12,13,Justin Jefferson,WR,Minnesota Vikings,KRUTCHES93,Jacoby Brissett,Arizona Cardinals,0,,,Baltimore Ravens,0,0
33,11,14,Emeka Egbuka,WR,Tampa Bay Buccaneers,MERKZ13,Baker Mayfield,Tampa Bay Buccaneers,1,,,New England Patriots,1,1
33,10,15,Quinshon Judkins,RB,Cleveland Browns,YIRKO,Josh Allen,Buffalo Bills,0,,,New York Jets,0,0
33,9,16,Davante Adams,WR,Los Angeles Rams,DMLARSON,Drake Maye,New England Patriots,0,,,San Francisco 49ers,0,0
33,8,17,Lamar Jackson,QB,Baltimore Ravens,CHADCANDLES,Lamar Jackson,Baltimore Ravens,1,1,1,Minnesota Vikings,0,0
33,7,18,Nico Collins,WR,Houston Texans,STEVEVELGIN79,Caleb Williams,Chicago Bears,0,,,Jacksonville Jaguars,0,0
33,6,19,Bucky Irving,RB,Tampa Bay Buccaneers,LEE121503,Jaxson Dart,New York Giants,0,,,New England Patriots,0,0
33,5,20,George Kittle,TE,San Francisco 49ers,MIKEC6212,Matthew Stafford,Los Angeles Rams,0,,,Los Angeles Rams,2,1
33,4,21,Breece Hall,RB,New York Jets,HETT711,Sam Darnold,Seattle Seahawks,0,,,Cleveland Browns,0,0
33,3,22,Zay Flowers,WR,Baltimore Ravens,BUSTERSBOYS,J.J. McCarthy,Minnesota Vikings,0,,,Minnesota Vikings,2,1
33,2,23,Sam LaPorta,TE,Detroit Lions,DREAMINGOFS,Jared Goff,Detroit Lions,1,,,Washington Commanders,0,0
33,1,24,Jaylen Waddle,WR,Miami Dolphins,D4VE,Justin Fields,New York Jets,0,,,Buffalo Bills,1,1
33,1,25,Rome Odunze,WR,Chicago Bears,D4VE,Justin Fields,New York Jets,0,,,New York Giants,0,0
33,2,26,Jared Goff,QB,Detroit Lions,DREAMINGOFS,Jared Goff,Detroit Lions,1,2,1,Washington Commanders,0,0
33,3,27,Kyle Monangai,RB,Chicago Bears,BUSTERSBOYS,J.J. McCarthy,Minnesota Vikings,0,,,New York Giants,0,0
33,4,28,Chris Olave,WR,New Orleans Saints,HETT711,Sam Darnold,Seattle Seahawks,0,,,Carolina Panthers,0,0
33,5,29,D'Andre Swift,RB,Chicago Bears,MIKEC6212,Matthew Stafford,Los Angeles Rams,0,,,New York Giants,0,0
33,6,30,Jaxson Dart,QB,New York Giants,LEE121503,Jaxson Dart,New York Giants,1,1,1,Chicago Bears,0,0
33,7,31,Tyrone Tracy,RB,New York Giants,STEVEVELGIN79,Caleb Williams,Chicago Bears,0,,,Chicago Bears,1,1
33,8,32,Garrett Wilson,WR,New York Jets,CHADCANDLES,Lamar Jackson,Baltimore Ravens,0,,,Cleveland Browns,0,0
33,9,33,Tetairoa McMillan,WR,Carolina Panthers,DMLARSON,Drake Maye,New England Patriots,0,,,New Orleans Saints,1,1
33,10,34,Stefon Diggs,WR,New England Patriots,YIRKO,Josh Allen,Buffalo Bills,0,,,Tampa Bay Buccaneers,0,0
33,11,35,Baker Mayfield,QB,Tampa Bay Buccaneers,MERKZ13,Baker Mayfield,Tampa Bay Buccaneers,1,2,1,New England Patriots,1,1
33,12,36,Deebo Samuel,WR,Washington Commanders,KRUTCHES93,Jacoby Brissett,Arizona Cardinals,0,,,Detroit Lions,0,0
33,12,37,Travis Etienne Jr.,RB,Jacksonville Jaguars,KRUTCHES93,Jacoby Brissett,Arizona Cardinals,0,,,Houston Texans,0,0
33,11,38,David Montgomery,RB,Detroit Lions,MERKZ13,Baker Mayfield,Tampa Bay Buccaneers,0,,,Washington Commanders,0,0
33,10,39,Wan'Dale Robinson,WR,New York Giants,YIRKO,Josh Allen,Buffalo Bills,0,,,Chicago Bears,0,0
33,9,40,Drake Maye,QB,New England Patriots,DMLARSON,Drake Maye,New England Patriots,1,0,0,Tampa Bay Buccaneers,0,0
33,8,41,TreVeyon Henderson,RB,New England Patriots,CHADCANDLES,Lamar Jackson,Baltimore Ravens,0,,,Tampa Bay Buccaneers,0,0
33,7,42,Caleb Williams,QB,Chicago Bears,STEVEVELGIN79,Caleb Williams,Chicago Bears,1,0,0,New York Giants,1,1
33,6,43,Jameson Williams,WR,Detroit Lions,LEE121503,Jaxson Dart,New York Giants,0,,,Washington Commanders,0,0
33,5,44,Jauan Jennings,WR,San Francisco 49ers,MIKEC6212,Matthew Stafford,Los Angeles Rams,0,,,Los Angeles Rams,2,1
33,4,45,Marvin Harrison,WR,Arizona Cardinals,HETT711,Sam Darnold,Seattle Seahawks,0,,,Seattle Seahawks,2,1
33,3,46,Jordan Addison,WR,Minnesota Vikings,BUSTERSBOYS,J.J. McCarthy,Minnesota Vikings,1,,,Baltimore Ravens,1,1
33,2,47,Kenneth Walker III,RB,Seattle Seahawks,DREAMINGOFS,Jared Goff,Detroit Lions,0,,,Arizona Cardinals,0,0
33,1,48,Dalton Kincaid,TE,Buffalo Bills,D4VE,Justin Fields,New York Jets,0,,,Miami Dolphins,1,1
33,1,49,Justin Fields,QB,New York Jets,D4VE,Justin Fields,New York Jets,1,0,0,Cleveland Browns,0,0
33,2,50,Khalil Shakir,WR,Buffalo Bills,DREAMINGOFS,Jared Goff,Detroit Lions,0,,,Miami Dolphins,0,0
33,3,51,Colston Loveland,TE,Chicago Bears,BUSTERSBOYS,J.J. McCarthy,Minnesota Vikings,0,,,New York Giants,0,0
33,4,52,Sam Darnold,QB,Seattle Seahawks,HETT711,Sam Darnold,Seattle Seahawks,1,1,1,Arizona Cardinals,1,1
33,5,53,Matthew Stafford,QB,Los Angeles Rams,MIKEC6212,Matthew Stafford,Los Angeles Rams,1,1,1,San Francisco 49ers,2,1
33,6,54,Theo Johnson,TE,New York Giants,LEE121503,Jaxson Dart,New York Giants,1,,,Chicago Bears,0,0
33,7,55,Hunter Henry,TE,New England Patriots,STEVEVELGIN79,Caleb Williams,Chicago Bears,0,,,Tampa Bay Buccaneers,0,0
33,8,56,Darius Slayton,WR,New York Giants,CHADCANDLES,Lamar Jackson,Baltimore Ravens,0,,,Chicago Bears,0,0
33,9,57,D.J. Moore,WR,Chicago Bears,DMLARSON,Drake Maye,New England Patriots,0,,,New York Giants,0,0
33,10,58,Harold Fannin,TE,Cleveland Browns,YIRKO,Josh Allen,Buffalo Bills,0,,,New York Jets,0,0
33,11,59,DeMario Douglas,WR,New England Patriots,MERKZ13,Baker Mayfield,Tampa Bay Buccaneers,0,,,Tampa Bay Buccaneers,3,1
33,12,60,Jacoby Brissett,QB,Arizona Cardinals,KRUTCHES93,Jacoby Brissett,Arizona Cardinals,1,1,1,Seattle Seahawks,0,0
33,12,61,Rhamondre Stevenson,RB,New England Patriots,KRUTCHES93,Jacoby Brissett,Arizona Cardinals,0,,,Tampa Bay Buccaneers,0,0
33,11,62,Cade Otton,TE,Tampa Bay Buccaneers,MERKZ13,Baker Mayfield,Tampa Bay Buccaneers,1,,,New England Patriots,1,1
33,10,63,Zach Charbonnet,RB,Seattle Seahawks,YIRKO,Josh Allen,Buffalo Bills,0,,,Arizona Cardinals,0,0
33,9,64,Juwan Johnson,TE,New Orleans Saints,DMLARSON,Drake Maye,New England Patriots,0,,,Carolina Panthers,1,1
33,8,65,Mark Andrews,TE,Baltimore Ravens,CHADCANDLES,Lamar Jackson,Baltimore Ravens,1,,,Minnesota Vikings,0,0
33,7,66,Aaron Jones,RB,Minnesota Vikings,STEVEVELGIN79,Caleb Williams,Chicago Bears,0,,,Baltimore Ravens,0,0
33,6,67,Brian Thomas,WR,Jacksonville Jaguars,LEE121503,Jaxson Dart,New York Giants,0,,,Houston Texans,0,0
33,5,68,Alvin Kamara,RB,New Orleans Saints,MIKEC6212,Matthew Stafford,Los Angeles Rams,0,,,Carolina Panthers,0,0
33,4,69,T.J. Hockenson,TE,Minnesota Vikings,HETT711,Sam Darnold,Seattle Seahawks,0,,,Baltimore Ravens,0,0
33,3,70,J.J. McCarthy,QB,Minnesota Vikings,BUSTERSBOYS,J.J. McCarthy,Minnesota Vikings,1,1,1,Baltimore Ravens,1,1
33,2,71,Jerry Jeudy,WR,Cleveland Browns,DREAMINGOFS,Jared Goff,Detroit Lions,0,,,New York Jets,0,0
33,1,72,Jordan Mason,RB,Minnesota Vikings,D4VE,Justin Fields,New York Jets,0,,,Baltimore Ravens,0,0
34,1,1,Christian McCaffrey,RB,San Francisco 49ers,BUSTERSBOYS,Caleb Williams,Chicago Bears,0,,,Los Angeles Rams,0,0
34,2,2,Jahmyr Gibbs,RB,Detroit Lions,GUNNEROSS,Justin Fields,New York Jets,0,,,Washington Commanders,0,0
34,3,3,Jaxon Smith-Njigba,WR,Seattle Seahawks,MANARAY31,Jaxson Dart,New York Giants,0,,,Arizona Cardinals,0,0
34,4,4,James Cook,RB,Buffalo Bills,SCHWEC03,Baker Mayfield,Tampa Bay Buccaneers,0,,,Miami Dolphins,0,0
34,5,5,Rico Dowdle,RB,Carolina Panthers,CGEEEEEE,Jared Goff,Detroit Lions,0,,,New Orleans Saints,0,0
34,6,6,Derrick Henry,RB,Baltimore Ravens,REDRYGHT88,Sam Darnold,Seattle Seahawks,0,,,Minnesota Vikings,0,0
34,7,7,Josh Allen,QB,Buffalo Bills,ACE2217,Josh Allen,Buffalo Bills,1,0,0,Miami Dolphins,0,0
34,8,8,De'Von Achane,RB,Miami Dolphins,KRUTCHES93,Marcus Mariota,Washington Commanders,0,,,Buffalo Bills,0,0
34,9,9,Amon-Ra St. Brown,WR,Detroit Lions,INGELX,Matthew Stafford,Los Angeles Rams,0,,,Washington Commanders,0,0
34,10,10,Puka Nacua,WR,Los Angeles Rams,____,Drake Maye,New England Patriots,0,,,San Francisco 49ers,0,0
34,11,11,Lamar Jackson,QB,Baltimore Ravens,BOOMERWINS,Lamar Jackson,Baltimore Ravens,1,1,1,Minnesota Vikings,0,0
34,12,12,Justin Jefferson,WR,Minnesota Vikings,KURUC711,J.J. McCarthy,Minnesota Vikings,1,,,Baltimore Ravens,0,0
34,12,13,Davante Adams,WR,Los Angeles Rams,KURUC711,J.J. McCarthy,Minnesota Vikings,0,,,San Francisco 49ers,0,0
34,11,14,Kyren Williams,RB,Los Angeles Rams,BOOMERWINS,Lamar Jackson,Baltimore Ravens,0,,,San Francisco 49ers,0,0
34,10,15,Trey McBride,TE,Arizona Cardinals,____,Drake Maye,New England Patriots,0,,,Seattle Seahawks,1,1
34,9,16,Quinshon Judkins,RB,Cleveland Browns,INGELX,Matthew Stafford,Los Angeles Rams,0,,,New York Jets,0,0
34,8,17,Emeka Egbuka,WR,Tampa Bay Buccaneers,KRUTCHES93,Marcus Mariota,Washington Commanders,0,,,New England Patriots,0,0
34,7,18,Rome Odunze,WR,Chicago Bears,ACE2217,Josh Allen,Buffalo Bills,0,,,New York Giants,1,1
34,6,19,Bucky Irving,RB,Tampa Bay Buccaneers,REDRYGHT88,Sam Darnold,Seattle Seahawks,0,,,New England Patriots,0,0
34,5,20,Breece Hall,RB,New York Jets,CGEEEEEE,Jared Goff,Detroit Lions,0,,,Cleveland Browns,0,0
34,4,21,Nico Collins,WR,Houston Texans,SCHWEC03,Baker Mayfield,Tampa Bay Buccaneers,0,,,Jacksonville Jaguars,0,0
34,3,22,Zay Flowers,WR,Baltimore Ravens,MANARAY31,Jaxson Dart,New York Giants,0,,,Minnesota Vikings,0,0
34,2,23,George Kittle,TE,San Francisco 49ers,GUNNEROSS,Justin Fields,New York Jets,0,,,Los Angeles Rams,0,0
34,1,24,Jaylen Waddle,WR,Miami Dolphins,BUSTERSBOYS,Caleb Williams,Chicago Bears,0,,,Buffalo Bills,0,0
34,1,25,Kyle Monangai,RB,Chicago Bears,BUSTERSBOYS,Caleb Williams,Chicago Bears,1,,,New York Giants,0,0
34,2,26,Stefon Diggs,WR,New England Patriots,GUNNEROSS,Justin Fields,New York Jets,0,,,Tampa Bay Buccaneers,0,0
34,3,27,Jaxson Dart,QB,New York Giants,MANARAY31,Jaxson Dart,New York Giants,1,1,1,Chicago Bears,0,0
34,4,28,Chris Olave,WR,New Orleans Saints,SCHWEC03,Baker Mayfield,Tampa Bay Buccaneers,0,,,Carolina Panthers,0,0
34,5,29,Sam LaPorta,TE,Detroit Lions,CGEEEEEE,Jared Goff,Detroit Lions,1,,,Washington Commanders,0,0
34,6,30,Marvin Harrison,WR,Arizona Cardinals,REDRYGHT88,Sam Darnold,Seattle Seahawks,0,,,Seattle Seahawks,1,1
34,7,31,David Montgomery,RB,Detroit Lions,ACE2217,Josh Allen,Buffalo Bills,0,,,Washington Commanders,0,0
34,8,32,D'Andre Swift,RB,Chicago Bears,KRUTCHES93,Marcus Mariota,Washington Commanders,0,,,New York Giants,0,0
34,9,33,Travis Etienne Jr.,RB,Jacksonville Jaguars,INGELX,Matthew Stafford,Los Angeles Rams,0,,,Houston Texans,0,0
34,10,34,Drake Maye,QB,New England Patriots,____,Drake Maye,New England Patriots,1,1,1,Tampa Bay Buccaneers,0,0
34,11,35,Wan'Dale Robinson,WR,New York Giants,BOOMERWINS,Lamar Jackson,Baltimore Ravens,0,,,Chicago Bears,1,1
34,12,36,Dalton Kincaid,TE,Buffalo Bills,KURUC711,J.J. McCarthy,Minnesota Vikings,0,,,Miami Dolphins,0,0
34,12,37,Garrett Wilson,WR,New York Jets,KURUC711,J.J. McCarthy,Minnesota Vikings,0,,,Cleveland Browns,0,0
34,11,38,Colston Loveland,TE,Chicago Bears,BOOMERWINS,Lamar Jackson,Baltimore Ravens,0,,,New York Giants,1,1
34,10,39,Kenneth Walker III,RB,Seattle Seahawks,____,Drake Maye,New England Patriots,0,,,Arizona Cardinals,1,1
34,9,40,Tetairoa McMillan,WR,Carolina Panthers,INGELX,Matthew Stafford,Los Angeles Rams,0,,,New Orleans Saints,1,1
34,8,41,Deebo Samuel,WR,Washington Commanders,KRUTCHES93,Marcus Mariota,Washington Commanders,1,,,Detroit Lions,0,0
34,7,42,Theo Johnson,TE,New York Giants,ACE2217,Josh Allen,Buffalo Bills,0,,,Chicago Bears,1,1
34,6,43,D.J. Moore,WR,Chicago Bears,REDRYGHT88,Sam Darnold,Seattle Seahawks,0,,,New York Giants,0,0
34,5,44,Jameson Williams,WR,Detroit Lions,CGEEEEEE,Jared Goff,Detroit Lions,1,,,Washington Commanders,0,0
34,4,45,Baker Mayfield,QB,Tampa Bay Buccaneers,SCHWEC03,Baker Mayfield,Tampa Bay Buccaneers,1,0,0,New England Patriots,0,0
34,3,46,Tyrone Tracy,RB,New York Giants,MANARAY31,Jaxson Dart,New York Giants,1,,,Chicago Bears,0,0
34,2,47,Jordan Addison,WR,Minnesota Vikings,GUNNEROSS,Justin Fields,New York Jets,0,,,Baltimore Ravens,0,0
34,1,48,Caleb Williams,QB,Chicago Bears,BUSTERSBOYS,Caleb Williams,Chicago Bears,1,1,1,New York Giants,0,0
34,1,49,Cade Otton,TE,Tampa Bay Buccaneers,BUSTERSBOYS,Caleb Williams,Chicago Bears,0,,,New England Patriots,0,0
34,2,50,TreVeyon Henderson,RB,New England Patriots,GUNNEROSS,Justin Fields,New York Jets,0,,,Tampa Bay Buccaneers,0,0
34,3,51,Hunter Henry,TE,New England Patriots,MANARAY31,Jaxson Dart,New York Giants,0,,,Tampa Bay Buccaneers,0,0
34,4,52,Khalil Shakir,WR,Buffalo Bills,SCHWEC03,Baker Mayfield,Tampa Bay Buccaneers,0,,,Miami Dolphins,0,0
34,5,53,Jared Goff,QB,Detroit Lions,CGEEEEEE,Jared Goff,Detroit Lions,1,2,1,Washington Commanders,0,0
34,6,54,Sam Darnold,QB,Seattle Seahawks,REDRYGHT88,Sam Darnold,Seattle Seahawks,1,0,0,Arizona Cardinals,1,1
34,7,55,Jauan Jennings,WR,San Francisco 49ers,ACE2217,Josh Allen,Buffalo Bills,0,,,Los Angeles Rams,0,0
34,8,56,Zach Ertz,TE,Washington Commanders,KRUTCHES93,Marcus Mariota,Washington Commanders,1,,,Detroit Lions,0,0
34,9,57,Matthew Stafford,QB,Los Angeles Rams,INGELX,Matthew Stafford,Los Angeles Rams,1,0,0,San Francisco 49ers,0,0
34,10,58,Aaron Jones,RB,Minnesota Vikings,____,Drake Maye,New England Patriots,0,,,Baltimore Ravens,0,0
34,11,59,Mark Andrews,TE,Baltimore Ravens,BOOMERWINS,Lamar Jackson,Baltimore Ravens,1,,,Minnesota Vikings,0,0
34,12,60,Zach Charbonnet,RB,Seattle Seahawks,KURUC711,J.J. McCarthy,Minnesota Vikings,0,,,Arizona Cardinals,0,0
34,12,61,J.J. McCarthy,QB,Minnesota Vikings,KURUC711,J.J. McCarthy,Minnesota Vikings,1,1,1,Baltimore Ravens,0,0
34,11,62,DeMario Douglas,WR,New England Patriots,BOOMERWINS,Lamar Jackson,Baltimore Ravens,0,,,Tampa Bay Buccaneers,0,0
34,10,63,Kayshon Boutte,WR,New England Patriots,____,Drake Maye,New England Patriots,1,,,Tampa Bay Buccaneers,0,0
34,9,64,Juwan Johnson,TE,New Orleans Saints,INGELX,Matthew Stafford,Los Angeles Rams,0,,,Carolina Panthers,1,1
34,8,65,Marcus Mariota,QB,Washington Commanders,KRUTCHES93,Marcus Mariota,Washington Commanders,1,2,1,Detroit Lions,0,0
34,7,66,Parker Washington,WR,Jacksonville Jaguars,ACE2217,Josh Allen,Buffalo Bills,0,,,Houston Texans,0,0
34,6,67,Harold Fannin,TE,Cleveland Browns,REDRYGHT88,Sam Darnold,Seattle Seahawks,0,,,New York Jets,0,0
34,5,68,Darius Slayton,WR,New York Giants,CGEEEEEE,Jared Goff,Detroit Lions,0,,,Chicago Bears,0,0
34,4,69,T.J. Hockenson,TE,Minnesota Vikings,SCHWEC03,Baker Mayfield,Tampa Bay Buccaneers,0,,,Baltimore Ravens,0,0
34,3,70,Woody Marks,RB,Houston Texans,MANARAY31,Jaxson Dart,New York Giants,0,,,Jacksonville Jaguars,0,0
34,2,71,Justin Fields,QB,New York Jets,GUNNEROSS,Justin Fields,New York Jets,1,0,0,Cleveland Browns,0,0
34,1,72,Chris Godwin,WR,Tampa Bay Buccaneers,BUSTERSBOYS,Caleb Williams,Chicago Bears,0,,,New England Patriots,0,0
35,1,1,Christian McCaffrey,RB,San Francisco 49ers,KURUC711,Baker Mayfield,Tampa Bay Buccaneers,0,,,Los Angeles Rams,0,0
35,2,2,Jaxon Smith-Njigba,WR,Seattle Seahawks,INGELX,Jaxson Dart,New York Giants,0,,,Arizona Cardinals,0,0
35,3,3,Jahmyr Gibbs,RB,Detroit Lions,LEE121503,Justin Fields,New York Jets,0,,,Washington Commanders,0,0
35,4,4,James Cook,RB,Buffalo Bills,MIKEC6212,Matthew Stafford,Los Angeles Rams,0,,,Miami Dolphins,1,1
35,5,5,Puka Nacua,WR,Los Angeles Rams,MERKZ13,Caleb Williams,Chicago Bears,0,,,San Francisco 49ers,1,1
35,6,6,Lamar Jackson,QB,Baltimore Ravens,TZC1969,Lamar Jackson,Baltimore Ravens,1,1,1,Minnesota Vikings,0,0
35,7,7,Rico Dowdle,RB,Carolina Panthers,ICEYFFB,Drake Maye,New England Patriots,0,,,New Orleans Saints,1,1
35,8,8,Amon-Ra St. Brown,WR,Detroit Lions,TOPSTATNFT,Jared Goff,Detroit Lions,1,,,Washington Commanders,0,0
35,9,9,De'Von Achane,RB,Miami Dolphins,TEDDYONFETTI,Sam Darnold,Seattle Seahawks,0,,,Buffalo Bills,0,0
35,10,10,Derrick Henry,RB,Baltimore Ravens,KRUTCHES93,Marcus Mariota,Washington Commanders,0,,,Minnesota Vikings,1,1
35,11,11,Josh Allen,QB,Buffalo Bills,MAJFEB17,Josh Allen,Buffalo Bills,1,1,1,Miami Dolphins,0,0
35,12,12,Trey McBride,TE,Arizona Cardinals,STEVEVELGIN79,Tua Tagovailoa,Miami Dolphins,0,,,Seattle Seahawks,0,0
35,12,13,Kyren Williams,RB,Los Angeles Rams,STEVEVELGIN79,Tua Tagovailoa,Miami Dolphins,0,,,San Francisco 49ers,0,0
35,11,14,Davante Adams,WR,Los Angeles Rams,MAJFEB17,Josh Allen,Buffalo Bills,0,,,San Francisco 49ers,0,0
35,10,15,Justin Jefferson,WR,Minnesota Vikings,KRUTCHES93,Marcus Mariota,Washington Commanders,0,,,Baltimore Ravens,1,1
35,9,16,Bucky Irving,RB,Tampa Bay Buccaneers,TEDDYONFETTI,Sam Darnold,Seattle Seahawks,0,,,New England Patriots,0,0
35,8,17,Emeka Egbuka,WR,Tampa Bay Buccaneers,TOPSTATNFT,Jared Goff,Detroit Lions,0,,,New England Patriots,1,1
35,7,18,Quinshon Judkins,RB,Cleveland Browns,ICEYFFB,Drake Maye,New England Patriots,0,,,New York Jets,0,0
35,6,19,Breece Hall,RB,New York Jets,TZC1969,Lamar Jackson,Baltimore Ravens,0,,,Cleveland Browns,0,0
35,5,20,George Kittle,TE,San Francisco 49ers,MERKZ13,Caleb Williams,Chicago Bears,0,,,Los Angeles Rams,1,1
35,4,21,Jaylen Waddle,WR,Miami Dolphins,MIKEC6212,Matthew Stafford,Los Angeles Rams,0,,,Buffalo Bills,1,1
35,3,22,Nico Collins,WR,Houston Texans,LEE121503,Justin Fields,New York Jets,0,,,Jacksonville Jaguars,0,0
35,2,23,Zay Flowers,WR,Baltimore Ravens,INGELX,Jaxson Dart,New York Giants,0,,,Minnesota Vikings,1,1
35,1,24,D'Andre Swift,RB,Chicago Bears,KURUC711,Baker Mayfield,Tampa Bay Buccaneers,0,,,New York Giants,0,0
35,1,25,Chris Olave,WR,New Orleans Saints,KURUC711,Baker Mayfield,Tampa Bay Buccaneers,0,,,Carolina Panthers,0,0
35,2,26,Jaxson Dart,QB,New York Giants,INGELX,Jaxson Dart,New York Giants,1,1,1,Chicago Bears,0,0
35,3,27,Kyle Monangai,RB,Chicago Bears,LEE121503,Justin Fields,New York Jets,0,,,New York Giants,0,0
35,4,28,Rome Odunze,WR,Chicago Bears,MIKEC6212,Matthew Stafford,Los Angeles Rams,0,,,New York Giants,1,1
35,5,29,Travis Etienne Jr.,RB,Jacksonville Jaguars,MERKZ13,Caleb Williams,Chicago Bears,0,,,Houston Texans,0,0
35,6,30,Sam LaPorta,TE,Detroit Lions,TZC1969,Lamar Jackson,Baltimore Ravens,0,,,Washington Commanders,0,0
35,7,31,Drake Maye,QB,New England Patriots,ICEYFFB,Drake Maye,New England Patriots,1,0,0,Tampa Bay Buccaneers,0,0
35,8,32,Jameson Williams,WR,Detroit Lions,TOPSTATNFT,Jared Goff,Detroit Lions,1,,,Washington Commanders,0,0
35,9,33,Garrett Wilson,WR,New York Jets,TEDDYONFETTI,Sam Darnold,Seattle Seahawks,0,,,Cleveland Browns,0,0
35,10,34,Stefon Diggs,WR,New England Patriots,KRUTCHES93,Marcus Mariota,Washington Commanders,0,,,Tampa Bay Buccaneers,0,0
35,11,35,Dalton Kincaid,TE,Buffalo Bills,MAJFEB17,Josh Allen,Buffalo Bills,1,,,Miami Dolphins,0,0
35,12,36,Wan'Dale Robinson,WR,New York Giants,STEVEVELGIN79,Tua Tagovailoa,Miami Dolphins,0,,,Chicago Bears,1,1
35,12,37,Tetairoa McMillan,WR,Carolina Panthers,STEVEVELGIN79,Tua Tagovailoa,Miami Dolphins,0,,,New Orleans Saints,0,0
35,11,38,David Montgomery,RB,Detroit Lions,MAJFEB17,Josh Allen,Buffalo Bills,0,,,Washington Commanders,0,0
35,10,39,Deebo Samuel,WR,Washington Commanders,KRUTCHES93,Marcus Mariota,Washington Commanders,1,,,Detroit Lions,0,0
35,9,40,Marvin Harrison,WR,Arizona Cardinals,TEDDYONFETTI,Sam Darnold,Seattle Seahawks,0,,,Seattle Seahawks,1,1
35,8,41,Jared Goff,QB,Detroit Lions,TOPSTATNFT,Jared Goff,Detroit Lions,1,2,1,Washington Commanders,0,0
35,7,42,Jordan Addison,WR,Minnesota Vikings,ICEYFFB,Drake Maye,New England Patriots,0,,,Baltimore Ravens,0,0
35,6,43,Mark Andrews,TE,Baltimore Ravens,TZC1969,Lamar Jackson,Baltimore Ravens,1,,,Minnesota Vikings,0,0
35,5,44,Caleb Williams,QB,Chicago Bears,MERKZ13,Caleb Williams,Chicago Bears,1,1,1,New York Giants,0,0
35,4,45,Tyrone Tracy,RB,New York Giants,MIKEC6212,Matthew Stafford,Los Angeles Rams,0,,,Chicago Bears,1,1
35,3,46,Jauan Jennings,WR,San Francisco 49ers,LEE121503,Justin Fields,New York Jets,0,,,Los Angeles Rams,0,0
35,2,47,Theo Johnson,TE,New York Giants,INGELX,Jaxson Dart,New York Giants,1,,,Chicago Bears,0,0
35,1,48,Khalil Shakir,WR,Buffalo Bills,KURUC711,Baker Mayfield,Tampa Bay Buccaneers,0,,,Miami Dolphins,0,0
35,1,49,Baker Mayfield,QB,Tampa Bay Buccaneers,KURUC711,Baker Mayfield,Tampa Bay Buccaneers,1,0,0,New England Patriots,0,0
35,2,50,Kenneth Walker III,RB,Seattle Seahawks,INGELX,Jaxson Dart,New York Giants,0,,,Arizona Cardinals,0,0
35,3,51,Justin Fields,QB,New York Jets,LEE121503,Justin Fields,New York Jets,1,0,0,Cleveland Browns,1,1
35,4,52,Matthew Stafford,QB,Los Angeles Rams,MIKEC6212,Matthew Stafford,Los Angeles Rams,1,0,0,San Francisco 49ers,0,0
35,5,53,D.J. Moore,WR,Chicago Bears,MERKZ13,Caleb Williams,Chicago Bears,1,,,New York Giants,0,0
35,6,54,Tory Horton,WR,Seattle Seahawks,TZC1969,Lamar Jackson,Baltimore Ravens,0,,,Arizona Cardinals,0,0
35,7,55,Parker Washington,WR,Jacksonville Jaguars,ICEYFFB,Drake Maye,New England Patriots,0,,,Houston Texans,0,0
35,8,56,Hunter Henry,TE,New England Patriots,TOPSTATNFT,Jared Goff,Detroit Lions,0,,,Tampa Bay Buccaneers,2,1
35,9,57,Sam Darnold,QB,Seattle Seahawks,TEDDYONFETTI,Sam Darnold,Seattle Seahawks,1,0,0,Arizona Cardinals,1,1
35,10,58,Marcus Mariota,QB,Washington Commanders,KRUTCHES93,Marcus Mariota,Washington Commanders,1,2,1,Detroit Lions,0,0
35,11,59,DeMario Douglas,WR,New England Patriots,MAJFEB17,Josh Allen,Buffalo Bills,0,,,Tampa Bay Buccaneers,0,0
35,12,60,Colston Loveland,TE,Chicago Bears,STEVEVELGIN79,Tua Tagovailoa,Miami Dolphins,0,,,New York Giants,1,1
35,12,61,Tua Tagovailoa,QB,Miami Dolphins,STEVEVELGIN79,Tua Tagovailoa,Miami Dolphins,1,0,0,Buffalo Bills,0,0
35,11,62,Alvin Kamara,RB,New Orleans Saints,MAJFEB17,Josh Allen,Buffalo Bills,0,,,Carolina Panthers,0,0
35,10,63,Zach Ertz,TE,Washington Commanders,KRUTCHES93,Marcus Mariota,Washington Commanders,1,,,Detroit Lions,0,0
35,9,64,Dalton Schultz,TE,Houston Texans,TEDDYONFETTI,Sam Darnold,Seattle Seahawks,0,,,Jacksonville Jaguars,0,0
35,8,65,Rachaad White,RB,Tampa Bay Buccaneers,TOPSTATNFT,Jared Goff,Detroit Lions,0,,,New England Patriots,1,1
35,7,66,Juwan Johnson,TE,New Orleans Saints,ICEYFFB,Drake Maye,New England Patriots,0,,,Carolina Panthers,1,1
35,6,67,Darius Slayton,WR,New York Giants,TZC1969,Lamar Jackson,Baltimore Ravens,0,,,Chicago Bears,0,0
35,5,68,Jacory Croskey-Merritt,RB,Washington Commanders,MERKZ13,Caleb Williams,Chicago Bears,0,,,Detroit Lions,0,0
35,4,69,Cade Otton,TE,Tampa Bay Buccaneers,MIKEC6212,Matthew Stafford,Los Angeles Rams,0,,,New England Patriots,0,0
35,3,70,Harold Fannin,TE,Cleveland Browns,LEE121503,Justin Fields,New York Jets,0,,,New York Jets,1,1
35,2,71,Aaron Jones,RB,Minnesota Vikings,INGELX,Jaxson Dart,New York Giants,0,,,Baltimore Ravens,1,1
35,1,72,T.J. Hockenson,TE,Minnesota Vikings,KURUC711,Baker Mayfield,Tampa Bay Buccaneers,0,,,Baltimore Ravens,0,0
36,1,1,Christian McCaffrey,RB,San Francisco 49ers,MAJFEB17,Jared Goff,Detroit Lions,0,,,Los Angeles Rams,0,0
36,2,2,Rico Dowdle,RB,Carolina Panthers,STEVEVELGIN79,Jaxson Dart,New York Giants,0,,,New Orleans Saints,0,0
36,3,3,Jahmyr Gibbs,RB,Detroit Lions,CGEEEEEE,Sam Darnold,Seattle Seahawks,0,,,Washington Commanders,0,0
36,4,4,Baker Mayfield,QB,Tampa Bay Buccaneers,AJMERN64,Baker Mayfield,Tampa Bay Buccaneers,1,0,0,New England Patriots,0,0
36,5,5,Jaxon Smith-Njigba,WR,Seattle Seahawks,DABK,Jacoby Brissett,Arizona Cardinals,0,,,Arizona Cardinals,1,1
36,6,6,James Cook,RB,Buffalo Bills,BUSTERSBOYS,Caleb Williams,Chicago Bears,0,,,Miami Dolphins,1,1
36,7,7,Puka Nacua,WR,Los Angeles Rams,TEDDYONFETTI,Matthew Stafford,Los Angeles Rams,1,,,San Francisco 49ers,0,0
36,8,8,De'Von Achane,RB,Miami Dolphins,MIKEC6212,Drake Maye,New England Patriots,0,,,Buffalo Bills,0,0
36,9,9,Amon-Ra St. Brown,WR,Detroit Lions,SPARTAN,Josh Allen,Buffalo Bills,0,,,Washington Commanders,1,1
36,10,10,Kyren Williams,RB,Los Angeles Rams,INGELX,J.J. McCarthy,Minnesota Vikings,0,,,San Francisco 49ers,0,0
36,11,11,Derrick Henry,RB,Baltimore Ravens,KRUTCHES93,Marcus Mariota,Washington Commanders,0,,,Minnesota Vikings,0,0
36,12,12,Justin Jefferson,WR,Minnesota Vikings,KREAR72,Lamar Jackson,Baltimore Ravens,0,,,Baltimore Ravens,2,1
36,12,13,Lamar Jackson,QB,Baltimore Ravens,KREAR72,Lamar Jackson,Baltimore Ravens,1,1,1,Minnesota Vikings,1,1
36,11,14,Trey McBride,TE,Arizona Cardinals,KRUTCHES93,Marcus Mariota,Washington Commanders,0,,,Seattle Seahawks,0,0
36,10,15,Quinshon Judkins,RB,Cleveland Browns,INGELX,J.J. McCarthy,Minnesota Vikings,0,,,New York Jets,0,0
36,9,16,Josh Allen,QB,Buffalo Bills,SPARTAN,Josh Allen,Buffalo Bills,1,0,0,Miami Dolphins,0,0
36,8,17,Davante Adams,WR,Los Angeles Rams,MIKEC6212,Drake Maye,New England Patriots,0,,,San Francisco 49ers,0,0
36,7,18,Bucky Irving,RB,Tampa Bay Buccaneers,TEDDYONFETTI,Matthew Stafford,Los Angeles Rams,0,,,New England Patriots,0,0
36,6,19,Emeka Egbuka,WR,Tampa Bay Buccaneers,BUSTERSBOYS,Caleb Williams,Chicago Bears,0,,,New England Patriots,0,0
36,5,20,Kyle Monangai,RB,Chicago Bears,DABK,Jacoby Brissett,Arizona Cardinals,0,,,New York Giants,0,0
36,4,21,Breece Hall,RB,New York Jets,AJMERN64,Baker Mayfield,Tampa Bay Buccaneers,0,,,Cleveland Browns,0,0
36,3,22,Nico Collins,WR,Houston Texans,CGEEEEEE,Sam Darnold,Seattle Seahawks,0,,,Jacksonville Jaguars,0,0
36,2,23,Jaxson Dart,QB,New York Giants,STEVEVELGIN79,Jaxson Dart,New York Giants,1,2,1,Chicago Bears,2,1
36,1,24,George Kittle,TE,San Francisco 49ers,MAJFEB17,Jared Goff,Detroit Lions,0,,,Los Angeles Rams,0,0
36,1,25,Zay Flowers,WR,Baltimore Ravens,MAJFEB17,Jared Goff,Detroit Lions,0,,,Minnesota Vikings,0,0
36,2,26,Rome Odunze,WR,Chicago Bears,STEVEVELGIN79,Jaxson Dart,New York Giants,0,,,New York Giants,3,1
36,3,27,D'Andre Swift,RB,Chicago Bears,CGEEEEEE,Sam Darnold,Seattle Seahawks,0,,,New York Giants,0,0
36,4,28,Garrett Wilson,WR,New York Jets,AJMERN64,Baker Mayfield,Tampa Bay Buccaneers,0,,,Cleveland Browns,0,0
36,5,29,Chris Olave,WR,New Orleans Saints,DABK,Jacoby Brissett,Arizona Cardinals,0,,,Carolina Panthers,0,0
36,6,30,Jaylen Waddle,WR,Miami Dolphins,BUSTERSBOYS,Caleb Williams,Chicago Bears,0,,,Buffalo Bills,1,1
36,7,31,Marvin Harrison,WR,Arizona Cardinals,TEDDYONFETTI,Matthew Stafford,Los Angeles Rams,0,,,Seattle Seahawks,0,0
36,8,32,Drake Maye,QB,New England Patriots,MIKEC6212,Drake Maye,New England Patriots,1,2,1,Tampa Bay Buccaneers,0,0
36,9,33,Sam LaPorta,TE,Detroit Lions,SPARTAN,Josh Allen,Buffalo Bills,0,,,Washington Commanders,1,1
36,10,34,Tetairoa McMillan,WR,Carolina Panthers,INGELX,J.J. McCarthy,Minnesota Vikings,0,,,New Orleans Saints,0,0
36,11,35,Stefon Diggs,WR,New England Patriots,KRUTCHES93,Marcus Mariota,Washington Commanders,0,,,Tampa Bay Buccaneers,0,0
36,12,36,Travis Etienne Jr.,RB,Jacksonville Jaguars,KREAR72,Lamar Jackson,Baltimore Ravens,0,,,Houston Texans,1,1
36,12,37,David Montgomery,RB,Detroit Lions,KREAR72,Lamar Jackson,Baltimore Ravens,0,,,Washington Commanders,0,0
36,11,38,Deebo Samuel,WR,Washington Commanders,KRUTCHES93,Marcus Mariota,Washington Commanders,1,,,Detroit Lions,0,0
36,10,39,Jameson Williams,WR,Detroit Lions,INGELX,J.J. McCarthy,Minnesota Vikings,0,,,Washington Commanders,0,0
36,9,40,Jordan Addison,WR,Minnesota Vikings,SPARTAN,Josh Allen,Buffalo Bills,0,,,Baltimore Ravens,0,0
36,8,41,Tyrone Tracy,RB,New York Giants,MIKEC6212,Drake Maye,New England Patriots,0,,,Chicago Bears,0,0
36,7,42,Wan'Dale Robinson,WR,New York Giants,TEDDYONFETTI,Matthew Stafford,Los Angeles Rams,0,,,Chicago Bears,0,0
36,6,43,Caleb Williams,QB,Chicago Bears,BUSTERSBOYS,Caleb Williams,Chicago Bears,1,0,0,New York Giants,0,0
36,5,44,Khalil Shakir,WR,Buffalo Bills,DABK,Jacoby Brissett,Arizona Cardinals,0,,,Miami Dolphins,0,0
36,4,45,Dalton Kincaid,TE,Buffalo Bills,AJMERN64,Baker Mayfield,Tampa Bay Buccaneers,0,,,Miami Dolphins,0,0
36,3,46,Jauan Jennings,WR,San Francisco 49ers,CGEEEEEE,Sam Darnold,Seattle Seahawks,0,,,Los Angeles Rams,0,0
36,2,47,D.J. Moore,WR,Chicago Bears,STEVEVELGIN79,Jaxson Dart,New York Giants,0,,,New York Giants,3,1
36,1,48,Kenneth Walker III,RB,Seattle Seahawks,MAJFEB17,Jared Goff,Detroit Lions,0,,,Arizona Cardinals,0,0
36,1,49,Jared Goff,QB,Detroit Lions,MAJFEB17,Jared Goff,Detroit Lions,1,0,0,Washington Commanders,0,0
36,2,50,Theo Johnson,TE,New York Giants,STEVEVELGIN79,Jaxson Dart,New York Giants,1,,,Chicago Bears,2,1
36,3,51,Sam Darnold,QB,Seattle Seahawks,CGEEEEEE,Sam Darnold,Seattle Seahawks,1,1,1,Arizona Cardinals,0,0
36,4,52,Colston Loveland,TE,Chicago Bears,AJMERN64,Baker Mayfield,Tampa Bay Buccaneers,0,,,New York Giants,0,0
36,5,53,Cade Otton,TE,Tampa Bay Buccaneers,DABK,Jacoby Brissett,Arizona Cardinals,0,,,New England Patriots,0,0
36,6,54,Zach Ertz,TE,Washington Commanders,BUSTERSBOYS,Caleb Williams,Chicago Bears,0,,,Detroit Lions,0,0
36,7,55,Matthew Stafford,QB,Los Angeles Rams,TEDDYONFETTI,Matthew Stafford,Los Angeles Rams,1,1,1,San Francisco 49ers,0,0
36,8,56,Hunter Henry,TE,New England Patriots,MIKEC6212,Drake Maye,New England Patriots,1,,,Tampa Bay Buccaneers,0,0
36,9,57,Jacory Croskey-Merritt,RB,Washington Commanders,SPARTAN,Josh Allen,Buffalo Bills,0,,,Detroit Lions,2,1
36,10,58,J.J. McCarthy,QB,Minnesota Vikings,INGELX,J.J. McCarthy,Minnesota Vikings,1,1,1,Baltimore Ravens,0,0
36,11,59,Jaylin Lane,WR,Washington Commanders,KRUTCHES93,Marcus Mariota,Washington Commanders,1,,,Detroit Lions,0,0
36,12,60,Christian Kirk,WR,Houston Texans,KREAR72,Lamar Jackson,Baltimore Ravens,0,,,Jacksonville Jaguars,1,1
36,12,61,Mark Andrews,TE,Baltimore Ravens,KREAR72,Lamar Jackson,Baltimore Ravens,1,,,Minnesota Vikings,1,1
36,11,62,Marcus Mariota,QB,Washington Commanders,KRUTCHES93,Marcus Mariota,Washington Commanders,1,2,1,Detroit Lions,0,0
36,10,63,T.J. Hockenson,TE,Minnesota Vikings,INGELX,J.J. McCarthy,Minnesota Vikings,1,,,Baltimore Ravens,0,0
36,9,64,TreVeyon Henderson,RB,New England Patriots,SPARTAN,Josh Allen,Buffalo Bills,0,,,Tampa Bay Buccaneers,0,0
36,8,65,DeMario Douglas,WR,New England Patriots,MIKEC6212,Drake Maye,New England Patriots,1,,,Tampa Bay Buccaneers,0,0
36,7,66,Dalton Schultz,TE,Houston Texans,TEDDYONFETTI,Matthew Stafford,Los Angeles Rams,0,,,Jacksonville Jaguars,0,0
36,6,67,Jordan Mason,RB,Minnesota Vikings,BUSTERSBOYS,Caleb Williams,Chicago Bears,0,,,Baltimore Ravens,0,0
36,5,68,Jacoby Brissett,QB,Arizona Cardinals,DABK,Jacoby Brissett,Arizona Cardinals,1,0,0,Seattle Seahawks,1,1
36,4,69,Brian Thomas,WR,Jacksonville Jaguars,AJMERN64,Baker Mayfield,Tampa Bay Buccaneers,0,,,Houston Texans,0,0
36,3,70,Elijah Arroyo,TE,Seattle Seahawks,CGEEEEEE,Sam Darnold,Seattle Seahawks,1,,,Arizona Cardinals,0,0
36,2,71,Darius Slayton,WR,New York Giants,STEVEVELGIN79,Jaxson Dart,New York Giants,1,,,Chicago Bears,2,1
36,1,72,Chris Godwin,WR,Tampa Bay Buccaneers,MAJFEB17,Jared Goff,Detroit Lions,0,,,New England Patriots,0,0
37,1,1,Jahmyr Gibbs,RB,Detroit Lions,MDERR,Caleb Williams,Chicago Bears,0,,,Washington Commanders,0,0
37,2,2,Christian McCaffrey,RB,San Francisco 49ers,INGELX,Jaxson Dart,New York Giants,0,,,Los Angeles Rams,0,0
37,3,3,James Cook,RB,Buffalo Bills,CGEEEEEE,Drake Maye,New England Patriots,0,,,Miami Dolphins,0,0
37,4,4,Jaxon Smith-Njigba,WR,Seattle Seahawks,KRUTCHES93,Justin Fields,New York Jets,0,,,Arizona Cardinals,0,0
37,5,5,Rico Dowdle,RB,Carolina Panthers,TEDDYONFETTI,Sam Darnold,Seattle Seahawks,0,,,New Orleans Saints,0,0
37,6,6,De'Von Achane,RB,Miami Dolphins,GUNNEROSS,Jacoby Brissett,Arizona Cardinals,0,,,Buffalo Bills,0,0
37,7,7,Puka Nacua,WR,Los Angeles Rams,FANTASYGRIN,Matthew Stafford,Los Angeles Rams,1,,,San Francisco 49ers,0,0
37,8,8,Amon-Ra St. Brown,WR,Detroit Lions,STEVEVELGIN79,Jared Goff,Detroit Lions,1,,,Washington Commanders,0,0
37,9,9,Derrick Henry,RB,Baltimore Ravens,DELUXESEVEN,Baker Mayfield,Tampa Bay Buccaneers,0,,,Minnesota Vikings,0,0
37,10,10,Justin Jefferson,WR,Minnesota Vikings,JESSEDENENB,Lamar Jackson,Baltimore Ravens,0,,,Baltimore Ravens,2,1
37,11,11,Kyren Williams,RB,Los Angeles Rams,GPNGC,Josh Allen,Buffalo Bills,0,,,San Francisco 49ers,0,0
37,12,12,Bucky Irving,RB,Tampa Bay Buccaneers,KREAR72,Marcus Mariota,Washington Commanders,0,,,New England Patriots,0,0
37,12,13,Davante Adams,WR,Los Angeles Rams,KREAR72,Marcus Mariota,Washington Commanders,0,,,San Francisco 49ers,0,0
37,11,14,Josh Allen,QB,Buffalo Bills,GPNGC,Josh Allen,Buffalo Bills,1,1,1,Miami Dolphins,0,0
37,10,15,Lamar Jackson,QB,Baltimore Ravens,JESSEDENENB,Lamar Jackson,Baltimore Ravens,1,1,1,Minnesota Vikings,1,1
37,9,16,Emeka Egbuka,WR,Tampa Bay Buccaneers,DELUXESEVEN,Baker Mayfield,Tampa Bay Buccaneers,1,,,New England Patriots,1,1
37,8,17,Nico Collins,WR,Houston Texans,STEVEVELGIN79,Jared Goff,Detroit Lions,0,,,Jacksonville Jaguars,0,0
37,7,18,Zay Flowers,WR,Baltimore Ravens,FANTASYGRIN,Matthew Stafford,Los Angeles Rams,0,,,Minnesota Vikings,0,0
37,6,19,Trey McBride,TE,Arizona Cardinals,GUNNEROSS,Jacoby Brissett,Arizona Cardinals,1,,,Seattle Seahawks,0,0
37,5,20,Jaylen Waddle,WR,Miami Dolphins,TEDDYONFETTI,Sam Darnold,Seattle Seahawks,0,,,Buffalo Bills,0,0
37,4,21,Breece Hall,RB,New York Jets,KRUTCHES93,Justin Fields,New York Jets,1,,,Cleveland Browns,0,0
37,3,22,Quinshon Judkins,RB,Cleveland Browns,CGEEEEEE,Drake Maye,New England Patriots,0,,,New York Jets,0,0
37,2,23,Jaxson Dart,QB,New York Giants,INGELX,Jaxson Dart,New York Giants,1,1,1,Chicago Bears,0,0
37,1,24,Rome Odunze,WR,Chicago Bears,MDERR,Caleb Williams,Chicago Bears,1,,,New York Giants,0,0
37,1,25,George Kittle,TE,San Francisco 49ers,MDERR,Caleb Williams,Chicago Bears,0,,,Los Angeles Rams,0,0
37,2,26,Chris Olave,WR,New Orleans Saints,INGELX,Jaxson Dart,New York Giants,0,,,Carolina Panthers,0,0
37,3,27,Drake Maye,QB,New England Patriots,CGEEEEEE,Drake Maye,New England Patriots,1,1,1,Tampa Bay Buccaneers,0,0
37,4,28,Sam LaPorta,TE,Detroit Lions,KRUTCHES93,Justin Fields,New York Jets,0,,,Washington Commanders,0,0
37,5,29,Kyle Monangai,RB,Chicago Bears,TEDDYONFETTI,Sam Darnold,Seattle Seahawks,0,,,New York Giants,0,0
37,6,30,Stefon Diggs,WR,New England Patriots,GUNNEROSS,Jacoby Brissett,Arizona Cardinals,0,,,Tampa Bay Buccaneers,0,0
37,7,31,Garrett Wilson,WR,New York Jets,FANTASYGRIN,Matthew Stafford,Los Angeles Rams,0,,,Cleveland Browns,1,1
37,8,32,David Montgomery,RB,Detroit Lions,STEVEVELGIN79,Jared Goff,Detroit Lions,1,,,Washington Commanders,0,0
37,9,33,Baker Mayfield,QB,Tampa Bay Buccaneers,DELUXESEVEN,Baker Mayfield,Tampa Bay Buccaneers,1,1,1,New England Patriots,1,1
37,10,34,Travis Etienne Jr.,RB,Jacksonville Jaguars,JESSEDENENB,Lamar Jackson,Baltimore Ravens,0,,,Houston Texans,0,0
37,11,35,Kenneth Walker III,RB,Seattle Seahawks,GPNGC,Josh Allen,Buffalo Bills,0,,,Arizona Cardinals,0,0
37,12,36,D'Andre Swift,RB,Chicago Bears,KREAR72,Marcus Mariota,Washington Commanders,0,,,New York Giants,0,0
37,12,37,Tetairoa McMillan,WR,Carolina Panthers,KREAR72,Marcus Mariota,Washington Commanders,0,,,New Orleans Saints,0,0
37,11,38,Khalil Shakir,WR,Buffalo Bills,GPNGC,Josh Allen,Buffalo Bills,1,,,Miami Dolphins,0,0
37,10,39,Marvin Harrison,WR,Arizona Cardinals,JESSEDENENB,Lamar Jackson,Baltimore Ravens,0,,,Seattle Seahawks,0,0
37,9,40,Dalton Kincaid,TE,Buffalo Bills,DELUXESEVEN,Baker Mayfield,Tampa Bay Buccaneers,0,,,Miami Dolphins,0,0
37,8,41,Jared Goff,QB,Detroit Lions,STEVEVELGIN79,Jared Goff,Detroit Lions,1,2,1,Washington Commanders,0,0
37,7,42,Tyrone Tracy,RB,New York Giants,FANTASYGRIN,Matthew Stafford,Los Angeles Rams,0,,,Chicago Bears,0,0
37,6,43,Deebo Samuel,WR,Washington Commanders,GUNNEROSS,Jacoby Brissett,Arizona Cardinals,0,,,Detroit Lions,0,0
37,5,44,Jameson Williams,WR,Detroit Lions,TEDDYONFETTI,Sam Darnold,Seattle Seahawks,0,,,Washington Commanders,0,0
37,4,45,Wan'Dale Robinson,WR,New York Giants,KRUTCHES93,Justin Fields,New York Jets,0,,,Chicago Bears,0,0
37,3,46,Jauan Jennings,WR,San Francisco 49ers,CGEEEEEE,Drake Maye,New England Patriots,0,,,Los Angeles Rams,0,0
37,2,47,Aaron Jones,RB,Minnesota Vikings,INGELX,Jaxson Dart,New York Giants,0,,,Baltimore Ravens,0,0
37,1,48,Caleb Williams,QB,Chicago Bears,MDERR,Caleb Williams,Chicago Bears,1,1,1,New York Giants,0,0
37,1,49,Jordan Addison,WR,Minnesota Vikings,MDERR,Caleb Williams,Chicago Bears,0,,,Baltimore Ravens,0,0
37,2,50,Theo Johnson,TE,New York Giants,INGELX,Jaxson Dart,New York Giants,1,,,Chicago Bears,0,0
37,3,51,Hunter Henry,TE,New England Patriots,CGEEEEEE,Drake Maye,New England Patriots,1,,,Tampa Bay Buccaneers,0,0
37,4,52,Alvin Kamara,RB,New Orleans Saints,KRUTCHES93,Justin Fields,New York Jets,0,,,Carolina Panthers,0,0
37,5,53,Sam Darnold,QB,Seattle Seahawks,TEDDYONFETTI,Sam Darnold,Seattle Seahawks,1,0,0,Arizona Cardinals,0,0
37,6,54,Woody Marks,RB,Houston Texans,GUNNEROSS,Jacoby Brissett,Arizona Cardinals,0,,,Jacksonville Jaguars,0,0
37,7,55,Harold Fannin,TE,Cleveland Browns,FANTASYGRIN,Matthew Stafford,Los Angeles Rams,0,,,New York Jets,1,1
37,8,56,Colston Loveland,TE,Chicago Bears,STEVEVELGIN79,Jared Goff,Detroit Lions,0,,,New York Giants,0,0
37,9,57,D.J. Moore,WR,Chicago Bears,DELUXESEVEN,Baker Mayfield,Tampa Bay Buccaneers,0,,,New York Giants,0,0
37,10,58,Mark Andrews,TE,Baltimore Ravens,JESSEDENENB,Lamar Jackson,Baltimore Ravens,1,,,Minnesota Vikings,1,1
37,11,59,Brian Thomas,WR,Jacksonville Jaguars,GPNGC,Josh Allen,Buffalo Bills,0,,,Houston Texans,1,1
37,12,60,Zach Ertz,TE,Washington Commanders,KREAR72,Marcus Mariota,Washington Commanders,1,,,Detroit Lions,0,0
37,12,61,Marcus Mariota,QB,Washington Commanders,KREAR72,Marcus Mariota,Washington Commanders,1,1,1,Detroit Lions,0,0
37,11,62,Dalton Schultz,TE,Houston Texans,GPNGC,Josh Allen,Buffalo Bills,0,,,Jacksonville Jaguars,1,1
37,10,63,Parker Washington,WR,Jacksonville Jaguars,JESSEDENENB,Lamar Jackson,Baltimore Ravens,0,,,Houston Texans,0,0
37,9,64,TreVeyon Henderson,RB,New England Patriots,DELUXESEVEN,Baker Mayfield,Tampa Bay Buccaneers,0,,,Tampa Bay Buccaneers,2,1
37,8,65,Zach Charbonnet,RB,Seattle Seahawks,STEVEVELGIN79,Jared Goff,Detroit Lions,0,,,Arizona Cardinals,0,0
37,7,66,Matthew Stafford,QB,Los Angeles Rams,FANTASYGRIN,Matthew Stafford,Los Angeles Rams,1,1,1,San Francisco 49ers,0,0
37,6,67,Jacoby Brissett,QB,Arizona Cardinals,GUNNEROSS,Jacoby Brissett,Arizona Cardinals,1,1,1,Seattle Seahawks,0,0
37,5,68,Cade Otton,TE,Tampa Bay Buccaneers,TEDDYONFETTI,Sam Darnold,Seattle Seahawks,0,,,New England Patriots,0,0
37,4,69,Justin Fields,QB,New York Jets,KRUTCHES93,Justin Fields,New York Jets,1,1,1,Cleveland Browns,0,0
37,3,70,Darius Slayton,WR,New York Giants,CGEEEEEE,Drake Maye,New England Patriots,0,,,Chicago Bears,0,0
37,2,71,Rashid Shaheed,WR,New Orleans Saints,INGELX,Jaxson Dart,New York Giants,0,,,Carolina Panthers,0,0
37,1,72,Dylan Sampson,RB,Cleveland Browns,MDERR,Caleb Williams,Chicago Bears,0,,,New York Jets,0,0
38,1,1,Christian McCaffrey,RB,San Francisco 49ers,KREAR72,Jaxson Dart,New York Giants,0,,,Los Angeles Rams,0,0
38,2,2,James Cook,RB,Buffalo Bills,KRUTCHES93,Jared Goff,Detroit Lions,0,,,Miami Dolphins,1,1
38,3,3,Jahmyr Gibbs,RB,Detroit Lions,LENKEITH,Brock Purdy,San Francisco 49ers,0,,,Washington Commanders,0,0
38,4,4,Jaxon Smith-Njigba,WR,Seattle Seahawks,PATMOORE967,Sam Darnold,Seattle Seahawks,1,,,Arizona Cardinals,0,0
38,5,5,Puka Nacua,WR,Los Angeles Rams,GPNGC,Marcus Mariota,Washington Commanders,0,,,San Francisco 49ers,0,0
38,6,6,Rico Dowdle,RB,Carolina Panthers,LEE121503,Baker Mayfield,Tampa Bay Buccaneers,0,,,New Orleans Saints,0,0
38,7,7,Davante Adams,WR,Los Angeles Rams,SHORTYVEGAS,Josh Allen,Buffalo Bills,0,,,San Francisco 49ers,0,0
38,8,8,Amon-Ra St. Brown,WR,Detroit Lions,INGELX,Matthew Stafford,Los Angeles Rams,0,,,Washington Commanders,0,0
38,9,9,De'Von Achane,RB,Miami Dolphins,VOGEYBERRA8,J.J. McCarthy,Minnesota Vikings,0,,,Buffalo Bills,0,0
38,10,10,Kyren Williams,RB,Los Angeles Rams,SCHWEC03,Drake Maye,New England Patriots,0,,,San Francisco 49ers,0,0
38,11,11,Derrick Henry,RB,Baltimore Ravens,BUSTERSBOYS,Caleb Williams,Chicago Bears,0,,,Minnesota Vikings,0,0
38,12,12,Lamar Jackson,QB,Baltimore Ravens,TYLER2121,Lamar Jackson,Baltimore Ravens,1,1,1,Minnesota Vikings,1,1
38,12,13,Justin Jefferson,WR,Minnesota Vikings,TYLER2121,Lamar Jackson,Baltimore Ravens,0,,,Baltimore Ravens,2,1
38,11,14,Trey McBride,TE,Arizona Cardinals,BUSTERSBOYS,Caleb Williams,Chicago Bears,0,,,Seattle Seahawks,0,0
38,10,15,Emeka Egbuka,WR,Tampa Bay Buccaneers,SCHWEC03,Drake Maye,New England Patriots,0,,,New England Patriots,2,1
38,9,16,Bucky Irving,RB,Tampa Bay Buccaneers,VOGEYBERRA8,J.J. McCarthy,Minnesota Vikings,0,,,New England Patriots,1,1
38,8,17,Quinshon Judkins,RB,Cleveland Browns,INGELX,Matthew Stafford,Los Angeles Rams,0,,,New York Jets,0,0
38,7,18,Josh Allen,QB,Buffalo Bills,SHORTYVEGAS,Josh Allen,Buffalo Bills,1,1,1,Miami Dolphins,0,0
38,6,19,Nico Collins,WR,Houston Texans,LEE121503,Baker Mayfield,Tampa Bay Buccaneers,0,,,Jacksonville Jaguars,1,1
38,5,20,Zay Flowers,WR,Baltimore Ravens,GPNGC,Marcus Mariota,Washington Commanders,0,,,Minnesota Vikings,0,0
38,4,21,Breece Hall,RB,New York Jets,PATMOORE967,Sam Darnold,Seattle Seahawks,0,,,Cleveland Browns,0,0
38,3,22,George Kittle,TE,San Francisco 49ers,LENKEITH,Brock Purdy,San Francisco 49ers,1,,,Los Angeles Rams,0,0
38,2,23,Jaylen Waddle,WR,Miami Dolphins,KRUTCHES93,Jared Goff,Detroit Lions,0,,,Buffalo Bills,2,1
38,1,24,Jaxson Dart,QB,New York Giants,KREAR72,Jaxson Dart,New York Giants,1,2,1,Chicago Bears,1,1
38,1,25,Rome Odunze,WR,Chicago Bears,KREAR72,Jaxson Dart,New York Giants,0,,,New York Giants,3,1
38,2,26,Sam LaPorta,TE,Detroit Lions,KRUTCHES93,Jared Goff,Detroit Lions,1,,,Washington Commanders,1,1
38,3,27,Kyle Monangai,RB,Chicago Bears,LENKEITH,Brock Purdy,San Francisco 49ers,0,,,New York Giants,1,1
38,4,28,Garrett Wilson,WR,New York Jets,PATMOORE967,Sam Darnold,Seattle Seahawks,0,,,Cleveland Browns,0,0
38,5,29,Chris Olave,WR,New Orleans Saints,GPNGC,Marcus Mariota,Washington Commanders,0,,,Carolina Panthers,0,0
38,6,30,D'Andre Swift,RB,Chicago Bears,LEE121503,Baker Mayfield,Tampa Bay Buccaneers,0,,,New York Giants,0,0
38,7,31,Kenneth Walker III,RB,Seattle Seahawks,SHORTYVEGAS,Josh Allen,Buffalo Bills,0,,,Arizona Cardinals,0,0
38,8,32,Tetairoa McMillan,WR,Carolina Panthers,INGELX,Matthew Stafford,Los Angeles Rams,0,,,New Orleans Saints,0,0
38,9,33,Stefon Diggs,WR,New England Patriots,VOGEYBERRA8,J.J. McCarthy,Minnesota Vikings,0,,,Tampa Bay Buccaneers,1,1
38,10,34,Drake Maye,QB,New England Patriots,SCHWEC03,Drake Maye,New England Patriots,1,1,1,Tampa Bay Buccaneers,1,1
38,11,35,Travis Etienne Jr.,RB,Jacksonville Jaguars,BUSTERSBOYS,Caleb Williams,Chicago Bears,0,,,Houston Texans,0,0
38,12,36,Deebo Samuel,WR,Washington Commanders,TYLER2121,Lamar Jackson,Baltimore Ravens,0,,,Detroit Lions,0,0
38,12,37,Jauan Jennings,WR,San Francisco 49ers,TYLER2121,Lamar Jackson,Baltimore Ravens,0,,,Los Angeles Rams,0,0
38,11,38,Caleb Williams,QB,Chicago Bears,BUSTERSBOYS,Caleb Williams,Chicago Bears,1,0,0,New York Giants,0,0
38,10,39,Jordan Addison,WR,Minnesota Vikings,SCHWEC03,Drake Maye,New England Patriots,0,,,Baltimore Ravens,0,0
38,9,40,Jameson Williams,WR,Detroit Lions,VOGEYBERRA8,J.J. McCarthy,Minnesota Vikings,0,,,Washington Commanders,0,0
38,8,41,Marvin Harrison,WR,Arizona Cardinals,INGELX,Matthew Stafford,Los Angeles Rams,0,,,Seattle Seahawks,0,0
38,7,42,Dalton Kincaid,TE,Buffalo Bills,SHORTYVEGAS,Josh Allen,Buffalo Bills,1,,,Miami Dolphins,0,0
38,6,43,Baker Mayfield,QB,Tampa Bay Buccaneers,LEE121503,Baker Mayfield,Tampa Bay Buccaneers,1,1,1,New England Patriots,0,0
38,5,44,David Montgomery,RB,Detroit Lions,GPNGC,Marcus Mariota,Washington Commanders,0,,,Washington Commanders,1,1
38,4,45,Tyrone Tracy,RB,New York Giants,PATMOORE967,Sam Darnold,Seattle Seahawks,0,,,Chicago Bears,0,0
38,3,46,Wan'Dale Robinson,WR,New York Giants,LENKEITH,Brock Purdy,San Francisco 49ers,0,,,Chicago Bears,2,1
38,2,47,Khalil Shakir,WR,Buffalo Bills,KRUTCHES93,Jared Goff,Detroit Lions,0,,,Miami Dolphins,1,1
38,1,48,Theo Johnson,TE,New York Giants,KREAR72,Jaxson Dart,New York Giants,1,,,Chicago Bears,1,1
38,1,49,Darius Slayton,WR,New York Giants,KREAR72,Jaxson Dart,New York Giants,1,,,Chicago Bears,1,1
38,2,50,Jared Goff,QB,Detroit Lions,KRUTCHES93,Jared Goff,Detroit Lions,1,1,1,Washington Commanders,1,1
38,3,51,D.J. Moore,WR,Chicago Bears,LENKEITH,Brock Purdy,San Francisco 49ers,0,,,New York Giants,1,1
38,4,52,Sam Darnold,QB,Seattle Seahawks,PATMOORE967,Sam Darnold,Seattle Seahawks,1,1,1,Arizona Cardinals,0,0
38,5,53,Colston Loveland,TE,Chicago Bears,GPNGC,Marcus Mariota,Washington Commanders,0,,,New York Giants,0,0
38,6,54,Cade Otton,TE,Tampa Bay Buccaneers,LEE121503,Baker Mayfield,Tampa Bay Buccaneers,1,,,New England Patriots,0,0
38,7,55,Jerry Jeudy,WR,Cleveland Browns,SHORTYVEGAS,Josh Allen,Buffalo Bills,0,,,New York Jets,0,0
38,8,56,Matthew Stafford,QB,Los Angeles Rams,INGELX,Matthew Stafford,Los Angeles Rams,1,0,0,San Francisco 49ers,0,0
38,9,57,T.J. Hockenson,TE,Minnesota Vikings,VOGEYBERRA8,J.J. McCarthy,Minnesota Vikings,1,,,Baltimore Ravens,0,0
38,10,58,Hunter Henry,TE,New England Patriots,SCHWEC03,Drake Maye,New England Patriots,1,,,Tampa Bay Buccaneers,1,1
38,11,59,Parker Washington,WR,Jacksonville Jaguars,BUSTERSBOYS,Caleb Williams,Chicago Bears,0,,,Houston Texans,0,0
38,12,60,Mark Andrews,TE,Baltimore Ravens,TYLER2121,Lamar Jackson,Baltimore Ravens,1,,,Minnesota Vikings,1,1
38,12,61,TreVeyon Henderson,RB,New England Patriots,TYLER2121,Lamar Jackson,Baltimore Ravens,0,,,Tampa Bay Buccaneers,0,0
38,11,62,Tez Johnson,WR,Tampa Bay Buccaneers,BUSTERSBOYS,Caleb Williams,Chicago Bears,0,,,New England Patriots,0,0
38,10,63,Zach Charbonnet,RB,Seattle Seahawks,SCHWEC03,Drake Maye,New England Patriots,0,,,Arizona Cardinals,0,0
38,9,64,J.J. McCarthy,QB,Minnesota Vikings,VOGEYBERRA8,J.J. McCarthy,Minnesota Vikings,1,1,1,Baltimore Ravens,0,0
38,8,65,Harold Fannin,TE,Cleveland Browns,INGELX,Matthew Stafford,Los Angeles Rams,0,,,New York Jets,0,0
38,7,66,Juwan Johnson,TE,New Orleans Saints,SHORTYVEGAS,Josh Allen,Buffalo Bills,0,,,Carolina Panthers,0,0
38,6,67,Brian Thomas,WR,Jacksonville Jaguars,LEE121503,Baker Mayfield,Tampa Bay Buccaneers,0,,,Houston Texans,1,1
38,5,68,Marcus Mariota,QB,Washington Commanders,GPNGC,Marcus Mariota,Washington Commanders,1,0,0,Detroit Lions,1,1
38,4,69,Taysom Hill,TE,New Orleans Saints,PATMOORE967,Sam Darnold,Seattle Seahawks,0,,,Carolina Panthers,0,0
38,3,70,Brock Purdy,QB,San Francisco 49ers,LENKEITH,Brock Purdy,San Francisco 49ers,1,1,1,Los Angeles Rams,0,0
38,2,71,Jaylin Lane,WR,Washington Commanders,KRUTCHES93,Jared Goff,Detroit Lions,0,,,Detroit Lions,2,1
38,1,72,Woody Marks,RB,Houston Texans,KREAR72,Jaxson Dart,New York Giants,0,,,Jacksonville Jaguars,0,0
39,1,1,Christian McCaffrey,RB,San Francisco 49ers,PATMOORE967,Brock Purdy,San Francisco 49ers,1,,,Los Angeles Rams,0,0
39,2,2,Jahmyr Gibbs,RB,Detroit Lions,VOGEYBERRA8,Drake Maye,New England Patriots,0,,,Washington Commanders,0,0
39,3,3,James Cook,RB,Buffalo Bills,TEXASFOX82,Jared Goff,Detroit Lions,0,,,Miami Dolphins,0,0
39,4,4,Rico Dowdle,RB,Carolina Panthers,FFLINX,Caleb Williams,Chicago Bears,0,,,New Orleans Saints,0,0
39,5,5,Jaxon Smith-Njigba,WR,Seattle Seahawks,MATHOLOGY,Sam Darnold,Seattle Seahawks,1,,,Arizona Cardinals,1,1
39,6,6,Puka Nacua,WR,Los Angeles Rams,LEE121503,Matthew Stafford,Los Angeles Rams,1,,,San Francisco 49ers,0,0
39,7,7,De'Von Achane,RB,Miami Dolphins,SCHWEC03,J.J. McCarthy,Minnesota Vikings,0,,,Buffalo Bills,0,0
39,8,8,Amon-Ra St. Brown,WR,Detroit Lions,CHADCANDLES,Josh Allen,Buffalo Bills,0,,,Washington Commanders,0,0
39,9,9,Kyren Williams,RB,Los Angeles Rams,LENKEITH,Jaxson Dart,New York Giants,0,,,San Francisco 49ers,0,0
39,10,10,Justin Jefferson,WR,Minnesota Vikings,SPARTAN,Baker Mayfield,Tampa Bay Buccaneers,0,,,Baltimore Ravens,0,0
39,11,11,Derrick Henry,RB,Baltimore Ravens,KRUTCHES93,Marcus Mariota,Washington Commanders,0,,,Minnesota Vikings,0,0
39,12,12,Lamar Jackson,QB,Baltimore Ravens,SHORTYVEGAS,Lamar Jackson,Baltimore Ravens,1,1,1,Minnesota Vikings,0,0
39,12,13,Davante Adams,WR,Los Angeles Rams,SHORTYVEGAS,Lamar Jackson,Baltimore Ravens,0,,,San Francisco 49ers,0,0
39,11,14,Trey McBride,TE,Arizona Cardinals,KRUTCHES93,Marcus Mariota,Washington Commanders,0,,,Seattle Seahawks,0,0
39,10,15,Bucky Irving,RB,Tampa Bay Buccaneers,SPARTAN,Baker Mayfield,Tampa Bay Buccaneers,1,,,New England Patriots,0,0
39,9,16,Quinshon Judkins,RB,Cleveland Browns,LENKEITH,Jaxson Dart,New York Giants,0,,,New York Jets,0,0
39,8,17,Josh Allen,QB,Buffalo Bills,CHADCANDLES,Josh Allen,Buffalo Bills,1,1,1,Miami Dolphins,0,0
39,7,18,Zay Flowers,WR,Baltimore Ravens,SCHWEC03,J.J. McCarthy,Minnesota Vikings,0,,,Minnesota Vikings,2,1
39,6,19,Emeka Egbuka,WR,Tampa Bay Buccaneers,LEE121503,Matthew Stafford,Los Angeles Rams,0,,,New England Patriots,0,0
39,5,20,Breece Hall,RB,New York Jets,MATHOLOGY,Sam Darnold,Seattle Seahawks,0,,,Cleveland Browns,1,1
39,4,21,Nico Collins,WR,Houston Texans,FFLINX,Caleb Williams,Chicago Bears,0,,,Jacksonville Jaguars,0,0
39,3,22,George Kittle,TE,San Francisco 49ers,TEXASFOX82,Jared Goff,Detroit Lions,0,,,Los Angeles Rams,0,0
39,2,23,Drake Maye,QB,New England Patriots,VOGEYBERRA8,Drake Maye,New England Patriots,1,1,1,Tampa Bay Buccaneers,0,0
39,1,24,Kyle Monangai,RB,Chicago Bears,PATMOORE967,Brock Purdy,San Francisco 49ers,0,,,New York Giants,1,1
39,1,25,Jaylen Waddle,WR,Miami Dolphins,PATMOORE967,Brock Purdy,San Francisco 49ers,0,,,Buffalo Bills,0,0
39,2,26,Stefon Diggs,WR,New England Patriots,VOGEYBERRA8,Drake Maye,New England Patriots,1,,,Tampa Bay Buccaneers,0,0
39,3,27,Tetairoa McMillan,WR,Carolina Panthers,TEXASFOX82,Jared Goff,Detroit Lions,0,,,New Orleans Saints,0,0
39,4,28,Sam LaPorta,TE,Detroit Lions,FFLINX,Caleb Williams,Chicago Bears,0,,,Washington Commanders,0,0
39,5,29,D'Andre Swift,RB,Chicago Bears,MATHOLOGY,Sam Darnold,Seattle Seahawks,0,,,New York Giants,0,0
39,6,30,Rome Odunze,WR,Chicago Bears,LEE121503,Matthew Stafford,Los Angeles Rams,0,,,New York Giants,0,0
39,7,31,Garrett Wilson,WR,New York Jets,SCHWEC03,J.J. McCarthy,Minnesota Vikings,0,,,Cleveland Browns,0,0
39,8,32,Chris Olave,WR,New Orleans Saints,CHADCANDLES,Josh Allen,Buffalo Bills,0,,,Carolina Panthers,0,0
39,9,33,Jaxson Dart,QB,New York Giants,LENKEITH,Jaxson Dart,New York Giants,1,0,0,Chicago Bears,0,0
39,10,34,Baker Mayfield,QB,Tampa Bay Buccaneers,SPARTAN,Baker Mayfield,Tampa Bay Buccaneers,1,2,1,New England Patriots,0,0
39,11,35,Deebo Samuel,WR,Washington Commanders,KRUTCHES93,Marcus Mariota,Washington Commanders,1,,,Detroit Lions,0,0
39,12,36,Kenneth Walker III,RB,Seattle Seahawks,SHORTYVEGAS,Lamar Jackson,Baltimore Ravens,0,,,Arizona Cardinals,0,0
39,12,37,Travis Etienne Jr.,RB,Jacksonville Jaguars,SHORTYVEGAS,Lamar Jackson,Baltimore Ravens,0,,,Houston Texans,1,1
39,11,38,Wan'Dale Robinson,WR,New York Giants,KRUTCHES93,Marcus Mariota,Washington Commanders,0,,,Chicago Bears,0,0
39,10,39,Jameson Williams,WR,Detroit Lions,SPARTAN,Baker Mayfield,Tampa Bay Buccaneers,0,,,Washington Commanders,1,1
39,9,40,Khalil Shakir,WR,Buffalo Bills,LENKEITH,Jaxson Dart,New York Giants,0,,,Miami Dolphins,0,0
39,8,41,Dalton Kincaid,TE,Buffalo Bills,CHADCANDLES,Josh Allen,Buffalo Bills,1,,,Miami Dolphins,0,0
39,7,42,TreVeyon Henderson,RB,New England Patriots,SCHWEC03,J.J. McCarthy,Minnesota Vikings,0,,,Tampa Bay Buccaneers,0,0
39,6,43,David Montgomery,RB,Detroit Lions,LEE121503,Matthew Stafford,Los Angeles Rams,0,,,Washington Commanders,0,0
39,5,44,Marvin Harrison,WR,Arizona Cardinals,MATHOLOGY,Sam Darnold,Seattle Seahawks,0,,,Seattle Seahawks,2,1
39,4,45,Caleb Williams,QB,Chicago Bears,FFLINX,Caleb Williams,Chicago Bears,1,1,1,New York Giants,0,0
39,3,46,Colston Loveland,TE,Chicago Bears,TEXASFOX82,Jared Goff,Detroit Lions,0,,,New York Giants,1,1
39,2,47,Jordan Addison,WR,Minnesota Vikings,VOGEYBERRA8,Drake Maye,New England Patriots,0,,,Baltimore Ravens,1,1
39,1,48,Jauan Jennings,WR,San Francisco 49ers,PATMOORE967,Brock Purdy,San Francisco 49ers,1,,,Los Angeles Rams,0,0
39,1,49,Theo Johnson,TE,New York Giants,PATMOORE967,Brock Purdy,San Francisco 49ers,0,,,Chicago Bears,1,1
39,2,50,Tyrone Tracy,RB,New York Giants,VOGEYBERRA8,Drake Maye,New England Patriots,0,,,Chicago Bears,0,0
39,3,51,Jared Goff,QB,Detroit Lions,TEXASFOX82,Jared Goff,Detroit Lions,1,0,0,Washington Commanders,0,0
39,4,52,D.J. Moore,WR,Chicago Bears,FFLINX,Caleb Williams,Chicago Bears,1,,,New York Giants,0,0
39,5,53,Sam Darnold,QB,Seattle Seahawks,MATHOLOGY,Sam Darnold,Seattle Seahawks,1,1,1,Arizona Cardinals,1,1
39,6,54,Juwan Johnson,TE,New Orleans Saints,LEE121503,Matthew Stafford,Los Angeles Rams,0,,,Carolina Panthers,0,0
39,7,55,J.J. McCarthy,QB,Minnesota Vikings,SCHWEC03,J.J. McCarthy,Minnesota Vikings,1,1,1,Baltimore Ravens,1,1
39,8,56,Alvin Kamara,RB,New Orleans Saints,CHADCANDLES,Josh Allen,Buffalo Bills,0,,,Carolina Panthers,0,0
39,9,57,Hunter Henry,TE,New England Patriots,LENKEITH,Jaxson Dart,New York Giants,0,,,Tampa Bay Buccaneers,0,0
39,10,58,Jacory Croskey-Merritt,RB,Washington Commanders,SPARTAN,Baker Mayfield,Tampa Bay Buccaneers,0,,,Detroit Lions,1,1
39,11,59,Parker Washington,WR,Jacksonville Jaguars,KRUTCHES93,Marcus Mariota,Washington Commanders,0,,,Houston Texans,0,0
39,12,60,Dalton Schultz,TE,Houston Texans,SHORTYVEGAS,Lamar Jackson,Baltimore Ravens,0,,,Jacksonville Jaguars,1,1
39,12,61,Rashod Bateman,WR,Baltimore Ravens,SHORTYVEGAS,Lamar Jackson,Baltimore Ravens,1,,,Minnesota Vikings,0,0
39,11,62,Marcus Mariota,QB,Washington Commanders,KRUTCHES93,Marcus Mariota,Washington Commanders,1,1,1,Detroit Lions,0,0
39,10,63,Cade Otton,TE,Tampa Bay Buccaneers,SPARTAN,Baker Mayfield,Tampa Bay Buccaneers,1,,,New England Patriots,0,0
39,9,64,Brian Thomas,WR,Jacksonville Jaguars,LENKEITH,Jaxson Dart,New York Giants,0,,,Houston Texans,0,0
39,8,65,Woody Marks,RB,Houston Texans,CHADCANDLES,Josh Allen,Buffalo Bills,0,,,Jacksonville Jaguars,0,0
39,7,66,T.J. Hockenson,TE,Minnesota Vikings,SCHWEC03,J.J. McCarthy,Minnesota Vikings,1,,,Baltimore Ravens,1,1
39,6,67,Matthew Stafford,QB,Los Angeles Rams,LEE121503,Matthew Stafford,Los Angeles Rams,1,1,1,San Francisco 49ers,0,0
39,5,68,Harold Fannin,TE,Cleveland Browns,MATHOLOGY,Sam Darnold,Seattle Seahawks,0,,,New York Jets,1,1
39,4,69,Aaron Jones,RB,Minnesota Vikings,FFLINX,Caleb Williams,Chicago Bears,0,,,Baltimore Ravens,0,0
39,3,70,Darius Slayton,WR,New York Giants,TEXASFOX82,Jared Goff,Detroit Lions,0,,,Chicago Bears,1,1
39,2,71,Mark Andrews,TE,Baltimore Ravens,VOGEYBERRA8,Drake Maye,New England Patriots,0,,,Minnesota Vikings,1,1
39,1,72,Brock Purdy,QB,San Francisco 49ers,PATMOORE967,Brock Purdy,San Francisco 49ers,1,2,1,Los Angeles Rams,0,0
40,1,1,Christian McCaffrey,RB,San Francisco 49ers,CHADCANDLES,Jaxson Dart,New York Giants,0,,,Los Angeles Rams,0,0
40,2,2,Jahmyr Gibbs,RB,Detroit Lions,LENKEITH,Baker Mayfield,Tampa Bay Buccaneers,0,,,Washington Commanders,0,0
40,3,3,Jaxon Smith-Njigba,WR,Seattle Seahawks,THEDAILYDILE,Sam Darnold,Seattle Seahawks,1,,,Arizona Cardinals,0,0
40,4,4,James Cook,RB,Buffalo Bills,LEE121503,Jared Goff,Detroit Lions,0,,,Miami Dolphins,1,1
40,5,5,Puka Nacua,WR,Los Angeles Rams,HOUSEALWAY,Caleb Williams,Chicago Bears,0,,,San Francisco 49ers,0,0
40,6,6,Rico Dowdle,RB,Carolina Panthers,SICKODANK,Jacoby Brissett,Arizona Cardinals,0,,,New Orleans Saints,0,0
40,7,7,De'Von Achane,RB,Miami Dolphins,EZ116,Matthew Stafford,Los Angeles Rams,0,,,Buffalo Bills,0,0
40,8,8,Derrick Henry,RB,Baltimore Ravens,FANTASYGRIN,Lamar Jackson,Baltimore Ravens,1,,,Minnesota Vikings,0,0
40,9,9,Kyren Williams,RB,Los Angeles Rams,PATMOORE967,Marcus Mariota,Washington Commanders,0,,,San Francisco 49ers,0,0
40,10,10,Josh Allen,QB,Buffalo Bills,ROTOHEATCRA,Josh Allen,Buffalo Bills,1,0,0,Miami Dolphins,0,0
40,11,11,Amon-Ra St. Brown,WR,Detroit Lions,GUNNEROSS,Drake Maye,New England Patriots,0,,,Washington Commanders,0,0
40,12,12,Trey McBride,TE,Arizona Cardinals,KRUTCHES93,J.J. McCarthy,Minnesota Vikings,0,,,Seattle Seahawks,0,0
40,12,13,Justin Jefferson,WR,Minnesota Vikings,KRUTCHES93,J.J. McCarthy,Minnesota Vikings,1,,,Baltimore Ravens,0,0
40,11,14,Davante Adams,WR,Los Angeles Rams,GUNNEROSS,Drake Maye,New England Patriots,0,,,San Francisco 49ers,0,0
40,10,15,Emeka Egbuka,WR,Tampa Bay Buccaneers,ROTOHEATCRA,Josh Allen,Buffalo Bills,0,,,New England Patriots,0,0
40,9,16,Bucky Irving,RB,Tampa Bay Buccaneers,PATMOORE967,Marcus Mariota,Washington Commanders,0,,,New England Patriots,1,1
40,8,17,Lamar Jackson,QB,Baltimore Ravens,FANTASYGRIN,Lamar Jackson,Baltimore Ravens,1,2,1,Minnesota Vikings,0,0
40,7,18,Nico Collins,WR,Houston Texans,EZ116,Matthew Stafford,Los Angeles Rams,0,,,Jacksonville Jaguars,0,0
40,6,19,George Kittle,TE,San Francisco 49ers,SICKODANK,Jacoby Brissett,Arizona Cardinals,0,,,Los Angeles Rams,0,0
40,5,20,Quinshon Judkins,RB,Cleveland Browns,HOUSEALWAY,Caleb Williams,Chicago Bears,0,,,New York Jets,0,0
40,4,21,Jaylen Waddle,WR,Miami Dolphins,LEE121503,Jared Goff,Detroit Lions,0,,,Buffalo Bills,1,1
40,3,22,Breece Hall,RB,New York Jets,THEDAILYDILE,Sam Darnold,Seattle Seahawks,0,,,Cleveland Browns,1,1
40,2,23,Zay Flowers,WR,Baltimore Ravens,LENKEITH,Baker Mayfield,Tampa Bay Buccaneers,0,,,Minnesota Vikings,0,0
40,1,24,Jaxson Dart,QB,New York Giants,CHADCANDLES,Jaxson Dart,New York Giants,1,1,1,Chicago Bears,1,1
40,1,25,Kyle Monangai,RB,Chicago Bears,CHADCANDLES,Jaxson Dart,New York Giants,0,,,New York Giants,2,1
40,2,26,Rome Odunze,WR,Chicago Bears,LENKEITH,Baker Mayfield,Tampa Bay Buccaneers,0,,,New York Giants,0,0
40,3,27,Stefon Diggs,WR,New England Patriots,THEDAILYDILE,Sam Darnold,Seattle Seahawks,0,,,Tampa Bay Buccaneers,0,0
40,4,28,Sam LaPorta,TE,Detroit Lions,LEE121503,Jared Goff,Detroit Lions,1,,,Washington Commanders,0,0
40,5,29,Tetairoa McMillan,WR,Carolina Panthers,HOUSEALWAY,Caleb Williams,Chicago Bears,0,,,New Orleans Saints,0,0
40,6,30,Wan'Dale Robinson,WR,New York Giants,SICKODANK,Jacoby Brissett,Arizona Cardinals,0,,,Chicago Bears,0,0
40,7,31,Chris Olave,WR,New Orleans Saints,EZ116,Matthew Stafford,Los Angeles Rams,0,,,Carolina Panthers,0,0
40,8,32,Garrett Wilson,WR,New York Jets,FANTASYGRIN,Lamar Jackson,Baltimore Ravens,0,,,Cleveland Browns,1,1
40,9,33,Deebo Samuel,WR,Washington Commanders,PATMOORE967,Marcus Mariota,Washington Commanders,1,,,Detroit Lions,0,0
40,10,34,Jameson Williams,WR,Detroit Lions,ROTOHEATCRA,Josh Allen,Buffalo Bills,0,,,Washington Commanders,0,0
40,11,35,Kenneth Walker III,RB,Seattle Seahawks,GUNNEROSS,Drake Maye,New England Patriots,0,,,Arizona Cardinals,0,0
40,12,36,D'Andre Swift,RB,Chicago Bears,KRUTCHES93,J.J. McCarthy,Minnesota Vikings,0,,,New York Giants,0,0
40,12,37,Travis Etienne Jr.,RB,Jacksonville Jaguars,KRUTCHES93,J.J. McCarthy,Minnesota Vikings,0,,,Houston Texans,0,0
40,11,38,Drake Maye,QB,New England Patriots,GUNNEROSS,Drake Maye,New England Patriots,1,0,0,Tampa Bay Buccaneers,1,1
40,10,39,Colston Loveland,TE,Chicago Bears,ROTOHEATCRA,Josh Allen,Buffalo Bills,0,,,New York Giants,0,0
40,9,40,Jordan Addison,WR,Minnesota Vikings,PATMOORE967,Marcus Mariota,Washington Commanders,0,,,Baltimore Ravens,0,0
40,8,41,David Montgomery,RB,Detroit Lions,FANTASYGRIN,Lamar Jackson,Baltimore Ravens,0,,,Washington Commanders,0,0
40,7,42,D.J. Moore,WR,Chicago Bears,EZ116,Matthew Stafford,Los Angeles Rams,0,,,New York Giants,1,1
40,6,43,Marvin Harrison,WR,Arizona Cardinals,SICKODANK,Jacoby Brissett,Arizona Cardinals,1,,,Seattle Seahawks,0,0
40,5,44,Caleb Williams,QB,Chicago Bears,HOUSEALWAY,Caleb Williams,Chicago Bears,1,0,0,New York Giants,1,1
40,4,45,Jauan Jennings,WR,San Francisco 49ers,LEE121503,Jared Goff,Detroit Lions,0,,,Los Angeles Rams,0,0
40,3,46,Brian Thomas,WR,Jacksonville Jaguars,THEDAILYDILE,Sam Darnold,Seattle Seahawks,0,,,Houston Texans,0,0
40,2,47,Dalton Kincaid,TE,Buffalo Bills,LENKEITH,Baker Mayfield,Tampa Bay Buccaneers,0,,,Miami Dolphins,0,0
40,1,48,Darius Slayton,WR,New York Giants,CHADCANDLES,Jaxson Dart,New York Giants,1,,,Chicago Bears,1,1
40,1,49,Juwan Johnson,TE,New Orleans Saints,CHADCANDLES,Jaxson Dart,New York Giants,0,,,Carolina Panthers,0,0
40,2,50,Baker Mayfield,QB,Tampa Bay Buccaneers,LENKEITH,Baker Mayfield,Tampa Bay Buccaneers,1,1,1,New England Patriots,0,0
40,3,51,Sam Darnold,QB,Seattle Seahawks,THEDAILYDILE,Sam Darnold,Seattle Seahawks,1,1,1,Arizona Cardinals,0,0
40,4,52,Jared Goff,QB,Detroit Lions,LEE121503,Jared Goff,Detroit Lions,1,1,1,Washington Commanders,0,0
40,5,53,Mark Andrews,TE,Baltimore Ravens,HOUSEALWAY,Caleb Williams,Chicago Bears,0,,,Minnesota Vikings,0,0
40,6,54,Aaron Jones,RB,Minnesota Vikings,SICKODANK,Jacoby Brissett,Arizona Cardinals,0,,,Baltimore Ravens,0,0
40,7,55,Theo Johnson,TE,New York Giants,EZ116,Matthew Stafford,Los Angeles Rams,0,,,Chicago Bears,1,1
40,8,56,Harold Fannin,TE,Cleveland Browns,FANTASYGRIN,Lamar Jackson,Baltimore Ravens,0,,,New York Jets,1,1
40,9,57,Marcus Mariota,QB,Washington Commanders,PATMOORE967,Marcus Mariota,Washington Commanders,1,1,1,Detroit Lions,0,0
40,10,58,Alvin Kamara,RB,New Orleans Saints,ROTOHEATCRA,Josh Allen,Buffalo Bills,0,,,Carolina Panthers,0,0
40,11,59,Cade Otton,TE,Tampa Bay Buccaneers,GUNNEROSS,Drake Maye,New England Patriots,0,,,New England Patriots,1,1
40,12,60,Khalil Shakir,WR,Buffalo Bills,KRUTCHES93,J.J. McCarthy,Minnesota Vikings,0,,,Miami Dolphins,0,0
40,12,61,J.J. McCarthy,QB,Minnesota Vikings,KRUTCHES93,J.J. McCarthy,Minnesota Vikings,1,1,1,Baltimore Ravens,0,0
40,11,62,Devin Singletary,RB,New York Giants,GUNNEROSS,Drake Maye,New England Patriots,0,,,Chicago Bears,0,0
40,10,63,Parker Washington,WR,Jacksonville Jaguars,ROTOHEATCRA,Josh Allen,Buffalo Bills,0,,,Houston Texans,0,0
40,9,64,Hunter Henry,TE,New England Patriots,PATMOORE967,Marcus Mariota,Washington Commanders,0,,,Tampa Bay Buccaneers,1,1
40,8,65,Rashod Bateman,WR,Baltimore Ravens,FANTASYGRIN,Lamar Jackson,Baltimore Ravens,1,,,Minnesota Vikings,0,0
40,7,66,Matthew Stafford,QB,Los Angeles Rams,EZ116,Matthew Stafford,Los Angeles Rams,1,0,0,San Francisco 49ers,0,0
40,6,67,Jacoby Brissett,QB,Arizona Cardinals,SICKODANK,Jacoby Brissett,Arizona Cardinals,1,1,1,Seattle Seahawks,0,0
40,5,68,Devin Singletary,RB,New York Giants,HOUSEALWAY,Caleb Williams,Chicago Bears,0,,,Chicago Bears,1,1
40,4,69,TreVeyon Henderson,RB,New England Patriots,LEE121503,Jared Goff,Detroit Lions,0,,,Tampa Bay Buccaneers,0,0
40,3,70,David Njoku,TE,Cleveland Browns,THEDAILYDILE,Sam Darnold,Seattle Seahawks,0,,,New York Jets,1,1
40,2,71,Tez Johnson,WR,Tampa Bay Buccaneers,LENKEITH,Baker Mayfield,Tampa Bay Buccaneers,1,,,New England Patriots,0,0
40,1,72,DeMario Douglas,WR,New England Patriots,CHADCANDLES,Jaxson Dart,New York Giants,0,,,Tampa Bay Buccaneers,0,0
41,1,1,Christian McCaffrey,RB,San Francisco 49ers,THEDAILYDILE,Trevor Lawrence,Jacksonville Jaguars,0,,,Los Angeles Rams,0,0
41,2,2,Rico Dowdle,RB,Carolina Panthers,NEZ,Sam Darnold,Seattle Seahawks,0,,,New Orleans Saints,0,0
41,3,3,Jahmyr Gibbs,RB,Detroit Lions,WHODEYSSS,Jaxson Dart,New York Giants,0,,,Washington Commanders,0,0
41,4,4,Jaxon Smith-Njigba,WR,Seattle Seahawks,HITANDRUGGS,Baker Mayfield,Tampa Bay Buccaneers,0,,,Arizona Cardinals,0,0
41,5,5,James Cook,RB,Buffalo Bills,MATHOLOGY,Drake Maye,New England Patriots,0,,,Miami Dolphins,0,0
41,6,6,De'Von Achane,RB,Miami Dolphins,STEVEVELGIN79,Caleb Williams,Chicago Bears,0,,,Buffalo Bills,0,0
41,7,7,Puka Nacua,WR,Los Angeles Rams,EZ116,Jared Goff,Detroit Lions,0,,,San Francisco 49ers,0,0
41,8,8,Lamar Jackson,QB,Baltimore Ravens,SHAGNASTYB,Lamar Jackson,Baltimore Ravens,1,0,0,Minnesota Vikings,1,1
41,9,9,Derrick Henry,RB,Baltimore Ravens,BESTBALLVIPER,J.J. McCarthy,Minnesota Vikings,0,,,Minnesota Vikings,3,1
41,10,10,Amon-Ra St. Brown,WR,Detroit Lions,KCPOLACK,Matthew Stafford,Los Angeles Rams,0,,,Washington Commanders,0,0
41,11,11,Kyren Williams,RB,Los Angeles Rams,LEE121503,Josh Allen,Buffalo Bills,0,,,San Francisco 49ers,0,0
41,12,12,Trey McBride,TE,Arizona Cardinals,KRUTCHES93,Jacoby Brissett,Arizona Cardinals,1,,,Seattle Seahawks,0,0
41,12,13,Justin Jefferson,WR,Minnesota Vikings,KRUTCHES93,Jacoby Brissett,Arizona Cardinals,0,,,Baltimore Ravens,0,0
41,11,14,Josh Allen,QB,Buffalo Bills,LEE121503,Josh Allen,Buffalo Bills,1,0,0,Miami Dolphins,0,0
41,10,15,Davante Adams,WR,Los Angeles Rams,KCPOLACK,Matthew Stafford,Los Angeles Rams,1,,,San Francisco 49ers,0,0
41,9,16,Quinshon Judkins,RB,Cleveland Browns,BESTBALLVIPER,J.J. McCarthy,Minnesota Vikings,0,,,New York Jets,0,0
41,8,17,Emeka Egbuka,WR,Tampa Bay Buccaneers,SHAGNASTYB,Lamar Jackson,Baltimore Ravens,0,,,New England Patriots,0,0
41,7,18,Bucky Irving,RB,Tampa Bay Buccaneers,EZ116,Jared Goff,Detroit Lions,0,,,New England Patriots,1,1
41,6,19,Nico Collins,WR,Houston Texans,STEVEVELGIN79,Caleb Williams,Chicago Bears,0,,,Jacksonville Jaguars,0,0
41,5,20,Breece Hall,RB,New York Jets,MATHOLOGY,Drake Maye,New England Patriots,0,,,Cleveland Browns,0,0
41,4,21,Rome Odunze,WR,Chicago Bears,HITANDRUGGS,Baker Mayfield,Tampa Bay Buccaneers,0,,,New York Giants,0,0
41,3,22,Jaylen Waddle,WR,Miami Dolphins,WHODEYSSS,Jaxson Dart,New York Giants,0,,,Buffalo Bills,0,0
41,2,23,George Kittle,TE,San Francisco 49ers,NEZ,Sam Darnold,Seattle Seahawks,0,,,Los Angeles Rams,0,0
41,1,24,Garrett Wilson,WR,New York Jets,THEDAILYDILE,Trevor Lawrence,Jacksonville Jaguars,0,,,Cleveland Browns,0,0
41,1,25,Kyle Monangai,RB,Chicago Bears,THEDAILYDILE,Trevor Lawrence,Jacksonville Jaguars,0,,,New York Giants,0,0
41,2,26,Zay Flowers,WR,Baltimore Ravens,NEZ,Sam Darnold,Seattle Seahawks,0,,,Minnesota Vikings,0,0
41,3,27,Jaxson Dart,QB,New York Giants,WHODEYSSS,Jaxson Dart,New York Giants,1,0,0,Chicago Bears,1,1
41,4,28,Travis Etienne Jr.,RB,Jacksonville Jaguars,HITANDRUGGS,Baker Mayfield,Tampa Bay Buccaneers,0,,,Houston Texans,0,0
41,5,29,Drake Maye,QB,New England Patriots,MATHOLOGY,Drake Maye,New England Patriots,1,2,1,Tampa Bay Buccaneers,0,0
41,6,30,Wan'Dale Robinson,WR,New York Giants,STEVEVELGIN79,Caleb Williams,Chicago Bears,0,,,Chicago Bears,2,1
41,7,31,Sam LaPorta,TE,Detroit Lions,EZ116,Jared Goff,Detroit Lions,1,,,Washington Commanders,0,0
41,8,32,Chris Olave,WR,New Orleans Saints,SHAGNASTYB,Lamar Jackson,Baltimore Ravens,0,,,Carolina Panthers,0,0
41,9,33,Stefon Diggs,WR,New England Patriots,BESTBALLVIPER,J.J. McCarthy,Minnesota Vikings,0,,,Tampa Bay Buccaneers,0,0
41,10,34,D'Andre Swift,RB,Chicago Bears,KCPOLACK,Matthew Stafford,Los Angeles Rams,0,,,New York Giants,0,0
41,11,35,Kenneth Walker III,RB,Seattle Seahawks,LEE121503,Josh Allen,Buffalo Bills,0,,,Arizona Cardinals,0,0
41,12,36,Deebo Samuel,WR,Washington Commanders,KRUTCHES93,Jacoby Brissett,Arizona Cardinals,0,,,Detroit Lions,0,0
41,12,37,Marvin Harrison,WR,Arizona Cardinals,KRUTCHES93,Jacoby Brissett,Arizona Cardinals,1,,,Seattle Seahawks,0,0
41,11,38,Tetairoa McMillan,WR,Carolina Panthers,LEE121503,Josh Allen,Buffalo Bills,0,,,New Orleans Saints,1,1
41,10,39,Dalton Kincaid,TE,Buffalo Bills,KCPOLACK,Matthew Stafford,Los Angeles Rams,0,,,Miami Dolphins,0,0
41,9,40,Jordan Addison,WR,Minnesota Vikings,BESTBALLVIPER,J.J. McCarthy,Minnesota Vikings,1,,,Baltimore Ravens,1,1
41,8,41,David Montgomery,RB,Detroit Lions,SHAGNASTYB,Lamar Jackson,Baltimore Ravens,0,,,Washington Commanders,0,0
41,7,42,Jameson Williams,WR,Detroit Lions,EZ116,Jared Goff,Detroit Lions,1,,,Washington Commanders,0,0
41,6,43,Caleb Williams,QB,Chicago Bears,STEVEVELGIN79,Caleb Williams,Chicago Bears,1,1,1,New York Giants,1,1
41,5,44,Khalil Shakir,WR,Buffalo Bills,MATHOLOGY,Drake Maye,New England Patriots,0,,,Miami Dolphins,0,0
41,4,45,Baker Mayfield,QB,Tampa Bay Buccaneers,HITANDRUGGS,Baker Mayfield,Tampa Bay Buccaneers,1,0,0,New England Patriots,1,1
41,3,46,Jauan Jennings,WR,San Francisco 49ers,WHODEYSSS,Jaxson Dart,New York Giants,0,,,Los Angeles Rams,0,0
41,2,47,Tyrone Tracy,RB,New York Giants,NEZ,Sam Darnold,Seattle Seahawks,0,,,Chicago Bears,0,0
41,1,48,Brian Thomas,WR,Jacksonville Jaguars,THEDAILYDILE,Trevor Lawrence,Jacksonville Jaguars,1,,,Houston Texans,0,0
41,1,49,Mark Andrews,TE,Baltimore Ravens,THEDAILYDILE,Trevor Lawrence,Jacksonville Jaguars,0,,,Minnesota Vikings,0,0
41,2,50,Sam Darnold,QB,Seattle Seahawks,NEZ,Sam Darnold,Seattle Seahawks,1,0,0,Arizona Cardinals,0,0
41,3,51,D.J. Moore,WR,Chicago Bears,WHODEYSSS,Jaxson Dart,New York Giants,0,,,New York Giants,1,1
41,4,52,TreVeyon Henderson,RB,New England Patriots,HITANDRUGGS,Baker Mayfield,Tampa Bay Buccaneers,0,,,Tampa Bay Buccaneers,1,1
41,5,53,Hunter Henry,TE,New England Patriots,MATHOLOGY,Drake Maye,New England Patriots,1,,,Tampa Bay Buccaneers,0,0
41,6,54,Colston Loveland,TE,Chicago Bears,STEVEVELGIN79,Caleb Williams,Chicago Bears,1,,,New York Giants,1,1
41,7,55,Jared Goff,QB,Detroit Lions,EZ116,Jared Goff,Detroit Lions,1,2,1,Washington Commanders,0,0
41,8,56,Theo Johnson,TE,New York Giants,SHAGNASTYB,Lamar Jackson,Baltimore Ravens,0,,,Chicago Bears,0,0
41,9,57,J.J. McCarthy,QB,Minnesota Vikings,BESTBALLVIPER,J.J. McCarthy,Minnesota Vikings,1,2,1,Baltimore Ravens,1,1
41,10,58,Aaron Jones,RB,Minnesota Vikings,KCPOLACK,Matthew Stafford,Los Angeles Rams,0,,,Baltimore Ravens,0,0
41,11,59,Parker Washington,WR,Jacksonville Jaguars,LEE121503,Josh Allen,Buffalo Bills,0,,,Houston Texans,0,0
41,12,60,Jacoby Brissett,QB,Arizona Cardinals,KRUTCHES93,Jacoby Brissett,Arizona Cardinals,1,2,1,Seattle Seahawks,0,0
41,12,61,Alvin Kamara,RB,New Orleans Saints,KRUTCHES93,Jacoby Brissett,Arizona Cardinals,0,,,Carolina Panthers,0,0
41,11,62,Juwan Johnson,TE,New Orleans Saints,LEE121503,Josh Allen,Buffalo Bills,0,,,Carolina Panthers,1,1
41,10,63,Matthew Stafford,QB,Los Angeles Rams,KCPOLACK,Matthew Stafford,Los Angeles Rams,1,1,1,San Francisco 49ers,0,0
41,9,64,T.J. Hockenson,TE,Minnesota Vikings,BESTBALLVIPER,J.J. McCarthy,Minnesota Vikings,1,,,Baltimore Ravens,1,1
41,8,65,Jordan Mason,RB,Minnesota Vikings,SHAGNASTYB,Lamar Jackson,Baltimore Ravens,0,,,Baltimore Ravens,1,1
41,7,66,Rhamondre Stevenson,RB,New England Patriots,EZ116,Jared Goff,Detroit Lions,0,,,Tampa Bay Buccaneers,1,1
41,6,67,Woody Marks,RB,Houston Texans,STEVEVELGIN79,Caleb Williams,Chicago Bears,0,,,Jacksonville Jaguars,0,0
41,5,68,DeMario Douglas,WR,New England Patriots,MATHOLOGY,Drake Maye,New England Patriots,1,,,Tampa Bay Buccaneers,0,0
41,4,69,Harold Fannin,TE,Cleveland Browns,HITANDRUGGS,Baker Mayfield,Tampa Bay Buccaneers,0,,,New York Jets,0,0
41,3,70,Dalton Schultz,TE,Houston Texans,WHODEYSSS,Jaxson Dart,New York Giants,0,,,Jacksonville Jaguars,0,0
41,2,71,Darius Slayton,WR,New York Giants,NEZ,Sam Darnold,Seattle Seahawks,0,,,Chicago Bears,0,0
41,1,72,Trevor Lawrence,QB,Jacksonville Jaguars,THEDAILYDILE,Trevor Lawrence,Jacksonville Jaguars,1,1,1,Houston Texans,0,0
42,1,1,Christian McCaffrey,RB,San Francisco 49ers,SMOKE412,Jaxson Dart,New York Giants,0,,,Los Angeles Rams,0,0
42,2,2,Jahmyr Gibbs,RB,Detroit Lions,KRUTCHES93,Caleb Williams,Chicago Bears,0,,,Washington Commanders,0,0
42,3,3,James Cook,RB,Buffalo Bills,JEWISHMCCAF,Jared Goff,Detroit Lions,0,,,Miami Dolphins,0,0
42,4,4,Jaxon Smith-Njigba,WR,Seattle Seahawks,LENKEITH,Sam Darnold,Seattle Seahawks,1,,,Arizona Cardinals,0,0
42,5,5,Rico Dowdle,RB,Carolina Panthers,LEE121503,Baker Mayfield,Tampa Bay Buccaneers,0,,,New Orleans Saints,1,1
42,6,6,Puka Nacua,WR,Los Angeles Rams,BERIOV,Drake Maye,New England Patriots,0,,,San Francisco 49ers,0,0
42,7,7,De'Von Achane,RB,Miami Dolphins,TUBINIS2121,Brock Purdy,San Francisco 49ers,0,,,Buffalo Bills,0,0
42,8,8,Amon-Ra St. Brown,WR,Detroit Lions,EZ116,Marcus Mariota,Washington Commanders,0,,,Washington Commanders,2,1
42,9,9,Kyren Williams,RB,Los Angeles Rams,FANTASYGRIN,Josh Allen,Buffalo Bills,0,,,San Francisco 49ers,0,0
42,10,10,Derrick Henry,RB,Baltimore Ravens,HOUSEALWAY,J.J. McCarthy,Minnesota Vikings,0,,,Minnesota Vikings,2,1
42,11,11,Trey McBride,TE,Arizona Cardinals,GUNNEROSS,Matthew Stafford,Los Angeles Rams,0,,,Seattle Seahawks,1,1
42,12,12,Lamar Jackson,QB,Baltimore Ravens,SHAGNASTYB,Lamar Jackson,Baltimore Ravens,1,1,1,Minnesota Vikings,1,1
42,12,13,Justin Jefferson,WR,Minnesota Vikings,SHAGNASTYB,Lamar Jackson,Baltimore Ravens,0,,,Baltimore Ravens,2,1
42,11,14,Davante Adams,WR,Los Angeles Rams,GUNNEROSS,Matthew Stafford,Los Angeles Rams,1,,,San Francisco 49ers,0,0
42,10,15,Emeka Egbuka,WR,Tampa Bay Buccaneers,HOUSEALWAY,J.J. McCarthy,Minnesota Vikings,0,,,New England Patriots,0,0
42,9,16,Josh Allen,QB,Buffalo Bills,FANTASYGRIN,Josh Allen,Buffalo Bills,1,0,0,Miami Dolphins,0,0
42,8,17,Bucky Irving,RB,Tampa Bay Buccaneers,EZ116,Marcus Mariota,Washington Commanders,0,,,New England Patriots,0,0
42,7,18,George Kittle,TE,San Francisco 49ers,TUBINIS2121,Brock Purdy,San Francisco 49ers,1,,,Los Angeles Rams,0,0
42,6,19,Quinshon Judkins,RB,Cleveland Browns,BERIOV,Drake Maye,New England Patriots,0,,,New York Jets,0,0
42,5,20,Nico Collins,WR,Houston Texans,LEE121503,Baker Mayfield,Tampa Bay Buccaneers,0,,,Jacksonville Jaguars,0,0
42,4,21,Zay Flowers,WR,Baltimore Ravens,LENKEITH,Sam Darnold,Seattle Seahawks,0,,,Minnesota Vikings,0,0
42,3,22,Sam LaPorta,TE,Detroit Lions,JEWISHMCCAF,Jared Goff,Detroit Lions,1,,,Washington Commanders,0,0
42,2,23,Breece Hall,RB,New York Jets,KRUTCHES93,Caleb Williams,Chicago Bears,0,,,Cleveland Browns,0,0
42,1,24,Jaxson Dart,QB,New York Giants,SMOKE412,Jaxson Dart,New York Giants,1,0,0,Chicago Bears,2,1
42,1,25,D'Andre Swift,RB,Chicago Bears,SMOKE412,Jaxson Dart,New York Giants,0,,,New York Giants,1,1
42,2,26,Jaylen Waddle,WR,Miami Dolphins,KRUTCHES93,Caleb Williams,Chicago Bears,0,,,Buffalo Bills,1,1
42,3,27,Kyle Monangai,RB,Chicago Bears,JEWISHMCCAF,Jared Goff,Detroit Lions,0,,,New York Giants,1,1
42,4,28,Rome Odunze,WR,Chicago Bears,LENKEITH,Sam Darnold,Seattle Seahawks,0,,,New York Giants,0,0
42,5,29,Stefon Diggs,WR,New England Patriots,LEE121503,Baker Mayfield,Tampa Bay Buccaneers,0,,,Tampa Bay Buccaneers,2,1
42,6,30,Drake Maye,QB,New England Patriots,BERIOV,Drake Maye,New England Patriots,1,2,1,Tampa Bay Buccaneers,0,0
42,7,31,David Montgomery,RB,Detroit Lions,TUBINIS2121,Brock Purdy,San Francisco 49ers,0,,,Washington Commanders,0,0
42,8,32,Garrett Wilson,WR,New York Jets,EZ116,Marcus Mariota,Washington Commanders,0,,,Cleveland Browns,0,0
42,9,33,Chris Olave,WR,New Orleans Saints,FANTASYGRIN,Josh Allen,Buffalo Bills,0,,,Carolina Panthers,1,1
42,10,34,Jordan Addison,WR,Minnesota Vikings,HOUSEALWAY,J.J. McCarthy,Minnesota Vikings,1,,,Baltimore Ravens,1,1
42,11,35,Kenneth Walker III,RB,Seattle Seahawks,GUNNEROSS,Matthew Stafford,Los Angeles Rams,0,,,Arizona Cardinals,1,1
42,12,36,Colston Loveland,TE,Chicago Bears,SHAGNASTYB,Lamar Jackson,Baltimore Ravens,0,,,New York Giants,1,1
42,12,37,Tyrone Tracy,RB,New York Giants,SHAGNASTYB,Lamar Jackson,Baltimore Ravens,0,,,Chicago Bears,1,1
42,11,38,Deebo Samuel,WR,Washington Commanders,GUNNEROSS,Matthew Stafford,Los Angeles Rams,0,,,Detroit Lions,0,0
42,10,39,Jameson Williams,WR,Detroit Lions,HOUSEALWAY,J.J. McCarthy,Minnesota Vikings,0,,,Washington Commanders,0,0
42,9,40,Tetairoa McMillan,WR,Carolina Panthers,FANTASYGRIN,Josh Allen,Buffalo Bills,0,,,New Orleans Saints,2,1
42,8,41,Travis Etienne Jr.,RB,Jacksonville Jaguars,EZ116,Marcus Mariota,Washington Commanders,0,,,Houston Texans,0,0
42,7,42,Marvin Harrison,WR,Arizona Cardinals,TUBINIS2121,Brock Purdy,San Francisco 49ers,0,,,Seattle Seahawks,0,0
42,6,43,Wan'Dale Robinson,WR,New York Giants,BERIOV,Drake Maye,New England Patriots,0,,,Chicago Bears,0,0
42,5,44,Baker Mayfield,QB,Tampa Bay Buccaneers,LEE121503,Baker Mayfield,Tampa Bay Buccaneers,1,1,1,New England Patriots,1,1
42,4,45,Dalton Kincaid,TE,Buffalo Bills,LENKEITH,Sam Darnold,Seattle Seahawks,0,,,Miami Dolphins,0,0
42,3,46,Jauan Jennings,WR,San Francisco 49ers,JEWISHMCCAF,Jared Goff,Detroit Lions,0,,,Los Angeles Rams,0,0
42,2,47,Khalil Shakir,WR,Buffalo Bills,KRUTCHES93,Caleb Williams,Chicago Bears,0,,,Miami Dolphins,1,1
42,1,48,D.J. Moore,WR,Chicago Bears,SMOKE412,Jaxson Dart,New York Giants,0,,,New York Giants,1,1
42,1,49,Mark Andrews,TE,Baltimore Ravens,SMOKE412,Jaxson Dart,New York Giants,0,,,Minnesota Vikings,0,0
42,2,50,Caleb Williams,QB,Chicago Bears,KRUTCHES93,Caleb Williams,Chicago Bears,1,0,0,New York Giants,0,0
42,3,51,Jared Goff,QB,Detroit Lions,JEWISHMCCAF,Jared Goff,Detroit Lions,1,1,1,Washington Commanders,0,0
42,4,52,Sam Darnold,QB,Seattle Seahawks,LENKEITH,Sam Darnold,Seattle Seahawks,1,1,1,Arizona Cardinals,0,0
42,5,53,Chris Godwin,WR,Tampa Bay Buccaneers,LEE121503,Baker Mayfield,Tampa Bay Buccaneers,1,,,New England Patriots,1,1
42,6,54,Hunter Henry,TE,New England Patriots,BERIOV,Drake Maye,New England Patriots,1,,,Tampa Bay Buccaneers,0,0
42,7,55,Brian Thomas,WR,Jacksonville Jaguars,TUBINIS2121,Brock Purdy,San Francisco 49ers,0,,,Houston Texans,0,0
42,8,56,Zach Ertz,TE,Washington Commanders,EZ116,Marcus Mariota,Washington Commanders,1,,,Detroit Lions,1,1
42,9,57,Harold Fannin,TE,Cleveland Browns,FANTASYGRIN,Josh Allen,Buffalo Bills,0,,,New York Jets,0,0
42,10,58,J.J. McCarthy,QB,Minnesota Vikings,HOUSEALWAY,J.J. McCarthy,Minnesota Vikings,1,1,1,Baltimore Ravens,1,1
42,11,59,Parker Washington,WR,Jacksonville Jaguars,GUNNEROSS,Matthew Stafford,Los Angeles Rams,0,,,Houston Texans,0,0
42,12,60,DeMario Douglas,WR,New England Patriots,SHAGNASTYB,Lamar Jackson,Baltimore Ravens,0,,,Tampa Bay Buccaneers,0,0
42,12,61,Rashod Bateman,WR,Baltimore Ravens,SHAGNASTYB,Lamar Jackson,Baltimore Ravens,1,,,Minnesota Vikings,1,1
42,11,62,Matthew Stafford,QB,Los Angeles Rams,GUNNEROSS,Matthew Stafford,Los Angeles Rams,1,1,1,San Francisco 49ers,0,0
42,10,63,Theo Johnson,TE,New York Giants,HOUSEALWAY,J.J. McCarthy,Minnesota Vikings,0,,,Chicago Bears,0,0
42,9,64,Alvin Kamara,RB,New Orleans Saints,FANTASYGRIN,Josh Allen,Buffalo Bills,0,,,Carolina Panthers,1,1
42,8,65,Marcus Mariota,QB,Washington Commanders,EZ116,Marcus Mariota,Washington Commanders,1,1,1,Detroit Lions,1,1
42,7,66,Brock Purdy,QB,San Francisco 49ers,TUBINIS2121,Brock Purdy,San Francisco 49ers,1,1,1,Los Angeles Rams,0,0
42,6,67,Kayshon Boutte,WR,New England Patriots,BERIOV,Drake Maye,New England Patriots,1,,,Tampa Bay Buccaneers,0,0
42,5,68,Juwan Johnson,TE,New Orleans Saints,LEE121503,Baker Mayfield,Tampa Bay Buccaneers,0,,,Carolina Panthers,1,1
42,4,69,TreVeyon Henderson,RB,New England Patriots,LENKEITH,Sam Darnold,Seattle Seahawks,0,,,Tampa Bay Buccaneers,0,0
42,3,70,Darius Slayton,WR,New York Giants,JEWISHMCCAF,Jared Goff,Detroit Lions,0,,,Chicago Bears,1,1
42,2,71,Elijah Arroyo,TE,Seattle Seahawks,KRUTCHES93,Caleb Williams,Chicago Bears,0,,,Arizona Cardinals,0,0
42,1,72,Tory Horton,WR,Seattle Seahawks,SMOKE412,Jaxson Dart,New York Giants,0,,,Arizona Cardinals,0,0
43,1,1,Christian McCaffrey,RB,San Francisco 49ers,GUNNEROSS,J.J. McCarthy,Minnesota Vikings,0,,,Los Angeles Rams,0,0
43,2,2,Jahmyr Gibbs,RB,Detroit Lions,NOAHPETRO23,Sam Darnold,Seattle Seahawks,0,,,Washington Commanders,0,0
43,3,3,James Cook,RB,Buffalo Bills,KILLAKALI,Caleb Williams,Chicago Bears,0,,,Miami Dolphins,0,0
43,4,4,Jaxon Smith-Njigba,WR,Seattle Seahawks,XCHEERFUL,Matthew Stafford,Los Angeles Rams,0,,,Arizona Cardinals,0,0
43,5,5,Puka Nacua,WR,Los Angeles Rams,FANTASYGRIN,Josh Allen,Buffalo Bills,0,,,San Francisco 49ers,0,0
43,6,6,De'Von Achane,RB,Miami Dolphins,KRUTCHES93,Marcus Mariota,Washington Commanders,0,,,Buffalo Bills,1,1
43,7,7,Rico Dowdle,RB,Carolina Panthers,HDJDHDJDJSK,Justin Fields,New York Jets,0,,,New Orleans Saints,0,0
43,8,8,Amon-Ra St. Brown,WR,Detroit Lions,DANJPRECIADO,Jared Goff,Detroit Lions,1,,,Washington Commanders,1,1
43,9,9,Derrick Henry,RB,Baltimore Ravens,BOUND33,Jaxson Dart,New York Giants,0,,,Minnesota Vikings,0,0
43,10,10,Kyren Williams,RB,Los Angeles Rams,HOTSIZAUCE,Baker Mayfield,Tampa Bay Buccaneers,0,,,San Francisco 49ers,0,0
43,11,11,Justin Jefferson,WR,Minnesota Vikings,NEZ,Lamar Jackson,Baltimore Ravens,0,,,Baltimore Ravens,2,1
43,12,12,Trey McBride,TE,Arizona Cardinals,LEE121503,Drake Maye,New England Patriots,0,,,Seattle Seahawks,0,0
43,12,13,Davante Adams,WR,Los Angeles Rams,LEE121503,Drake Maye,New England Patriots,0,,,San Francisco 49ers,0,0
43,11,14,Lamar Jackson,QB,Baltimore Ravens,NEZ,Lamar Jackson,Baltimore Ravens,1,1,1,Minnesota Vikings,1,1
43,10,15,Emeka Egbuka,WR,Tampa Bay Buccaneers,HOTSIZAUCE,Baker Mayfield,Tampa Bay Buccaneers,1,,,New England Patriots,2,1
43,9,16,George Kittle,TE,San Francisco 49ers,BOUND33,Jaxson Dart,New York Giants,0,,,Los Angeles Rams,0,0
43,8,17,Quinshon Judkins,RB,Cleveland Browns,DANJPRECIADO,Jared Goff,Detroit Lions,0,,,New York Jets,0,0
43,7,18,Nico Collins,WR,Houston Texans,HDJDHDJDJSK,Justin Fields,New York Jets,0,,,Jacksonville Jaguars,0,0
43,6,19,Bucky Irving,RB,Tampa Bay Buccaneers,KRUTCHES93,Marcus Mariota,Washington Commanders,0,,,New England Patriots,0,0
43,5,20,Josh Allen,QB,Buffalo Bills,FANTASYGRIN,Josh Allen,Buffalo Bills,1,1,1,Miami Dolphins,0,0
43,4,21,Breece Hall,RB,New York Jets,XCHEERFUL,Matthew Stafford,Los Angeles Rams,0,,,Cleveland Browns,0,0
43,3,22,Zay Flowers,WR,Baltimore Ravens,KILLAKALI,Caleb Williams,Chicago Bears,0,,,Minnesota Vikings,0,0
43,2,23,Rome Odunze,WR,Chicago Bears,NOAHPETRO23,Sam Darnold,Seattle Seahawks,0,,,New York Giants,0,0
43,1,24,Kyle Monangai,RB,Chicago Bears,GUNNEROSS,J.J. McCarthy,Minnesota Vikings,0,,,New York Giants,0,0
43,1,25,Jaylen Waddle,WR,Miami Dolphins,GUNNEROSS,J.J. McCarthy,Minnesota Vikings,0,,,Buffalo Bills,0,0
43,2,26,David Montgomery,RB,Detroit Lions,NOAHPETRO23,Sam Darnold,Seattle Seahawks,0,,,Washington Commanders,0,0
43,3,27,Kenneth Walker III,RB,Seattle Seahawks,KILLAKALI,Caleb Williams,Chicago Bears,0,,,Arizona Cardinals,0,0
43,4,28,Sam LaPorta,TE,Detroit Lions,XCHEERFUL,Matthew Stafford,Los Angeles Rams,0,,,Washington Commanders,0,0
43,5,29,Chris Olave,WR,New Orleans Saints,FANTASYGRIN,Josh Allen,Buffalo Bills,0,,,Carolina Panthers,0,0
43,6,30,Deebo Samuel,WR,Washington Commanders,KRUTCHES93,Marcus Mariota,Washington Commanders,1,,,Detroit Lions,0,0
43,7,31,Garrett Wilson,WR,New York Jets,HDJDHDJDJSK,Justin Fields,New York Jets,1,,,Cleveland Browns,0,0
43,8,32,D'Andre Swift,RB,Chicago Bears,DANJPRECIADO,Jared Goff,Detroit Lions,0,,,New York Giants,1,1
43,9,33,Jaxson Dart,QB,New York Giants,BOUND33,Jaxson Dart,New York Giants,1,0,0,Chicago Bears,0,0
43,10,34,Stefon Diggs,WR,New England Patriots,HOTSIZAUCE,Baker Mayfield,Tampa Bay Buccaneers,0,,,Tampa Bay Buccaneers,2,1
43,11,35,Travis Etienne Jr.,RB,Jacksonville Jaguars,NEZ,Lamar Jackson,Baltimore Ravens,0,,,Houston Texans,0,0
43,12,36,Drake Maye,QB,New England Patriots,LEE121503,Drake Maye,New England Patriots,1,0,0,Tampa Bay Buccaneers,1,1
43,12,37,Marvin Harrison,WR,Arizona Cardinals,LEE121503,Drake Maye,New England Patriots,0,,,Seattle Seahawks,0,0
43,11,38,Tetairoa McMillan,WR,Carolina Panthers,NEZ,Lamar Jackson,Baltimore Ravens,0,,,New Orleans Saints,0,0
43,10,39,Baker Mayfield,QB,Tampa Bay Buccaneers,HOTSIZAUCE,Baker Mayfield,Tampa Bay Buccaneers,1,1,1,New England Patriots,2,1
43,9,40,Jameson Williams,WR,Detroit Lions,BOUND33,Jaxson Dart,New York Giants,0,,,Washington Commanders,0,0
43,8,41,Jared Goff,QB,Detroit Lions,DANJPRECIADO,Jared Goff,Detroit Lions,1,1,1,Washington Commanders,1,1
43,7,42,Tyrone Tracy,RB,New York Giants,HDJDHDJDJSK,Justin Fields,New York Jets,0,,,Chicago Bears,0,0
43,6,43,Dalton Kincaid,TE,Buffalo Bills,KRUTCHES93,Marcus Mariota,Washington Commanders,0,,,Miami Dolphins,1,1
43,5,44,Khalil Shakir,WR,Buffalo Bills,FANTASYGRIN,Josh Allen,Buffalo Bills,1,,,Miami Dolphins,0,0
43,4,45,D.J. Moore,WR,Chicago Bears,XCHEERFUL,Matthew Stafford,Los Angeles Rams,0,,,New York Giants,0,0
43,3,46,Caleb Williams,QB,Chicago Bears,KILLAKALI,Caleb Williams,Chicago Bears,1,0,0,New York Giants,0,0
43,2,47,Sam Darnold,QB,Seattle Seahawks,NOAHPETRO23,Sam Darnold,Seattle Seahawks,1,0,0,Arizona Cardinals,0,0
43,1,48,Jordan Addison,WR,Minnesota Vikings,GUNNEROSS,J.J. McCarthy,Minnesota Vikings,1,,,Baltimore Ravens,0,0
43,1,49,J.J. McCarthy,QB,Minnesota Vikings,GUNNEROSS,J.J. McCarthy,Minnesota Vikings,1,1,1,Baltimore Ravens,0,0
43,2,50,Colston Loveland,TE,Chicago Bears,NOAHPETRO23,Sam Darnold,Seattle Seahawks,0,,,New York Giants,0,0
43,3,51,Jauan Jennings,WR,San Francisco 49ers,KILLAKALI,Caleb Williams,Chicago Bears,0,,,Los Angeles Rams,0,0
43,4,52,Matthew Stafford,QB,Los Angeles Rams,XCHEERFUL,Matthew Stafford,Los Angeles Rams,1,0,0,San Francisco 49ers,0,0
43,5,53,Alvin Kamara,RB,New Orleans Saints,FANTASYGRIN,Josh Allen,Buffalo Bills,0,,,Carolina Panthers,0,0
43,6,54,Wan'Dale Robinson,WR,New York Giants,KRUTCHES93,Marcus Mariota,Washington Commanders,0,,,Chicago Bears,0,0
43,7,55,Mark Andrews,TE,Baltimore Ravens,HDJDHDJDJSK,Justin Fields,New York Jets,0,,,Minnesota Vikings,0,0
43,8,56,Darius Slayton,WR,New York Giants,DANJPRECIADO,Jared Goff,Detroit Lions,0,,,Chicago Bears,1,1
43,9,57,TreVeyon Henderson,RB,New England Patriots,BOUND33,Jaxson Dart,New York Giants,0,,,Tampa Bay Buccaneers,0,0
43,10,58,Brian Thomas,WR,Jacksonville Jaguars,HOTSIZAUCE,Baker Mayfield,Tampa Bay Buccaneers,0,,,Houston Texans,0,0
43,11,59,Jacory Croskey-Merritt,RB,Washington Commanders,NEZ,Lamar Jackson,Baltimore Ravens,0,,,Detroit Lions,0,0
43,12,60,Aaron Jones,RB,Minnesota Vikings,LEE121503,Drake Maye,New England Patriots,0,,,Baltimore Ravens,0,0
43,12,61,Rachaad White,RB,Tampa Bay Buccaneers,LEE121503,Drake Maye,New England Patriots,0,,,New England Patriots,1,1
43,11,62,Isaiah Likely,TE,Baltimore Ravens,NEZ,Lamar Jackson,Baltimore Ravens,1,,,Minnesota Vikings,1,1
43,10,63,Hunter Henry,TE,New England Patriots,HOTSIZAUCE,Baker Mayfield,Tampa Bay Buccaneers,0,,,Tampa Bay Buccaneers,2,1
43,9,64,Jalen Coker,WR,Carolina Panthers,BOUND33,Jaxson Dart,New York Giants,0,,,New Orleans Saints,0,0
43,8,65,Zach Ertz,TE,Washington Commanders,DANJPRECIADO,Jared Goff,Detroit Lions,0,,,Detroit Lions,2,1
43,7,66,Justin Fields,QB,New York Jets,HDJDHDJDJSK,Justin Fields,New York Jets,1,1,1,Cleveland Browns,0,0
43,6,67,Marcus Mariota,QB,Washington Commanders,KRUTCHES93,Marcus Mariota,Washington Commanders,1,1,1,Detroit Lions,0,0
43,5,68,Juwan Johnson,TE,New Orleans Saints,FANTASYGRIN,Josh Allen,Buffalo Bills,0,,,Carolina Panthers,0,0
43,4,69,Rhamondre Stevenson,RB,New England Patriots,XCHEERFUL,Matthew Stafford,Los Angeles Rams,0,,,Tampa Bay Buccaneers,0,0
43,3,70,Dalton Schultz,TE,Houston Texans,KILLAKALI,Caleb Williams,Chicago Bears,0,,,Jacksonville Jaguars,0,0
43,2,71,DeAndre Hopkins,WR,Baltimore Ravens,NOAHPETRO23,Sam Darnold,Seattle Seahawks,0,,,Minnesota Vikings,0,0
43,1,72,Elijah Arroyo,TE,Seattle Seahawks,GUNNEROSS,J.J. McCarthy,Minnesota Vikings,0,,,Arizona Cardinals,0,0
44,1,1,Christian McCaffrey,RB,San Francisco 49ers,NEZ,Justin Fields,New York Jets,0,,,Los Angeles Rams,0,0
44,2,2,Lamar Jackson,QB,Baltimore Ravens,GURJAS,Lamar Jackson,Baltimore Ravens,1,0,0,Minnesota Vikings,0,0
44,3,3,Jahmyr Gibbs,RB,Detroit Lions,MFUNN85,Baker Mayfield,Tampa Bay Buccaneers,0,,,Washington Commanders,0,0
44,4,4,Jaxon Smith-Njigba,WR,Seattle Seahawks,KURUC711,Drake Maye,New England Patriots,0,,,Arizona Cardinals,0,0
44,5,5,James Cook,RB,Buffalo Bills,COPPINCHEEK,J.J. McCarthy,Minnesota Vikings,0,,,Miami Dolphins,0,0
44,6,6,Rico Dowdle,RB,Carolina Panthers,THAMMY12,Jared Goff,Detroit Lions,0,,,New Orleans Saints,0,0
44,7,7,Puka Nacua,WR,Los Angeles Rams,CGEEEEEE,Jaxson Dart,New York Giants,0,,,San Francisco 49ers,0,0
44,8,8,De'Von Achane,RB,Miami Dolphins,YUZENN,Sam Darnold,Seattle Seahawks,0,,,Buffalo Bills,0,0
44,9,9,Emeka Egbuka,WR,Tampa Bay Buccaneers,BOOMERWINS,Caleb Williams,Chicago Bears,0,,,New England Patriots,1,1
44,10,10,Amon-Ra St. Brown,WR,Detroit Lions,INGELX,Jacoby Brissett,Arizona Cardinals,0,,,Washington Commanders,0,0
44,11,11,Derrick Henry,RB,Baltimore Ravens,ABOMBATOM,Josh Allen,Buffalo Bills,0,,,Minnesota Vikings,0,0
44,12,12,Kyren Williams,RB,Los Angeles Rams,SPORTSCONN,Matthew Stafford,Los Angeles Rams,1,,,San Francisco 49ers,0,0
44,12,13,Justin Jefferson,WR,Minnesota Vikings,SPORTSCONN,Matthew Stafford,Los Angeles Rams,0,,,Baltimore Ravens,0,0
44,11,14,Josh Allen,QB,Buffalo Bills,ABOMBATOM,Josh Allen,Buffalo Bills,1,0,0,Miami Dolphins,0,0
44,10,15,Trey McBride,TE,Arizona Cardinals,INGELX,Jacoby Brissett,Arizona Cardinals,1,,,Seattle Seahawks,1,1
44,9,16,Bucky Irving,RB,Tampa Bay Buccaneers,BOOMERWINS,Caleb Williams,Chicago Bears,0,,,New England Patriots,1,1
44,8,17,Quinshon Judkins,RB,Cleveland Browns,YUZENN,Sam Darnold,Seattle Seahawks,0,,,New York Jets,1,1
44,7,18,Davante Adams,WR,Los Angeles Rams,CGEEEEEE,Jaxson Dart,New York Giants,0,,,San Francisco 49ers,0,0
44,6,19,Rome Odunze,WR,Chicago Bears,THAMMY12,Jared Goff,Detroit Lions,0,,,New York Giants,1,1
44,5,20,Nico Collins,WR,Houston Texans,COPPINCHEEK,J.J. McCarthy,Minnesota Vikings,0,,,Jacksonville Jaguars,0,0
44,4,21,D'Andre Swift,RB,Chicago Bears,KURUC711,Drake Maye,New England Patriots,0,,,New York Giants,1,1
44,3,22,Breece Hall,RB,New York Jets,MFUNN85,Baker Mayfield,Tampa Bay Buccaneers,0,,,Cleveland Browns,0,0
44,2,23,David Montgomery,RB,Detroit Lions,GURJAS,Lamar Jackson,Baltimore Ravens,0,,,Washington Commanders,0,0
44,1,24,George Kittle,TE,San Francisco 49ers,NEZ,Justin Fields,New York Jets,0,,,Los Angeles Rams,0,0
44,1,25,Zay Flowers,WR,Baltimore Ravens,NEZ,Justin Fields,New York Jets,0,,,Minnesota Vikings,0,0
44,2,26,Khalil Shakir,WR,Buffalo Bills,GURJAS,Lamar Jackson,Baltimore Ravens,0,,,Miami Dolphins,0,0
44,3,27,Jaylen Waddle,WR,Miami Dolphins,MFUNN85,Baker Mayfield,Tampa Bay Buccaneers,0,,,Buffalo Bills,0,0
44,4,28,Drake Maye,QB,New England Patriots,KURUC711,Drake Maye,New England Patriots,1,0,0,Tampa Bay Buccaneers,1,1
44,5,29,Sam LaPorta,TE,Detroit Lions,COPPINCHEEK,J.J. McCarthy,Minnesota Vikings,0,,,Washington Commanders,0,0
44,6,30,Jameson Williams,WR,Detroit Lions,THAMMY12,Jared Goff,Detroit Lions,1,,,Washington Commanders,0,0
44,7,31,Jaxson Dart,QB,New York Giants,CGEEEEEE,Jaxson Dart,New York Giants,1,1,1,Chicago Bears,0,0
44,8,32,Garrett Wilson,WR,New York Jets,YUZENN,Sam Darnold,Seattle Seahawks,0,,,Cleveland Browns,1,1
44,9,33,Kyle Monangai,RB,Chicago Bears,BOOMERWINS,Caleb Williams,Chicago Bears,1,,,New York Giants,0,0
44,10,34,Travis Etienne Jr.,RB,Jacksonville Jaguars,INGELX,Jacoby Brissett,Arizona Cardinals,0,,,Houston Texans,0,0
44,11,35,Chris Olave,WR,New Orleans Saints,ABOMBATOM,Josh Allen,Buffalo Bills,0,,,Carolina Panthers,0,0
44,12,36,Stefon Diggs,WR,New England Patriots,SPORTSCONN,Matthew Stafford,Los Angeles Rams,0,,,Tampa Bay Buccaneers,0,0
44,12,37,Tetairoa McMillan,WR,Carolina Panthers,SPORTSCONN,Matthew Stafford,Los Angeles Rams,0,,,New Orleans Saints,0,0
44,11,38,Kenneth Walker III,RB,Seattle Seahawks,ABOMBATOM,Josh Allen,Buffalo Bills,0,,,Arizona Cardinals,0,0
44,10,39,Marvin Harrison,WR,Arizona Cardinals,INGELX,Jacoby Brissett,Arizona Cardinals,1,,,Seattle Seahawks,1,1
44,9,40,Caleb Williams,QB,Chicago Bears,BOOMERWINS,Caleb Williams,Chicago Bears,1,1,1,New York Giants,0,0
44,8,41,Brian Thomas,WR,Jacksonville Jaguars,YUZENN,Sam Darnold,Seattle Seahawks,0,,,Houston Texans,0,0
44,7,42,Wan'Dale Robinson,WR,New York Giants,CGEEEEEE,Jaxson Dart,New York Giants,1,,,Chicago Bears,0,0
44,6,43,Jared Goff,QB,Detroit Lions,THAMMY12,Jared Goff,Detroit Lions,1,1,1,Washington Commanders,0,0
44,5,44,Jordan Addison,WR,Minnesota Vikings,COPPINCHEEK,J.J. McCarthy,Minnesota Vikings,1,,,Baltimore Ravens,0,0
44,4,45,Deebo Samuel,WR,Washington Commanders,KURUC711,Drake Maye,New England Patriots,0,,,Detroit Lions,0,0
44,3,46,Baker Mayfield,QB,Tampa Bay Buccaneers,MFUNN85,Baker Mayfield,Tampa Bay Buccaneers,1,1,1,New England Patriots,0,0
44,2,47,Dalton Kincaid,TE,Buffalo Bills,GURJAS,Lamar Jackson,Baltimore Ravens,0,,,Miami Dolphins,0,0
44,1,48,Tyrone Tracy,RB,New York Giants,NEZ,Justin Fields,New York Jets,0,,,Chicago Bears,1,1
44,1,49,D.J. Moore,WR,Chicago Bears,NEZ,Justin Fields,New York Jets,0,,,New York Giants,1,1
44,2,50,Colston Loveland,TE,Chicago Bears,GURJAS,Lamar Jackson,Baltimore Ravens,0,,,New York Giants,0,0
44,3,51,Jauan Jennings,WR,San Francisco 49ers,MFUNN85,Baker Mayfield,Tampa Bay Buccaneers,0,,,Los Angeles Rams,0,0
44,4,52,Theo Johnson,TE,New York Giants,KURUC711,Drake Maye,New England Patriots,0,,,Chicago Bears,1,1
44,5,53,Alvin Kamara,RB,New Orleans Saints,COPPINCHEEK,J.J. McCarthy,Minnesota Vikings,0,,,Carolina Panthers,0,0
44,6,54,Darius Slayton,WR,New York Giants,THAMMY12,Jared Goff,Detroit Lions,0,,,Chicago Bears,1,1
44,7,55,Hunter Henry,TE,New England Patriots,CGEEEEEE,Jaxson Dart,New York Giants,0,,,Tampa Bay Buccaneers,0,0
44,8,56,Sam Darnold,QB,Seattle Seahawks,YUZENN,Sam Darnold,Seattle Seahawks,1,1,1,Arizona Cardinals,0,0
44,9,57,Mark Andrews,TE,Baltimore Ravens,BOOMERWINS,Caleb Williams,Chicago Bears,0,,,Minnesota Vikings,0,0
44,10,58,Jacoby Brissett,QB,Arizona Cardinals,INGELX,Jacoby Brissett,Arizona Cardinals,1,2,1,Seattle Seahawks,1,1
44,11,59,Harold Fannin,TE,Cleveland Browns,ABOMBATOM,Josh Allen,Buffalo Bills,0,,,New York Jets,0,0
44,12,60,Matthew Stafford,QB,Los Angeles Rams,SPORTSCONN,Matthew Stafford,Los Angeles Rams,1,1,1,San Francisco 49ers,0,0
44,12,61,Zach Ertz,TE,Washington Commanders,SPORTSCONN,Matthew Stafford,Los Angeles Rams,0,,,Detroit Lions,0,0
44,11,62,Parker Washington,WR,Jacksonville Jaguars,ABOMBATOM,Josh Allen,Buffalo Bills,0,,,Houston Texans,0,0
44,10,63,Zach Charbonnet,RB,Seattle Seahawks,INGELX,Jacoby Brissett,Arizona Cardinals,0,,,Arizona Cardinals,3,1
44,9,64,DeMario Douglas,WR,New England Patriots,BOOMERWINS,Caleb Williams,Chicago Bears,0,,,Tampa Bay Buccaneers,2,1
44,8,65,AJ Barner,TE,Seattle Seahawks,YUZENN,Sam Darnold,Seattle Seahawks,1,,,Arizona Cardinals,0,0
44,7,66,Aaron Jones,RB,Minnesota Vikings,CGEEEEEE,Jaxson Dart,New York Giants,0,,,Baltimore Ravens,0,0
44,6,67,T.J. Hockenson,TE,Minnesota Vikings,THAMMY12,Jared Goff,Detroit Lions,0,,,Baltimore Ravens,0,0
44,5,68,J.J. McCarthy,QB,Minnesota Vikings,COPPINCHEEK,J.J. McCarthy,Minnesota Vikings,1,1,1,Baltimore Ravens,0,0
44,4,69,Rachaad White,RB,Tampa Bay Buccaneers,KURUC711,Drake Maye,New England Patriots,0,,,New England Patriots,1,1
44,3,70,Cade Otton,TE,Tampa Bay Buccaneers,MFUNN85,Baker Mayfield,Tampa Bay Buccaneers,1,,,New England Patriots,0,0
44,2,71,Tory Horton,WR,Seattle Seahawks,GURJAS,Lamar Jackson,Baltimore Ravens,0,,,Arizona Cardinals,0,0
44,1,72,Justin Fields,QB,New York Jets,NEZ,Justin Fields,New York Jets,1,0,0,Cleveland Browns,0,0
45,1,1,Christian McCaffrey,RB,San Francisco 49ers,BUSTERSBOYS,Matthew Stafford,Los Angeles Rams,0,,,Los Angeles Rams,1,1
45,2,2,Jaxon Smith-Njigba,WR,Seattle Seahawks,BOOMERWINS,Mac Jones,San Francisco 49ers,0,,,Arizona Cardinals,0,0
45,3,3,Jahmyr Gibbs,RB,Detroit Lions,JEWISHMCCAF,Jared Goff,Detroit Lions,1,,,Washington Commanders,0,0
45,4,4,James Cook,RB,Buffalo Bills,CUTCUTLER,Jaxson Dart,New York Giants,0,,,Miami Dolphins,0,0
45,5,5,Rico Dowdle,RB,Carolina Panthers,CHADCANDLES,Caleb Williams,Chicago Bears,0,,,New Orleans Saints,1,1
45,6,6,De'Von Achane,RB,Miami Dolphins,CGEEEEEE,Marcus Mariota,Washington Commanders,0,,,Buffalo Bills,0,0
45,7,7,Amon-Ra St. Brown,WR,Detroit Lions,CHIBEARS84,J.J. McCarthy,Minnesota Vikings,0,,,Washington Commanders,0,0
45,8,8,Puka Nacua,WR,Los Angeles Rams,BESTBALLVIPER,Sam Darnold,Seattle Seahawks,0,,,San Francisco 49ers,0,0
45,9,9,Derrick Henry,RB,Baltimore Ravens,TUBINIS2121,Baker Mayfield,Tampa Bay Buccaneers,0,,,Minnesota Vikings,0,0
45,10,10,Justin Jefferson,WR,Minnesota Vikings,LEE121503,Drake Maye,New England Patriots,0,,,Baltimore Ravens,0,0
45,11,11,Lamar Jackson,QB,Baltimore Ravens,MFUNN85,Lamar Jackson,Baltimore Ravens,1,0,0,Minnesota Vikings,0,0
45,12,12,Josh Allen,QB,Buffalo Bills,GURJAS,Josh Allen,Buffalo Bills,1,1,1,Miami Dolphins,0,0
45,12,13,Kyren Williams,RB,Los Angeles Rams,GURJAS,Josh Allen,Buffalo Bills,0,,,San Francisco 49ers,0,0
45,11,14,Davante Adams,WR,Los Angeles Rams,MFUNN85,Lamar Jackson,Baltimore Ravens,0,,,San Francisco 49ers,0,0
45,10,15,Trey McBride,TE,Arizona Cardinals,LEE121503,Drake Maye,New England Patriots,0,,,Seattle Seahawks,1,1
45,9,16,Emeka Egbuka,WR,Tampa Bay Buccaneers,TUBINIS2121,Baker Mayfield,Tampa Bay Buccaneers,1,,,New England Patriots,1,1
45,8,17,Bucky Irving,RB,Tampa Bay Buccaneers,BESTBALLVIPER,Sam Darnold,Seattle Seahawks,0,,,New England Patriots,0,0
45,7,18,Jaylen Waddle,WR,Miami Dolphins,CHIBEARS84,J.J. McCarthy,Minnesota Vikings,0,,,Buffalo Bills,0,0
45,6,19,Quinshon Judkins,RB,Cleveland Browns,CGEEEEEE,Marcus Mariota,Washington Commanders,0,,,New York Jets,0,0
45,5,20,Rome Odunze,WR,Chicago Bears,CHADCANDLES,Caleb Williams,Chicago Bears,1,,,New York Giants,0,0
45,4,21,Nico Collins,WR,Houston Texans,CUTCUTLER,Jaxson Dart,New York Giants,0,,,Jacksonville Jaguars,0,0
45,3,22,Breece Hall,RB,New York Jets,JEWISHMCCAF,Jared Goff,Detroit Lions,0,,,Cleveland Browns,0,0
45,2,23,George Kittle,TE,San Francisco 49ers,BOOMERWINS,Mac Jones,San Francisco 49ers,1,,,Los Angeles Rams,0,0
45,1,24,Zay Flowers,WR,Baltimore Ravens,BUSTERSBOYS,Matthew Stafford,Los Angeles Rams,0,,,Minnesota Vikings,0,0
45,1,25,Kyle Monangai,RB,Chicago Bears,BUSTERSBOYS,Matthew Stafford,Los Angeles Rams,0,,,New York Giants,0,0
45,2,26,Stefon Diggs,WR,New England Patriots,BOOMERWINS,Mac Jones,San Francisco 49ers,0,,,Tampa Bay Buccaneers,0,0
45,3,27,Marvin Harrison,WR,Arizona Cardinals,JEWISHMCCAF,Jared Goff,Detroit Lions,0,,,Seattle Seahawks,0,0
45,4,28,Jaxson Dart,QB,New York Giants,CUTCUTLER,Jaxson Dart,New York Giants,1,1,1,Chicago Bears,0,0
45,5,29,Tetairoa McMillan,WR,Carolina Panthers,CHADCANDLES,Caleb Williams,Chicago Bears,0,,,New Orleans Saints,1,1
45,6,30,Sam LaPorta,TE,Detroit Lions,CGEEEEEE,Marcus Mariota,Washington Commanders,0,,,Washington Commanders,2,1
45,7,31,Chris Olave,WR,New Orleans Saints,CHIBEARS84,J.J. McCarthy,Minnesota Vikings,0,,,Carolina Panthers,0,0
45,8,32,D'Andre Swift,RB,Chicago Bears,BESTBALLVIPER,Sam Darnold,Seattle Seahawks,0,,,New York Giants,1,1
45,9,33,David Montgomery,RB,Detroit Lions,TUBINIS2121,Baker Mayfield,Tampa Bay Buccaneers,0,,,Washington Commanders,0,0
45,10,34,Kenneth Walker III,RB,Seattle Seahawks,LEE121503,Drake Maye,New England Patriots,0,,,Arizona Cardinals,1,1
45,11,35,Garrett Wilson,WR,New York Jets,MFUNN85,Lamar Jackson,Baltimore Ravens,0,,,Cleveland Browns,0,0
45,12,36,Terrance Ferguson,TE,Los Angeles Rams,GURJAS,Josh Allen,Buffalo Bills,0,,,San Francisco 49ers,0,0
45,12,37,Khalil Shakir,WR,Buffalo Bills,GURJAS,Josh Allen,Buffalo Bills,1,,,Miami Dolphins,0,0
45,11,38,Travis Etienne Jr.,RB,Jacksonville Jaguars,MFUNN85,Lamar Jackson,Baltimore Ravens,0,,,Houston Texans,0,0
45,10,39,Drake Maye,QB,New England Patriots,LEE121503,Drake Maye,New England Patriots,1,0,0,Tampa Bay Buccaneers,1,1
45,9,40,Baker Mayfield,QB,Tampa Bay Buccaneers,TUBINIS2121,Baker Mayfield,Tampa Bay Buccaneers,1,2,1,New England Patriots,1,1
45,8,41,Wan'Dale Robinson,WR,New York Giants,BESTBALLVIPER,Sam Darnold,Seattle Seahawks,0,,,Chicago Bears,1,1
45,7,42,Colston Loveland,TE,Chicago Bears,CHIBEARS84,J.J. McCarthy,Minnesota Vikings,0,,,New York Giants,0,0
45,6,43,Deebo Samuel,WR,Washington Commanders,CGEEEEEE,Marcus Mariota,Washington Commanders,1,,,Detroit Lions,1,1
45,5,44,Caleb Williams,QB,Chicago Bears,CHADCANDLES,Caleb Williams,Chicago Bears,1,1,1,New York Giants,0,0
45,4,45,Jordan Addison,WR,Minnesota Vikings,CUTCUTLER,Jaxson Dart,New York Giants,0,,,Baltimore Ravens,0,0
45,3,46,Jameson Williams,WR,Detroit Lions,JEWISHMCCAF,Jared Goff,Detroit Lions,1,,,Washington Commanders,0,0
45,2,47,Mac Jones,QB,San Francisco 49ers,BOOMERWINS,Mac Jones,San Francisco 49ers,1,1,1,Los Angeles Rams,0,0
45,1,48,Jauan Jennings,WR,San Francisco 49ers,BUSTERSBOYS,Matthew Stafford,Los Angeles Rams,0,,,Los Angeles Rams,1,1
45,1,49,Matthew Stafford,QB,Los Angeles Rams,BUSTERSBOYS,Matthew Stafford,Los Angeles Rams,1,0,0,San Francisco 49ers,2,1
45,2,50,D.J. Moore,WR,Chicago Bears,BOOMERWINS,Mac Jones,San Francisco 49ers,0,,,New York Giants,1,1
45,3,51,Jared Goff,QB,Detroit Lions,JEWISHMCCAF,Jared Goff,Detroit Lions,1,2,1,Washington Commanders,0,0
45,4,52,Tyrone Tracy,RB,New York Giants,CUTCUTLER,Jaxson Dart,New York Giants,1,,,Chicago Bears,0,0
45,5,53,TreVeyon Henderson,RB,New England Patriots,CHADCANDLES,Caleb Williams,Chicago Bears,0,,,Tampa Bay Buccaneers,0,0
45,6,54,Darius Slayton,WR,New York Giants,CGEEEEEE,Marcus Mariota,Washington Commanders,0,,,Chicago Bears,0,0
45,7,55,Alvin Kamara,RB,New Orleans Saints,CHIBEARS84,J.J. McCarthy,Minnesota Vikings,0,,,Carolina Panthers,0,0
45,8,56,Dalton Kincaid,TE,Buffalo Bills,BESTBALLVIPER,Sam Darnold,Seattle Seahawks,0,,,Miami Dolphins,0,0
45,9,57,Hunter Henry,TE,New England Patriots,TUBINIS2121,Baker Mayfield,Tampa Bay Buccaneers,0,,,Tampa Bay Buccaneers,3,1
45,10,58,Aaron Jones,RB,Minnesota Vikings,LEE121503,Drake Maye,New England Patriots,0,,,Baltimore Ravens,0,0
45,11,59,Theo Johnson,TE,New York Giants,MFUNN85,Lamar Jackson,Baltimore Ravens,0,,,Chicago Bears,0,0
45,12,60,Mark Andrews,TE,Baltimore Ravens,GURJAS,Josh Allen,Buffalo Bills,0,,,Minnesota Vikings,0,0
45,12,61,Brian Thomas,WR,Jacksonville Jaguars,GURJAS,Josh Allen,Buffalo Bills,0,,,Houston Texans,0,0
45,11,62,Jacory Croskey-Merritt,RB,Washington Commanders,MFUNN85,Lamar Jackson,Baltimore Ravens,0,,,Detroit Lions,0,0
45,10,63,Chris Godwin,WR,Tampa Bay Buccaneers,LEE121503,Drake Maye,New England Patriots,0,,,New England Patriots,1,1
45,9,64,Tez Johnson,WR,Tampa Bay Buccaneers,TUBINIS2121,Baker Mayfield,Tampa Bay Buccaneers,1,,,New England Patriots,1,1
45,8,65,Sam Darnold,QB,Seattle Seahawks,BESTBALLVIPER,Sam Darnold,Seattle Seahawks,1,0,0,Arizona Cardinals,0,0
45,7,66,J.J. McCarthy,QB,Minnesota Vikings,CHIBEARS84,J.J. McCarthy,Minnesota Vikings,1,0,0,Baltimore Ravens,0,0
45,6,67,Marcus Mariota,QB,Washington Commanders,CGEEEEEE,Marcus Mariota,Washington Commanders,1,1,1,Detroit Lions,1,1
45,5,68,Juwan Johnson,TE,New Orleans Saints,CHADCANDLES,Caleb Williams,Chicago Bears,0,,,Carolina Panthers,2,1
45,4,69,Harold Fannin,TE,Cleveland Browns,CUTCUTLER,Jaxson Dart,New York Giants,0,,,New York Jets,0,0
45,3,70,T.J. Hockenson,TE,Minnesota Vikings,JEWISHMCCAF,Jared Goff,Detroit Lions,0,,,Baltimore Ravens,0,0
45,2,71,Devin Singletary,RB,New York Giants,BOOMERWINS,Mac Jones,San Francisco 49ers,0,,,Chicago Bears,1,1
45,1,72,Zach Ertz,TE,Washington Commanders,BUSTERSBOYS,Matthew Stafford,Los Angeles Rams,0,,,Detroit Lions,0,0
46,1,1,Christian McCaffrey,RB,San Francisco 49ers,SMOTELSON,Jaxson Dart,New York Giants,0,,,Los Angeles Rams,0,0
46,2,2,James Cook,RB,Buffalo Bills,LEE121503,Marcus Mariota,Washington Commanders,0,,,Miami Dolphins,0,0
46,3,3,Jahmyr Gibbs,RB,Detroit Lions,SHYBAR,Jacoby Brissett,Arizona Cardinals,0,,,Washington Commanders,0,0
46,4,4,Jaxon Smith-Njigba,WR,Seattle Seahawks,BUSTERSBOYS,Sam Darnold,Seattle Seahawks,1,,,Arizona Cardinals,0,0
46,5,5,De'Von Achane,RB,Miami Dolphins,BIFFTANNEN,Jared Goff,Detroit Lions,0,,,Buffalo Bills,1,1
46,6,6,Puka Nacua,WR,Los Angeles Rams,JTRUJILLO640,Drake Maye,New England Patriots,0,,,San Francisco 49ers,0,0
46,7,7,Rico Dowdle,RB,Carolina Panthers,AARONJH22,Caleb Williams,Chicago Bears,0,,,New Orleans Saints,0,0
46,8,8,Amon-Ra St. Brown,WR,Detroit Lions,AHODANIEL,J.J. McCarthy,Minnesota Vikings,0,,,Washington Commanders,0,0
46,9,9,Derrick Henry,RB,Baltimore Ravens,ROTOHEATCRA,Baker Mayfield,Tampa Bay Buccaneers,0,,,Minnesota Vikings,0,0
46,10,10,Lamar Jackson,QB,Baltimore Ravens,TUBINIS2121,Lamar Jackson,Baltimore Ravens,1,1,1,Minnesota Vikings,0,0
46,11,11,Josh Allen,QB,Buffalo Bills,TUBZ21,Josh Allen,Buffalo Bills,1,0,0,Miami Dolphins,0,0
46,12,12,Quinshon Judkins,RB,Cleveland Browns,KCPOLACK,Matthew Stafford,Los Angeles Rams,0,,,New York Jets,1,1
46,12,13,Kyren Williams,RB,Los Angeles Rams,KCPOLACK,Matthew Stafford,Los Angeles Rams,1,,,San Francisco 49ers,0,0
46,11,14,Justin Jefferson,WR,Minnesota Vikings,TUBZ21,Josh Allen,Buffalo Bills,0,,,Baltimore Ravens,1,1
46,10,15,Davante Adams,WR,Los Angeles Rams,TUBINIS2121,Lamar Jackson,Baltimore Ravens,0,,,San Francisco 49ers,0,0
46,9,16,Trey McBride,TE,Arizona Cardinals,ROTOHEATCRA,Baker Mayfield,Tampa Bay Buccaneers,0,,,Seattle Seahawks,0,0
46,8,17,Jordan Addison,WR,Minnesota Vikings,AHODANIEL,J.J. McCarthy,Minnesota Vikings,1,,,Baltimore Ravens,0,0
46,7,18,Emeka Egbuka,WR,Tampa Bay Buccaneers,AARONJH22,Caleb Williams,Chicago Bears,0,,,New England Patriots,1,1
46,6,19,Bucky Irving,RB,Tampa Bay Buccaneers,JTRUJILLO640,Drake Maye,New England Patriots,0,,,New England Patriots,3,1
46,5,20,Breece Hall,RB,New York Jets,BIFFTANNEN,Jared Goff,Detroit Lions,0,,,Cleveland Browns,0,0
46,4,21,George Kittle,TE,San Francisco 49ers,BUSTERSBOYS,Sam Darnold,Seattle Seahawks,0,,,Los Angeles Rams,0,0
46,3,22,Nico Collins,WR,Houston Texans,SHYBAR,Jacoby Brissett,Arizona Cardinals,0,,,Jacksonville Jaguars,0,0
46,2,23,Sam LaPorta,TE,Detroit Lions,LEE121503,Marcus Mariota,Washington Commanders,0,,,Washington Commanders,2,1
46,1,24,Zay Flowers,WR,Baltimore Ravens,SMOTELSON,Jaxson Dart,New York Giants,0,,,Minnesota Vikings,0,0
46,1,25,Jaxson Dart,QB,New York Giants,SMOTELSON,Jaxson Dart,New York Giants,1,1,1,Chicago Bears,0,0
46,2,26,Deebo Samuel,WR,Washington Commanders,LEE121503,Marcus Mariota,Washington Commanders,1,,,Detroit Lions,1,1
46,3,27,Jaylen Waddle,WR,Miami Dolphins,SHYBAR,Jacoby Brissett,Arizona Cardinals,0,,,Buffalo Bills,0,0
46,4,28,Kyle Monangai,RB,Chicago Bears,BUSTERSBOYS,Sam Darnold,Seattle Seahawks,0,,,New York Giants,0,0
46,5,29,Rome Odunze,WR,Chicago Bears,BIFFTANNEN,Jared Goff,Detroit Lions,0,,,New York Giants,0,0
46,6,30,Drake Maye,QB,New England Patriots,JTRUJILLO640,Drake Maye,New England Patriots,1,2,1,Tampa Bay Buccaneers,1,1
46,7,31,Stefon Diggs,WR,New England Patriots,AARONJH22,Caleb Williams,Chicago Bears,0,,,Tampa Bay Buccaneers,1,1
46,8,32,David Montgomery,RB,Detroit Lions,AHODANIEL,J.J. McCarthy,Minnesota Vikings,0,,,Washington Commanders,0,0
46,9,33,D'Andre Swift,RB,Chicago Bears,ROTOHEATCRA,Baker Mayfield,Tampa Bay Buccaneers,0,,,New York Giants,0,0
46,10,34,Chris Olave,WR,New Orleans Saints,TUBINIS2121,Lamar Jackson,Baltimore Ravens,0,,,Carolina Panthers,1,1
46,11,35,Travis Etienne Jr.,RB,Jacksonville Jaguars,TUBZ21,Josh Allen,Buffalo Bills,0,,,Houston Texans,0,0
46,12,36,Garrett Wilson,WR,New York Jets,KCPOLACK,Matthew Stafford,Los Angeles Rams,0,,,Cleveland Browns,1,1
46,12,37,Marvin Harrison,WR,Arizona Cardinals,KCPOLACK,Matthew Stafford,Los Angeles Rams,0,,,Seattle Seahawks,0,0
46,11,38,Wan'Dale Robinson,WR,New York Giants,TUBZ21,Josh Allen,Buffalo Bills,0,,,Chicago Bears,0,0
46,10,39,Tetairoa McMillan,WR,Carolina Panthers,TUBINIS2121,Lamar Jackson,Baltimore Ravens,0,,,New Orleans Saints,2,1
46,9,40,Baker Mayfield,QB,Tampa Bay Buccaneers,ROTOHEATCRA,Baker Mayfield,Tampa Bay Buccaneers,1,0,0,New England Patriots,0,0
46,8,41,Kenneth Walker III,RB,Seattle Seahawks,AHODANIEL,J.J. McCarthy,Minnesota Vikings,0,,,Arizona Cardinals,0,0
46,7,42,Caleb Williams,QB,Chicago Bears,AARONJH22,Caleb Williams,Chicago Bears,1,0,0,New York Giants,0,0
46,6,43,Jameson Williams,WR,Detroit Lions,JTRUJILLO640,Drake Maye,New England Patriots,0,,,Washington Commanders,0,0
46,5,44,Dalton Kincaid,TE,Buffalo Bills,BIFFTANNEN,Jared Goff,Detroit Lions,0,,,Miami Dolphins,1,1
46,4,45,D.J. Moore,WR,Chicago Bears,BUSTERSBOYS,Sam Darnold,Seattle Seahawks,0,,,New York Giants,0,0
46,3,46,Colston Loveland,TE,Chicago Bears,SHYBAR,Jacoby Brissett,Arizona Cardinals,0,,,New York Giants,1,1
46,2,47,Khalil Shakir,WR,Buffalo Bills,LEE121503,Marcus Mariota,Washington Commanders,0,,,Miami Dolphins,0,0
46,1,48,Darius Slayton,WR,New York Giants,SMOTELSON,Jaxson Dart,New York Giants,1,,,Chicago Bears,0,0
46,1,49,Juwan Johnson,TE,New Orleans Saints,SMOTELSON,Jaxson Dart,New York Giants,0,,,Carolina Panthers,0,0
46,2,50,Marcus Mariota,QB,Washington Commanders,LEE121503,Marcus Mariota,Washington Commanders,1,1,1,Detroit Lions,1,1
46,3,51,Tyrone Tracy,RB,New York Giants,SHYBAR,Jacoby Brissett,Arizona Cardinals,0,,,Chicago Bears,1,1
46,4,52,Sam Darnold,QB,Seattle Seahawks,BUSTERSBOYS,Sam Darnold,Seattle Seahawks,1,1,1,Arizona Cardinals,0,0
46,5,53,Jared Goff,QB,Detroit Lions,BIFFTANNEN,Jared Goff,Detroit Lions,1,0,0,Washington Commanders,0,0
46,6,54,Hunter Henry,TE,New England Patriots,JTRUJILLO640,Drake Maye,New England Patriots,1,,,Tampa Bay Buccaneers,1,1
46,7,55,Harold Fannin,TE,Cleveland Browns,AARONJH22,Caleb Williams,Chicago Bears,0,,,New York Jets,0,0
46,8,56,J.J. McCarthy,QB,Minnesota Vikings,AHODANIEL,J.J. McCarthy,Minnesota Vikings,1,2,1,Baltimore Ravens,0,0
46,9,57,Jauan Jennings,WR,San Francisco 49ers,ROTOHEATCRA,Baker Mayfield,Tampa Bay Buccaneers,0,,,Los Angeles Rams,0,0
46,10,58,Alvin Kamara,RB,New Orleans Saints,TUBINIS2121,Lamar Jackson,Baltimore Ravens,0,,,Carolina Panthers,1,1
46,11,59,Mark Andrews,TE,Baltimore Ravens,TUBZ21,Josh Allen,Buffalo Bills,0,,,Minnesota Vikings,1,1
46,12,60,Theo Johnson,TE,New York Giants,KCPOLACK,Matthew Stafford,Los Angeles Rams,0,,,Chicago Bears,0,0
46,12,61,Matthew Stafford,QB,Los Angeles Rams,KCPOLACK,Matthew Stafford,Los Angeles Rams,1,1,1,San Francisco 49ers,0,0
46,11,62,Chris Godwin,WR,Tampa Bay Buccaneers,TUBZ21,Josh Allen,Buffalo Bills,0,,,New England Patriots,0,0
46,10,63,Isaiah Likely,TE,Baltimore Ravens,TUBINIS2121,Lamar Jackson,Baltimore Ravens,1,,,Minnesota Vikings,0,0
46,9,64,Brian Thomas,WR,Jacksonville Jaguars,ROTOHEATCRA,Baker Mayfield,Tampa Bay Buccaneers,0,,,Houston Texans,0,0
46,8,65,T.J. Hockenson,TE,Minnesota Vikings,AHODANIEL,J.J. McCarthy,Minnesota Vikings,1,,,Baltimore Ravens,0,0
46,7,66,Aaron Jones,RB,Minnesota Vikings,AARONJH22,Caleb Williams,Chicago Bears,0,,,Baltimore Ravens,0,0
46,6,67,TreVeyon Henderson,RB,New England Patriots,JTRUJILLO640,Drake Maye,New England Patriots,1,,,Tampa Bay Buccaneers,1,1
46,5,68,DeMario Douglas,WR,New England Patriots,BIFFTANNEN,Jared Goff,Detroit Lions,0,,,Tampa Bay Buccaneers,0,0
46,4,69,Parker Washington,WR,Jacksonville Jaguars,BUSTERSBOYS,Sam Darnold,Seattle Seahawks,0,,,Houston Texans,0,0
46,3,70,Jacoby Brissett,QB,Arizona Cardinals,SHYBAR,Jacoby Brissett,Arizona Cardinals,1,0,0,Seattle Seahawks,0,0
46,2,71,Jordan Mason,RB,Minnesota Vikings,LEE121503,Marcus Mariota,Washington Commanders,0,,,Baltimore Ravens,0,0
46,1,72,Jacory Croskey-Merritt,RB,Washington Commanders,SMOTELSON,Jaxson Dart,New York Giants,0,,,Detroit Lions,0,0
47,1,1,Christian McCaffrey,RB,San Francisco 49ers,PATRICKBARN,Matthew Stafford,Los Angeles Rams,0,,,Los Angeles Rams,1,1
47,2,2,Jahmyr Gibbs,RB,Detroit Lions,HDJDHDJDJSK,Baker Mayfield,Tampa Bay Buccaneers,0,,,Washington Commanders,0,0
47,3,3,James Cook,RB,Buffalo Bills,LEE121503,Brock Purdy,San Francisco 49ers,0,,,Miami Dolphins,0,0
47,4,4,Rico Dowdle,RB,Carolina Panthers,NEZ,Jaxson Dart,New York Giants,0,,,New Orleans Saints,0,0
47,5,5,Jaxon Smith-Njigba,WR,Seattle Seahawks,TUBZ21,Sam Darnold,Seattle Seahawks,1,,,Arizona Cardinals,0,0
47,6,6,Amon-Ra St. Brown,WR,Detroit Lions,STEVEVELGIN79,Jared Goff,Detroit Lions,1,,,Washington Commanders,1,1
47,7,7,De'Von Achane,RB,Miami Dolphins,KRUTCHES93,Justin Fields,New York Jets,0,,,Buffalo Bills,0,0
47,8,8,Derrick Henry,RB,Baltimore Ravens,BESTBALLVIPER,Drake Maye,New England Patriots,0,,,Minnesota Vikings,0,0
47,9,9,Puka Nacua,WR,Los Angeles Rams,EZ116,Josh Allen,Buffalo Bills,0,,,San Francisco 49ers,0,0
47,10,10,Lamar Jackson,QB,Baltimore Ravens,SHAGNASTYB,Lamar Jackson,Baltimore Ravens,1,1,1,Minnesota Vikings,1,1
47,11,11,Trey McBride,TE,Arizona Cardinals,LENKEITH,Jacoby Brissett,Arizona Cardinals,1,,,Seattle Seahawks,0,0
47,12,12,Justin Jefferson,WR,Minnesota Vikings,JASTA29,Caleb Williams,Chicago Bears,0,,,Baltimore Ravens,0,0
47,12,13,Davante Adams,WR,Los Angeles Rams,JASTA29,Caleb Williams,Chicago Bears,0,,,San Francisco 49ers,0,0
47,11,14,Kyren Williams,RB,Los Angeles Rams,LENKEITH,Jacoby Brissett,Arizona Cardinals,0,,,San Francisco 49ers,0,0
47,10,15,Zay Flowers,WR,Baltimore Ravens,SHAGNASTYB,Lamar Jackson,Baltimore Ravens,1,,,Minnesota Vikings,1,1
47,9,16,Josh Allen,QB,Buffalo Bills,EZ116,Josh Allen,Buffalo Bills,1,0,0,Miami Dolphins,0,0
47,8,17,Quinshon Judkins,RB,Cleveland Browns,BESTBALLVIPER,Drake Maye,New England Patriots,0,,,New York Jets,0,0
47,7,18,Emeka Egbuka,WR,Tampa Bay Buccaneers,KRUTCHES93,Justin Fields,New York Jets,0,,,New England Patriots,1,1
47,6,19,Nico Collins,WR,Houston Texans,STEVEVELGIN79,Jared Goff,Detroit Lions,0,,,Jacksonville Jaguars,0,0
47,5,20,Rome Odunze,WR,Chicago Bears,TUBZ21,Sam Darnold,Seattle Seahawks,0,,,New York Giants,0,0
47,4,21,Bucky Irving,RB,Tampa Bay Buccaneers,NEZ,Jaxson Dart,New York Giants,0,,,New England Patriots,0,0
47,3,22,George Kittle,TE,San Francisco 49ers,LEE121503,Brock Purdy,San Francisco 49ers,1,,,Los Angeles Rams,0,0
47,2,23,Kyle Monangai,RB,Chicago Bears,HDJDHDJDJSK,Baker Mayfield,Tampa Bay Buccaneers,0,,,New York Giants,0,0
47,1,24,Jaylen Waddle,WR,Miami Dolphins,PATRICKBARN,Matthew Stafford,Los Angeles Rams,0,,,Buffalo Bills,0,0
47,1,25,Kenneth Walker III,RB,Seattle Seahawks,PATRICKBARN,Matthew Stafford,Los Angeles Rams,0,,,Arizona Cardinals,0,0
47,2,26,Chris Olave,WR,New Orleans Saints,HDJDHDJDJSK,Baker Mayfield,Tampa Bay Buccaneers,0,,,Carolina Panthers,0,0
47,3,27,Breece Hall,RB,New York Jets,LEE121503,Brock Purdy,San Francisco 49ers,0,,,Cleveland Browns,1,1
47,4,28,Jaxson Dart,QB,New York Giants,NEZ,Jaxson Dart,New York Giants,1,1,1,Chicago Bears,0,0
47,5,29,Sam LaPorta,TE,Detroit Lions,TUBZ21,Sam Darnold,Seattle Seahawks,0,,,Washington Commanders,0,0
47,6,30,David Montgomery,RB,Detroit Lions,STEVEVELGIN79,Jared Goff,Detroit Lions,1,,,Washington Commanders,1,1
47,7,31,D'Andre Swift,RB,Chicago Bears,KRUTCHES93,Justin Fields,New York Jets,0,,,New York Giants,1,1
47,8,32,Drake Maye,QB,New England Patriots,BESTBALLVIPER,Drake Maye,New England Patriots,1,1,1,Tampa Bay Buccaneers,0,0
47,9,33,Travis Etienne Jr.,RB,Jacksonville Jaguars,EZ116,Josh Allen,Buffalo Bills,0,,,Houston Texans,0,0
47,10,34,Garrett Wilson,WR,New York Jets,SHAGNASTYB,Lamar Jackson,Baltimore Ravens,0,,,Cleveland Browns,0,0
47,11,35,Stefon Diggs,WR,New England Patriots,LENKEITH,Jacoby Brissett,Arizona Cardinals,0,,,Tampa Bay Buccaneers,0,0
47,12,36,Deebo Samuel,WR,Washington Commanders,JASTA29,Caleb Williams,Chicago Bears,0,,,Detroit Lions,0,0
47,12,37,Caleb Williams,QB,Chicago Bears,JASTA29,Caleb Williams,Chicago Bears,1,0,0,New York Giants,2,1
47,11,38,Marvin Harrison,WR,Arizona Cardinals,LENKEITH,Jacoby Brissett,Arizona Cardinals,1,,,Seattle Seahawks,0,0
47,10,39,Jordan Addison,WR,Minnesota Vikings,SHAGNASTYB,Lamar Jackson,Baltimore Ravens,0,,,Baltimore Ravens,2,1
47,9,40,Tetairoa McMillan,WR,Carolina Panthers,EZ116,Josh Allen,Buffalo Bills,0,,,New Orleans Saints,0,0
47,8,41,Jauan Jennings,WR,San Francisco 49ers,BESTBALLVIPER,Drake Maye,New England Patriots,0,,,Los Angeles Rams,0,0
47,7,42,Wan'Dale Robinson,WR,New York Giants,KRUTCHES93,Justin Fields,New York Jets,0,,,Chicago Bears,1,1
47,6,43,Jared Goff,QB,Detroit Lions,STEVEVELGIN79,Jared Goff,Detroit Lions,1,2,1,Washington Commanders,1,1
47,5,44,Sam Darnold,QB,Seattle Seahawks,TUBZ21,Sam Darnold,Seattle Seahawks,1,2,1,Arizona Cardinals,0,0
47,4,45,Khalil Shakir,WR,Buffalo Bills,NEZ,Jaxson Dart,New York Giants,0,,,Miami Dolphins,0,0
47,3,46,Jameson Williams,WR,Detroit Lions,LEE121503,Brock Purdy,San Francisco 49ers,0,,,Washington Commanders,0,0
47,2,47,Baker Mayfield,QB,Tampa Bay Buccaneers,HDJDHDJDJSK,Baker Mayfield,Tampa Bay Buccaneers,1,0,0,New England Patriots,0,0
47,1,48,D.J. Moore,WR,Chicago Bears,PATRICKBARN,Matthew Stafford,Los Angeles Rams,0,,,New York Giants,0,0
47,1,49,Matthew Stafford,QB,Los Angeles Rams,PATRICKBARN,Matthew Stafford,Los Angeles Rams,1,0,0,San Francisco 49ers,1,1
47,2,50,Dalton Kincaid,TE,Buffalo Bills,HDJDHDJDJSK,Baker Mayfield,Tampa Bay Buccaneers,0,,,Miami Dolphins,0,0
47,3,51,Jerry Jeudy,WR,Cleveland Browns,LEE121503,Brock Purdy,San Francisco 49ers,0,,,New York Jets,1,1
47,4,52,Darius Slayton,WR,New York Giants,NEZ,Jaxson Dart,New York Giants,1,,,Chicago Bears,0,0
47,5,53,Zach Charbonnet,RB,Seattle Seahawks,TUBZ21,Sam Darnold,Seattle Seahawks,1,,,Arizona Cardinals,0,0
47,6,54,Harold Fannin,TE,Cleveland Browns,STEVEVELGIN79,Jared Goff,Detroit Lions,0,,,New York Jets,0,0
47,7,55,Hunter Henry,TE,New England Patriots,KRUTCHES93,Justin Fields,New York Jets,0,,,Tampa Bay Buccaneers,1,1
47,8,56,DeMario Douglas,WR,New England Patriots,BESTBALLVIPER,Drake Maye,New England Patriots,1,,,Tampa Bay Buccaneers,0,0
47,9,57,Rhamondre Stevenson,RB,New England Patriots,EZ116,Josh Allen,Buffalo Bills,0,,,Tampa Bay Buccaneers,0,0
47,10,58,Colston Loveland,TE,Chicago Bears,SHAGNASTYB,Lamar Jackson,Baltimore Ravens,0,,,New York Giants,1,1
47,11,59,Aaron Jones,RB,Minnesota Vikings,LENKEITH,Jacoby Brissett,Arizona Cardinals,0,,,Baltimore Ravens,0,0
47,12,60,Tyrone Tracy,RB,New York Giants,JASTA29,Caleb Williams,Chicago Bears,0,,,Chicago Bears,1,1
47,12,61,Theo Johnson,TE,New York Giants,JASTA29,Caleb Williams,Chicago Bears,0,,,Chicago Bears,1,1
47,11,62,Jacoby Brissett,QB,Arizona Cardinals,LENKEITH,Jacoby Brissett,Arizona Cardinals,1,2,1,Seattle Seahawks,0,0
47,10,63,Devin Singletary,RB,New York Giants,SHAGNASTYB,Lamar Jackson,Baltimore Ravens,0,,,Chicago Bears,1,1
47,9,64,Mark Andrews,TE,Baltimore Ravens,EZ116,Josh Allen,Buffalo Bills,0,,,Minnesota Vikings,0,0
47,8,65,Juwan Johnson,TE,New Orleans Saints,BESTBALLVIPER,Drake Maye,New England Patriots,0,,,Carolina Panthers,0,0
47,7,66,Justin Fields,QB,New York Jets,KRUTCHES93,Justin Fields,New York Jets,1,0,0,Cleveland Browns,0,0
47,6,67,Zach Ertz,TE,Washington Commanders,STEVEVELGIN79,Jared Goff,Detroit Lions,0,,,Detroit Lions,3,1
47,5,68,DeAndre Hopkins,WR,Baltimore Ravens,TUBZ21,Sam Darnold,Seattle Seahawks,0,,,Minnesota Vikings,0,0
47,4,69,Isaiah Likely,TE,Baltimore Ravens,NEZ,Jaxson Dart,New York Giants,0,,,Minnesota Vikings,0,0
47,3,70,Brock Purdy,QB,San Francisco 49ers,LEE121503,Brock Purdy,San Francisco 49ers,1,1,1,Los Angeles Rams,0,0
47,2,71,Brian Thomas,WR,Jacksonville Jaguars,HDJDHDJDJSK,Baker Mayfield,Tampa Bay Buccaneers,0,,,Houston Texans,0,0
47,1,72,Cade Otton,TE,Tampa Bay Buccaneers,PATRICKBARN,Matthew Stafford,Los Angeles Rams,0,,,New England Patriots,0,0
48,1,1,Christian McCaffrey,RB,San Francisco 49ers,LEAGUEOFITE,Jaxson Dart,New York Giants,0,,,Los Angeles Rams,0,0
48,2,2,Jahmyr Gibbs,RB,Detroit Lions,EZ116,Matthew Stafford,Los Angeles Rams,0,,,Washington Commanders,0,0
48,3,3,James Cook,RB,Buffalo Bills,LEE121503,Marcus Mariota,Washington Commanders,0,,,Miami Dolphins,0,0
48,4,4,Rico Dowdle,RB,Carolina Panthers,MWALD50,J.J. McCarthy,Minnesota Vikings,0,,,New Orleans Saints,1,1
48,5,5,De'Von Achane,RB,Miami Dolphins,TUBZ21,Baker Mayfield,Tampa Bay Buccaneers,0,,,Buffalo Bills,0,0
48,6,6,Jaxon Smith-Njigba,WR,Seattle Seahawks,AHODANIEL,Sam Darnold,Seattle Seahawks,1,,,Arizona Cardinals,0,0
48,7,7,Derrick Henry,RB,Baltimore Ravens,JEWISHMCCAF,Josh Allen,Buffalo Bills,0,,,Minnesota Vikings,0,0
48,8,8,Kyren Williams,RB,Los Angeles Rams,PATRICKBARN,Jared Goff,Detroit Lions,0,,,San Francisco 49ers,0,0
48,9,9,Amon-Ra St. Brown,WR,Detroit Lions,JASTA29,Lamar Jackson,Baltimore Ravens,0,,,Washington Commanders,0,0
48,10,10,Puka Nacua,WR,Los Angeles Rams,KRUTCHES93,Drake Maye,New England Patriots,0,,,San Francisco 49ers,0,0
48,11,11,Quinshon Judkins,RB,Cleveland Browns,NEZ,Justin Fields,New York Jets,0,,,New York Jets,1,1
48,12,12,Justin Jefferson,WR,Minnesota Vikings,GOAZCARDS,Caleb Williams,Chicago Bears,0,,,Baltimore Ravens,0,0
48,12,13,Davante Adams,WR,Los Angeles Rams,GOAZCARDS,Caleb Williams,Chicago Bears,0,,,San Francisco 49ers,0,0
48,11,14,Trey McBride,TE,Arizona Cardinals,NEZ,Justin Fields,New York Jets,0,,,Seattle Seahawks,0,0
48,10,15,Emeka Egbuka,WR,Tampa Bay Buccaneers,KRUTCHES93,Drake Maye,New England Patriots,0,,,New England Patriots,3,1
48,9,16,Lamar Jackson,QB,Baltimore Ravens,JASTA29,Lamar Jackson,Baltimore Ravens,1,0,0,Minnesota Vikings,0,0
48,8,17,Nico Collins,WR,Houston Texans,PATRICKBARN,Jared Goff,Detroit Lions,0,,,Jacksonville Jaguars,1,1
48,7,18,Josh Allen,QB,Buffalo Bills,JEWISHMCCAF,Josh Allen,Buffalo Bills,1,0,0,Miami Dolphins,0,0
48,6,19,Breece Hall,RB,New York Jets,AHODANIEL,Sam Darnold,Seattle Seahawks,0,,,Cleveland Browns,0,0
48,5,20,Zay Flowers,WR,Baltimore Ravens,TUBZ21,Baker Mayfield,Tampa Bay Buccaneers,0,,,Minnesota Vikings,0,0
48,4,21,Bucky Irving,RB,Tampa Bay Buccaneers,MWALD50,J.J. McCarthy,Minnesota Vikings,0,,,New England Patriots,0,0
48,3,22,Rome Odunze,WR,Chicago Bears,LEE121503,Marcus Mariota,Washington Commanders,0,,,New York Giants,0,0
48,2,23,George Kittle,TE,San Francisco 49ers,EZ116,Matthew Stafford,Los Angeles Rams,0,,,Los Angeles Rams,1,1
48,1,24,Jaylen Waddle,WR,Miami Dolphins,LEAGUEOFITE,Jaxson Dart,New York Giants,0,,,Buffalo Bills,0,0
48,1,25,Jaxson Dart,QB,New York Giants,LEAGUEOFITE,Jaxson Dart,New York Giants,1,2,1,Chicago Bears,0,0
48,2,26,Kyle Monangai,RB,Chicago Bears,EZ116,Matthew Stafford,Los Angeles Rams,0,,,New York Giants,0,0
48,3,27,Kenneth Walker III,RB,Seattle Seahawks,LEE121503,Marcus Mariota,Washington Commanders,0,,,Arizona Cardinals,0,0
48,4,28,Chris Olave,WR,New Orleans Saints,MWALD50,J.J. McCarthy,Minnesota Vikings,0,,,Carolina Panthers,1,1
48,5,29,Baker Mayfield,QB,Tampa Bay Buccaneers,TUBZ21,Baker Mayfield,Tampa Bay Buccaneers,1,1,1,New England Patriots,0,0
48,6,30,Jordan Addison,WR,Minnesota Vikings,AHODANIEL,Sam Darnold,Seattle Seahawks,0,,,Baltimore Ravens,1,1
48,7,31,Sam LaPorta,TE,Detroit Lions,JEWISHMCCAF,Josh Allen,Buffalo Bills,0,,,Washington Commanders,0,0
48,8,32,Travis Etienne Jr.,RB,Jacksonville Jaguars,PATRICKBARN,Jared Goff,Detroit Lions,0,,,Houston Texans,1,1
48,9,33,D'Andre Swift,RB,Chicago Bears,JASTA29,Lamar Jackson,Baltimore Ravens,0,,,New York Giants,0,0
48,10,34,Drake Maye,QB,New England Patriots,KRUTCHES93,Drake Maye,New England Patriots,1,2,1,Tampa Bay Buccaneers,1,1
48,11,35,Tetairoa McMillan,WR,Carolina Panthers,NEZ,Justin Fields,New York Jets,0,,,New Orleans Saints,0,0
48,12,36,David Montgomery,RB,Detroit Lions,GOAZCARDS,Caleb Williams,Chicago Bears,0,,,Washington Commanders,0,0
48,12,37,Caleb Williams,QB,Chicago Bears,GOAZCARDS,Caleb Williams,Chicago Bears,1,0,0,New York Giants,0,0
48,11,38,Deebo Samuel,WR,Washington Commanders,NEZ,Justin Fields,New York Jets,0,,,Detroit Lions,0,0
48,10,39,Stefon Diggs,WR,New England Patriots,KRUTCHES93,Drake Maye,New England Patriots,1,,,Tampa Bay Buccaneers,1,1
48,9,40,Garrett Wilson,WR,New York Jets,JASTA29,Lamar Jackson,Baltimore Ravens,0,,,Cleveland Browns,0,0
48,8,41,Jameson Williams,WR,Detroit Lions,PATRICKBARN,Jared Goff,Detroit Lions,1,,,Washington Commanders,1,1
48,7,42,Marvin Harrison,WR,Arizona Cardinals,JEWISHMCCAF,Josh Allen,Buffalo Bills,0,,,Seattle Seahawks,0,0
48,6,43,Sam Darnold,QB,Seattle Seahawks,AHODANIEL,Sam Darnold,Seattle Seahawks,1,2,1,Arizona Cardinals,0,0
48,5,44,Wan'Dale Robinson,WR,New York Giants,TUBZ21,Baker Mayfield,Tampa Bay Buccaneers,0,,,Chicago Bears,0,0
48,4,45,Colston Loveland,TE,Chicago Bears,MWALD50,J.J. McCarthy,Minnesota Vikings,0,,,New York Giants,0,0
48,3,46,Jauan Jennings,WR,San Francisco 49ers,LEE121503,Marcus Mariota,Washington Commanders,0,,,Los Angeles Rams,0,0
48,2,47,D.J. Moore,WR,Chicago Bears,EZ116,Matthew Stafford,Los Angeles Rams,0,,,New York Giants,0,0
48,1,48,Tyrone Tracy,RB,New York Giants,LEAGUEOFITE,Jaxson Dart,New York Giants,1,,,Chicago Bears,0,0
48,1,49,Theo Johnson,TE,New York Giants,LEAGUEOFITE,Jaxson Dart,New York Giants,1,,,Chicago Bears,0,0
48,2,50,Khalil Shakir,WR,Buffalo Bills,EZ116,Matthew Stafford,Los Angeles Rams,0,,,Miami Dolphins,0,0
48,3,51,Marcus Mariota,QB,Washington Commanders,LEE121503,Marcus Mariota,Washington Commanders,1,0,0,Detroit Lions,0,0
48,4,52,DeAndre Hopkins,WR,Baltimore Ravens,MWALD50,J.J. McCarthy,Minnesota Vikings,0,,,Minnesota Vikings,1,1
48,5,53,Cade Otton,TE,Tampa Bay Buccaneers,TUBZ21,Baker Mayfield,Tampa Bay Buccaneers,1,,,New England Patriots,0,0
48,6,54,Zach Charbonnet,RB,Seattle Seahawks,AHODANIEL,Sam Darnold,Seattle Seahawks,1,,,Arizona Cardinals,0,0
48,7,55,TreVeyon Henderson,RB,New England Patriots,JEWISHMCCAF,Josh Allen,Buffalo Bills,0,,,Tampa Bay Buccaneers,0,0
48,8,56,Jared Goff,QB,Detroit Lions,PATRICKBARN,Jared Goff,Detroit Lions,1,1,1,Washington Commanders,1,1
48,9,57,Dalton Kincaid,TE,Buffalo Bills,JASTA29,Lamar Jackson,Baltimore Ravens,0,,,Miami Dolphins,0,0
48,10,58,Hunter Henry,TE,New England Patriots,KRUTCHES93,Drake Maye,New England Patriots,1,,,Tampa Bay Buccaneers,1,1
48,11,59,Aaron Jones,RB,Minnesota Vikings,NEZ,Justin Fields,New York Jets,0,,,Baltimore Ravens,0,0
48,12,60,Harold Fannin,TE,Cleveland Browns,GOAZCARDS,Caleb Williams,Chicago Bears,0,,,New York Jets,0,0
48,12,61,Tez Johnson,WR,Tampa Bay Buccaneers,GOAZCARDS,Caleb Williams,Chicago Bears,0,,,New England Patriots,0,0
48,11,62,Justin Fields,QB,New York Jets,NEZ,Justin Fields,New York Jets,1,0,0,Cleveland Browns,1,1
48,10,63,Alvin Kamara,RB,New Orleans Saints,KRUTCHES93,Drake Maye,New England Patriots,0,,,Carolina Panthers,0,0
48,9,64,DeMario Douglas,WR,New England Patriots,JASTA29,Lamar Jackson,Baltimore Ravens,0,,,Tampa Bay Buccaneers,0,0
48,8,65,Zach Ertz,TE,Washington Commanders,PATRICKBARN,Jared Goff,Detroit Lions,0,,,Detroit Lions,2,1
48,7,66,Darius Slayton,WR,New York Giants,JEWISHMCCAF,Josh Allen,Buffalo Bills,0,,,Chicago Bears,0,0
48,6,67,Mark Andrews,TE,Baltimore Ravens,AHODANIEL,Sam Darnold,Seattle Seahawks,0,,,Minnesota Vikings,1,1
48,5,68,Juwan Johnson,TE,New Orleans Saints,TUBZ21,Baker Mayfield,Tampa Bay Buccaneers,0,,,Carolina Panthers,0,0
48,4,69,J.J. McCarthy,QB,Minnesota Vikings,MWALD50,J.J. McCarthy,Minnesota Vikings,1,0,0,Baltimore Ravens,1,1
48,3,70,Taysom Hill,TE,New Orleans Saints,LEE121503,Marcus Mariota,Washington Commanders,0,,,Carolina Panthers,0,0
48,2,71,Matthew Stafford,QB,Los Angeles Rams,EZ116,Matthew Stafford,Los Angeles Rams,1,0,0,San Francisco 49ers,1,1
48,1,72,Jerry Jeudy,WR,Cleveland Browns,LEAGUEOFITE,Jaxson Dart,New York Giants,0,,,New York Jets,0,0
49,1,1,Christian McCaffrey,RB,San Francisco 49ers,JASTA29,Caleb Williams,Chicago Bears,0,,,Los Angeles Rams,0,0
49,2,2,Jahmyr Gibbs,RB,Detroit Lions,HAWKBERG,Jared Goff,Detroit Lions,1,,,Washington Commanders,0,0
49,3,3,James Cook,RB,Buffalo Bills,RAZOR33,Sam Darnold,Seattle Seahawks,0,,,Miami Dolphins,0,0
49,4,4,Rico Dowdle,RB,Carolina Panthers,LEE121503,Baker Mayfield,Tampa Bay Buccaneers,0,,,New Orleans Saints,0,0
49,5,5,Jaxon Smith-Njigba,WR,Seattle Seahawks,NEZ,Jaxson Dart,New York Giants,0,,,Arizona Cardinals,0,0
49,6,6,Amon-Ra St. Brown,WR,Detroit Lions,GOAZCARDS,Matthew Stafford,Los Angeles Rams,0,,,Washington Commanders,0,0
49,7,7,Davante Adams,WR,Los Angeles Rams,SALTSHAKER,Drake Maye,New England Patriots,0,,,San Francisco 49ers,0,0
49,8,8,Puka Nacua,WR,Los Angeles Rams,KRUTCHES93,Brock Purdy,San Francisco 49ers,0,,,San Francisco 49ers,2,1
49,9,9,De'Von Achane,RB,Miami Dolphins,TUBINIS2121,Lamar Jackson,Baltimore Ravens,0,,,Buffalo Bills,0,0
49,10,10,Justin Jefferson,WR,Minnesota Vikings,DANJPRECIADO,Marcus Mariota,Washington Commanders,0,,,Baltimore Ravens,0,0
49,11,11,Derrick Henry,RB,Baltimore Ravens,BUSTERSBOYS,Josh Allen,Buffalo Bills,0,,,Minnesota Vikings,0,0
49,12,12,Trey McBride,TE,Arizona Cardinals,TEDDYONFETTI,Justin Fields,New York Jets,0,,,Seattle Seahawks,0,0
49,12,13,Kyren Williams,RB,Los Angeles Rams,TEDDYONFETTI,Justin Fields,New York Jets,0,,,San Francisco 49ers,0,0
49,11,14,Josh Allen,QB,Buffalo Bills,BUSTERSBOYS,Josh Allen,Buffalo Bills,1,0,0,Miami Dolphins,0,0
49,10,15,Emeka Egbuka,WR,Tampa Bay Buccaneers,DANJPRECIADO,Marcus Mariota,Washington Commanders,0,,,New England Patriots,1,1
49,9,16,Lamar Jackson,QB,Baltimore Ravens,TUBINIS2121,Lamar Jackson,Baltimore Ravens,1,1,1,Minnesota Vikings,0,0
49,8,17,Bucky Irving,RB,Tampa Bay Buccaneers,KRUTCHES93,Brock Purdy,San Francisco 49ers,0,,,New England Patriots,0,0
49,7,18,Kyle Monangai,RB,Chicago Bears,SALTSHAKER,Drake Maye,New England Patriots,0,,,New York Giants,1,1
49,6,19,Quinshon Judkins,RB,Cleveland Browns,GOAZCARDS,Matthew Stafford,Los Angeles Rams,0,,,New York Jets,0,0
49,5,20,George Kittle,TE,San Francisco 49ers,NEZ,Jaxson Dart,New York Giants,0,,,Los Angeles Rams,0,0
49,4,21,Nico Collins,WR,Houston Texans,LEE121503,Baker Mayfield,Tampa Bay Buccaneers,0,,,Jacksonville Jaguars,0,0
49,3,22,Kenneth Walker III,RB,Seattle Seahawks,RAZOR33,Sam Darnold,Seattle Seahawks,1,,,Arizona Cardinals,0,0
49,2,23,Breece Hall,RB,New York Jets,HAWKBERG,Jared Goff,Detroit Lions,0,,,Cleveland Browns,1,1
49,1,24,Rome Odunze,WR,Chicago Bears,JASTA29,Caleb Williams,Chicago Bears,1,,,New York Giants,1,1
49,1,25,Marvin Harrison,WR,Arizona Cardinals,JASTA29,Caleb Williams,Chicago Bears,0,,,Seattle Seahawks,0,0
49,2,26,Zay Flowers,WR,Baltimore Ravens,HAWKBERG,Jared Goff,Detroit Lions,0,,,Minnesota Vikings,0,0
49,3,27,Tetairoa McMillan,WR,Carolina Panthers,RAZOR33,Sam Darnold,Seattle Seahawks,0,,,New Orleans Saints,0,0
49,4,28,Jaylen Waddle,WR,Miami Dolphins,LEE121503,Baker Mayfield,Tampa Bay Buccaneers,0,,,Buffalo Bills,0,0
49,5,29,Jaxson Dart,QB,New York Giants,NEZ,Jaxson Dart,New York Giants,1,1,1,Chicago Bears,0,0
49,6,30,Stefon Diggs,WR,New England Patriots,GOAZCARDS,Matthew Stafford,Los Angeles Rams,0,,,Tampa Bay Buccaneers,0,0
49,7,31,Drake Maye,QB,New England Patriots,SALTSHAKER,Drake Maye,New England Patriots,1,1,1,Tampa Bay Buccaneers,1,1
49,8,32,D'Andre Swift,RB,Chicago Bears,KRUTCHES93,Brock Purdy,San Francisco 49ers,0,,,New York Giants,0,0
49,9,33,Garrett Wilson,WR,New York Jets,TUBINIS2121,Lamar Jackson,Baltimore Ravens,0,,,Cleveland Browns,0,0
49,10,34,Sam LaPorta,TE,Detroit Lions,DANJPRECIADO,Marcus Mariota,Washington Commanders,0,,,Washington Commanders,2,1
49,11,35,Rachaad White,RB,Tampa Bay Buccaneers,BUSTERSBOYS,Josh Allen,Buffalo Bills,0,,,New England Patriots,0,0
49,12,36,Chris Olave,WR,New Orleans Saints,TEDDYONFETTI,Justin Fields,New York Jets,0,,,Carolina Panthers,0,0
49,12,37,Jordan Addison,WR,Minnesota Vikings,TEDDYONFETTI,Justin Fields,New York Jets,0,,,Baltimore Ravens,0,0
49,11,38,Jameson Williams,WR,Detroit Lions,BUSTERSBOYS,Josh Allen,Buffalo Bills,0,,,Washington Commanders,0,0
49,10,39,Deebo Samuel,WR,Washington Commanders,DANJPRECIADO,Marcus Mariota,Washington Commanders,1,,,Detroit Lions,1,1
49,9,40,Wan'Dale Robinson,WR,New York Giants,TUBINIS2121,Lamar Jackson,Baltimore Ravens,0,,,Chicago Bears,0,0
49,8,41,Jauan Jennings,WR,San Francisco 49ers,KRUTCHES93,Brock Purdy,San Francisco 49ers,1,,,Los Angeles Rams,1,1
49,7,42,Hunter Henry,TE,New England Patriots,SALTSHAKER,Drake Maye,New England Patriots,1,,,Tampa Bay Buccaneers,1,1
49,6,43,David Montgomery,RB,Detroit Lions,GOAZCARDS,Matthew Stafford,Los Angeles Rams,0,,,Washington Commanders,0,0
49,5,44,Travis Etienne Jr.,RB,Jacksonville Jaguars,NEZ,Jaxson Dart,New York Giants,0,,,Houston Texans,0,0
49,4,45,Colston Loveland,TE,Chicago Bears,LEE121503,Baker Mayfield,Tampa Bay Buccaneers,0,,,New York Giants,0,0
49,3,46,D.J. Moore,WR,Chicago Bears,RAZOR33,Sam Darnold,Seattle Seahawks,0,,,New York Giants,0,0
49,2,47,Khalil Shakir,WR,Buffalo Bills,HAWKBERG,Jared Goff,Detroit Lions,0,,,Miami Dolphins,0,0
49,1,48,Caleb Williams,QB,Chicago Bears,JASTA29,Caleb Williams,Chicago Bears,1,1,1,New York Giants,1,1
49,1,49,TreVeyon Henderson,RB,New England Patriots,JASTA29,Caleb Williams,Chicago Bears,0,,,Tampa Bay Buccaneers,0,0
49,2,50,Jared Goff,QB,Detroit Lions,HAWKBERG,Jared Goff,Detroit Lions,1,1,1,Washington Commanders,0,0
49,3,51,Sam Darnold,QB,Seattle Seahawks,RAZOR33,Sam Darnold,Seattle Seahawks,1,1,1,Arizona Cardinals,0,0
49,4,52,Baker Mayfield,QB,Tampa Bay Buccaneers,LEE121503,Baker Mayfield,Tampa Bay Buccaneers,1,0,0,New England Patriots,0,0
49,5,53,Darius Slayton,WR,New York Giants,NEZ,Jaxson Dart,New York Giants,1,,,Chicago Bears,0,0
49,6,54,Matthew Stafford,QB,Los Angeles Rams,GOAZCARDS,Matthew Stafford,Los Angeles Rams,1,1,1,San Francisco 49ers,0,0
49,7,55,Tez Johnson,WR,Tampa Bay Buccaneers,SALTSHAKER,Drake Maye,New England Patriots,0,,,New England Patriots,2,1
49,8,56,Dalton Kincaid,TE,Buffalo Bills,KRUTCHES93,Brock Purdy,San Francisco 49ers,0,,,Miami Dolphins,0,0
49,9,57,Mark Andrews,TE,Baltimore Ravens,TUBINIS2121,Lamar Jackson,Baltimore Ravens,1,,,Minnesota Vikings,0,0
49,10,58,Marcus Mariota,QB,Washington Commanders,DANJPRECIADO,Marcus Mariota,Washington Commanders,1,1,1,Detroit Lions,1,1
49,11,59,Parker Washington,WR,Jacksonville Jaguars,BUSTERSBOYS,Josh Allen,Buffalo Bills,0,,,Houston Texans,0,0
49,12,60,Justin Fields,QB,New York Jets,TEDDYONFETTI,Justin Fields,New York Jets,1,0,0,Cleveland Browns,0,0
49,12,61,Tyrone Tracy,RB,New York Giants,TEDDYONFETTI,Justin Fields,New York Jets,0,,,Chicago Bears,0,0
49,11,62,Cade Otton,TE,Tampa Bay Buccaneers,BUSTERSBOYS,Josh Allen,Buffalo Bills,0,,,New England Patriots,0,0
49,10,63,Rhamondre Stevenson,RB,New England Patriots,DANJPRECIADO,Marcus Mariota,Washington Commanders,0,,,Tampa Bay Buccaneers,1,1
49,9,64,Alvin Kamara,RB,New Orleans Saints,TUBINIS2121,Lamar Jackson,Baltimore Ravens,0,,,Carolina Panthers,0,0
49,8,65,Brock Purdy,QB,San Francisco 49ers,KRUTCHES93,Brock Purdy,San Francisco 49ers,1,1,1,Los Angeles Rams,1,1
49,7,66,Devin Singletary,RB,New York Giants,SALTSHAKER,Drake Maye,New England Patriots,0,,,Chicago Bears,1,1
49,6,67,Terrance Ferguson,TE,Los Angeles Rams,GOAZCARDS,Matthew Stafford,Los Angeles Rams,1,,,San Francisco 49ers,0,0
49,5,68,Aaron Jones,RB,Minnesota Vikings,NEZ,Jaxson Dart,New York Giants,0,,,Baltimore Ravens,0,0
49,4,69,Jordan Mason,RB,Minnesota Vikings,LEE121503,Baker Mayfield,Tampa Bay Buccaneers,0,,,Baltimore Ravens,0,0
49,3,70,Harold Fannin,TE,Cleveland Browns,RAZOR33,Sam Darnold,Seattle Seahawks,0,,,New York Jets,0,0
49,2,71,David Njoku,TE,Cleveland Browns,HAWKBERG,Jared Goff,Detroit Lions,0,,,New York Jets,1,1
49,1,72,Theo Johnson,TE,New York Giants,JASTA29,Caleb Williams,Chicago Bears,0,,,Chicago Bears,2,1
50,1,1,Christian McCaffrey,RB,San Francisco 49ers,NEZ,Jaxson Dart,New York Giants,0,,,Los Angeles Rams,0,0
50,2,2,Jahmyr Gibbs,RB,Detroit Lions,MATHOLOGY,Sam Darnold,Seattle Seahawks,0,,,Washington Commanders,0,0
50,3,3,De'Von Achane,RB,Miami Dolphins,D4VE,Jared Goff,Detroit Lions,0,,,Buffalo Bills,0,0
50,4,4,James Cook,RB,Buffalo Bills,BUSTERSBOYS,Matthew Stafford,Los Angeles Rams,0,,,Miami Dolphins,0,0
50,5,5,Jaxon Smith-Njigba,WR,Seattle Seahawks,TEDDYONFETTI,Baker Mayfield,Tampa Bay Buccaneers,0,,,Arizona Cardinals,0,0
50,6,6,Rico Dowdle,RB,Carolina Panthers,FFLINX,J.J. McCarthy,Minnesota Vikings,0,,,New Orleans Saints,1,1
50,7,7,Derrick Henry,RB,Baltimore Ravens,PATRICKBARN,Marcus Mariota,Washington Commanders,0,,,Minnesota Vikings,0,0
50,8,8,Puka Nacua,WR,Los Angeles Rams,KRUTCHES93,Drake Maye,New England Patriots,0,,,San Francisco 49ers,1,1
50,9,9,Amon-Ra St. Brown,WR,Detroit Lions,LEE121503,Josh Allen,Buffalo Bills,0,,,Washington Commanders,0,0
50,10,10,Kyren Williams,RB,Los Angeles Rams,DANJPRECIADO,Justin Fields,New York Jets,0,,,San Francisco 49ers,0,0
50,11,11,Justin Jefferson,WR,Minnesota Vikings,DABK,Lamar Jackson,Baltimore Ravens,0,,,Baltimore Ravens,2,1
50,12,12,Trey McBride,TE,Arizona Cardinals,CHRISTIAN,Caleb Williams,Chicago Bears,0,,,Seattle Seahawks,1,1
50,12,13,Davante Adams,WR,Los Angeles Rams,CHRISTIAN,Caleb Williams,Chicago Bears,0,,,San Francisco 49ers,0,0
50,11,14,Lamar Jackson,QB,Baltimore Ravens,DABK,Lamar Jackson,Baltimore Ravens,1,1,1,Minnesota Vikings,1,1
50,10,15,Emeka Egbuka,WR,Tampa Bay Buccaneers,DANJPRECIADO,Justin Fields,New York Jets,0,,,New England Patriots,0,0
50,9,16,Josh Allen,QB,Buffalo Bills,LEE121503,Josh Allen,Buffalo Bills,1,1,1,Miami Dolphins,0,0
50,8,17,Bucky Irving,RB,Tampa Bay Buccaneers,KRUTCHES93,Drake Maye,New England Patriots,0,,,New England Patriots,2,1
50,7,18,Quinshon Judkins,RB,Cleveland Browns,PATRICKBARN,Marcus Mariota,Washington Commanders,0,,,New York Jets,0,0
50,6,19,Kyle Monangai,RB,Chicago Bears,FFLINX,J.J. McCarthy,Minnesota Vikings,0,,,New York Giants,1,1
50,5,20,Jaylen Waddle,WR,Miami Dolphins,TEDDYONFETTI,Baker Mayfield,Tampa Bay Buccaneers,0,,,Buffalo Bills,0,0
50,4,21,George Kittle,TE,San Francisco 49ers,BUSTERSBOYS,Matthew Stafford,Los Angeles Rams,0,,,Los Angeles Rams,1,1
50,3,22,Nico Collins,WR,Houston Texans,D4VE,Jared Goff,Detroit Lions,0,,,Jacksonville Jaguars,1,1
50,2,23,Rome Odunze,WR,Chicago Bears,MATHOLOGY,Sam Darnold,Seattle Seahawks,0,,,New York Giants,1,1
50,1,24,Jaxson Dart,QB,New York Giants,NEZ,Jaxson Dart,New York Giants,1,1,1,Chicago Bears,0,0
50,1,25,Breece Hall,RB,New York Jets,NEZ,Jaxson Dart,New York Giants,0,,,Cleveland Browns,0,0
50,2,26,Zay Flowers,WR,Baltimore Ravens,MATHOLOGY,Sam Darnold,Seattle Seahawks,0,,,Minnesota Vikings,0,0
50,3,27,Sam LaPorta,TE,Detroit Lions,D4VE,Jared Goff,Detroit Lions,1,,,Washington Commanders,0,0
50,4,28,Garrett Wilson,WR,New York Jets,BUSTERSBOYS,Matthew Stafford,Los Angeles Rams,0,,,Cleveland Browns,0,0
50,5,29,Stefon Diggs,WR,New England Patriots,TEDDYONFETTI,Baker Mayfield,Tampa Bay Buccaneers,0,,,Tampa Bay Buccaneers,2,1
50,6,30,Chris Olave,WR,New Orleans Saints,FFLINX,J.J. McCarthy,Minnesota Vikings,0,,,Carolina Panthers,1,1
50,7,31,Deebo Samuel,WR,Washington Commanders,PATRICKBARN,Marcus Mariota,Washington Commanders,1,,,Detroit Lions,0,0
50,8,32,Drake Maye,QB,New England Patriots,KRUTCHES93,Drake Maye,New England Patriots,1,1,1,Tampa Bay Buccaneers,1,1
50,9,33,Kenneth Walker III,RB,Seattle Seahawks,LEE121503,Josh Allen,Buffalo Bills,0,,,Arizona Cardinals,0,0
50,10,34,D'Andre Swift,RB,Chicago Bears,DANJPRECIADO,Justin Fields,New York Jets,0,,,New York Giants,1,1
50,11,35,David Montgomery,RB,Detroit Lions,DABK,Lamar Jackson,Baltimore Ravens,0,,,Washington Commanders,0,0
50,12,36,D.J. Moore,WR,Chicago Bears,CHRISTIAN,Caleb Williams,Chicago Bears,1,,,New York Giants,0,0
50,12,37,Caleb Williams,QB,Chicago Bears,CHRISTIAN,Caleb Williams,Chicago Bears,1,1,1,New York Giants,0,0
50,11,38,Marvin Harrison,WR,Arizona Cardinals,DABK,Lamar Jackson,Baltimore Ravens,0,,,Seattle Seahawks,0,0
50,10,39,Wan'Dale Robinson,WR,New York Giants,DANJPRECIADO,Justin Fields,New York Jets,0,,,Chicago Bears,1,1
50,9,40,Dalton Kincaid,TE,Buffalo Bills,LEE121503,Josh Allen,Buffalo Bills,1,,,Miami Dolphins,0,0
50,8,41,Travis Etienne Jr.,RB,Jacksonville Jaguars,KRUTCHES93,Drake Maye,New England Patriots,0,,,Houston Texans,0,0
50,7,42,Tetairoa McMillan,WR,Carolina Panthers,PATRICKBARN,Marcus Mariota,Washington Commanders,0,,,New Orleans Saints,0,0
50,6,43,Jordan Addison,WR,Minnesota Vikings,FFLINX,J.J. McCarthy,Minnesota Vikings,1,,,Baltimore Ravens,0,0
50,5,44,Baker Mayfield,QB,Tampa Bay Buccaneers,TEDDYONFETTI,Baker Mayfield,Tampa Bay Buccaneers,1,1,1,New England Patriots,1,1
50,4,45,Rachaad White,RB,Tampa Bay Buccaneers,BUSTERSBOYS,Matthew Stafford,Los Angeles Rams,0,,,New England Patriots,0,0
50,3,46,Jameson Williams,WR,Detroit Lions,D4VE,Jared Goff,Detroit Lions,1,,,Washington Commanders,0,0
50,2,47,Sam Darnold,QB,Seattle Seahawks,MATHOLOGY,Sam Darnold,Seattle Seahawks,1,1,1,Arizona Cardinals,0,0
50,1,48,Khalil Shakir,WR,Buffalo Bills,NEZ,Jaxson Dart,New York Giants,0,,,Miami Dolphins,0,0
50,1,49,Darius Slayton,WR,New York Giants,NEZ,Jaxson Dart,New York Giants,1,,,Chicago Bears,0,0
50,2,50,Tyrone Tracy,RB,New York Giants,MATHOLOGY,Sam Darnold,Seattle Seahawks,0,,,Chicago Bears,1,1
50,3,51,Jared Goff,QB,Detroit Lions,D4VE,Jared Goff,Detroit Lions,1,2,1,Washington Commanders,0,0
50,4,52,Matthew Stafford,QB,Los Angeles Rams,BUSTERSBOYS,Matthew Stafford,Los Angeles Rams,1,0,0,San Francisco 49ers,1,1
50,5,53,Cade Otton,TE,Tampa Bay Buccaneers,TEDDYONFETTI,Baker Mayfield,Tampa Bay Buccaneers,1,,,New England Patriots,1,1
50,6,54,J.J. McCarthy,QB,Minnesota Vikings,FFLINX,J.J. McCarthy,Minnesota Vikings,1,1,1,Baltimore Ravens,0,0
50,7,55,Marcus Mariota,QB,Washington Commanders,PATRICKBARN,Marcus Mariota,Washington Commanders,1,1,1,Detroit Lions,0,0
50,8,56,Jauan Jennings,WR,San Francisco 49ers,KRUTCHES93,Drake Maye,New England Patriots,0,,,Los Angeles Rams,1,1
50,9,57,TreVeyon Henderson,RB,New England Patriots,LEE121503,Josh Allen,Buffalo Bills,0,,,Tampa Bay Buccaneers,1,1
50,10,58,Harold Fannin,TE,Cleveland Browns,DANJPRECIADO,Justin Fields,New York Jets,0,,,New York Jets,1,1
50,11,59,Mark Andrews,TE,Baltimore Ravens,DABK,Lamar Jackson,Baltimore Ravens,1,,,Minnesota Vikings,1,1
50,12,60,Zach Charbonnet,RB,Seattle Seahawks,CHRISTIAN,Caleb Williams,Chicago Bears,0,,,Arizona Cardinals,1,1
50,12,61,Tez Johnson,WR,Tampa Bay Buccaneers,CHRISTIAN,Caleb Williams,Chicago Bears,0,,,New England Patriots,0,0
50,11,62,Alvin Kamara,RB,New Orleans Saints,DABK,Lamar Jackson,Baltimore Ravens,0,,,Carolina Panthers,0,0
50,10,63,Justin Fields,QB,New York Jets,DANJPRECIADO,Justin Fields,New York Jets,1,0,0,Cleveland Browns,1,1
50,9,64,Chris Godwin,WR,Tampa Bay Buccaneers,LEE121503,Josh Allen,Buffalo Bills,0,,,New England Patriots,1,1
50,8,65,Hunter Henry,TE,New England Patriots,KRUTCHES93,Drake Maye,New England Patriots,1,,,Tampa Bay Buccaneers,1,1
50,7,66,Colston Loveland,TE,Chicago Bears,PATRICKBARN,Marcus Mariota,Washington Commanders,0,,,New York Giants,0,0
50,6,67,Theo Johnson,TE,New York Giants,FFLINX,J.J. McCarthy,Minnesota Vikings,0,,,Chicago Bears,1,1
50,5,68,Aaron Jones,RB,Minnesota Vikings,TEDDYONFETTI,Baker Mayfield,Tampa Bay Buccaneers,0,,,Baltimore Ravens,0,0
50,4,69,Parker Washington,WR,Jacksonville Jaguars,BUSTERSBOYS,Matthew Stafford,Los Angeles Rams,0,,,Houston Texans,0,0
50,3,70,Brian Thomas,WR,Jacksonville Jaguars,D4VE,Jared Goff,Detroit Lions,0,,,Houston Texans,1,1
50,2,71,Elijah Arroyo,TE,Seattle Seahawks,MATHOLOGY,Sam Darnold,Seattle Seahawks,1,,,Arizona Cardinals,0,0
50,1,72,Isaiah Likely,TE,Baltimore Ravens,NEZ,Jaxson Dart,New York Giants,0,,,Minnesota Vikings,0,0
51,1,1,Christian McCaffrey,RB,San Francisco 49ers,NF42,Jared Goff,Detroit Lions,0,,,Los Angeles Rams,0,0
51,2,2,James Cook,RB,Buffalo Bills,DANJPRECIADO,Jaxson Dart,New York Giants,0,,,Miami Dolphins,0,0
51,3,3,Jahmyr Gibbs,RB,Detroit Lions,BUSTERSBOYS,Sam Darnold,Seattle Seahawks,0,,,Washington Commanders,0,0
51,4,4,De'Von Achane,RB,Miami Dolphins,LEE121503,Caleb Williams,Chicago Bears,0,,,Buffalo Bills,1,1
51,5,5,Jaxon Smith-Njigba,WR,Seattle Seahawks,CGEEEEEE,Baker Mayfield,Tampa Bay Buccaneers,0,,,Arizona Cardinals,0,0
51,6,6,Rico Dowdle,RB,Carolina Panthers,KCPOLACK,Lamar Jackson,Baltimore Ravens,0,,,New Orleans Saints,0,0
51,7,7,Puka Nacua,WR,Los Angeles Rams,PATRICKBARN,Matthew Stafford,Los Angeles Rams,1,,,San Francisco 49ers,1,1
51,8,8,Amon-Ra St. Brown,WR,Detroit Lions,JORLAND50,Josh Allen,Buffalo Bills,0,,,Washington Commanders,0,0
51,9,9,Trey McBride,TE,Arizona Cardinals,KRUTCHES93,Justin Fields,New York Jets,0,,,Seattle Seahawks,0,0
51,10,10,Derrick Henry,RB,Baltimore Ravens,DABK,Marcus Mariota,Washington Commanders,0,,,Minnesota Vikings,1,1
51,11,11,Kyren Williams,RB,Los Angeles Rams,JASTA29,Drake Maye,New England Patriots,0,,,San Francisco 49ers,0,0
51,12,12,Quinshon Judkins,RB,Cleveland Browns,PLAYERQ,J.J. McCarthy,Minnesota Vikings,0,,,New York Jets,0,0
51,12,13,Davante Adams,WR,Los Angeles Rams,PLAYERQ,J.J. McCarthy,Minnesota Vikings,0,,,San Francisco 49ers,0,0
51,11,14,Kyle Monangai,RB,Chicago Bears,JASTA29,Drake Maye,New England Patriots,0,,,New York Giants,1,1
51,10,15,Justin Jefferson,WR,Minnesota Vikings,DABK,Marcus Mariota,Washington Commanders,0,,,Baltimore Ravens,1,1
51,9,16,Emeka Egbuka,WR,Tampa Bay Buccaneers,KRUTCHES93,Justin Fields,New York Jets,0,,,New England Patriots,0,0
51,8,17,Josh Allen,QB,Buffalo Bills,JORLAND50,Josh Allen,Buffalo Bills,1,1,1,Miami Dolphins,0,0
51,7,18,George Kittle,TE,San Francisco 49ers,PATRICKBARN,Matthew Stafford,Los Angeles Rams,0,,,Los Angeles Rams,2,1
51,6,19,Lamar Jackson,QB,Baltimore Ravens,KCPOLACK,Lamar Jackson,Baltimore Ravens,1,0,0,Minnesota Vikings,1,1
51,5,20,Nico Collins,WR,Houston Texans,CGEEEEEE,Baker Mayfield,Tampa Bay Buccaneers,0,,,Jacksonville Jaguars,0,0
51,4,21,Zay Flowers,WR,Baltimore Ravens,LEE121503,Caleb Williams,Chicago Bears,0,,,Minnesota Vikings,0,0
51,3,22,Jaylen Waddle,WR,Miami Dolphins,BUSTERSBOYS,Sam Darnold,Seattle Seahawks,0,,,Buffalo Bills,0,0
51,2,23,Breece Hall,RB,New York Jets,DANJPRECIADO,Jaxson Dart,New York Giants,0,,,Cleveland Browns,1,1
51,1,24,Rome Odunze,WR,Chicago Bears,NF42,Jared Goff,Detroit Lions,0,,,New York Giants,0,0
51,1,25,Sam LaPorta,TE,Detroit Lions,NF42,Jared Goff,Detroit Lions,1,,,Washington Commanders,0,0
51,2,26,Jaxson Dart,QB,New York Giants,DANJPRECIADO,Jaxson Dart,New York Giants,1,1,1,Chicago Bears,0,0
51,3,27,Garrett Wilson,WR,New York Jets,BUSTERSBOYS,Sam Darnold,Seattle Seahawks,0,,,Cleveland Browns,0,0
51,4,28,Bucky Irving,RB,Tampa Bay Buccaneers,LEE121503,Caleb Williams,Chicago Bears,0,,,New England Patriots,0,0
51,5,29,Stefon Diggs,WR,New England Patriots,CGEEEEEE,Baker Mayfield,Tampa Bay Buccaneers,0,,,Tampa Bay Buccaneers,2,1
51,6,30,Marvin Harrison,WR,Arizona Cardinals,KCPOLACK,Lamar Jackson,Baltimore Ravens,0,,,Seattle Seahawks,0,0
51,7,31,Kenneth Walker III,RB,Seattle Seahawks,PATRICKBARN,Matthew Stafford,Los Angeles Rams,0,,,Arizona Cardinals,0,0
51,8,32,Travis Etienne Jr.,RB,Jacksonville Jaguars,JORLAND50,Josh Allen,Buffalo Bills,0,,,Houston Texans,0,0
51,9,33,D'Andre Swift,RB,Chicago Bears,KRUTCHES93,Justin Fields,New York Jets,0,,,New York Giants,1,1
51,10,34,Chris Olave,WR,New Orleans Saints,DABK,Marcus Mariota,Washington Commanders,0,,,Carolina Panthers,0,0
51,11,35,Drake Maye,QB,New England Patriots,JASTA29,Drake Maye,New England Patriots,1,0,0,Tampa Bay Buccaneers,0,0
51,12,36,Tetairoa McMillan,WR,Carolina Panthers,PLAYERQ,J.J. McCarthy,Minnesota Vikings,0,,,New Orleans Saints,1,1
51,12,37,Jordan Addison,WR,Minnesota Vikings,PLAYERQ,J.J. McCarthy,Minnesota Vikings,1,,,Baltimore Ravens,0,0
51,11,38,Deebo Samuel,WR,Washington Commanders,JASTA29,Drake Maye,New England Patriots,0,,,Detroit Lions,0,0
51,10,39,Rachaad White,RB,Tampa Bay Buccaneers,DABK,Marcus Mariota,Washington Commanders,0,,,New England Patriots,0,0
51,9,40,Wan'Dale Robinson,WR,New York Giants,KRUTCHES93,Justin Fields,New York Jets,0,,,Chicago Bears,1,1
51,8,41,Tyrone Tracy,RB,New York Giants,JORLAND50,Josh Allen,Buffalo Bills,0,,,Chicago Bears,0,0
51,7,42,David Montgomery,RB,Detroit Lions,PATRICKBARN,Matthew Stafford,Los Angeles Rams,0,,,Washington Commanders,0,0
51,6,43,Dalton Kincaid,TE,Buffalo Bills,KCPOLACK,Lamar Jackson,Baltimore Ravens,0,,,Miami Dolphins,0,0
51,5,44,Baker Mayfield,QB,Tampa Bay Buccaneers,CGEEEEEE,Baker Mayfield,Tampa Bay Buccaneers,1,1,1,New England Patriots,2,1
51,4,45,Caleb Williams,QB,Chicago Bears,LEE121503,Caleb Williams,Chicago Bears,1,0,0,New York Giants,0,0
51,3,46,Jameson Williams,WR,Detroit Lions,BUSTERSBOYS,Sam Darnold,Seattle Seahawks,0,,,Washington Commanders,0,0
51,2,47,Jauan Jennings,WR,San Francisco 49ers,DANJPRECIADO,Jaxson Dart,New York Giants,0,,,Los Angeles Rams,0,0
51,1,48,Jared Goff,QB,Detroit Lions,NF42,Jared Goff,Detroit Lions,1,1,1,Washington Commanders,0,0
51,1,49,D.J. Moore,WR,Chicago Bears,NF42,Jared Goff,Detroit Lions,0,,,New York Giants,0,0
51,2,50,Theo Johnson,TE,New York Giants,DANJPRECIADO,Jaxson Dart,New York Giants,1,,,Chicago Bears,0,0
51,3,51,Colston Loveland,TE,Chicago Bears,BUSTERSBOYS,Sam Darnold,Seattle Seahawks,0,,,New York Giants,0,0
51,4,52,Khalil Shakir,WR,Buffalo Bills,LEE121503,Caleb Williams,Chicago Bears,0,,,Miami Dolphins,1,1
51,5,53,Cade Otton,TE,Tampa Bay Buccaneers,CGEEEEEE,Baker Mayfield,Tampa Bay Buccaneers,1,,,New England Patriots,2,1
51,6,54,Chris Godwin,WR,Tampa Bay Buccaneers,KCPOLACK,Lamar Jackson,Baltimore Ravens,0,,,New England Patriots,0,0
51,7,55,Matthew Stafford,QB,Los Angeles Rams,PATRICKBARN,Matthew Stafford,Los Angeles Rams,1,1,1,San Francisco 49ers,1,1
51,8,56,Hunter Henry,TE,New England Patriots,JORLAND50,Josh Allen,Buffalo Bills,0,,,Tampa Bay Buccaneers,0,0
51,9,57,Parker Washington,WR,Jacksonville Jaguars,KRUTCHES93,Justin Fields,New York Jets,0,,,Houston Texans,0,0
51,10,58,Zach Ertz,TE,Washington Commanders,DABK,Marcus Mariota,Washington Commanders,1,,,Detroit Lions,0,0
51,11,59,Harold Fannin,TE,Cleveland Browns,JASTA29,Drake Maye,New England Patriots,0,,,New York Jets,0,0
51,12,60,J.J. McCarthy,QB,Minnesota Vikings,PLAYERQ,J.J. McCarthy,Minnesota Vikings,1,1,1,Baltimore Ravens,0,0
51,12,61,Juwan Johnson,TE,New Orleans Saints,PLAYERQ,J.J. McCarthy,Minnesota Vikings,0,,,Carolina Panthers,1,1
51,11,62,Darius Slayton,WR,New York Giants,JASTA29,Drake Maye,New England Patriots,0,,,Chicago Bears,1,1
51,10,63,Marcus Mariota,QB,Washington Commanders,DABK,Marcus Mariota,Washington Commanders,1,1,1,Detroit Lions,0,0
51,9,64,Justin Fields,QB,New York Jets,KRUTCHES93,Justin Fields,New York Jets,1,0,0,Cleveland Browns,0,0
51,8,65,Keon Coleman,WR,Buffalo Bills,JORLAND50,Josh Allen,Buffalo Bills,1,,,Miami Dolphins,0,0
51,7,66,Brian Thomas,WR,Jacksonville Jaguars,PATRICKBARN,Matthew Stafford,Los Angeles Rams,0,,,Houston Texans,0,0
51,6,67,Aaron Jones,RB,Minnesota Vikings,KCPOLACK,Lamar Jackson,Baltimore Ravens,0,,,Baltimore Ravens,1,1
51,5,68,Rhamondre Stevenson,RB,New England Patriots,CGEEEEEE,Baker Mayfield,Tampa Bay Buccaneers,0,,,Tampa Bay Buccaneers,2,1
51,4,69,Dalton Schultz,TE,Houston Texans,LEE121503,Caleb Williams,Chicago Bears,0,,,Jacksonville Jaguars,0,0
51,3,70,Sam Darnold,QB,Seattle Seahawks,BUSTERSBOYS,Sam Darnold,Seattle Seahawks,1,0,0,Arizona Cardinals,0,0
51,2,71,Jerry Jeudy,WR,Cleveland Browns,DANJPRECIADO,Jaxson Dart,New York Giants,0,,,New York Jets,1,1
51,1,72,DeMario Douglas,WR,New England Patriots,NF42,Jared Goff,Detroit Lions,0,,,Tampa Bay Buccaneers,0,0
52,1,1,Christian McCaffrey,RB,San Francisco 49ers,TEDDYONFETTI,Sam Darnold,Seattle Seahawks,0,,,Los Angeles Rams,0,0
52,2,2,Jahmyr Gibbs,RB,Detroit Lions,JORLAND50,Marcus Mariota,Washington Commanders,0,,,Washington Commanders,2,1
52,3,3,James Cook,RB,Buffalo Bills,BUSTERSBOYS,Justin Fields,New York Jets,0,,,Miami Dolphins,0,0
52,4,4,Jaxon Smith-Njigba,WR,Seattle Seahawks,MATHOLOGY,Baker Mayfield,Tampa Bay Buccaneers,0,,,Arizona Cardinals,0,0
52,5,5,De'Von Achane,RB,Miami Dolphins,D4VE,Caleb Williams,Chicago Bears,0,,,Buffalo Bills,0,0
52,6,6,Puka Nacua,WR,Los Angeles Rams,DANJPRECIADO,Brock Purdy,San Francisco 49ers,0,,,San Francisco 49ers,2,1
52,7,7,Rico Dowdle,RB,Carolina Panthers,HOTSIZAUCE,Matthew Stafford,Los Angeles Rams,0,,,New Orleans Saints,0,0
52,8,8,Amon-Ra St. Brown,WR,Detroit Lions,OHVA216,Jared Goff,Detroit Lions,1,,,Washington Commanders,0,0
52,9,9,Lamar Jackson,QB,Baltimore Ravens,WOLHAIKSONG,Lamar Jackson,Baltimore Ravens,1,2,1,Minnesota Vikings,0,0
52,10,10,Derrick Henry,RB,Baltimore Ravens,NEZ,Jaxson Dart,New York Giants,0,,,Minnesota Vikings,2,1
52,11,11,Kyren Williams,RB,Los Angeles Rams,KRUTCHES93,Drake Maye,New England Patriots,0,,,San Francisco 49ers,0,0
52,12,12,Josh Allen,QB,Buffalo Bills,SGTSWEENY,Josh Allen,Buffalo Bills,1,0,0,Miami Dolphins,0,0
52,12,13,Davante Adams,WR,Los Angeles Rams,SGTSWEENY,Josh Allen,Buffalo Bills,0,,,San Francisco 49ers,0,0
52,11,14,Trey McBride,TE,Arizona Cardinals,KRUTCHES93,Drake Maye,New England Patriots,0,,,Seattle Seahawks,0,0
52,10,15,Justin Jefferson,WR,Minnesota Vikings,NEZ,Jaxson Dart,New York Giants,0,,,Baltimore Ravens,1,1
52,9,16,Quinshon Judkins,RB,Cleveland Browns,WOLHAIKSONG,Lamar Jackson,Baltimore Ravens,0,,,New York Jets,0,0
52,8,17,Kyle Monangai,RB,Chicago Bears,OHVA216,Jared Goff,Detroit Lions,0,,,New York Giants,0,0
52,7,18,Emeka Egbuka,WR,Tampa Bay Buccaneers,HOTSIZAUCE,Matthew Stafford,Los Angeles Rams,0,,,New England Patriots,0,0
52,6,19,George Kittle,TE,San Francisco 49ers,DANJPRECIADO,Brock Purdy,San Francisco 49ers,1,,,Los Angeles Rams,1,1
52,5,20,Nico Collins,WR,Houston Texans,D4VE,Caleb Williams,Chicago Bears,0,,,Jacksonville Jaguars,0,0
52,4,21,Breece Hall,RB,New York Jets,MATHOLOGY,Baker Mayfield,Tampa Bay Buccaneers,0,,,Cleveland Browns,0,0
52,3,22,Zay Flowers,WR,Baltimore Ravens,BUSTERSBOYS,Justin Fields,New York Jets,0,,,Minnesota Vikings,1,1
52,2,23,Bucky Irving,RB,Tampa Bay Buccaneers,JORLAND50,Marcus Mariota,Washington Commanders,0,,,New England Patriots,0,0
52,1,24,Jaylen Waddle,WR,Miami Dolphins,TEDDYONFETTI,Sam Darnold,Seattle Seahawks,0,,,Buffalo Bills,1,1
52,1,25,Marvin Harrison,WR,Arizona Cardinals,TEDDYONFETTI,Sam Darnold,Seattle Seahawks,0,,,Seattle Seahawks,1,1
52,2,26,Rome Odunze,WR,Chicago Bears,JORLAND50,Marcus Mariota,Washington Commanders,0,,,New York Giants,0,0
52,3,27,Garrett Wilson,WR,New York Jets,BUSTERSBOYS,Justin Fields,New York Jets,1,,,Cleveland Browns,0,0
52,4,28,D'Andre Swift,RB,Chicago Bears,MATHOLOGY,Baker Mayfield,Tampa Bay Buccaneers,0,,,New York Giants,0,0
52,5,29,Stefon Diggs,WR,New England Patriots,D4VE,Caleb Williams,Chicago Bears,0,,,Tampa Bay Buccaneers,0,0
52,6,30,Chris Olave,WR,New Orleans Saints,DANJPRECIADO,Brock Purdy,San Francisco 49ers,0,,,Carolina Panthers,0,0
52,7,31,Sam LaPorta,TE,Detroit Lions,HOTSIZAUCE,Matthew Stafford,Los Angeles Rams,0,,,Washington Commanders,0,0
52,8,32,Kenneth Walker III,RB,Seattle Seahawks,OHVA216,Jared Goff,Detroit Lions,0,,,Arizona Cardinals,0,0
52,9,33,Travis Etienne Jr.,RB,Jacksonville Jaguars,WOLHAIKSONG,Lamar Jackson,Baltimore Ravens,0,,,Houston Texans,0,0
52,10,34,Jaxson Dart,QB,New York Giants,NEZ,Jaxson Dart,New York Giants,1,2,1,Chicago Bears,0,0
52,11,35,Deebo Samuel,WR,Washington Commanders,KRUTCHES93,Drake Maye,New England Patriots,0,,,Detroit Lions,0,0
52,12,36,Tetairoa McMillan,WR,Carolina Panthers,SGTSWEENY,Josh Allen,Buffalo Bills,0,,,New Orleans Saints,1,1
52,12,37,Jameson Williams,WR,Detroit Lions,SGTSWEENY,Josh Allen,Buffalo Bills,0,,,Washington Commanders,0,0
52,11,38,Drake Maye,QB,New England Patriots,KRUTCHES93,Drake Maye,New England Patriots,1,2,1,Tampa Bay Buccaneers,0,0
52,10,39,Wan'Dale Robinson,WR,New York Giants,NEZ,Jaxson Dart,New York Giants,1,,,Chicago Bears,0,0
52,9,40,Khalil Shakir,WR,Buffalo Bills,WOLHAIKSONG,Lamar Jackson,Baltimore Ravens,0,,,Miami Dolphins,0,0
52,8,41,Jared Goff,QB,Detroit Lions,OHVA216,Jared Goff,Detroit Lions,1,1,1,Washington Commanders,0,0
52,7,42,Rachaad White,RB,Tampa Bay Buccaneers,HOTSIZAUCE,Matthew Stafford,Los Angeles Rams,0,,,New England Patriots,0,0
52,6,43,David Montgomery,RB,Detroit Lions,DANJPRECIADO,Brock Purdy,San Francisco 49ers,0,,,Washington Commanders,0,0
52,5,44,Caleb Williams,QB,Chicago Bears,D4VE,Caleb Williams,Chicago Bears,1,1,1,New York Giants,0,0
52,4,45,Baker Mayfield,QB,Tampa Bay Buccaneers,MATHOLOGY,Baker Mayfield,Tampa Bay Buccaneers,1,2,1,New England Patriots,0,0
52,3,46,Jordan Addison,WR,Minnesota Vikings,BUSTERSBOYS,Justin Fields,New York Jets,0,,,Baltimore Ravens,1,1
52,2,47,Jauan Jennings,WR,San Francisco 49ers,JORLAND50,Marcus Mariota,Washington Commanders,0,,,Los Angeles Rams,0,0
52,1,48,Brian Thomas,WR,Jacksonville Jaguars,TEDDYONFETTI,Sam Darnold,Seattle Seahawks,0,,,Houston Texans,0,0
52,1,49,Dalton Kincaid,TE,Buffalo Bills,TEDDYONFETTI,Sam Darnold,Seattle Seahawks,0,,,Miami Dolphins,1,1
52,2,50,Zach Ertz,TE,Washington Commanders,JORLAND50,Marcus Mariota,Washington Commanders,1,,,Detroit Lions,1,1
52,3,51,Colston Loveland,TE,Chicago Bears,BUSTERSBOYS,Justin Fields,New York Jets,0,,,New York Giants,0,0
52,4,52,Chris Godwin,WR,Tampa Bay Buccaneers,MATHOLOGY,Baker Mayfield,Tampa Bay Buccaneers,1,,,New England Patriots,0,0
52,5,53,D.J. Moore,WR,Chicago Bears,D4VE,Caleb Williams,Chicago Bears,1,,,New York Giants,0,0
52,6,54,Tyrone Tracy,RB,New York Giants,DANJPRECIADO,Brock Purdy,San Francisco 49ers,0,,,Chicago Bears,0,0
52,7,55,Darius Slayton,WR,New York Giants,HOTSIZAUCE,Matthew Stafford,Los Angeles Rams,0,,,Chicago Bears,0,0
52,8,56,Harold Fannin,TE,Cleveland Browns,OHVA216,Jared Goff,Detroit Lions,0,,,New York Jets,0,0
52,9,57,Rashod Bateman,WR,Baltimore Ravens,WOLHAIKSONG,Lamar Jackson,Baltimore Ravens,1,,,Minnesota Vikings,0,0
52,10,58,Aaron Jones,RB,Minnesota Vikings,NEZ,Jaxson Dart,New York Giants,0,,,Baltimore Ravens,1,1
52,11,59,TreVeyon Henderson,RB,New England Patriots,KRUTCHES93,Drake Maye,New England Patriots,1,,,Tampa Bay Buccaneers,0,0
52,12,60,Woody Marks,RB,Houston Texans,SGTSWEENY,Josh Allen,Buffalo Bills,0,,,Jacksonville Jaguars,0,0
52,12,61,Juwan Johnson,TE,New Orleans Saints,SGTSWEENY,Josh Allen,Buffalo Bills,0,,,Carolina Panthers,1,1
52,11,62,DeMario Douglas,WR,New England Patriots,KRUTCHES93,Drake Maye,New England Patriots,1,,,Tampa Bay Buccaneers,0,0
52,10,63,Theo Johnson,TE,New York Giants,NEZ,Jaxson Dart,New York Giants,1,,,Chicago Bears,0,0
52,9,64,Isaiah Likely,TE,Baltimore Ravens,WOLHAIKSONG,Lamar Jackson,Baltimore Ravens,1,,,Minnesota Vikings,0,0
52,8,65,Christian Kirk,WR,Houston Texans,OHVA216,Jared Goff,Detroit Lions,0,,,Jacksonville Jaguars,0,0
52,7,66,Matthew Stafford,QB,Los Angeles Rams,HOTSIZAUCE,Matthew Stafford,Los Angeles Rams,1,0,0,San Francisco 49ers,0,0
52,6,67,Brock Purdy,QB,San Francisco 49ers,DANJPRECIADO,Brock Purdy,San Francisco 49ers,1,1,1,Los Angeles Rams,1,1
52,5,68,Hunter Henry,TE,New England Patriots,D4VE,Caleb Williams,Chicago Bears,0,,,Tampa Bay Buccaneers,0,0
52,4,69,Cade Otton,TE,Tampa Bay Buccaneers,MATHOLOGY,Baker Mayfield,Tampa Bay Buccaneers,1,,,New England Patriots,0,0
52,3,70,Justin Fields,QB,New York Jets,BUSTERSBOYS,Justin Fields,New York Jets,1,1,1,Cleveland Browns,0,0
52,2,71,Marcus Mariota,QB,Washington Commanders,JORLAND50,Marcus Mariota,Washington Commanders,1,1,1,Detroit Lions,1,1
52,1,72,Sam Darnold,QB,Seattle Seahawks,TEDDYONFETTI,Sam Darnold,Seattle Seahawks,1,0,0,Arizona Cardinals,1,1
53,1,1,Christian McCaffrey,RB,San Francisco 49ers,DANJPRECIADO,Matthew Stafford,Los Angeles Rams,0,,,Los Angeles Rams,1,1
53,2,2,Jahmyr Gibbs,RB,Detroit Lions,BUSTERSBOYS,Caleb Williams,Chicago Bears,0,,,Washington Commanders,0,0
53,3,3,Jaxon Smith-Njigba,WR,Seattle Seahawks,BESTBALLVIPER,Sam Darnold,Seattle Seahawks,1,,,Arizona Cardinals,0,0
53,4,4,Puka Nacua,WR,Los Angeles Rams,TOPSTATNFT,Justin Fields,New York Jets,0,,,San Francisco 49ers,0,0
53,5,5,James Cook,RB,Buffalo Bills,EZ116,Baker Mayfield,Tampa Bay Buccaneers,0,,,Miami Dolphins,0,0
53,6,6,Rico Dowdle,RB,Carolina Panthers,JORLAND50,Jaxson Dart,New York Giants,0,,,New Orleans Saints,0,0
53,7,7,Amon-Ra St. Brown,WR,Detroit Lions,TEDDYONFETTI,Jared Goff,Detroit Lions,1,,,Washington Commanders,0,0
53,8,8,De'Von Achane,RB,Miami Dolphins,LENKEITH,Drake Maye,New England Patriots,0,,,Buffalo Bills,1,1
53,9,9,Derrick Henry,RB,Baltimore Ravens,CGEEEEEE,Josh Allen,Buffalo Bills,0,,,Minnesota Vikings,0,0
53,10,10,Quinshon Judkins,RB,Cleveland Browns,NEZ,Lamar Jackson,Baltimore Ravens,0,,,New York Jets,0,0
53,11,11,Kyren Williams,RB,Los Angeles Rams,SCHWEC03,Jacoby Brissett,Arizona Cardinals,0,,,San Francisco 49ers,1,1
53,12,12,Justin Jefferson,WR,Minnesota Vikings,CHRISTIAN,J.J. McCarthy,Minnesota Vikings,1,,,Baltimore Ravens,0,0
53,12,13,Trey McBride,TE,Arizona Cardinals,CHRISTIAN,J.J. McCarthy,Minnesota Vikings,0,,,Seattle Seahawks,1,1
53,11,14,George Kittle,TE,San Francisco 49ers,SCHWEC03,Jacoby Brissett,Arizona Cardinals,0,,,Los Angeles Rams,1,1
53,10,15,Lamar Jackson,QB,Baltimore Ravens,NEZ,Lamar Jackson,Baltimore Ravens,1,2,1,Minnesota Vikings,0,0
53,9,16,Josh Allen,QB,Buffalo Bills,CGEEEEEE,Josh Allen,Buffalo Bills,1,1,1,Miami Dolphins,0,0
53,8,17,Davante Adams,WR,Los Angeles Rams,LENKEITH,Drake Maye,New England Patriots,0,,,San Francisco 49ers,0,0
53,7,18,Bucky Irving,RB,Tampa Bay Buccaneers,TEDDYONFETTI,Jared Goff,Detroit Lions,0,,,New England Patriots,1,1
53,6,19,Nico Collins,WR,Houston Texans,JORLAND50,Jaxson Dart,New York Giants,0,,,Jacksonville Jaguars,1,1
53,5,20,Emeka Egbuka,WR,Tampa Bay Buccaneers,EZ116,Baker Mayfield,Tampa Bay Buccaneers,1,,,New England Patriots,1,1
53,4,21,Kyle Monangai,RB,Chicago Bears,TOPSTATNFT,Justin Fields,New York Jets,0,,,New York Giants,1,1
53,3,22,Rome Odunze,WR,Chicago Bears,BESTBALLVIPER,Sam Darnold,Seattle Seahawks,0,,,New York Giants,1,1
53,2,23,Zay Flowers,WR,Baltimore Ravens,BUSTERSBOYS,Caleb Williams,Chicago Bears,0,,,Minnesota Vikings,0,0
53,1,24,Breece Hall,RB,New York Jets,DANJPRECIADO,Matthew Stafford,Los Angeles Rams,0,,,Cleveland Browns,0,0
53,1,25,Jaylen Waddle,WR,Miami Dolphins,DANJPRECIADO,Matthew Stafford,Los Angeles Rams,0,,,Buffalo Bills,0,0
53,2,26,Garrett Wilson,WR,New York Jets,BUSTERSBOYS,Caleb Williams,Chicago Bears,0,,,Cleveland Browns,0,0
53,3,27,Travis Etienne Jr.,RB,Jacksonville Jaguars,BESTBALLVIPER,Sam Darnold,Seattle Seahawks,0,,,Houston Texans,0,0
53,4,28,Chris Olave,WR,New Orleans Saints,TOPSTATNFT,Justin Fields,New York Jets,0,,,Carolina Panthers,0,0
53,5,29,Sam LaPorta,TE,Detroit Lions,EZ116,Baker Mayfield,Tampa Bay Buccaneers,0,,,Washington Commanders,0,0
53,6,30,Jaxson Dart,QB,New York Giants,JORLAND50,Jaxson Dart,New York Giants,1,1,1,Chicago Bears,0,0
53,7,31,Stefon Diggs,WR,New England Patriots,TEDDYONFETTI,Jared Goff,Detroit Lions,0,,,Tampa Bay Buccaneers,1,1
53,8,32,Drake Maye,QB,New England Patriots,LENKEITH,Drake Maye,New England Patriots,1,1,1,Tampa Bay Buccaneers,1,1
53,9,33,D'Andre Swift,RB,Chicago Bears,CGEEEEEE,Josh Allen,Buffalo Bills,0,,,New York Giants,1,1
53,10,34,Tetairoa McMillan,WR,Carolina Panthers,NEZ,Lamar Jackson,Baltimore Ravens,0,,,New Orleans Saints,0,0
53,11,35,Marvin Harrison,WR,Arizona Cardinals,SCHWEC03,Jacoby Brissett,Arizona Cardinals,1,,,Seattle Seahawks,0,0
53,12,36,Kenneth Walker III,RB,Seattle Seahawks,CHRISTIAN,J.J. McCarthy,Minnesota Vikings,0,,,Arizona Cardinals,1,1
53,12,37,Deebo Samuel,WR,Washington Commanders,CHRISTIAN,J.J. McCarthy,Minnesota Vikings,0,,,Detroit Lions,0,0
53,11,38,Jordan Addison,WR,Minnesota Vikings,SCHWEC03,Jacoby Brissett,Arizona Cardinals,0,,,Baltimore Ravens,0,0
53,10,39,Jameson Williams,WR,Detroit Lions,NEZ,Lamar Jackson,Baltimore Ravens,0,,,Washington Commanders,0,0
53,9,40,Wan'Dale Robinson,WR,New York Giants,CGEEEEEE,Josh Allen,Buffalo Bills,0,,,Chicago Bears,1,1
53,8,41,Dalton Kincaid,TE,Buffalo Bills,LENKEITH,Drake Maye,New England Patriots,0,,,Miami Dolphins,1,1
53,7,42,Jared Goff,QB,Detroit Lions,TEDDYONFETTI,Jared Goff,Detroit Lions,1,1,1,Washington Commanders,0,0
53,6,43,David Montgomery,RB,Detroit Lions,JORLAND50,Jaxson Dart,New York Giants,0,,,Washington Commanders,0,0
53,5,44,Baker Mayfield,QB,Tampa Bay Buccaneers,EZ116,Baker Mayfield,Tampa Bay Buccaneers,1,1,1,New England Patriots,1,1
53,4,45,Justin Fields,QB,New York Jets,TOPSTATNFT,Justin Fields,New York Jets,1,0,0,Cleveland Browns,0,0
53,3,46,Darius Slayton,WR,New York Giants,BESTBALLVIPER,Sam Darnold,Seattle Seahawks,0,,,Chicago Bears,1,1
53,2,47,Caleb Williams,QB,Chicago Bears,BUSTERSBOYS,Caleb Williams,Chicago Bears,1,0,0,New York Giants,0,0
53,1,48,Jauan Jennings,WR,San Francisco 49ers,DANJPRECIADO,Matthew Stafford,Los Angeles Rams,0,,,Los Angeles Rams,1,1
53,1,49,Hunter Henry,TE,New England Patriots,DANJPRECIADO,Matthew Stafford,Los Angeles Rams,0,,,Tampa Bay Buccaneers,0,0
53,2,50,Rachaad White,RB,Tampa Bay Buccaneers,BUSTERSBOYS,Caleb Williams,Chicago Bears,0,,,New England Patriots,0,0
53,3,51,Sam Darnold,QB,Seattle Seahawks,BESTBALLVIPER,Sam Darnold,Seattle Seahawks,1,1,1,Arizona Cardinals,0,0
53,4,52,Tyrone Tracy,RB,New York Giants,TOPSTATNFT,Justin Fields,New York Jets,0,,,Chicago Bears,1,1
53,5,53,D.J. Moore,WR,Chicago Bears,EZ116,Baker Mayfield,Tampa Bay Buccaneers,0,,,New York Giants,0,0
53,6,54,Theo Johnson,TE,New York Giants,JORLAND50,Jaxson Dart,New York Giants,1,,,Chicago Bears,0,0
53,7,55,Parker Washington,WR,Jacksonville Jaguars,TEDDYONFETTI,Jared Goff,Detroit Lions,0,,,Houston Texans,0,0
53,8,56,TreVeyon Henderson,RB,New England Patriots,LENKEITH,Drake Maye,New England Patriots,1,,,Tampa Bay Buccaneers,1,1
53,9,57,Khalil Shakir,WR,Buffalo Bills,CGEEEEEE,Josh Allen,Buffalo Bills,1,,,Miami Dolphins,0,0
53,10,58,Rashod Bateman,WR,Baltimore Ravens,NEZ,Lamar Jackson,Baltimore Ravens,1,,,Minnesota Vikings,0,0
53,11,59,Woody Marks,RB,Houston Texans,SCHWEC03,Jacoby Brissett,Arizona Cardinals,0,,,Jacksonville Jaguars,0,0
53,12,60,J.J. McCarthy,QB,Minnesota Vikings,CHRISTIAN,J.J. McCarthy,Minnesota Vikings,1,1,1,Baltimore Ravens,0,0
53,12,61,DeMario Douglas,WR,New England Patriots,CHRISTIAN,J.J. McCarthy,Minnesota Vikings,0,,,Tampa Bay Buccaneers,0,0
53,11,62,Jacoby Brissett,QB,Arizona Cardinals,SCHWEC03,Jacoby Brissett,Arizona Cardinals,1,1,1,Seattle Seahawks,0,0
53,10,63,Mark Andrews,TE,Baltimore Ravens,NEZ,Lamar Jackson,Baltimore Ravens,1,,,Minnesota Vikings,0,0
53,9,64,Zach Ertz,TE,Washington Commanders,CGEEEEEE,Josh Allen,Buffalo Bills,0,,,Detroit Lions,0,0
53,8,65,Tez Johnson,WR,Tampa Bay Buccaneers,LENKEITH,Drake Maye,New England Patriots,0,,,New England Patriots,2,1
53,7,66,Colston Loveland,TE,Chicago Bears,TEDDYONFETTI,Jared Goff,Detroit Lions,0,,,New York Giants,0,0
53,6,67,Brian Thomas,WR,Jacksonville Jaguars,JORLAND50,Jaxson Dart,New York Giants,0,,,Houston Texans,1,1
53,5,68,Rhamondre Stevenson,RB,New England Patriots,EZ116,Baker Mayfield,Tampa Bay Buccaneers,0,,,Tampa Bay Buccaneers,2,1
53,4,69,Isaiah Likely,TE,Baltimore Ravens,TOPSTATNFT,Justin Fields,New York Jets,0,,,Minnesota Vikings,0,0
53,3,70,Juwan Johnson,TE,New Orleans Saints,BESTBALLVIPER,Sam Darnold,Seattle Seahawks,0,,,Carolina Panthers,0,0
53,2,71,Cade Otton,TE,Tampa Bay Buccaneers,BUSTERSBOYS,Caleb Williams,Chicago Bears,0,,,New England Patriots,0,0
53,1,72,Matthew Stafford,QB,Los Angeles Rams,DANJPRECIADO,Matthew Stafford,Los Angeles Rams,1,0,0,San Francisco 49ers,2,1
54,1,1,Christian McCaffrey,RB,San Francisco 49ers,HAWKBERG,Tua Tagovailoa,Miami Dolphins,0,,,Los Angeles Rams,0,0
54,2,2,James Cook,RB,Buffalo Bills,JASTA29,Jared Goff,Detroit Lions,0,,,Miami Dolphins,0,0
54,3,3,Jahmyr Gibbs,RB,Detroit Lions,LENKEITH,Caleb Williams,Chicago Bears,0,,,Washington Commanders,0,0
54,4,4,Rico Dowdle,RB,Carolina Panthers,ICEYFFB,Jacoby Brissett,Arizona Cardinals,0,,,New Orleans Saints,1,1
54,5,5,Jaxon Smith-Njigba,WR,Seattle Seahawks,BESTBALLVIPER,Sam Darnold,Seattle Seahawks,1,,,Arizona Cardinals,0,0
54,6,6,De'Von Achane,RB,Miami Dolphins,D4VE,Marcus Mariota,Washington Commanders,0,,,Buffalo Bills,0,0
54,7,7,Puka Nacua,WR,Los Angeles Rams,BUSTERSBOYS,Drake Maye,New England Patriots,0,,,San Francisco 49ers,1,1
54,8,8,Amon-Ra St. Brown,WR,Detroit Lions,AD5,Lamar Jackson,Baltimore Ravens,0,,,Washington Commanders,0,0
54,9,9,Derrick Henry,RB,Baltimore Ravens,DANJPRECIADO,Jaxson Dart,New York Giants,0,,,Minnesota Vikings,1,1
54,10,10,Kyren Williams,RB,Los Angeles Rams,SICKODANK,Baker Mayfield,Tampa Bay Buccaneers,0,,,San Francisco 49ers,0,0
54,11,11,Quinshon Judkins,RB,Cleveland Browns,PATRICKBARN,Matthew Stafford,Los Angeles Rams,0,,,New York Jets,0,0
54,12,12,Justin Jefferson,WR,Minnesota Vikings,RAZOR33,Josh Allen,Buffalo Bills,0,,,Baltimore Ravens,0,0
54,12,13,Josh Allen,QB,Buffalo Bills,RAZOR33,Josh Allen,Buffalo Bills,1,1,1,Miami Dolphins,0,0
54,11,14,Davante Adams,WR,Los Angeles Rams,PATRICKBARN,Matthew Stafford,Los Angeles Rams,1,,,San Francisco 49ers,0,0
54,10,15,Emeka Egbuka,WR,Tampa Bay Buccaneers,SICKODANK,Baker Mayfield,Tampa Bay Buccaneers,1,,,New England Patriots,0,0
54,9,16,Trey McBride,TE,Arizona Cardinals,DANJPRECIADO,Jaxson Dart,New York Giants,0,,,Seattle Seahawks,0,0
54,8,17,Lamar Jackson,QB,Baltimore Ravens,AD5,Lamar Jackson,Baltimore Ravens,1,1,1,Minnesota Vikings,0,0
54,7,18,George Kittle,TE,San Francisco 49ers,BUSTERSBOYS,Drake Maye,New England Patriots,0,,,Los Angeles Rams,1,1
54,6,19,Nico Collins,WR,Houston Texans,D4VE,Marcus Mariota,Washington Commanders,0,,,Jacksonville Jaguars,0,0
54,5,20,Garrett Wilson,WR,New York Jets,BESTBALLVIPER,Sam Darnold,Seattle Seahawks,0,,,Cleveland Browns,0,0
54,4,21,Zay Flowers,WR,Baltimore Ravens,ICEYFFB,Jacoby Brissett,Arizona Cardinals,0,,,Minnesota Vikings,0,0
54,3,22,Rome Odunze,WR,Chicago Bears,LENKEITH,Caleb Williams,Chicago Bears,1,,,New York Giants,0,0
54,2,23,Kyle Monangai,RB,Chicago Bears,JASTA29,Jared Goff,Detroit Lions,0,,,New York Giants,1,1
54,1,24,Breece Hall,RB,New York Jets,HAWKBERG,Tua Tagovailoa,Miami Dolphins,0,,,Cleveland Browns,0,0
54,1,25,Jaylen Waddle,WR,Miami Dolphins,HAWKBERG,Tua Tagovailoa,Miami Dolphins,1,,,Buffalo Bills,1,1
54,2,26,Stefon Diggs,WR,New England Patriots,JASTA29,Jared Goff,Detroit Lions,0,,,Tampa Bay Buccaneers,0,0
54,3,27,Sam LaPorta,TE,Detroit Lions,LENKEITH,Caleb Williams,Chicago Bears,0,,,Washington Commanders,0,0
54,4,28,Chris Olave,WR,New Orleans Saints,ICEYFFB,Jacoby Brissett,Arizona Cardinals,0,,,Carolina Panthers,1,1
54,5,29,Travis Etienne Jr.,RB,Jacksonville Jaguars,BESTBALLVIPER,Sam Darnold,Seattle Seahawks,0,,,Houston Texans,0,0
54,6,30,Deebo Samuel,WR,Washington Commanders,D4VE,Marcus Mariota,Washington Commanders,1,,,Detroit Lions,0,0
54,7,31,Drake Maye,QB,New England Patriots,BUSTERSBOYS,Drake Maye,New England Patriots,1,0,0,Tampa Bay Buccaneers,1,1
54,8,32,D'Andre Swift,RB,Chicago Bears,AD5,Lamar Jackson,Baltimore Ravens,0,,,New York Giants,1,1
54,9,33,Jaxson Dart,QB,New York Giants,DANJPRECIADO,Jaxson Dart,New York Giants,1,0,0,Chicago Bears,0,0
54,10,34,Tetairoa McMillan,WR,Carolina Panthers,SICKODANK,Baker Mayfield,Tampa Bay Buccaneers,0,,,New Orleans Saints,0,0
54,11,35,Kenneth Walker III,RB,Seattle Seahawks,PATRICKBARN,Matthew Stafford,Los Angeles Rams,0,,,Arizona Cardinals,0,0
54,12,36,Khalil Shakir,WR,Buffalo Bills,RAZOR33,Josh Allen,Buffalo Bills,1,,,Miami Dolphins,0,0
54,12,37,Tyrone Tracy,RB,New York Giants,RAZOR33,Josh Allen,Buffalo Bills,0,,,Chicago Bears,0,0
54,11,38,Jameson Williams,WR,Detroit Lions,PATRICKBARN,Matthew Stafford,Los Angeles Rams,0,,,Washington Commanders,0,0
54,10,39,Baker Mayfield,QB,Tampa Bay Buccaneers,SICKODANK,Baker Mayfield,Tampa Bay Buccaneers,1,1,1,New England Patriots,0,0
54,9,40,Jordan Addison,WR,Minnesota Vikings,DANJPRECIADO,Jaxson Dart,New York Giants,0,,,Baltimore Ravens,1,1
54,8,41,Rachaad White,RB,Tampa Bay Buccaneers,AD5,Lamar Jackson,Baltimore Ravens,0,,,New England Patriots,0,0
54,7,42,David Montgomery,RB,Detroit Lions,BUSTERSBOYS,Drake Maye,New England Patriots,0,,,Washington Commanders,0,0
54,6,43,Bucky Irving,RB,Tampa Bay Buccaneers,D4VE,Marcus Mariota,Washington Commanders,0,,,New England Patriots,0,0
54,5,44,Sam Darnold,QB,Seattle Seahawks,BESTBALLVIPER,Sam Darnold,Seattle Seahawks,1,2,1,Arizona Cardinals,0,0
54,4,45,Marvin Harrison,WR,Arizona Cardinals,ICEYFFB,Jacoby Brissett,Arizona Cardinals,1,,,Seattle Seahawks,0,0
54,3,46,Caleb Williams,QB,Chicago Bears,LENKEITH,Caleb Williams,Chicago Bears,1,1,1,New York Giants,0,0
54,2,47,Wan'Dale Robinson,WR,New York Giants,JASTA29,Jared Goff,Detroit Lions,0,,,Chicago Bears,2,1
54,1,48,Dalton Kincaid,TE,Buffalo Bills,HAWKBERG,Tua Tagovailoa,Miami Dolphins,0,,,Miami Dolphins,2,1
54,1,49,D.J. Moore,WR,Chicago Bears,HAWKBERG,Tua Tagovailoa,Miami Dolphins,0,,,New York Giants,0,0
54,2,50,Colston Loveland,TE,Chicago Bears,JASTA29,Jared Goff,Detroit Lions,0,,,New York Giants,1,1
54,3,51,TreVeyon Henderson,RB,New England Patriots,LENKEITH,Caleb Williams,Chicago Bears,0,,,Tampa Bay Buccaneers,0,0
54,4,52,Hunter Henry,TE,New England Patriots,ICEYFFB,Jacoby Brissett,Arizona Cardinals,0,,,Tampa Bay Buccaneers,0,0
54,5,53,Josh Williams,RB,Tampa Bay Buccaneers,BESTBALLVIPER,Sam Darnold,Seattle Seahawks,0,,,New England Patriots,0,0
54,6,54,Marcus Mariota,QB,Washington Commanders,D4VE,Marcus Mariota,Washington Commanders,1,1,1,Detroit Lions,0,0
54,7,55,Parker Washington,WR,Jacksonville Jaguars,BUSTERSBOYS,Drake Maye,New England Patriots,0,,,Houston Texans,0,0
54,8,56,Mark Andrews,TE,Baltimore Ravens,AD5,Lamar Jackson,Baltimore Ravens,1,,,Minnesota Vikings,0,0
54,9,57,Jauan Jennings,WR,San Francisco 49ers,DANJPRECIADO,Jaxson Dart,New York Giants,0,,,Los Angeles Rams,0,0
54,10,58,Zach Ertz,TE,Washington Commanders,SICKODANK,Baker Mayfield,Tampa Bay Buccaneers,0,,,Detroit Lions,0,0
54,11,59,Cade Otton,TE,Tampa Bay Buccaneers,PATRICKBARN,Matthew Stafford,Los Angeles Rams,0,,,New England Patriots,0,0
54,12,60,Alvin Kamara,RB,New Orleans Saints,RAZOR33,Josh Allen,Buffalo Bills,0,,,Carolina Panthers,0,0
54,12,61,AJ Barner,TE,Seattle Seahawks,RAZOR33,Josh Allen,Buffalo Bills,0,,,Arizona Cardinals,0,0
54,11,62,Matthew Stafford,QB,Los Angeles Rams,PATRICKBARN,Matthew Stafford,Los Angeles Rams,1,1,1,San Francisco 49ers,0,0
54,10,63,Aaron Jones,RB,Minnesota Vikings,SICKODANK,Baker Mayfield,Tampa Bay Buccaneers,0,,,Baltimore Ravens,0,0
54,9,64,Rhamondre Stevenson,RB,New England Patriots,DANJPRECIADO,Jaxson Dart,New York Giants,0,,,Tampa Bay Buccaneers,0,0
54,8,65,Darius Slayton,WR,New York Giants,AD5,Lamar Jackson,Baltimore Ravens,0,,,Chicago Bears,1,1
54,7,66,Tez Johnson,WR,Tampa Bay Buccaneers,BUSTERSBOYS,Drake Maye,New England Patriots,0,,,New England Patriots,1,1
54,6,67,Theo Johnson,TE,New York Giants,D4VE,Marcus Mariota,Washington Commanders,0,,,Chicago Bears,0,0
54,5,68,AJ Barner,TE,Seattle Seahawks,BESTBALLVIPER,Sam Darnold,Seattle Seahawks,1,,,Arizona Cardinals,0,0
54,4,69,Jacoby Brissett,QB,Arizona Cardinals,ICEYFFB,Jacoby Brissett,Arizona Cardinals,1,1,1,Seattle Seahawks,0,0
54,3,70,Brian Thomas,WR,Jacksonville Jaguars,LENKEITH,Caleb Williams,Chicago Bears,0,,,Houston Texans,0,0
54,2,71,Jared Goff,QB,Detroit Lions,JASTA29,Jared Goff,Detroit Lions,1,0,0,Washington Commanders,0,0
54,1,72,Tua Tagovailoa,QB,Miami Dolphins,HAWKBERG,Tua Tagovailoa,Miami Dolphins,1,1,1,Buffalo Bills,1,1
55,1,1,Christian McCaffrey,RB,San Francisco 49ers,BESTBALLVIPER,Justin Fields,New York Jets,0,,,Los Angeles Rams,0,0
55,2,2,Jahmyr Gibbs,RB,Detroit Lions,HAWKBERG,Drake Maye,New England Patriots,0,,,Washington Commanders,1,1
55,3,3,De'Von Achane,RB,Miami Dolphins,PATRICKBARN,Jaxson Dart,New York Giants,0,,,Buffalo Bills,0,0
55,4,4,Jaxon Smith-Njigba,WR,Seattle Seahawks,LEE121503,Sam Darnold,Seattle Seahawks,1,,,Arizona Cardinals,0,0
55,5,5,James Cook,RB,Buffalo Bills,SCHWEC03,Jared Goff,Detroit Lions,0,,,Miami Dolphins,0,0
55,6,6,Puka Nacua,WR,Los Angeles Rams,ICEYFFB,Caleb Williams,Chicago Bears,0,,,San Francisco 49ers,0,0
55,7,7,Rico Dowdle,RB,Carolina Panthers,DANJPRECIADO,Marcus Mariota,Washington Commanders,0,,,New Orleans Saints,1,1
55,8,8,Amon-Ra St. Brown,WR,Detroit Lions,BUSTERSBOYS,Josh Allen,Buffalo Bills,0,,,Washington Commanders,0,0
55,9,9,Derrick Henry,RB,Baltimore Ravens,D4VE,Baker Mayfield,Tampa Bay Buccaneers,0,,,Minnesota Vikings,0,0
55,10,10,Quinshon Judkins,RB,Cleveland Browns,JASTA29,Jacoby Brissett,Arizona Cardinals,0,,,New York Jets,0,0
55,11,11,Kyren Williams,RB,Los Angeles Rams,ROASTYRAY,Matthew Stafford,Los Angeles Rams,1,,,San Francisco 49ers,0,0
55,12,12,Lamar Jackson,QB,Baltimore Ravens,RAZOR33,Lamar Jackson,Baltimore Ravens,1,0,0,Minnesota Vikings,1,1
55,12,13,Justin Jefferson,WR,Minnesota Vikings,RAZOR33,Lamar Jackson,Baltimore Ravens,0,,,Baltimore Ravens,1,1
55,11,14,Trey McBride,TE,Arizona Cardinals,ROASTYRAY,Matthew Stafford,Los Angeles Rams,0,,,Seattle Seahawks,0,0
55,10,15,Davante Adams,WR,Los Angeles Rams,JASTA29,Jacoby Brissett,Arizona Cardinals,0,,,San Francisco 49ers,0,0
55,9,16,Emeka Egbuka,WR,Tampa Bay Buccaneers,D4VE,Baker Mayfield,Tampa Bay Buccaneers,1,,,New England Patriots,0,0
55,8,17,Josh Allen,QB,Buffalo Bills,BUSTERSBOYS,Josh Allen,Buffalo Bills,1,0,0,Miami Dolphins,0,0
55,7,18,Nico Collins,WR,Houston Texans,DANJPRECIADO,Marcus Mariota,Washington Commanders,0,,,Jacksonville Jaguars,0,0
55,6,19,Kyle Monangai,RB,Chicago Bears,ICEYFFB,Caleb Williams,Chicago Bears,1,,,New York Giants,0,0
55,5,20,Zay Flowers,WR,Baltimore Ravens,SCHWEC03,Jared Goff,Detroit Lions,0,,,Minnesota Vikings,0,0
55,4,21,George Kittle,TE,San Francisco 49ers,LEE121503,Sam Darnold,Seattle Seahawks,0,,,Los Angeles Rams,0,0
55,3,22,Rome Odunze,WR,Chicago Bears,PATRICKBARN,Jaxson Dart,New York Giants,0,,,New York Giants,2,1
55,2,23,Jaylen Waddle,WR,Miami Dolphins,HAWKBERG,Drake Maye,New England Patriots,0,,,Buffalo Bills,0,0
55,1,24,Breece Hall,RB,New York Jets,BESTBALLVIPER,Justin Fields,New York Jets,1,,,Cleveland Browns,0,0
55,1,25,Garrett Wilson,WR,New York Jets,BESTBALLVIPER,Justin Fields,New York Jets,1,,,Cleveland Browns,0,0
55,2,26,Drake Maye,QB,New England Patriots,HAWKBERG,Drake Maye,New England Patriots,1,0,0,Tampa Bay Buccaneers,0,0
55,3,27,Jaxson Dart,QB,New York Giants,PATRICKBARN,Jaxson Dart,New York Giants,1,1,1,Chicago Bears,1,1
55,4,28,D'Andre Swift,RB,Chicago Bears,LEE121503,Sam Darnold,Seattle Seahawks,0,,,New York Giants,0,0
55,5,29,Sam LaPorta,TE,Detroit Lions,SCHWEC03,Jared Goff,Detroit Lions,1,,,Washington Commanders,0,0
55,6,30,Kenneth Walker III,RB,Seattle Seahawks,ICEYFFB,Caleb Williams,Chicago Bears,0,,,Arizona Cardinals,0,0
55,7,31,Chris Olave,WR,New Orleans Saints,DANJPRECIADO,Marcus Mariota,Washington Commanders,0,,,Carolina Panthers,1,1
55,8,32,Stefon Diggs,WR,New England Patriots,BUSTERSBOYS,Josh Allen,Buffalo Bills,0,,,Tampa Bay Buccaneers,1,1
55,9,33,Baker Mayfield,QB,Tampa Bay Buccaneers,D4VE,Baker Mayfield,Tampa Bay Buccaneers,1,2,1,New England Patriots,0,0
55,10,34,Marvin Harrison,WR,Arizona Cardinals,JASTA29,Jacoby Brissett,Arizona Cardinals,1,,,Seattle Seahawks,0,0
55,11,35,Tetairoa McMillan,WR,Carolina Panthers,ROASTYRAY,Matthew Stafford,Los Angeles Rams,0,,,New Orleans Saints,1,1
55,12,36,Jameson Williams,WR,Detroit Lions,RAZOR33,Lamar Jackson,Baltimore Ravens,0,,,Washington Commanders,1,1
55,12,37,Dalton Kincaid,TE,Buffalo Bills,RAZOR33,Lamar Jackson,Baltimore Ravens,0,,,Miami Dolphins,0,0
55,11,38,David Montgomery,RB,Detroit Lions,ROASTYRAY,Matthew Stafford,Los Angeles Rams,0,,,Washington Commanders,0,0
55,10,39,Deebo Samuel,WR,Washington Commanders,JASTA29,Jacoby Brissett,Arizona Cardinals,0,,,Detroit Lions,0,0
55,9,40,Rachaad White,RB,Tampa Bay Buccaneers,D4VE,Baker Mayfield,Tampa Bay Buccaneers,1,,,New England Patriots,0,0
55,8,41,Travis Etienne Jr.,RB,Jacksonville Jaguars,BUSTERSBOYS,Josh Allen,Buffalo Bills,0,,,Houston Texans,0,0
55,7,42,Bucky Irving,RB,Tampa Bay Buccaneers,DANJPRECIADO,Marcus Mariota,Washington Commanders,0,,,New England Patriots,1,1
55,6,43,Jordan Addison,WR,Minnesota Vikings,ICEYFFB,Caleb Williams,Chicago Bears,0,,,Baltimore Ravens,1,1
55,5,44,Jauan Jennings,WR,San Francisco 49ers,SCHWEC03,Jared Goff,Detroit Lions,0,,,Los Angeles Rams,0,0
55,4,45,Khalil Shakir,WR,Buffalo Bills,LEE121503,Sam Darnold,Seattle Seahawks,0,,,Miami Dolphins,0,0
55,3,46,TreVeyon Henderson,RB,New England Patriots,PATRICKBARN,Jaxson Dart,New York Giants,0,,,Tampa Bay Buccaneers,0,0
55,2,47,D.J. Moore,WR,Chicago Bears,HAWKBERG,Drake Maye,New England Patriots,0,,,New York Giants,1,1
55,1,48,Theo Johnson,TE,New York Giants,BESTBALLVIPER,Justin Fields,New York Jets,0,,,Chicago Bears,0,0
55,1,49,Justin Fields,QB,New York Jets,BESTBALLVIPER,Justin Fields,New York Jets,1,2,1,Cleveland Browns,0,0
55,2,50,Wan'Dale Robinson,WR,New York Giants,HAWKBERG,Drake Maye,New England Patriots,0,,,Chicago Bears,1,1
55,3,51,Darius Slayton,WR,New York Giants,PATRICKBARN,Jaxson Dart,New York Giants,1,,,Chicago Bears,1,1
55,4,52,Aaron Jones,RB,Minnesota Vikings,LEE121503,Sam Darnold,Seattle Seahawks,0,,,Baltimore Ravens,0,0
55,5,53,Tyrone Tracy,RB,New York Giants,SCHWEC03,Jared Goff,Detroit Lions,0,,,Chicago Bears,0,0
55,6,54,Caleb Williams,QB,Chicago Bears,ICEYFFB,Caleb Williams,Chicago Bears,1,1,1,New York Giants,0,0
55,7,55,Hunter Henry,TE,New England Patriots,DANJPRECIADO,Marcus Mariota,Washington Commanders,0,,,Tampa Bay Buccaneers,1,1
55,8,56,Parker Washington,WR,Jacksonville Jaguars,BUSTERSBOYS,Josh Allen,Buffalo Bills,0,,,Houston Texans,0,0
55,9,57,Colston Loveland,TE,Chicago Bears,D4VE,Baker Mayfield,Tampa Bay Buccaneers,0,,,New York Giants,0,0
55,10,58,Harold Fannin,TE,Cleveland Browns,JASTA29,Jacoby Brissett,Arizona Cardinals,0,,,New York Jets,0,0
55,11,59,Matthew Stafford,QB,Los Angeles Rams,ROASTYRAY,Matthew Stafford,Los Angeles Rams,1,1,1,San Francisco 49ers,0,0
55,12,60,Alvin Kamara,RB,New Orleans Saints,RAZOR33,Lamar Jackson,Baltimore Ravens,0,,,Carolina Panthers,0,0
55,12,61,Jacory Croskey-Merritt,RB,Washington Commanders,RAZOR33,Lamar Jackson,Baltimore Ravens,0,,,Detroit Lions,1,1
55,11,62,Rashid Shaheed,WR,New Orleans Saints,ROASTYRAY,Matthew Stafford,Los Angeles Rams,0,,,Carolina Panthers,1,1
55,10,63,Jacoby Brissett,QB,Arizona Cardinals,JASTA29,Jacoby Brissett,Arizona Cardinals,1,1,1,Seattle Seahawks,0,0
55,9,64,Brian Thomas,WR,Jacksonville Jaguars,D4VE,Baker Mayfield,Tampa Bay Buccaneers,0,,,Houston Texans,0,0
55,8,65,Cade Otton,TE,Tampa Bay Buccaneers,BUSTERSBOYS,Josh Allen,Buffalo Bills,0,,,New England Patriots,1,1
55,7,66,Marcus Mariota,QB,Washington Commanders,DANJPRECIADO,Marcus Mariota,Washington Commanders,1,0,0,Detroit Lions,0,0
55,6,67,Mark Andrews,TE,Baltimore Ravens,ICEYFFB,Caleb Williams,Chicago Bears,0,,,Minnesota Vikings,1,1
55,5,68,Jared Goff,QB,Detroit Lions,SCHWEC03,Jared Goff,Detroit Lions,1,1,1,Washington Commanders,0,0
55,4,69,Sam Darnold,QB,Seattle Seahawks,LEE121503,Sam Darnold,Seattle Seahawks,1,1,1,Arizona Cardinals,0,0
55,3,70,Juwan Johnson,TE,New Orleans Saints,PATRICKBARN,Jaxson Dart,New York Giants,0,,,Carolina Panthers,0,0
55,2,71,Zach Ertz,TE,Washington Commanders,HAWKBERG,Drake Maye,New England Patriots,0,,,Detroit Lions,1,1
55,1,72,Chris Godwin,WR,Tampa Bay Buccaneers,BESTBALLVIPER,Justin Fields,New York Jets,0,,,New England Patriots,0,0
56,1,1,Christian McCaffrey,RB,San Francisco 49ers,PATRICKBARN,Jared Goff,Detroit Lions,0,,,Los Angeles Rams,0,0
56,2,2,Jahmyr Gibbs,RB,Detroit Lions,RIPSEWELL,Brock Purdy,San Francisco 49ers,0,,,Washington Commanders,0,0
56,3,3,Jaxon Smith-Njigba,WR,Seattle Seahawks,LENKEITH,Matthew Stafford,Los Angeles Rams,0,,,Arizona Cardinals,0,0
56,4,4,James Cook,RB,Buffalo Bills,MATHOLOGY,Jaxson Dart,New York Giants,0,,,Miami Dolphins,0,0
56,5,5,De'Von Achane,RB,Miami Dolphins,BESTBALLVIPER,Tua Tagovailoa,Miami Dolphins,1,,,Buffalo Bills,0,0
56,6,6,Rico Dowdle,RB,Carolina Panthers,JWILLZY,Caleb Williams,Chicago Bears,0,,,New Orleans Saints,0,0
56,7,7,Puka Nacua,WR,Los Angeles Rams,PIQUANTPECAN,Josh Allen,Buffalo Bills,0,,,San Francisco 49ers,0,0
56,8,8,Amon-Ra St. Brown,WR,Detroit Lions,CGEEEEEE,Baker Mayfield,Tampa Bay Buccaneers,0,,,Washington Commanders,1,1
56,9,9,Justin Jefferson,WR,Minnesota Vikings,EZ116,Lamar Jackson,Baltimore Ravens,0,,,Baltimore Ravens,2,1
56,10,10,Derrick Henry,RB,Baltimore Ravens,SCHWEC03,Marcus Mariota,Washington Commanders,0,,,Minnesota Vikings,0,0
56,11,11,Trey McBride,TE,Arizona Cardinals,LEE121503,Sam Darnold,Seattle Seahawks,0,,,Seattle Seahawks,1,1
56,12,12,Quinshon Judkins,RB,Cleveland Browns,JASTA29,Drake Maye,New England Patriots,0,,,New York Jets,0,0
56,12,13,Kyle Monangai,RB,Chicago Bears,JASTA29,Drake Maye,New England Patriots,0,,,New York Giants,0,0
56,11,14,Kyren Williams,RB,Los Angeles Rams,LEE121503,Sam Darnold,Seattle Seahawks,0,,,San Francisco 49ers,0,0
56,10,15,Davante Adams,WR,Los Angeles Rams,SCHWEC03,Marcus Mariota,Washington Commanders,0,,,San Francisco 49ers,0,0
56,9,16,Lamar Jackson,QB,Baltimore Ravens,EZ116,Lamar Jackson,Baltimore Ravens,1,1,1,Minnesota Vikings,1,1
56,8,17,Emeka Egbuka,WR,Tampa Bay Buccaneers,CGEEEEEE,Baker Mayfield,Tampa Bay Buccaneers,1,,,New England Patriots,1,1
56,7,18,Josh Allen,QB,Buffalo Bills,PIQUANTPECAN,Josh Allen,Buffalo Bills,1,1,1,Miami Dolphins,0,0
56,6,19,Nico Collins,WR,Houston Texans,JWILLZY,Caleb Williams,Chicago Bears,0,,,Jacksonville Jaguars,0,0
56,5,20,Jaylen Waddle,WR,Miami Dolphins,BESTBALLVIPER,Tua Tagovailoa,Miami Dolphins,1,,,Buffalo Bills,0,0
56,4,21,George Kittle,TE,San Francisco 49ers,MATHOLOGY,Jaxson Dart,New York Giants,0,,,Los Angeles Rams,0,0
56,3,22,Zay Flowers,WR,Baltimore Ravens,LENKEITH,Matthew Stafford,Los Angeles Rams,0,,,Minnesota Vikings,0,0
56,2,23,Breece Hall,RB,New York Jets,RIPSEWELL,Brock Purdy,San Francisco 49ers,0,,,Cleveland Browns,0,0
56,1,24,Travis Etienne Jr.,RB,Jacksonville Jaguars,PATRICKBARN,Jared Goff,Detroit Lions,0,,,Houston Texans,0,0
56,1,25,Deebo Samuel,WR,Washington Commanders,PATRICKBARN,Jared Goff,Detroit Lions,0,,,Detroit Lions,1,1
56,2,26,Sam LaPorta,TE,Detroit Lions,RIPSEWELL,Brock Purdy,San Francisco 49ers,0,,,Washington Commanders,0,0
56,3,27,D'Andre Swift,RB,Chicago Bears,LENKEITH,Matthew Stafford,Los Angeles Rams,0,,,New York Giants,0,0
56,4,28,Jaxson Dart,QB,New York Giants,MATHOLOGY,Jaxson Dart,New York Giants,1,1,1,Chicago Bears,0,0
56,5,29,Chris Olave,WR,New Orleans Saints,BESTBALLVIPER,Tua Tagovailoa,Miami Dolphins,0,,,Carolina Panthers,0,0
56,6,30,Rome Odunze,WR,Chicago Bears,JWILLZY,Caleb Williams,Chicago Bears,1,,,New York Giants,1,1
56,7,31,Kenneth Walker III,RB,Seattle Seahawks,PIQUANTPECAN,Josh Allen,Buffalo Bills,0,,,Arizona Cardinals,0,0
56,8,32,Garrett Wilson,WR,New York Jets,CGEEEEEE,Baker Mayfield,Tampa Bay Buccaneers,0,,,Cleveland Browns,0,0
56,9,33,Bucky Irving,RB,Tampa Bay Buccaneers,EZ116,Lamar Jackson,Baltimore Ravens,0,,,New England Patriots,0,0
56,10,34,Marvin Harrison,WR,Arizona Cardinals,SCHWEC03,Marcus Mariota,Washington Commanders,0,,,Seattle Seahawks,0,0
56,11,35,Stefon Diggs,WR,New England Patriots,LEE121503,Sam Darnold,Seattle Seahawks,0,,,Tampa Bay Buccaneers,1,1
56,12,36,Drake Maye,QB,New England Patriots,JASTA29,Drake Maye,New England Patriots,1,0,0,Tampa Bay Buccaneers,1,1
56,12,37,Tetairoa McMillan,WR,Carolina Panthers,JASTA29,Drake Maye,New England Patriots,0,,,New Orleans Saints,0,0
56,11,38,Rachaad White,RB,Tampa Bay Buccaneers,LEE121503,Sam Darnold,Seattle Seahawks,0,,,New England Patriots,1,1
56,10,39,Dalton Kincaid,TE,Buffalo Bills,SCHWEC03,Marcus Mariota,Washington Commanders,0,,,Miami Dolphins,0,0
56,9,40,David Montgomery,RB,Detroit Lions,EZ116,Lamar Jackson,Baltimore Ravens,0,,,Washington Commanders,0,0
56,8,41,Baker Mayfield,QB,Tampa Bay Buccaneers,CGEEEEEE,Baker Mayfield,Tampa Bay Buccaneers,1,1,1,New England Patriots,1,1
56,7,42,Jameson Williams,WR,Detroit Lions,PIQUANTPECAN,Josh Allen,Buffalo Bills,0,,,Washington Commanders,0,0
56,6,43,Caleb Williams,QB,Chicago Bears,JWILLZY,Caleb Williams,Chicago Bears,1,1,1,New York Giants,1,1
56,5,44,Aaron Jones,RB,Minnesota Vikings,BESTBALLVIPER,Tua Tagovailoa,Miami Dolphins,0,,,Baltimore Ravens,0,0
56,4,45,Jordan Addison,WR,Minnesota Vikings,MATHOLOGY,Jaxson Dart,New York Giants,0,,,Baltimore Ravens,1,1
56,3,46,Colston Loveland,TE,Chicago Bears,LENKEITH,Matthew Stafford,Los Angeles Rams,0,,,New York Giants,0,0
56,2,47,Wan'Dale Robinson,WR,New York Giants,RIPSEWELL,Brock Purdy,San Francisco 49ers,0,,,Chicago Bears,0,0
56,1,48,Jared Goff,QB,Detroit Lions,PATRICKBARN,Jared Goff,Detroit Lions,1,0,0,Washington Commanders,1,1
56,1,49,Khalil Shakir,WR,Buffalo Bills,PATRICKBARN,Jared Goff,Detroit Lions,0,,,Miami Dolphins,0,0
56,2,50,Jauan Jennings,WR,San Francisco 49ers,RIPSEWELL,Brock Purdy,San Francisco 49ers,1,,,Los Angeles Rams,0,0
56,3,51,TreVeyon Henderson,RB,New England Patriots,LENKEITH,Matthew Stafford,Los Angeles Rams,0,,,Tampa Bay Buccaneers,0,0
56,4,52,Tyrone Tracy,RB,New York Giants,MATHOLOGY,Jaxson Dart,New York Giants,1,,,Chicago Bears,0,0
56,5,53,Juwan Johnson,TE,New Orleans Saints,BESTBALLVIPER,Tua Tagovailoa,Miami Dolphins,0,,,Carolina Panthers,0,0
56,6,54,Theo Johnson,TE,New York Giants,JWILLZY,Caleb Williams,Chicago Bears,0,,,Chicago Bears,2,1
56,7,55,Hunter Henry,TE,New England Patriots,PIQUANTPECAN,Josh Allen,Buffalo Bills,0,,,Tampa Bay Buccaneers,0,0
56,8,56,Zach Ertz,TE,Washington Commanders,CGEEEEEE,Baker Mayfield,Tampa Bay Buccaneers,0,,,Detroit Lions,1,1
56,9,57,D.J. Moore,WR,Chicago Bears,EZ116,Lamar Jackson,Baltimore Ravens,0,,,New York Giants,0,0
56,10,58,Marcus Mariota,QB,Washington Commanders,SCHWEC03,Marcus Mariota,Washington Commanders,1,0,0,Detroit Lions,0,0
56,11,59,Darius Slayton,WR,New York Giants,LEE121503,Sam Darnold,Seattle Seahawks,0,,,Chicago Bears,0,0
56,12,60,Dalton Schultz,TE,Houston Texans,JASTA29,Drake Maye,New England Patriots,0,,,Jacksonville Jaguars,0,0
56,12,61,Tez Johnson,WR,Tampa Bay Buccaneers,JASTA29,Drake Maye,New England Patriots,0,,,New England Patriots,1,1
56,11,62,Sam Darnold,QB,Seattle Seahawks,LEE121503,Sam Darnold,Seattle Seahawks,1,0,0,Arizona Cardinals,1,1
56,10,63,Woody Marks,RB,Houston Texans,SCHWEC03,Marcus Mariota,Washington Commanders,0,,,Jacksonville Jaguars,0,0
56,9,64,Mark Andrews,TE,Baltimore Ravens,EZ116,Lamar Jackson,Baltimore Ravens,1,,,Minnesota Vikings,1,1
56,8,65,Rhamondre Stevenson,RB,New England Patriots,CGEEEEEE,Baker Mayfield,Tampa Bay Buccaneers,0,,,Tampa Bay Buccaneers,2,1
56,7,66,Keon Coleman,WR,Buffalo Bills,PIQUANTPECAN,Josh Allen,Buffalo Bills,1,,,Miami Dolphins,0,0
56,6,67,DeMario Douglas,WR,New England Patriots,JWILLZY,Caleb Williams,Chicago Bears,0,,,Tampa Bay Buccaneers,0,0
56,5,68,Tua Tagovailoa,QB,Miami Dolphins,BESTBALLVIPER,Tua Tagovailoa,Miami Dolphins,1,2,1,Buffalo Bills,0,0
56,4,69,DeAndre Hopkins,WR,Baltimore Ravens,MATHOLOGY,Jaxson Dart,New York Giants,0,,,Minnesota Vikings,1,1
56,3,70,Matthew Stafford,QB,Los Angeles Rams,LENKEITH,Matthew Stafford,Los Angeles Rams,1,0,0,San Francisco 49ers,0,0
56,2,71,Brock Purdy,QB,San Francisco 49ers,RIPSEWELL,Brock Purdy,San Francisco 49ers,1,1,1,Los Angeles Rams,0,0
56,1,72,Cade Otton,TE,Tampa Bay Buccaneers,PATRICKBARN,Jared Goff,Detroit Lions,0,,,New England Patriots,0,0
57,1,1,Christian McCaffrey,RB,San Francisco 49ers,D4VE,Jared Goff,Detroit Lions,0,,,Los Angeles Rams,0,0
57,2,2,Jaxon Smith-Njigba,WR,Seattle Seahawks,KRUTCHES93,Jaxson Dart,New York Giants,0,,,Arizona Cardinals,0,0
57,3,3,Jahmyr Gibbs,RB,Detroit Lions,KREAR72,Marcus Mariota,Washington Commanders,0,,,Washington Commanders,2,1
57,4,4,James Cook,RB,Buffalo Bills,STEADY314,Caleb Williams,Chicago Bears,0,,,Miami Dolphins,0,0
57,5,5,Puka Nacua,WR,Los Angeles Rams,EZ116,Drake Maye,New England Patriots,0,,,San Francisco 49ers,0,0
57,6,6,Amon-Ra St. Brown,WR,Detroit Lions,SHAGNASTYB,Brock Purdy,San Francisco 49ers,0,,,Washington Commanders,1,1
57,7,7,De'Von Achane,RB,Miami Dolphins,HDJDHDJDJSK,Sam Darnold,Seattle Seahawks,0,,,Buffalo Bills,0,0
57,8,8,Rico Dowdle,RB,Carolina Panthers,CFIORITO94,Josh Allen,Buffalo Bills,0,,,New Orleans Saints,0,0
57,9,9,Kyren Williams,RB,Los Angeles Rams,INGELX,J.J. McCarthy,Minnesota Vikings,0,,,San Francisco 49ers,0,0
57,10,10,Derrick Henry,RB,Baltimore Ravens,SCHMOE,Baker Mayfield,Tampa Bay Buccaneers,0,,,Minnesota Vikings,1,1
57,11,11,Quinshon Judkins,RB,Cleveland Browns,MIKEC6212,Matthew Stafford,Los Angeles Rams,0,,,New York Jets,1,1
57,12,12,Lamar Jackson,QB,Baltimore Ravens,SPORTSCONN,Lamar Jackson,Baltimore Ravens,1,0,0,Minnesota Vikings,0,0
57,12,13,Davante Adams,WR,Los Angeles Rams,SPORTSCONN,Lamar Jackson,Baltimore Ravens,0,,,San Francisco 49ers,0,0
57,11,14,Trey McBride,TE,Arizona Cardinals,MIKEC6212,Matthew Stafford,Los Angeles Rams,0,,,Seattle Seahawks,0,0
57,10,15,Justin Jefferson,WR,Minnesota Vikings,SCHMOE,Baker Mayfield,Tampa Bay Buccaneers,0,,,Baltimore Ravens,1,1
57,9,16,Emeka Egbuka,WR,Tampa Bay Buccaneers,INGELX,J.J. McCarthy,Minnesota Vikings,0,,,New England Patriots,0,0
57,8,17,Josh Allen,QB,Buffalo Bills,CFIORITO94,Josh Allen,Buffalo Bills,1,0,0,Miami Dolphins,0,0
57,7,18,Nico Collins,WR,Houston Texans,HDJDHDJDJSK,Sam Darnold,Seattle Seahawks,0,,,Jacksonville Jaguars,0,0
57,6,19,George Kittle,TE,San Francisco 49ers,SHAGNASTYB,Brock Purdy,San Francisco 49ers,1,,,Los Angeles Rams,0,0
57,5,20,Breece Hall,RB,New York Jets,EZ116,Drake Maye,New England Patriots,0,,,Cleveland Browns,0,0
57,4,21,Zay Flowers,WR,Baltimore Ravens,STEADY314,Caleb Williams,Chicago Bears,0,,,Minnesota Vikings,0,0
57,3,22,Jaylen Waddle,WR,Miami Dolphins,KREAR72,Marcus Mariota,Washington Commanders,0,,,Buffalo Bills,0,0
57,2,23,Rome Odunze,WR,Chicago Bears,KRUTCHES93,Jaxson Dart,New York Giants,0,,,New York Giants,1,1
57,1,24,Chris Olave,WR,New Orleans Saints,D4VE,Jared Goff,Detroit Lions,0,,,Carolina Panthers,0,0
57,1,25,Sam LaPorta,TE,Detroit Lions,D4VE,Jared Goff,Detroit Lions,1,,,Washington Commanders,0,0
57,2,26,Jaxson Dart,QB,New York Giants,KRUTCHES93,Jaxson Dart,New York Giants,1,0,0,Chicago Bears,1,1
57,3,27,Stefon Diggs,WR,New England Patriots,KREAR72,Marcus Mariota,Washington Commanders,0,,,Tampa Bay Buccaneers,1,1
57,4,28,Marvin Harrison,WR,Arizona Cardinals,STEADY314,Caleb Williams,Chicago Bears,0,,,Seattle Seahawks,0,0
57,5,29,Drake Maye,QB,New England Patriots,EZ116,Drake Maye,New England Patriots,1,2,1,Tampa Bay Buccaneers,0,0
57,6,30,D'Andre Swift,RB,Chicago Bears,SHAGNASTYB,Brock Purdy,San Francisco 49ers,0,,,New York Giants,1,1
57,7,31,Kenneth Walker III,RB,Seattle Seahawks,HDJDHDJDJSK,Sam Darnold,Seattle Seahawks,1,,,Arizona Cardinals,0,0
57,8,32,Bucky Irving,RB,Tampa Bay Buccaneers,CFIORITO94,Josh Allen,Buffalo Bills,0,,,New England Patriots,1,1
57,9,33,Tetairoa McMillan,WR,Carolina Panthers,INGELX,J.J. McCarthy,Minnesota Vikings,0,,,New Orleans Saints,0,0
57,10,34,Baker Mayfield,QB,Tampa Bay Buccaneers,SCHMOE,Baker Mayfield,Tampa Bay Buccaneers,1,1,1,New England Patriots,0,0
57,11,35,Garrett Wilson,WR,New York Jets,MIKEC6212,Matthew Stafford,Los Angeles Rams,0,,,Cleveland Browns,1,1
57,12,36,Kyle Monangai,RB,Chicago Bears,SPORTSCONN,Lamar Jackson,Baltimore Ravens,0,,,New York Giants,0,0
57,12,37,Travis Etienne Jr.,RB,Jacksonville Jaguars,SPORTSCONN,Lamar Jackson,Baltimore Ravens,0,,,Houston Texans,0,0
57,11,38,Jauan Jennings,WR,San Francisco 49ers,MIKEC6212,Matthew Stafford,Los Angeles Rams,0,,,Los Angeles Rams,1,1
57,10,39,David Montgomery,RB,Detroit Lions,SCHMOE,Baker Mayfield,Tampa Bay Buccaneers,0,,,Washington Commanders,0,0
57,9,40,Wan'Dale Robinson,WR,New York Giants,INGELX,J.J. McCarthy,Minnesota Vikings,0,,,Chicago Bears,0,0
57,8,41,Jordan Addison,WR,Minnesota Vikings,CFIORITO94,Josh Allen,Buffalo Bills,0,,,Baltimore Ravens,0,0
57,7,42,Jameson Williams,WR,Detroit Lions,HDJDHDJDJSK,Sam Darnold,Seattle Seahawks,0,,,Washington Commanders,0,0
57,6,43,Deebo Samuel,WR,Washington Commanders,SHAGNASTYB,Brock Purdy,San Francisco 49ers,0,,,Detroit Lions,1,1
57,5,44,D.J. Moore,WR,Chicago Bears,EZ116,Drake Maye,New England Patriots,0,,,New York Giants,0,0
57,4,45,Caleb Williams,QB,Chicago Bears,STEADY314,Caleb Williams,Chicago Bears,1,1,1,New York Giants,0,0
57,3,46,Rachaad White,RB,Tampa Bay Buccaneers,KREAR72,Marcus Mariota,Washington Commanders,0,,,New England Patriots,1,1
57,2,47,Khalil Shakir,WR,Buffalo Bills,KRUTCHES93,Jaxson Dart,New York Giants,0,,,Miami Dolphins,0,0
57,1,48,Jared Goff,QB,Detroit Lions,D4VE,Jared Goff,Detroit Lions,1,1,1,Washington Commanders,0,0
57,1,49,TreVeyon Henderson,RB,New England Patriots,D4VE,Jared Goff,Detroit Lions,0,,,Tampa Bay Buccaneers,1,1
57,2,50,Dalton Kincaid,TE,Buffalo Bills,KRUTCHES93,Jaxson Dart,New York Giants,0,,,Miami Dolphins,0,0
57,3,51,Marcus Mariota,QB,Washington Commanders,KREAR72,Marcus Mariota,Washington Commanders,1,1,1,Detroit Lions,1,1
57,4,52,Colston Loveland,TE,Chicago Bears,STEADY314,Caleb Williams,Chicago Bears,1,,,New York Giants,0,0
57,5,53,Hunter Henry,TE,New England Patriots,EZ116,Drake Maye,New England Patriots,1,,,Tampa Bay Buccaneers,0,0
57,6,54,Darius Slayton,WR,New York Giants,SHAGNASTYB,Brock Purdy,San Francisco 49ers,0,,,Chicago Bears,1,1
57,7,55,Sam Darnold,QB,Seattle Seahawks,HDJDHDJDJSK,Sam Darnold,Seattle Seahawks,1,1,1,Arizona Cardinals,0,0
57,8,56,Theo Johnson,TE,New York Giants,CFIORITO94,Josh Allen,Buffalo Bills,0,,,Chicago Bears,0,0
57,9,57,Mark Andrews,TE,Baltimore Ravens,INGELX,J.J. McCarthy,Minnesota Vikings,0,,,Minnesota Vikings,1,1
57,10,58,Cade Otton,TE,Tampa Bay Buccaneers,SCHMOE,Baker Mayfield,Tampa Bay Buccaneers,1,,,New England Patriots,0,0
57,11,59,Tyrone Tracy,RB,New York Giants,MIKEC6212,Matthew Stafford,Los Angeles Rams,0,,,Chicago Bears,0,0
57,12,60,Harold Fannin,TE,Cleveland Browns,SPORTSCONN,Lamar Jackson,Baltimore Ravens,0,,,New York Jets,0,0
57,12,61,Parker Washington,WR,Jacksonville Jaguars,SPORTSCONN,Lamar Jackson,Baltimore Ravens,0,,,Houston Texans,0,0
57,11,62,Matthew Stafford,QB,Los Angeles Rams,MIKEC6212,Matthew Stafford,Los Angeles Rams,1,0,0,San Francisco 49ers,1,1
57,10,63,Brian Thomas,WR,Jacksonville Jaguars,SCHMOE,Baker Mayfield,Tampa Bay Buccaneers,0,,,Houston Texans,0,0
57,9,64,J.J. McCarthy,QB,Minnesota Vikings,INGELX,J.J. McCarthy,Minnesota Vikings,1,0,0,Baltimore Ravens,1,1
57,8,65,DeMario Douglas,WR,New England Patriots,CFIORITO94,Josh Allen,Buffalo Bills,0,,,Tampa Bay Buccaneers,1,1
57,7,66,Juwan Johnson,TE,New Orleans Saints,HDJDHDJDJSK,Sam Darnold,Seattle Seahawks,0,,,Carolina Panthers,0,0
57,6,67,Brock Purdy,QB,San Francisco 49ers,SHAGNASTYB,Brock Purdy,San Francisco 49ers,1,1,1,Los Angeles Rams,0,0
57,5,68,Rhamondre Stevenson,RB,New England Patriots,EZ116,Drake Maye,New England Patriots,1,,,Tampa Bay Buccaneers,0,0
57,4,69,Alvin Kamara,RB,New Orleans Saints,STEADY314,Caleb Williams,Chicago Bears,0,,,Carolina Panthers,0,0
57,3,70,Zach Ertz,TE,Washington Commanders,KREAR72,Marcus Mariota,Washington Commanders,1,,,Detroit Lions,1,1
57,2,71,Woody Marks,RB,Houston Texans,KRUTCHES93,Jaxson Dart,New York Giants,0,,,Jacksonville Jaguars,0,0
57,1,72,Chris Godwin,WR,Tampa Bay Buccaneers,D4VE,Jared Goff,Detroit Lions,0,,,New England Patriots,1,1
58,1,1,Christian McCaffrey,RB,San Francisco 49ers,BOOBYM1LES,Jared Goff,Detroit Lions,0,,,Los Angeles Rams,0,0
58,2,2,De'Von Achane,RB,Miami Dolphins,HARDBALLER22,Drake Maye,New England Patriots,0,,,Buffalo Bills,0,0
58,3,3,Jahmyr Gibbs,RB,Detroit Lions,OHVA216,Caleb Williams,Chicago Bears,0,,,Washington Commanders,0,0
58,4,4,Jaxon Smith-Njigba,WR,Seattle Seahawks,____,Sam Darnold,Seattle Seahawks,1,,,Arizona Cardinals,0,0
58,5,5,James Cook,RB,Buffalo Bills,STEADY314,Jaxson Dart,New York Giants,0,,,Miami Dolphins,0,0
58,6,6,Rico Dowdle,RB,Carolina Panthers,HDJDHDJDJSK,Baker Mayfield,Tampa Bay Buccaneers,0,,,New Orleans Saints,1,1
58,7,7,Puka Nacua,WR,Los Angeles Rams,MIKEC6212,Josh Allen,Buffalo Bills,0,,,San Francisco 49ers,1,1
58,8,8,Amon-Ra St. Brown,WR,Detroit Lions,SCHMOE,Lamar Jackson,Baltimore Ravens,0,,,Washington Commanders,0,0
58,9,9,Kyren Williams,RB,Los Angeles Rams,KRUTCHES93,Marcus Mariota,Washington Commanders,0,,,San Francisco 49ers,0,0
58,10,10,Derrick Henry,RB,Baltimore Ravens,MATHOLOGY,Matthew Stafford,Los Angeles Rams,0,,,Minnesota Vikings,1,1
58,11,11,Trey McBride,TE,Arizona Cardinals,INGELX,Jacoby Brissett,Arizona Cardinals,1,,,Seattle Seahawks,0,0
58,12,12,Justin Jefferson,WR,Minnesota Vikings,LEE121503,J.J. McCarthy,Minnesota Vikings,1,,,Baltimore Ravens,0,0
58,12,13,Quinshon Judkins,RB,Cleveland Browns,LEE121503,J.J. McCarthy,Minnesota Vikings,0,,,New York Jets,0,0
58,11,14,Emeka Egbuka,WR,Tampa Bay Buccaneers,INGELX,Jacoby Brissett,Arizona Cardinals,0,,,New England Patriots,0,0
58,10,15,Davante Adams,WR,Los Angeles Rams,MATHOLOGY,Matthew Stafford,Los Angeles Rams,1,,,San Francisco 49ers,0,0
58,9,16,Breece Hall,RB,New York Jets,KRUTCHES93,Marcus Mariota,Washington Commanders,0,,,Cleveland Browns,0,0
58,8,17,Lamar Jackson,QB,Baltimore Ravens,SCHMOE,Lamar Jackson,Baltimore Ravens,1,0,0,Minnesota Vikings,1,1
58,7,18,Josh Allen,QB,Buffalo Bills,MIKEC6212,Josh Allen,Buffalo Bills,1,0,0,Miami Dolphins,0,0
58,6,19,Nico Collins,WR,Houston Texans,HDJDHDJDJSK,Baker Mayfield,Tampa Bay Buccaneers,0,,,Jacksonville Jaguars,0,0
58,5,20,Jaxson Dart,QB,New York Giants,STEADY314,Jaxson Dart,New York Giants,1,1,1,Chicago Bears,1,1
58,4,21,George Kittle,TE,San Francisco 49ers,____,Sam Darnold,Seattle Seahawks,0,,,Los Angeles Rams,0,0
58,3,22,Zay Flowers,WR,Baltimore Ravens,OHVA216,Caleb Williams,Chicago Bears,0,,,Minnesota Vikings,0,0
58,2,23,Drake Maye,QB,New England Patriots,HARDBALLER22,Drake Maye,New England Patriots,1,2,1,Tampa Bay Buccaneers,0,0
58,1,24,Sam LaPorta,TE,Detroit Lions,BOOBYM1LES,Jared Goff,Detroit Lions,1,,,Washington Commanders,0,0
58,1,25,Rachaad White,RB,Tampa Bay Buccaneers,BOOBYM1LES,Jared Goff,Detroit Lions,0,,,New England Patriots,0,0
58,2,26,Stefon Diggs,WR,New England Patriots,HARDBALLER22,Drake Maye,New England Patriots,1,,,Tampa Bay Buccaneers,0,0
58,3,27,Rome Odunze,WR,Chicago Bears,OHVA216,Caleb Williams,Chicago Bears,1,,,New York Giants,1,1
58,4,28,Jaylen Waddle,WR,Miami Dolphins,____,Sam Darnold,Seattle Seahawks,0,,,Buffalo Bills,0,0
58,5,29,Chris Olave,WR,New Orleans Saints,STEADY314,Jaxson Dart,New York Giants,0,,,Carolina Panthers,0,0
58,6,30,Kenneth Walker III,RB,Seattle Seahawks,HDJDHDJDJSK,Baker Mayfield,Tampa Bay Buccaneers,0,,,Arizona Cardinals,0,0
58,7,31,D'Andre Swift,RB,Chicago Bears,MIKEC6212,Josh Allen,Buffalo Bills,0,,,New York Giants,0,0
58,8,32,Travis Etienne Jr.,RB,Jacksonville Jaguars,SCHMOE,Lamar Jackson,Baltimore Ravens,0,,,Houston Texans,0,0
58,9,33,Deebo Samuel,WR,Washington Commanders,KRUTCHES93,Marcus Mariota,Washington Commanders,1,,,Detroit Lions,1,1
58,10,34,Garrett Wilson,WR,New York Jets,MATHOLOGY,Matthew Stafford,Los Angeles Rams,0,,,Cleveland Browns,0,0
58,11,35,Tetairoa McMillan,WR,Carolina Panthers,INGELX,Jacoby Brissett,Arizona Cardinals,0,,,New Orleans Saints,0,0
58,12,36,Kyle Monangai,RB,Chicago Bears,LEE121503,J.J. McCarthy,Minnesota Vikings,0,,,New York Giants,0,0
58,12,37,Marvin Harrison,WR,Arizona Cardinals,LEE121503,J.J. McCarthy,Minnesota Vikings,0,,,Seattle Seahawks,0,0
58,11,38,Wan'Dale Robinson,WR,New York Giants,INGELX,Jacoby Brissett,Arizona Cardinals,0,,,Chicago Bears,0,0
58,10,39,Jordan Addison,WR,Minnesota Vikings,MATHOLOGY,Matthew Stafford,Los Angeles Rams,0,,,Baltimore Ravens,1,1
58,9,40,Jameson Williams,WR,Detroit Lions,KRUTCHES93,Marcus Mariota,Washington Commanders,0,,,Washington Commanders,2,1
58,8,41,Khalil Shakir,WR,Buffalo Bills,SCHMOE,Lamar Jackson,Baltimore Ravens,0,,,Miami Dolphins,0,0
58,7,42,Jauan Jennings,WR,San Francisco 49ers,MIKEC6212,Josh Allen,Buffalo Bills,0,,,Los Angeles Rams,1,1
58,6,43,Baker Mayfield,QB,Tampa Bay Buccaneers,HDJDHDJDJSK,Baker Mayfield,Tampa Bay Buccaneers,1,0,0,New England Patriots,0,0
58,5,44,D.J. Moore,WR,Chicago Bears,STEADY314,Jaxson Dart,New York Giants,0,,,New York Giants,2,1
58,4,45,David Montgomery,RB,Detroit Lions,____,Sam Darnold,Seattle Seahawks,0,,,Washington Commanders,0,0
58,3,46,Caleb Williams,QB,Chicago Bears,OHVA216,Caleb Williams,Chicago Bears,1,1,1,New York Giants,1,1
58,2,47,Mark Andrews,TE,Baltimore Ravens,HARDBALLER22,Drake Maye,New England Patriots,0,,,Minnesota Vikings,0,0
58,1,48,Jared Goff,QB,Detroit Lions,BOOBYM1LES,Jared Goff,Detroit Lions,1,1,1,Washington Commanders,0,0
58,1,49,Chris Godwin,WR,Tampa Bay Buccaneers,BOOBYM1LES,Jared Goff,Detroit Lions,0,,,New England Patriots,0,0
58,2,50,TreVeyon Henderson,RB,New England Patriots,HARDBALLER22,Drake Maye,New England Patriots,1,,,Tampa Bay Buccaneers,0,0
58,3,51,Tyrone Tracy,RB,New York Giants,OHVA216,Caleb Williams,Chicago Bears,0,,,Chicago Bears,2,1
58,4,52,Sam Darnold,QB,Seattle Seahawks,____,Sam Darnold,Seattle Seahawks,1,1,1,Arizona Cardinals,0,0
58,5,53,Theo Johnson,TE,New York Giants,STEADY314,Jaxson Dart,New York Giants,1,,,Chicago Bears,1,1
58,6,54,Darius Slayton,WR,New York Giants,HDJDHDJDJSK,Baker Mayfield,Tampa Bay Buccaneers,0,,,Chicago Bears,0,0
58,7,55,Colston Loveland,TE,Chicago Bears,MIKEC6212,Josh Allen,Buffalo Bills,0,,,New York Giants,0,0
58,8,56,Jordan Mason,RB,Minnesota Vikings,SCHMOE,Lamar Jackson,Baltimore Ravens,0,,,Baltimore Ravens,1,1
58,9,57,Dalton Kincaid,TE,Buffalo Bills,KRUTCHES93,Marcus Mariota,Washington Commanders,0,,,Miami Dolphins,0,0
58,10,58,Matthew Stafford,QB,Los Angeles Rams,MATHOLOGY,Matthew Stafford,Los Angeles Rams,1,1,1,San Francisco 49ers,0,0
58,11,59,Jacoby Brissett,QB,Arizona Cardinals,INGELX,Jacoby Brissett,Arizona Cardinals,1,1,1,Seattle Seahawks,0,0
58,12,60,Zach Ertz,TE,Washington Commanders,LEE121503,J.J. McCarthy,Minnesota Vikings,0,,,Detroit Lions,0,0
58,12,61,J.J. McCarthy,QB,Minnesota Vikings,LEE121503,J.J. McCarthy,Minnesota Vikings,1,1,1,Baltimore Ravens,0,0
58,11,62,Bucky Irving,RB,Tampa Bay Buccaneers,INGELX,Jacoby Brissett,Arizona Cardinals,0,,,New England Patriots,0,0
58,10,63,Hunter Henry,TE,New England Patriots,MATHOLOGY,Matthew Stafford,Los Angeles Rams,0,,,Tampa Bay Buccaneers,0,0
58,9,64,Marcus Mariota,QB,Washington Commanders,KRUTCHES93,Marcus Mariota,Washington Commanders,1,1,1,Detroit Lions,1,1
58,8,65,Harold Fannin,TE,Cleveland Browns,SCHMOE,Lamar Jackson,Baltimore Ravens,0,,,New York Jets,0,0
58,7,66,Aaron Jones,RB,Minnesota Vikings,MIKEC6212,Josh Allen,Buffalo Bills,0,,,Baltimore Ravens,0,0
58,6,67,Juwan Johnson,TE,New Orleans Saints,HDJDHDJDJSK,Baker Mayfield,Tampa Bay Buccaneers,0,,,Carolina Panthers,1,1
58,5,68,DeMario Douglas,WR,New England Patriots,STEADY314,Jaxson Dart,New York Giants,0,,,Tampa Bay Buccaneers,0,0
58,4,69,Brian Thomas,WR,Jacksonville Jaguars,____,Sam Darnold,Seattle Seahawks,0,,,Houston Texans,0,0
58,3,70,Dalton Schultz,TE,Houston Texans,OHVA216,Caleb Williams,Chicago Bears,0,,,Jacksonville Jaguars,0,0
58,2,71,Parker Washington,WR,Jacksonville Jaguars,HARDBALLER22,Drake Maye,New England Patriots,0,,,Houston Texans,0,0
58,1,72,DeAndre Hopkins,WR,Baltimore Ravens,BOOBYM1LES,Jared Goff,Detroit Lions,0,,,Minnesota Vikings,0,0
59,1,1,Christian McCaffrey,RB,San Francisco 49ers,INGELX,Jaxson Dart,New York Giants,0,,,Los Angeles Rams,0,0
59,2,2,Jahmyr Gibbs,RB,Detroit Lions,LEE121503,Jared Goff,Detroit Lions,1,,,Washington Commanders,1,1
59,3,3,De'Von Achane,RB,Miami Dolphins,D4VE,Caleb Williams,Chicago Bears,0,,,Buffalo Bills,0,0
59,4,4,Jaxon Smith-Njigba,WR,Seattle Seahawks,SCHWEC03,Marcus Mariota,Washington Commanders,0,,,Arizona Cardinals,0,0
59,5,5,Rico Dowdle,RB,Carolina Panthers,MIKEC6212,Brock Purdy,San Francisco 49ers,0,,,New Orleans Saints,0,0
59,6,6,James Cook,RB,Buffalo Bills,SICKODANK,Sam Darnold,Seattle Seahawks,0,,,Miami Dolphins,0,0
59,7,7,Josh Allen,QB,Buffalo Bills,MARIOSOLAR,Josh Allen,Buffalo Bills,1,1,1,Miami Dolphins,1,1
59,8,8,Puka Nacua,WR,Los Angeles Rams,KRUTCHES93,Matthew Stafford,Los Angeles Rams,1,,,San Francisco 49ers,0,0
59,9,9,Amon-Ra St. Brown,WR,Detroit Lions,KINGSCHUSTER,Drake Maye,New England Patriots,0,,,Washington Commanders,0,0
59,10,10,Derrick Henry,RB,Baltimore Ravens,STEADY314,Jacoby Brissett,Arizona Cardinals,0,,,Minnesota Vikings,0,0
59,11,11,Justin Jefferson,WR,Minnesota Vikings,BOOBYM1LES,Baker Mayfield,Tampa Bay Buccaneers,0,,,Baltimore Ravens,0,0
59,12,12,Lamar Jackson,QB,Baltimore Ravens,SPORTSCONN,Lamar Jackson,Baltimore Ravens,1,2,1,Minnesota Vikings,1,1
59,12,13,Quinshon Judkins,RB,Cleveland Browns,SPORTSCONN,Lamar Jackson,Baltimore Ravens,0,,,New York Jets,0,0
59,11,14,Davante Adams,WR,Los Angeles Rams,BOOBYM1LES,Baker Mayfield,Tampa Bay Buccaneers,0,,,San Francisco 49ers,0,0
59,10,15,Kyren Williams,RB,Los Angeles Rams,STEADY314,Jacoby Brissett,Arizona Cardinals,0,,,San Francisco 49ers,0,0
59,9,16,Trey McBride,TE,Arizona Cardinals,KINGSCHUSTER,Drake Maye,New England Patriots,0,,,Seattle Seahawks,0,0
59,8,17,Emeka Egbuka,WR,Tampa Bay Buccaneers,KRUTCHES93,Matthew Stafford,Los Angeles Rams,0,,,New England Patriots,0,0
59,7,18,Jaylen Waddle,WR,Miami Dolphins,MARIOSOLAR,Josh Allen,Buffalo Bills,0,,,Buffalo Bills,2,1
59,6,19,Zay Flowers,WR,Baltimore Ravens,SICKODANK,Sam Darnold,Seattle Seahawks,0,,,Minnesota Vikings,0,0
59,5,20,George Kittle,TE,San Francisco 49ers,MIKEC6212,Brock Purdy,San Francisco 49ers,1,,,Los Angeles Rams,0,0
59,4,21,Nico Collins,WR,Houston Texans,SCHWEC03,Marcus Mariota,Washington Commanders,0,,,Jacksonville Jaguars,0,0
59,3,22,Breece Hall,RB,New York Jets,D4VE,Caleb Williams,Chicago Bears,0,,,Cleveland Browns,0,0
59,2,23,Sam LaPorta,TE,Detroit Lions,LEE121503,Jared Goff,Detroit Lions,1,,,Washington Commanders,1,1
59,1,24,Jaxson Dart,QB,New York Giants,INGELX,Jaxson Dart,New York Giants,1,1,1,Chicago Bears,1,1
59,1,25,Rachaad White,RB,Tampa Bay Buccaneers,INGELX,Jaxson Dart,New York Giants,0,,,New England Patriots,0,0
59,2,26,Deebo Samuel,WR,Washington Commanders,LEE121503,Jared Goff,Detroit Lions,0,,,Detroit Lions,4,1
59,3,27,Rome Odunze,WR,Chicago Bears,D4VE,Caleb Williams,Chicago Bears,1,,,New York Giants,1,1
59,4,28,D'Andre Swift,RB,Chicago Bears,SCHWEC03,Marcus Mariota,Washington Commanders,0,,,New York Giants,0,0
59,5,29,Stefon Diggs,WR,New England Patriots,MIKEC6212,Brock Purdy,San Francisco 49ers,0,,,Tampa Bay Buccaneers,0,0
59,6,30,Chris Olave,WR,New Orleans Saints,SICKODANK,Sam Darnold,Seattle Seahawks,0,,,Carolina Panthers,0,0
59,7,31,Kenneth Walker III,RB,Seattle Seahawks,MARIOSOLAR,Josh Allen,Buffalo Bills,0,,,Arizona Cardinals,0,0
59,8,32,Garrett Wilson,WR,New York Jets,KRUTCHES93,Matthew Stafford,Los Angeles Rams,0,,,Cleveland Browns,1,1
59,9,33,Drake Maye,QB,New England Patriots,KINGSCHUSTER,Drake Maye,New England Patriots,1,0,0,Tampa Bay Buccaneers,0,0
59,10,34,Marvin Harrison,WR,Arizona Cardinals,STEADY314,Jacoby Brissett,Arizona Cardinals,1,,,Seattle Seahawks,0,0
59,11,35,Kyle Monangai,RB,Chicago Bears,BOOBYM1LES,Baker Mayfield,Tampa Bay Buccaneers,0,,,New York Giants,1,1
59,12,36,Tetairoa McMillan,WR,Carolina Panthers,SPORTSCONN,Lamar Jackson,Baltimore Ravens,0,,,New Orleans Saints,0,0
59,12,37,Jordan Addison,WR,Minnesota Vikings,SPORTSCONN,Lamar Jackson,Baltimore Ravens,0,,,Baltimore Ravens,3,1
59,11,38,Baker Mayfield,QB,Tampa Bay Buccaneers,BOOBYM1LES,Baker Mayfield,Tampa Bay Buccaneers,1,1,1,New England Patriots,0,0
59,10,39,Dalton Kincaid,TE,Buffalo Bills,STEADY314,Jacoby Brissett,Arizona Cardinals,0,,,Miami Dolphins,0,0
59,9,40,Travis Etienne Jr.,RB,Jacksonville Jaguars,KINGSCHUSTER,Drake Maye,New England Patriots,0,,,Houston Texans,1,1
59,8,41,Bucky Irving,RB,Tampa Bay Buccaneers,KRUTCHES93,Matthew Stafford,Los Angeles Rams,0,,,New England Patriots,0,0
59,7,42,Khalil Shakir,WR,Buffalo Bills,MARIOSOLAR,Josh Allen,Buffalo Bills,1,,,Miami Dolphins,1,1
59,6,43,Sam Darnold,QB,Seattle Seahawks,SICKODANK,Sam Darnold,Seattle Seahawks,1,1,1,Arizona Cardinals,0,0
59,5,44,David Montgomery,RB,Detroit Lions,MIKEC6212,Brock Purdy,San Francisco 49ers,0,,,Washington Commanders,0,0
59,4,45,TreVeyon Henderson,RB,New England Patriots,SCHWEC03,Marcus Mariota,Washington Commanders,0,,,Tampa Bay Buccaneers,0,0
59,3,46,Wan'Dale Robinson,WR,New York Giants,D4VE,Caleb Williams,Chicago Bears,0,,,Chicago Bears,3,1
59,2,47,Jameson Williams,WR,Detroit Lions,LEE121503,Jared Goff,Detroit Lions,1,,,Washington Commanders,1,1
59,1,48,D.J. Moore,WR,Chicago Bears,INGELX,Jaxson Dart,New York Giants,0,,,New York Giants,2,1
59,1,49,Theo Johnson,TE,New York Giants,INGELX,Jaxson Dart,New York Giants,1,,,Chicago Bears,1,1
59,2,50,Jared Goff,QB,Detroit Lions,LEE121503,Jared Goff,Detroit Lions,1,3,1,Washington Commanders,1,1
59,3,51,Caleb Williams,QB,Chicago Bears,D4VE,Caleb Williams,Chicago Bears,1,2,1,New York Giants,1,1
59,4,52,Hunter Henry,TE,New England Patriots,SCHWEC03,Marcus Mariota,Washington Commanders,0,,,Tampa Bay Buccaneers,0,0
59,5,53,Jauan Jennings,WR,San Francisco 49ers,MIKEC6212,Brock Purdy,San Francisco 49ers,1,,,Los Angeles Rams,0,0
59,6,54,AJ Barner,TE,Seattle Seahawks,SICKODANK,Sam Darnold,Seattle Seahawks,1,,,Arizona Cardinals,0,0
59,7,55,Zach Ertz,TE,Washington Commanders,MARIOSOLAR,Josh Allen,Buffalo Bills,0,,,Detroit Lions,0,0
59,8,56,Matthew Stafford,QB,Los Angeles Rams,KRUTCHES93,Matthew Stafford,Los Angeles Rams,1,1,1,San Francisco 49ers,0,0
59,9,57,Woody Marks,RB,Houston Texans,KINGSCHUSTER,Drake Maye,New England Patriots,0,,,Jacksonville Jaguars,2,1
59,10,58,Jerry Jeudy,WR,Cleveland Browns,STEADY314,Jacoby Brissett,Arizona Cardinals,0,,,New York Jets,0,0
59,11,59,Cade Otton,TE,Tampa Bay Buccaneers,BOOBYM1LES,Baker Mayfield,Tampa Bay Buccaneers,1,,,New England Patriots,0,0
59,12,60,Mark Andrews,TE,Baltimore Ravens,SPORTSCONN,Lamar Jackson,Baltimore Ravens,1,,,Minnesota Vikings,1,1
59,12,61,Isaiah Likely,TE,Baltimore Ravens,SPORTSCONN,Lamar Jackson,Baltimore Ravens,1,,,Minnesota Vikings,1,1
59,11,62,Darius Slayton,WR,New York Giants,BOOBYM1LES,Baker Mayfield,Tampa Bay Buccaneers,0,,,Chicago Bears,1,1
59,10,63,Jacoby Brissett,QB,Arizona Cardinals,STEADY314,Jacoby Brissett,Arizona Cardinals,1,1,1,Seattle Seahawks,0,0
59,9,64,Brian Thomas,WR,Jacksonville Jaguars,KINGSCHUSTER,Drake Maye,New England Patriots,0,,,Houston Texans,1,1
59,8,65,Harold Fannin,TE,Cleveland Browns,KRUTCHES93,Matthew Stafford,Los Angeles Rams,0,,,New York Jets,1,1
59,7,66,Tyrone Tracy,RB,New York Giants,MARIOSOLAR,Josh Allen,Buffalo Bills,0,,,Chicago Bears,0,0
59,6,67,Parker Washington,WR,Jacksonville Jaguars,SICKODANK,Sam Darnold,Seattle Seahawks,0,,,Houston Texans,0,0
59,5,68,Brock Purdy,QB,San Francisco 49ers,MIKEC6212,Brock Purdy,San Francisco 49ers,1,2,1,Los Angeles Rams,0,0
59,4,69,Marcus Mariota,QB,Washington Commanders,SCHWEC03,Marcus Mariota,Washington Commanders,1,0,0,Detroit Lions,0,0
59,3,70,Colston Loveland,TE,Chicago Bears,D4VE,Caleb Williams,Chicago Bears,1,,,New York Giants,1,1
59,2,71,Aaron Jones,RB,Minnesota Vikings,LEE121503,Jared Goff,Detroit Lions,0,,,Baltimore Ravens,0,0
59,1,72,DeAndre Hopkins,WR,Baltimore Ravens,INGELX,Jaxson Dart,New York Giants,0,,,Minnesota Vikings,0,0