Draft,Team,Pick,Player,Position,NFL_Team,User,Fantasy QB,QB Team,Stacked,DBL Stack,QB Stack,Opponent,Double Run,Runback,ETR Timing,
1,1,1,Jahmyr Gibbs,RB,Detroit Lions,PATRICKBARN,Lamar Jackson,Baltimore Ravens,0,,,New York Giants,0,0,Pre-ETR,1.png
1,2,2,Jonathan Taylor,RB,Indianapolis Colts,CGEEEEEE,Joe Flacco,Cincinnati Bengals,0,,,Kansas City Chiefs,0,0,Pre-ETR,1.png
1,3,3,Bijan Robinson,RB,Atlanta Falcons,JASTA29,Jalen Hurts,Philadelphia Eagles,0,,,New Orleans Saints,0,0,Pre-ETR,1.png
1,4,4,Jaxon Smith-Njigba,WR,Seattle Seahawks,GFORGUMBY,Sam Darnold,Seattle Seahawks,1,,,Tennessee Titans,0,0,Pre-ETR,1.png
1,5,5,Saquon Barkley,RB,Philadelphia Eagles,VOGEYBERRA8,Drake Maye,New England Patriots,0,,,Dallas Cowboys,1,1,Pre-ETR,1.png
1,6,6,CeeDee Lamb,WR,Dallas Cowboys,LEE121503,Jared Goff,Detroit Lions,0,,,Philadelphia Eagles,0,0,Pre-ETR,1.png
1,7,7,Amon-Ra St. Brown,WR,Detroit Lions,SCHWEC03,Patrick Mahomes,Kansas City Chiefs,0,,,New York Giants,0,0,Pre-ETR,1.png
1,8,8,Javonte Williams,RB,Dallas Cowboys,CHADCANDLES,Dak Prescott,Dallas Cowboys,1,,,Philadelphia Eagles,1,1,Pre-ETR,1.png
1,9,9,Derrick Henry,RB,Baltimore Ravens,KRUTCHES93,Jaxson Dart,New York Giants,0,,,New York Jets,0,0,Pre-ETR,1.png
1,10,10,Trey McBride,TE,Arizona Cardinals,NEZ,Daniel Jones,Indianapolis Colts,0,,,Jacksonville Jaguars,0,0,Pre-ETR,1.png
1,11,11,Ja'Marr Chase,WR,Cincinnati Bengals,EGGERS3,Jacoby Brissett,Arizona Cardinals,0,,,New England Patriots,0,0,Pre-ETR,1.png
1,12,12,TreVeyon Henderson,RB,New England Patriots,BUSTERSBOYS,Caleb Williams,Chicago Bears,0,,,Cincinnati Bengals,0,0,Pre-ETR,1.png
1,12,13,Rashee Rice,WR,Kansas City Chiefs,BUSTERSBOYS,Caleb Williams,Chicago Bears,0,,,Indianapolis Colts,0,0,Pre-ETR,1.png
1,11,14,Travis Etienne Jr.,RB,Jacksonville Jaguars,EGGERS3,Jacoby Brissett,Arizona Cardinals,0,,,Arizona Cardinals,2,1,Pre-ETR,1.png
1,10,15,Jaylen Warren,RB,Pittsburgh Steelers,NEZ,Daniel Jones,Indianapolis Colts,0,,,Chicago Bears,0,0,Pre-ETR,1.png
1,9,16,Brock Bowers,TE,Las Vegas Raiders,KRUTCHES93,Jaxson Dart,New York Giants,0,,,Cleveland Browns,0,0,Pre-ETR,1.png
1,8,17,A.J. Brown,WR,Philadelphia Eagles,CHADCANDLES,Dak Prescott,Dallas Cowboys,0,,,Dallas Cowboys,3,1,Pre-ETR,1.png
1,7,18,Ashton Jeanty,RB,Las Vegas Raiders,SCHWEC03,Patrick Mahomes,Kansas City Chiefs,0,,,Cleveland Browns,0,0,Pre-ETR,1.png
1,6,19,Quinshon Judkins,RB,Cleveland Browns,LEE121503,Jared Goff,Detroit Lions,0,,,Las Vegas Raiders,0,0,Pre-ETR,1.png
1,5,20,Chase Brown,RB,Cincinnati Bengals,VOGEYBERRA8,Drake Maye,New England Patriots,0,,,New England Patriots,1,1,Pre-ETR,1.png
1,4,21,Breece Hall,RB,New York Jets,GFORGUMBY,Sam Darnold,Seattle Seahawks,0,,,Baltimore Ravens,0,0,Pre-ETR,1.png
1,3,22,Jalen Hurts,QB,Philadelphia Eagles,JASTA29,Jalen Hurts,Philadelphia Eagles,1,1,1,Dallas Cowboys,0,0,Pre-ETR,1.png
1,2,23,Stefon Diggs,WR,New England Patriots,CGEEEEEE,Joe Flacco,Cincinnati Bengals,0,,,Cincinnati Bengals,1,1,Pre-ETR,1.png
1,1,24,Lamar Jackson,QB,Baltimore Ravens,PATRICKBARN,Lamar Jackson,Baltimore Ravens,1,0,0,New York Jets,0,0,Pre-ETR,1.png
1,1,25,Chris Olave,WR,New Orleans Saints,PATRICKBARN,Lamar Jackson,Baltimore Ravens,0,,,Atlanta Falcons,2,1,Pre-ETR,1.png
1,2,26,Tyler Warren,TE,Indianapolis Colts,CGEEEEEE,Joe Flacco,Cincinnati Bengals,0,,,Kansas City Chiefs,0,0,Pre-ETR,1.png
1,3,27,DeVonta Smith,WR,Philadelphia Eagles,JASTA29,Jalen Hurts,Philadelphia Eagles,1,,,Dallas Cowboys,0,0,Pre-ETR,1.png
1,4,28,Justin Jefferson,WR,Minnesota Vikings,GFORGUMBY,Sam Darnold,Seattle Seahawks,0,,,Green Bay Packers,0,0,Pre-ETR,1.png
1,5,29,Drake Maye,QB,New England Patriots,VOGEYBERRA8,Drake Maye,New England Patriots,1,0,0,Cincinnati Bengals,1,1,Pre-ETR,1.png
1,6,30,Tee Higgins,WR,Cincinnati Bengals,LEE121503,Jared Goff,Detroit Lions,0,,,New England Patriots,0,0,Pre-ETR,1.png
1,7,31,Patrick Mahomes,QB,Kansas City Chiefs,SCHWEC03,Patrick Mahomes,Kansas City Chiefs,1,1,1,Indianapolis Colts,0,0,Pre-ETR,1.png
1,8,32,George Pickens,WR,Dallas Cowboys,CHADCANDLES,Dak Prescott,Dallas Cowboys,1,,,Philadelphia Eagles,1,1,Pre-ETR,1.png
1,9,33,Jameson Williams,WR,Detroit Lions,KRUTCHES93,Jaxson Dart,New York Giants,0,,,New York Giants,1,1,Pre-ETR,1.png
1,10,34,Zay Flowers,WR,Baltimore Ravens,NEZ,Daniel Jones,Indianapolis Colts,0,,,New York Jets,0,0,Pre-ETR,1.png
1,11,35,Travis Kelce,TE,Kansas City Chiefs,EGGERS3,Jacoby Brissett,Arizona Cardinals,0,,,Indianapolis Colts,1,1,Pre-ETR,1.png
1,12,36,Rome Odunze,WR,Chicago Bears,BUSTERSBOYS,Caleb Williams,Chicago Bears,1,,,Pittsburgh Steelers,0,0,Pre-ETR,1.png
1,12,37,D'Andre Swift,RB,Chicago Bears,BUSTERSBOYS,Caleb Williams,Chicago Bears,1,,,Pittsburgh Steelers,0,0,Pre-ETR,1.png
1,11,38,Jacoby Brissett,QB,Arizona Cardinals,EGGERS3,Jacoby Brissett,Arizona Cardinals,1,1,1,Jacksonville Jaguars,1,1,Pre-ETR,1.png
1,10,39,Daniel Jones,QB,Indianapolis Colts,NEZ,Daniel Jones,Indianapolis Colts,1,1,1,Kansas City Chiefs,0,0,Pre-ETR,1.png
1,9,40,Jaxson Dart,QB,New York Giants,KRUTCHES93,Jaxson Dart,New York Giants,1,0,0,Detroit Lions,1,1,Pre-ETR,1.png
1,8,41,Dak Prescott,QB,Dallas Cowboys,CHADCANDLES,Dak Prescott,Dallas Cowboys,1,2,1,Philadelphia Eagles,1,1,Pre-ETR,1.png
1,7,42,Xavier Worthy,WR,Kansas City Chiefs,SCHWEC03,Patrick Mahomes,Kansas City Chiefs,1,,,Indianapolis Colts,0,0,Pre-ETR,1.png
1,6,43,Jared Goff,QB,Detroit Lions,LEE121503,Jared Goff,Detroit Lions,1,0,0,New York Giants,0,0,Pre-ETR,1.png
1,5,44,DK Metcalf,WR,Pittsburgh Steelers,VOGEYBERRA8,Drake Maye,New England Patriots,0,,,Chicago Bears,0,0,Pre-ETR,1.png
1,4,45,Hunter Henry,TE,New England Patriots,GFORGUMBY,Sam Darnold,Seattle Seahawks,0,,,Cincinnati Bengals,0,0,Pre-ETR,1.png
1,3,46,Aaron Jones,RB,Minnesota Vikings,JASTA29,Jalen Hurts,Philadelphia Eagles,0,,,Green Bay Packers,0,0,Pre-ETR,1.png
1,2,47,David Montgomery,RB,Detroit Lions,CGEEEEEE,Joe Flacco,Cincinnati Bengals,0,,,New York Giants,0,0,Pre-ETR,1.png
1,1,48,Kyle Pitts,TE,Atlanta Falcons,PATRICKBARN,Lamar Jackson,Baltimore Ravens,0,,,New Orleans Saints,1,1,Pre-ETR,1.png
1,1,49,Kenneth Walker III,RB,Seattle Seahawks,PATRICKBARN,Lamar Jackson,Baltimore Ravens,0,,,Tennessee Titans,0,0,Pre-ETR,1.png
1,2,50,Marvin Harrison,WR,Arizona Cardinals,CGEEEEEE,Joe Flacco,Cincinnati Bengals,0,,,Jacksonville Jaguars,0,0,Pre-ETR,1.png
1,3,51,Wan'Dale Robinson,WR,New York Giants,JASTA29,Jalen Hurts,Philadelphia Eagles,0,,,Detroit Lions,0,0,Pre-ETR,1.png
1,4,52,Sam Darnold,QB,Seattle Seahawks,GFORGUMBY,Sam Darnold,Seattle Seahawks,1,1,1,Tennessee Titans,0,0,Pre-ETR,1.png
1,5,53,Brian Thomas,WR,Jacksonville Jaguars,VOGEYBERRA8,Drake Maye,New England Patriots,0,,,Arizona Cardinals,0,0,Pre-ETR,1.png
1,6,54,Juwan Johnson,TE,New Orleans Saints,LEE121503,Jared Goff,Detroit Lions,0,,,Atlanta Falcons,0,0,Pre-ETR,1.png
1,7,55,Dallas Goedert,TE,Philadelphia Eagles,SCHWEC03,Patrick Mahomes,Kansas City Chiefs,0,,,Dallas Cowboys,0,0,Pre-ETR,1.png
1,8,56,Emanuel Wilson,RB,Green Bay Packers,CHADCANDLES,Dak Prescott,Dallas Cowboys,0,,,Minnesota Vikings,0,0,Pre-ETR,1.png
1,9,57,Josh Jacobs,RB,Green Bay Packers,KRUTCHES93,Jaxson Dart,New York Giants,0,,,Minnesota Vikings,1,1,Pre-ETR,1.png
1,10,58,Alec Pierce,WR,Indianapolis Colts,NEZ,Daniel Jones,Indianapolis Colts,1,,,Kansas City Chiefs,0,0,Pre-ETR,1.png
1,11,59,Michael Pittman Jr.,WR,Indianapolis Colts,EGGERS3,Jacoby Brissett,Arizona Cardinals,0,,,Kansas City Chiefs,1,1,Pre-ETR,1.png
1,12,60,Caleb Williams,QB,Chicago Bears,BUSTERSBOYS,Caleb Williams,Chicago Bears,1,3,1,Pittsburgh Steelers,0,0,Pre-ETR,1.png
1,12,61,Colston Loveland,TE,Chicago Bears,BUSTERSBOYS,Caleb Williams,Chicago Bears,1,,,Pittsburgh Steelers,0,0,Pre-ETR,1.png
1,11,62,Michael Wilson,WR,Arizona Cardinals,EGGERS3,Jacoby Brissett,Arizona Cardinals,1,,,Jacksonville Jaguars,1,1,Pre-ETR,1.png
1,10,63,Tyrone Tracy,RB,New York Giants,NEZ,Daniel Jones,Indianapolis Colts,0,,,Detroit Lions,0,0,Pre-ETR,1.png
1,9,64,Jordan Addison,WR,Minnesota Vikings,KRUTCHES93,Jaxson Dart,New York Giants,0,,,Green Bay Packers,1,1,Pre-ETR,1.png
1,8,65,Mark Andrews,TE,Baltimore Ravens,CHADCANDLES,Dak Prescott,Dallas Cowboys,0,,,New York Jets,0,0,Pre-ETR,1.png
1,7,66,Alvin Kamara,RB,New Orleans Saints,SCHWEC03,Patrick Mahomes,Kansas City Chiefs,0,,,Atlanta Falcons,0,0,Pre-ETR,1.png
1,6,67,Kenneth Gainwell,RB,Pittsburgh Steelers,LEE121503,Jared Goff,Detroit Lions,0,,,Chicago Bears,0,0,Pre-ETR,1.png
1,5,68,Jake Ferguson,TE,Dallas Cowboys,VOGEYBERRA8,Drake Maye,New England Patriots,0,,,Philadelphia Eagles,1,1,Pre-ETR,1.png
1,4,69,Bam Knight,RB,Arizona Cardinals,GFORGUMBY,Sam Darnold,Seattle Seahawks,0,,,Jacksonville Jaguars,0,0,Pre-ETR,1.png
1,3,70,Theo Johnson,TE,New York Giants,JASTA29,Jalen Hurts,Philadelphia Eagles,0,,,Detroit Lions,0,0,Pre-ETR,1.png
1,2,71,Joe Flacco,QB,Cincinnati Bengals,CGEEEEEE,Joe Flacco,Cincinnati Bengals,1,0,0,New England Patriots,1,1,Pre-ETR,1.png
1,1,72,Darnell Mooney,WR,Atlanta Falcons,PATRICKBARN,Lamar Jackson,Baltimore Ravens,0,,,New Orleans Saints,1,1,Pre-ETR,1.png
2,1,1,Jonathan Taylor,RB,Indianapolis Colts,BOTOWN,Drake Maye,New England Patriots,0,,,Kansas City Chiefs,0,0,Pre-ETR,10.png
2,2,2,Jahmyr Gibbs,RB,Detroit Lions,MATHOLOGY,Lamar Jackson,Baltimore Ravens,0,,,New York Giants,0,0,Pre-ETR,10.png
2,3,3,Jaxon Smith-Njigba,WR,Seattle Seahawks,CUTCUTLER,Sam Darnold,Seattle Seahawks,1,,,Tennessee Titans,0,0,Pre-ETR,10.png
2,4,4,Bijan Robinson,RB,Atlanta Falcons,PATMOORE967,Dak Prescott,Dallas Cowboys,0,,,New Orleans Saints,0,0,Pre-ETR,10.png
2,5,5,Saquon Barkley,RB,Philadelphia Eagles,CGEEEEEE,Jaxson Dart,New York Giants,0,,,Dallas Cowboys,0,0,Pre-ETR,10.png
2,6,6,Amon-Ra St. Brown,WR,Detroit Lions,BUSTERSBOYS,Jared Goff,Detroit Lions,1,,,New York Giants,1,1,Pre-ETR,10.png
2,7,7,Derrick Henry,RB,Baltimore Ravens,KRUTCHES93,Jalen Hurts,Philadelphia Eagles,0,,,New York Jets,1,1,Pre-ETR,10.png
2,8,8,Trey McBride,TE,Arizona Cardinals,FFLINX,Jacoby Brissett,Arizona Cardinals,1,,,Jacksonville Jaguars,0,0,Pre-ETR,10.png
2,9,9,CeeDee Lamb,WR,Dallas Cowboys,DRAPP,Daniel Jones,Indianapolis Colts,0,,,Philadelphia Eagles,0,0,Pre-ETR,10.png
2,10,10,Rashee Rice,WR,Kansas City Chiefs,GPNGC,Trevor Lawrence,Jacksonville Jaguars,0,,,Indianapolis Colts,0,0,Pre-ETR,10.png
2,11,11,Javonte Williams,RB,Dallas Cowboys,D4VE,Patrick Mahomes,Kansas City Chiefs,0,,,Philadelphia Eagles,0,0,Pre-ETR,10.png
2,12,12,Ja'Marr Chase,WR,Cincinnati Bengals,RIPSEWELL,Joe Flacco,Cincinnati Bengals,1,,,New England Patriots,0,0,Pre-ETR,10.png
2,12,13,Travis Etienne Jr.,RB,Jacksonville Jaguars,RIPSEWELL,Joe Flacco,Cincinnati Bengals,0,,,Arizona Cardinals,0,0,Pre-ETR,10.png
2,11,14,Brock Bowers,TE,Las Vegas Raiders,D4VE,Patrick Mahomes,Kansas City Chiefs,0,,,Cleveland Browns,0,0,Pre-ETR,10.png
2,10,15,A.J. Brown,WR,Philadelphia Eagles,GPNGC,Trevor Lawrence,Jacksonville Jaguars,0,,,Dallas Cowboys,1,1,Pre-ETR,10.png
2,9,16,TreVeyon Henderson,RB,New England Patriots,DRAPP,Daniel Jones,Indianapolis Colts,0,,,Cincinnati Bengals,0,0,Pre-ETR,10.png
2,8,17,Chris Olave,WR,New Orleans Saints,FFLINX,Jacoby Brissett,Arizona Cardinals,0,,,Atlanta Falcons,0,0,Pre-ETR,10.png
2,7,18,Jalen Hurts,QB,Philadelphia Eagles,KRUTCHES93,Jalen Hurts,Philadelphia Eagles,1,0,0,Dallas Cowboys,0,0,Pre-ETR,10.png
2,6,19,Quinshon Judkins,RB,Cleveland Browns,BUSTERSBOYS,Jared Goff,Detroit Lions,0,,,Las Vegas Raiders,0,0,Pre-ETR,10.png
2,5,20,Justin Jefferson,WR,Minnesota Vikings,CGEEEEEE,Jaxson Dart,New York Giants,0,,,Green Bay Packers,0,0,Pre-ETR,10.png
2,4,21,Ashton Jeanty,RB,Las Vegas Raiders,PATMOORE967,Dak Prescott,Dallas Cowboys,0,,,Cleveland Browns,1,1,Pre-ETR,10.png
2,3,22,Stefon Diggs,WR,New England Patriots,CUTCUTLER,Sam Darnold,Seattle Seahawks,0,,,Cincinnati Bengals,0,0,Pre-ETR,10.png
2,2,23,Tyler Warren,TE,Indianapolis Colts,MATHOLOGY,Lamar Jackson,Baltimore Ravens,0,,,Kansas City Chiefs,0,0,Pre-ETR,10.png
2,1,24,Drake Maye,QB,New England Patriots,BOTOWN,Drake Maye,New England Patriots,1,0,0,Cincinnati Bengals,0,0,Pre-ETR,10.png
2,1,25,DeVonta Smith,WR,Philadelphia Eagles,BOTOWN,Drake Maye,New England Patriots,0,,,Dallas Cowboys,0,0,Pre-ETR,10.png
2,2,26,Lamar Jackson,QB,Baltimore Ravens,MATHOLOGY,Lamar Jackson,Baltimore Ravens,1,0,0,New York Jets,0,0,Pre-ETR,10.png
2,3,27,Travis Kelce,TE,Kansas City Chiefs,CUTCUTLER,Sam Darnold,Seattle Seahawks,0,,,Indianapolis Colts,0,0,Pre-ETR,10.png
2,4,28,George Pickens,WR,Dallas Cowboys,PATMOORE967,Dak Prescott,Dallas Cowboys,1,,,Philadelphia Eagles,0,0,Pre-ETR,10.png
2,5,29,Jameson Williams,WR,Detroit Lions,CGEEEEEE,Jaxson Dart,New York Giants,0,,,New York Giants,1,1,Pre-ETR,10.png
2,6,30,Tee Higgins,WR,Cincinnati Bengals,BUSTERSBOYS,Jared Goff,Detroit Lions,0,,,New England Patriots,0,0,Pre-ETR,10.png
2,7,31,Breece Hall,RB,New York Jets,KRUTCHES93,Jalen Hurts,Philadelphia Eagles,0,,,Baltimore Ravens,1,1,Pre-ETR,10.png
2,8,32,Chase Brown,RB,Cincinnati Bengals,FFLINX,Jacoby Brissett,Arizona Cardinals,0,,,New England Patriots,0,0,Pre-ETR,10.png
2,9,33,DK Metcalf,WR,Pittsburgh Steelers,DRAPP,Daniel Jones,Indianapolis Colts,0,,,Chicago Bears,0,0,Pre-ETR,10.png
2,10,34,Zay Flowers,WR,Baltimore Ravens,GPNGC,Trevor Lawrence,Jacksonville Jaguars,0,,,New York Jets,0,0,Pre-ETR,10.png
2,11,35,Patrick Mahomes,QB,Kansas City Chiefs,D4VE,Patrick Mahomes,Kansas City Chiefs,1,0,0,Indianapolis Colts,0,0,Pre-ETR,10.png
2,12,36,Josh Jacobs,RB,Green Bay Packers,RIPSEWELL,Joe Flacco,Cincinnati Bengals,0,,,Minnesota Vikings,0,0,Pre-ETR,10.png
2,12,37,Xavier Worthy,WR,Kansas City Chiefs,RIPSEWELL,Joe Flacco,Cincinnati Bengals,0,,,Indianapolis Colts,0,0,Pre-ETR,10.png
2,11,38,Jaylen Warren,RB,Pittsburgh Steelers,D4VE,Patrick Mahomes,Kansas City Chiefs,0,,,Chicago Bears,0,0,Pre-ETR,10.png
2,10,39,D'Andre Swift,RB,Chicago Bears,GPNGC,Trevor Lawrence,Jacksonville Jaguars,0,,,Pittsburgh Steelers,0,0,Pre-ETR,10.png
2,9,40,Aaron Jones,RB,Minnesota Vikings,DRAPP,Daniel Jones,Indianapolis Colts,0,,,Green Bay Packers,0,0,Pre-ETR,10.png
2,8,41,Michael Wilson,WR,Arizona Cardinals,FFLINX,Jacoby Brissett,Arizona Cardinals,1,,,Jacksonville Jaguars,0,0,Pre-ETR,10.png
2,7,42,Hunter Henry,TE,New England Patriots,KRUTCHES93,Jalen Hurts,Philadelphia Eagles,0,,,Cincinnati Bengals,0,0,Pre-ETR,10.png
2,6,43,Jared Goff,QB,Detroit Lions,BUSTERSBOYS,Jared Goff,Detroit Lions,1,2,1,New York Giants,1,1,Pre-ETR,10.png
2,5,44,Jaxson Dart,QB,New York Giants,CGEEEEEE,Jaxson Dart,New York Giants,1,0,0,Detroit Lions,1,1,Pre-ETR,10.png
2,4,45,Rome Odunze,WR,Chicago Bears,PATMOORE967,Dak Prescott,Dallas Cowboys,0,,,Pittsburgh Steelers,0,0,Pre-ETR,10.png
2,3,46,Sam Darnold,QB,Seattle Seahawks,CUTCUTLER,Sam Darnold,Seattle Seahawks,1,1,1,Tennessee Titans,0,0,Pre-ETR,10.png
2,2,47,Alvin Kamara,RB,New Orleans Saints,MATHOLOGY,Lamar Jackson,Baltimore Ravens,0,,,Atlanta Falcons,0,0,Pre-ETR,10.png
2,1,48,Dallas Goedert,TE,Philadelphia Eagles,BOTOWN,Drake Maye,New England Patriots,0,,,Dallas Cowboys,0,0,Pre-ETR,10.png
2,1,49,Michael Pittman Jr.,WR,Indianapolis Colts,BOTOWN,Drake Maye,New England Patriots,0,,,Kansas City Chiefs,0,0,Pre-ETR,10.png
2,2,50,Brian Thomas,WR,Jacksonville Jaguars,MATHOLOGY,Lamar Jackson,Baltimore Ravens,0,,,Arizona Cardinals,0,0,Pre-ETR,10.png
2,3,51,Kenneth Gainwell,RB,Pittsburgh Steelers,CUTCUTLER,Sam Darnold,Seattle Seahawks,0,,,Chicago Bears,0,0,Pre-ETR,10.png
2,4,52,Dak Prescott,QB,Dallas Cowboys,PATMOORE967,Dak Prescott,Dallas Cowboys,1,1,1,Philadelphia Eagles,0,0,Pre-ETR,10.png
2,5,53,Juwan Johnson,TE,New Orleans Saints,CGEEEEEE,Jaxson Dart,New York Giants,0,,,Atlanta Falcons,0,0,Pre-ETR,10.png
2,6,54,David Montgomery,RB,Detroit Lions,BUSTERSBOYS,Jared Goff,Detroit Lions,1,,,New York Giants,1,1,Pre-ETR,10.png
2,7,55,Jordan Addison,WR,Minnesota Vikings,KRUTCHES93,Jalen Hurts,Philadelphia Eagles,0,,,Green Bay Packers,1,1,Pre-ETR,10.png
2,8,56,Jacoby Brissett,QB,Arizona Cardinals,FFLINX,Jacoby Brissett,Arizona Cardinals,1,2,1,Jacksonville Jaguars,0,0,Pre-ETR,10.png
2,9,57,Kyle Pitts,TE,Atlanta Falcons,DRAPP,Daniel Jones,Indianapolis Colts,0,,,New Orleans Saints,0,0,Pre-ETR,10.png
2,10,58,Trevor Lawrence,QB,Jacksonville Jaguars,GPNGC,Trevor Lawrence,Jacksonville Jaguars,1,0,0,Arizona Cardinals,0,0,Pre-ETR,10.png
2,11,59,Wan'Dale Robinson,WR,New York Giants,D4VE,Patrick Mahomes,Kansas City Chiefs,0,,,Detroit Lions,0,0,Pre-ETR,10.png
2,12,60,Mark Andrews,TE,Baltimore Ravens,RIPSEWELL,Joe Flacco,Cincinnati Bengals,0,,,New York Jets,0,0,Pre-ETR,10.png
2,12,61,Joe Flacco,QB,Cincinnati Bengals,RIPSEWELL,Joe Flacco,Cincinnati Bengals,1,1,1,New England Patriots,0,0,Pre-ETR,10.png
2,11,62,Darnell Mooney,WR,Atlanta Falcons,D4VE,Patrick Mahomes,Kansas City Chiefs,0,,,New Orleans Saints,0,0,Pre-ETR,10.png
2,10,63,Jake Ferguson,TE,Dallas Cowboys,GPNGC,Trevor Lawrence,Jacksonville Jaguars,0,,,Philadelphia Eagles,1,1,Pre-ETR,10.png
2,9,64,Daniel Jones,QB,Indianapolis Colts,DRAPP,Daniel Jones,Indianapolis Colts,1,0,0,Kansas City Chiefs,0,0,Pre-ETR,10.png
2,8,65,Emanuel Wilson,RB,Green Bay Packers,FFLINX,Jacoby Brissett,Arizona Cardinals,0,,,Minnesota Vikings,0,0,Pre-ETR,10.png
2,7,66,Romeo Doubs,WR,Green Bay Packers,KRUTCHES93,Jalen Hurts,Philadelphia Eagles,0,,,Minnesota Vikings,1,1,Pre-ETR,10.png
2,6,67,Theo Johnson,TE,New York Giants,BUSTERSBOYS,Jared Goff,Detroit Lions,0,,,Detroit Lions,3,1,Pre-ETR,10.png
2,5,68,Alec Pierce,WR,Indianapolis Colts,CGEEEEEE,Jaxson Dart,New York Giants,0,,,Kansas City Chiefs,0,0,Pre-ETR,10.png
2,4,69,Harold Fannin,TE,Cleveland Browns,PATMOORE967,Dak Prescott,Dallas Cowboys,0,,,Las Vegas Raiders,1,1,Pre-ETR,10.png
2,3,70,Rhamondre Stevenson,RB,New England Patriots,CUTCUTLER,Sam Darnold,Seattle Seahawks,0,,,Cincinnati Bengals,0,0,Pre-ETR,10.png
2,2,71,Christian Watson,WR,Green Bay Packers,MATHOLOGY,Lamar Jackson,Baltimore Ravens,0,,,Minnesota Vikings,0,0,Pre-ETR,10.png
2,1,72,Jakobi Meyers,WR,Jacksonville Jaguars,BOTOWN,Drake Maye,New England Patriots,0,,,Arizona Cardinals,0,0,Pre-ETR,10.png
3,1,1,Jonathan Taylor,RB,Indianapolis Colts,ASAPTUNA,Patrick Mahomes,Kansas City Chiefs,0,,,Kansas City Chiefs,1,1,Pre-ETR,11.png
3,2,2,Jahmyr Gibbs,RB,Detroit Lions,GPNGC,Sam Darnold,Seattle Seahawks,0,,,New York Giants,0,0,Pre-ETR,11.png
3,3,3,Bijan Robinson,RB,Atlanta Falcons,BKSTYLE34,Lamar Jackson,Baltimore Ravens,0,,,New Orleans Saints,0,0,Pre-ETR,11.png
3,4,4,Jaxon Smith-Njigba,WR,Seattle Seahawks,BUSTERSBOYS,Jared Goff,Detroit Lions,0,,,Tennessee Titans,0,0,Pre-ETR,11.png
3,5,5,Saquon Barkley,RB,Philadelphia Eagles,KRUTCHES93,Daniel Jones,Indianapolis Colts,0,,,Dallas Cowboys,1,1,Pre-ETR,11.png
3,6,6,Derrick Henry,RB,Baltimore Ravens,KCPOLACK,Jacoby Brissett,Arizona Cardinals,0,,,New York Jets,0,0,Pre-ETR,11.png
3,7,7,CeeDee Lamb,WR,Dallas Cowboys,JGFC,Dak Prescott,Dallas Cowboys,1,,,Philadelphia Eagles,0,0,Pre-ETR,11.png
3,8,8,Amon-Ra St. Brown,WR,Detroit Lions,DRAPP,Caleb Williams,Chicago Bears,0,,,New York Giants,0,0,Pre-ETR,11.png
3,9,9,Trey McBride,TE,Arizona Cardinals,JTBINEGAR2,Trevor Lawrence,Jacksonville Jaguars,0,,,Jacksonville Jaguars,2,1,Pre-ETR,11.png
3,10,10,Jalen Hurts,QB,Philadelphia Eagles,PATRICKBARN,Jalen Hurts,Philadelphia Eagles,1,1,1,Dallas Cowboys,0,0,Pre-ETR,11.png
3,11,11,Rashee Rice,WR,Kansas City Chiefs,D4VE,Jaxson Dart,New York Giants,0,,,Indianapolis Colts,0,0,Pre-ETR,11.png
3,12,12,Ja'Marr Chase,WR,Cincinnati Bengals,CUTCUTLER,Drake Maye,New England Patriots,0,,,New England Patriots,2,1,Pre-ETR,11.png
3,12,13,Drake Maye,QB,New England Patriots,CUTCUTLER,Drake Maye,New England Patriots,1,1,1,Cincinnati Bengals,1,1,Pre-ETR,11.png
3,11,14,Javonte Williams,RB,Dallas Cowboys,D4VE,Jaxson Dart,New York Giants,0,,,Philadelphia Eagles,0,0,Pre-ETR,11.png
3,10,15,A.J. Brown,WR,Philadelphia Eagles,PATRICKBARN,Jalen Hurts,Philadelphia Eagles,1,,,Dallas Cowboys,0,0,Pre-ETR,11.png
3,9,16,Chris Olave,WR,New Orleans Saints,JTBINEGAR2,Trevor Lawrence,Jacksonville Jaguars,0,,,Atlanta Falcons,0,0,Pre-ETR,11.png
3,8,17,Travis Etienne Jr.,RB,Jacksonville Jaguars,DRAPP,Caleb Williams,Chicago Bears,0,,,Arizona Cardinals,0,0,Pre-ETR,11.png
3,7,18,Brock Bowers,TE,Las Vegas Raiders,JGFC,Dak Prescott,Dallas Cowboys,0,,,Cleveland Browns,0,0,Pre-ETR,11.png
3,6,19,Tee Higgins,WR,Cincinnati Bengals,KCPOLACK,Jacoby Brissett,Arizona Cardinals,0,,,New England Patriots,1,1,Pre-ETR,11.png
3,5,20,TreVeyon Henderson,RB,New England Patriots,KRUTCHES93,Daniel Jones,Indianapolis Colts,0,,,Cincinnati Bengals,0,0,Pre-ETR,11.png
3,4,21,Quinshon Judkins,RB,Cleveland Browns,BUSTERSBOYS,Jared Goff,Detroit Lions,0,,,Las Vegas Raiders,0,0,Pre-ETR,11.png
3,3,22,Lamar Jackson,QB,Baltimore Ravens,BKSTYLE34,Lamar Jackson,Baltimore Ravens,1,0,0,New York Jets,0,0,Pre-ETR,11.png
3,2,23,DeVonta Smith,WR,Philadelphia Eagles,GPNGC,Sam Darnold,Seattle Seahawks,0,,,Dallas Cowboys,0,0,Pre-ETR,11.png
3,1,24,Patrick Mahomes,QB,Kansas City Chiefs,ASAPTUNA,Patrick Mahomes,Kansas City Chiefs,1,0,0,Indianapolis Colts,1,1,Pre-ETR,11.png
3,1,25,Justin Jefferson,WR,Minnesota Vikings,ASAPTUNA,Patrick Mahomes,Kansas City Chiefs,0,,,Green Bay Packers,0,0,Pre-ETR,11.png
3,2,26,Jameson Williams,WR,Detroit Lions,GPNGC,Sam Darnold,Seattle Seahawks,0,,,New York Giants,0,0,Pre-ETR,11.png
3,3,27,Stefon Diggs,WR,New England Patriots,BKSTYLE34,Lamar Jackson,Baltimore Ravens,0,,,Cincinnati Bengals,0,0,Pre-ETR,11.png
3,4,28,Tyler Warren,TE,Indianapolis Colts,BUSTERSBOYS,Jared Goff,Detroit Lions,0,,,Kansas City Chiefs,0,0,Pre-ETR,11.png
3,5,29,George Pickens,WR,Dallas Cowboys,KRUTCHES93,Daniel Jones,Indianapolis Colts,0,,,Philadelphia Eagles,1,1,Pre-ETR,11.png
3,6,30,Hunter Henry,TE,New England Patriots,KCPOLACK,Jacoby Brissett,Arizona Cardinals,0,,,Cincinnati Bengals,1,1,Pre-ETR,11.png
3,7,31,Dak Prescott,QB,Dallas Cowboys,JGFC,Dak Prescott,Dallas Cowboys,1,1,1,Philadelphia Eagles,0,0,Pre-ETR,11.png
3,8,32,Ashton Jeanty,RB,Las Vegas Raiders,DRAPP,Caleb Williams,Chicago Bears,0,,,Cleveland Browns,0,0,Pre-ETR,11.png
3,9,33,Chase Brown,RB,Cincinnati Bengals,JTBINEGAR2,Trevor Lawrence,Jacksonville Jaguars,0,,,New England Patriots,0,0,Pre-ETR,11.png
3,10,34,Zay Flowers,WR,Baltimore Ravens,PATRICKBARN,Jalen Hurts,Philadelphia Eagles,0,,,New York Jets,0,0,Pre-ETR,11.png
3,11,35,Jaxson Dart,QB,New York Giants,D4VE,Jaxson Dart,New York Giants,1,1,1,Detroit Lions,0,0,Pre-ETR,11.png
3,12,36,Travis Kelce,TE,Kansas City Chiefs,CUTCUTLER,Drake Maye,New England Patriots,0,,,Indianapolis Colts,0,0,Pre-ETR,11.png
3,12,37,Rome Odunze,WR,Chicago Bears,CUTCUTLER,Drake Maye,New England Patriots,0,,,Pittsburgh Steelers,1,1,Pre-ETR,11.png
3,11,38,Jaylen Warren,RB,Pittsburgh Steelers,D4VE,Jaxson Dart,New York Giants,0,,,Chicago Bears,0,0,Pre-ETR,11.png
3,10,39,Emanuel Wilson,RB,Green Bay Packers,PATRICKBARN,Jalen Hurts,Philadelphia Eagles,0,,,Minnesota Vikings,0,0,Pre-ETR,11.png
3,9,40,D'Andre Swift,RB,Chicago Bears,JTBINEGAR2,Trevor Lawrence,Jacksonville Jaguars,0,,,Pittsburgh Steelers,0,0,Pre-ETR,11.png
3,8,41,DK Metcalf,WR,Pittsburgh Steelers,DRAPP,Caleb Williams,Chicago Bears,0,,,Chicago Bears,1,1,Pre-ETR,11.png
3,7,42,Breece Hall,RB,New York Jets,JGFC,Dak Prescott,Dallas Cowboys,0,,,Baltimore Ravens,0,0,Pre-ETR,11.png
3,6,43,David Montgomery,RB,Detroit Lions,KCPOLACK,Jacoby Brissett,Arizona Cardinals,0,,,New York Giants,0,0,Pre-ETR,11.png
3,5,44,Michael Pittman Jr.,WR,Indianapolis Colts,KRUTCHES93,Daniel Jones,Indianapolis Colts,1,,,Kansas City Chiefs,0,0,Pre-ETR,11.png
3,4,45,Jared Goff,QB,Detroit Lions,BUSTERSBOYS,Jared Goff,Detroit Lions,1,0,0,New York Giants,0,0,Pre-ETR,11.png
3,3,46,Xavier Worthy,WR,Kansas City Chiefs,BKSTYLE34,Lamar Jackson,Baltimore Ravens,0,,,Indianapolis Colts,0,0,Pre-ETR,11.png
3,2,47,Alvin Kamara,RB,New Orleans Saints,GPNGC,Sam Darnold,Seattle Seahawks,0,,,Atlanta Falcons,1,1,Pre-ETR,11.png
3,1,48,Kenneth Walker III,RB,Seattle Seahawks,ASAPTUNA,Patrick Mahomes,Kansas City Chiefs,0,,,Tennessee Titans,0,0,Pre-ETR,11.png
3,1,49,Juwan Johnson,TE,New Orleans Saints,ASAPTUNA,Patrick Mahomes,Kansas City Chiefs,0,,,Atlanta Falcons,1,1,Pre-ETR,11.png
3,2,50,Kyle Pitts,TE,Atlanta Falcons,GPNGC,Sam Darnold,Seattle Seahawks,0,,,New Orleans Saints,1,1,Pre-ETR,11.png
3,3,51,Dallas Goedert,TE,Philadelphia Eagles,BKSTYLE34,Lamar Jackson,Baltimore Ravens,0,,,Dallas Cowboys,0,0,Pre-ETR,11.png
3,4,52,Aaron Jones,RB,Minnesota Vikings,BUSTERSBOYS,Jared Goff,Detroit Lions,0,,,Green Bay Packers,1,1,Pre-ETR,11.png
3,5,53,Daniel Jones,QB,Indianapolis Colts,KRUTCHES93,Daniel Jones,Indianapolis Colts,1,1,1,Kansas City Chiefs,0,0,Pre-ETR,11.png
3,6,54,Jacoby Brissett,QB,Arizona Cardinals,KCPOLACK,Jacoby Brissett,Arizona Cardinals,1,1,1,Jacksonville Jaguars,0,0,Pre-ETR,11.png
3,7,55,Rhamondre Stevenson,RB,New England Patriots,JGFC,Dak Prescott,Dallas Cowboys,0,,,Cincinnati Bengals,0,0,Pre-ETR,11.png
3,8,56,Jake Ferguson,TE,Dallas Cowboys,DRAPP,Caleb Williams,Chicago Bears,0,,,Philadelphia Eagles,0,0,Pre-ETR,11.png
3,9,57,Brian Thomas,WR,Jacksonville Jaguars,JTBINEGAR2,Trevor Lawrence,Jacksonville Jaguars,1,,,Arizona Cardinals,1,1,Pre-ETR,11.png
3,10,58,Wan'Dale Robinson,WR,New York Giants,PATRICKBARN,Jalen Hurts,Philadelphia Eagles,0,,,Detroit Lions,0,0,Pre-ETR,11.png
3,11,59,Darius Slayton,WR,New York Giants,D4VE,Jaxson Dart,New York Giants,1,,,Detroit Lions,0,0,Pre-ETR,11.png
3,12,60,Kenneth Gainwell,RB,Pittsburgh Steelers,CUTCUTLER,Drake Maye,New England Patriots,0,,,Chicago Bears,1,1,Pre-ETR,11.png
3,12,61,Mack Hollins,WR,New England Patriots,CUTCUTLER,Drake Maye,New England Patriots,1,,,Cincinnati Bengals,1,1,Pre-ETR,11.png
3,11,62,Mark Andrews,TE,Baltimore Ravens,D4VE,Jaxson Dart,New York Giants,0,,,New York Jets,0,0,Pre-ETR,11.png
3,10,63,Brenton Strange,TE,Jacksonville Jaguars,PATRICKBARN,Jalen Hurts,Philadelphia Eagles,0,,,Arizona Cardinals,0,0,Pre-ETR,11.png
3,9,64,Trevor Lawrence,QB,Jacksonville Jaguars,JTBINEGAR2,Trevor Lawrence,Jacksonville Jaguars,1,1,1,Arizona Cardinals,1,1,Pre-ETR,11.png
3,8,65,Caleb Williams,QB,Chicago Bears,DRAPP,Caleb Williams,Chicago Bears,1,0,0,Pittsburgh Steelers,1,1,Pre-ETR,11.png
3,7,66,Marvin Harrison,WR,Arizona Cardinals,JGFC,Dak Prescott,Dallas Cowboys,0,,,Jacksonville Jaguars,0,0,Pre-ETR,11.png
3,6,67,Michael Wilson,WR,Arizona Cardinals,KCPOLACK,Jacoby Brissett,Arizona Cardinals,1,,,Jacksonville Jaguars,0,0,Pre-ETR,11.png
3,5,68,Theo Johnson,TE,New York Giants,KRUTCHES93,Daniel Jones,Indianapolis Colts,0,,,Detroit Lions,0,0,Pre-ETR,11.png
3,4,69,Romeo Doubs,WR,Green Bay Packers,BUSTERSBOYS,Jared Goff,Detroit Lions,0,,,Minnesota Vikings,1,1,Pre-ETR,11.png
3,3,70,Jordan Addison,WR,Minnesota Vikings,BKSTYLE34,Lamar Jackson,Baltimore Ravens,0,,,Green Bay Packers,0,0,Pre-ETR,11.png
3,2,71,Sam Darnold,QB,Seattle Seahawks,GPNGC,Sam Darnold,Seattle Seahawks,1,0,0,Tennessee Titans,0,0,Pre-ETR,11.png
3,1,72,Darnell Mooney,WR,Atlanta Falcons,ASAPTUNA,Patrick Mahomes,Kansas City Chiefs,0,,,New Orleans Saints,1,1,Pre-ETR,11.png
4,1,1,Jonathan Taylor,RB,Indianapolis Colts,GFORGUMBY,Joe Flacco,Cincinnati Bengals,0,,,Kansas City Chiefs,0,0,Pre-ETR,12.png
4,2,2,Jahmyr Gibbs,RB,Detroit Lions,CGEEEEEE,Jacoby Brissett,Arizona Cardinals,0,,,New York Giants,0,0,Pre-ETR,12.png
4,3,3,Bijan Robinson,RB,Atlanta Falcons,FFLINX,Daniel Jones,Indianapolis Colts,0,,,New Orleans Saints,0,0,Pre-ETR,12.png
4,4,4,Saquon Barkley,RB,Philadelphia Eagles,KRUTCHES93,Drake Maye,New England Patriots,0,,,Dallas Cowboys,0,0,Pre-ETR,12.png
4,5,5,Jaxon Smith-Njigba,WR,Seattle Seahawks,DRAPP,Sam Darnold,Seattle Seahawks,1,,,Tennessee Titans,0,0,Pre-ETR,12.png
4,6,6,Amon-Ra St. Brown,WR,Detroit Lions,JTBINEGAR2,Jaxson Dart,New York Giants,0,,,New York Giants,1,1,Pre-ETR,12.png
4,7,7,Trey McBride,TE,Arizona Cardinals,KCPOLACK,Caleb Williams,Chicago Bears,0,,,Jacksonville Jaguars,1,1,Pre-ETR,12.png
4,8,8,Ja'Marr Chase,WR,Cincinnati Bengals,MOSIOATUNYA,Jalen Hurts,Philadelphia Eagles,0,,,New England Patriots,0,0,Pre-ETR,12.png
4,9,9,Derrick Henry,RB,Baltimore Ravens,BUSTERSBOYS,Jared Goff,Detroit Lions,0,,,New York Jets,0,0,Pre-ETR,12.png
4,10,10,TreVeyon Henderson,RB,New England Patriots,BHOKEVIN,Lamar Jackson,Baltimore Ravens,0,,,Cincinnati Bengals,0,0,Pre-ETR,12.png
4,11,11,CeeDee Lamb,WR,Dallas Cowboys,LEE121503,Dak Prescott,Dallas Cowboys,1,,,Philadelphia Eagles,0,0,Pre-ETR,12.png
4,12,12,Rashee Rice,WR,Kansas City Chiefs,D4VE,Patrick Mahomes,Kansas City Chiefs,1,,,Indianapolis Colts,0,0,Pre-ETR,12.png
4,12,13,Javonte Williams,RB,Dallas Cowboys,D4VE,Patrick Mahomes,Kansas City Chiefs,0,,,Philadelphia Eagles,1,1,Pre-ETR,12.png
4,11,14,Brock Bowers,TE,Las Vegas Raiders,LEE121503,Dak Prescott,Dallas Cowboys,0,,,Cleveland Browns,0,0,Pre-ETR,12.png
4,10,15,Lamar Jackson,QB,Baltimore Ravens,BHOKEVIN,Lamar Jackson,Baltimore Ravens,1,0,0,New York Jets,0,0,Pre-ETR,12.png
4,9,16,Quinshon Judkins,RB,Cleveland Browns,BUSTERSBOYS,Jared Goff,Detroit Lions,0,,,Las Vegas Raiders,0,0,Pre-ETR,12.png
4,8,17,Jalen Hurts,QB,Philadelphia Eagles,MOSIOATUNYA,Jalen Hurts,Philadelphia Eagles,1,1,1,Dallas Cowboys,0,0,Pre-ETR,12.png
4,7,18,Travis Etienne Jr.,RB,Jacksonville Jaguars,KCPOLACK,Caleb Williams,Chicago Bears,0,,,Arizona Cardinals,1,1,Pre-ETR,12.png
4,6,19,A.J. Brown,WR,Philadelphia Eagles,JTBINEGAR2,Jaxson Dart,New York Giants,0,,,Dallas Cowboys,1,1,Pre-ETR,12.png
4,5,20,Justin Jefferson,WR,Minnesota Vikings,DRAPP,Sam Darnold,Seattle Seahawks,0,,,Green Bay Packers,1,1,Pre-ETR,12.png
4,4,21,Drake Maye,QB,New England Patriots,KRUTCHES93,Drake Maye,New England Patriots,1,2,1,Cincinnati Bengals,0,0,Pre-ETR,12.png
4,3,22,Chase Brown,RB,Cincinnati Bengals,FFLINX,Daniel Jones,Indianapolis Colts,0,,,New England Patriots,0,0,Pre-ETR,12.png
4,2,23,Chris Olave,WR,New Orleans Saints,CGEEEEEE,Jacoby Brissett,Arizona Cardinals,0,,,Atlanta Falcons,0,0,Pre-ETR,12.png
4,1,24,Tee Higgins,WR,Cincinnati Bengals,GFORGUMBY,Joe Flacco,Cincinnati Bengals,1,,,New England Patriots,0,0,Pre-ETR,12.png
4,1,25,George Pickens,WR,Dallas Cowboys,GFORGUMBY,Joe Flacco,Cincinnati Bengals,0,,,Philadelphia Eagles,0,0,Pre-ETR,12.png
4,2,26,Tyler Warren,TE,Indianapolis Colts,CGEEEEEE,Jacoby Brissett,Arizona Cardinals,0,,,Kansas City Chiefs,0,0,Pre-ETR,12.png
4,3,27,Jameson Williams,WR,Detroit Lions,FFLINX,Daniel Jones,Indianapolis Colts,0,,,New York Giants,0,0,Pre-ETR,12.png
4,4,28,Stefon Diggs,WR,New England Patriots,KRUTCHES93,Drake Maye,New England Patriots,1,,,Cincinnati Bengals,0,0,Pre-ETR,12.png
4,5,29,Ashton Jeanty,RB,Las Vegas Raiders,DRAPP,Sam Darnold,Seattle Seahawks,0,,,Cleveland Browns,0,0,Pre-ETR,12.png
4,6,30,Jaylen Warren,RB,Pittsburgh Steelers,JTBINEGAR2,Jaxson Dart,New York Giants,0,,,Chicago Bears,0,0,Pre-ETR,12.png
4,7,31,Rome Odunze,WR,Chicago Bears,KCPOLACK,Caleb Williams,Chicago Bears,1,,,Pittsburgh Steelers,0,0,Pre-ETR,12.png
4,8,32,DeVonta Smith,WR,Philadelphia Eagles,MOSIOATUNYA,Jalen Hurts,Philadelphia Eagles,1,,,Dallas Cowboys,0,0,Pre-ETR,12.png
4,9,33,Zay Flowers,WR,Baltimore Ravens,BUSTERSBOYS,Jared Goff,Detroit Lions,0,,,New York Jets,0,0,Pre-ETR,12.png
4,10,34,Travis Kelce,TE,Kansas City Chiefs,BHOKEVIN,Lamar Jackson,Baltimore Ravens,0,,,Indianapolis Colts,0,0,Pre-ETR,12.png
4,11,35,Breece Hall,RB,New York Jets,LEE121503,Dak Prescott,Dallas Cowboys,0,,,Baltimore Ravens,0,0,Pre-ETR,12.png
4,12,36,Patrick Mahomes,QB,Kansas City Chiefs,D4VE,Patrick Mahomes,Kansas City Chiefs,1,1,1,Indianapolis Colts,0,0,Pre-ETR,12.png
4,12,37,Dallas Goedert,TE,Philadelphia Eagles,D4VE,Patrick Mahomes,Kansas City Chiefs,0,,,Dallas Cowboys,1,1,Pre-ETR,12.png
4,11,38,Dak Prescott,QB,Dallas Cowboys,LEE121503,Dak Prescott,Dallas Cowboys,1,1,1,Philadelphia Eagles,0,0,Pre-ETR,12.png
4,10,39,Kenneth Walker III,RB,Seattle Seahawks,BHOKEVIN,Lamar Jackson,Baltimore Ravens,0,,,Tennessee Titans,0,0,Pre-ETR,12.png
4,9,40,Jared Goff,QB,Detroit Lions,BUSTERSBOYS,Jared Goff,Detroit Lions,1,0,0,New York Giants,1,1,Pre-ETR,12.png
4,8,41,DK Metcalf,WR,Pittsburgh Steelers,MOSIOATUNYA,Jalen Hurts,Philadelphia Eagles,0,,,Chicago Bears,0,0,Pre-ETR,12.png
4,7,42,David Montgomery,RB,Detroit Lions,KCPOLACK,Caleb Williams,Chicago Bears,0,,,New York Giants,0,0,Pre-ETR,12.png
4,6,43,Jaxson Dart,QB,New York Giants,JTBINEGAR2,Jaxson Dart,New York Giants,1,0,0,Detroit Lions,1,1,Pre-ETR,12.png
4,5,44,Emanuel Wilson,RB,Green Bay Packers,DRAPP,Sam Darnold,Seattle Seahawks,0,,,Minnesota Vikings,1,1,Pre-ETR,12.png
4,4,45,Hunter Henry,TE,New England Patriots,KRUTCHES93,Drake Maye,New England Patriots,1,,,Cincinnati Bengals,0,0,Pre-ETR,12.png
4,3,46,Daniel Jones,QB,Indianapolis Colts,FFLINX,Daniel Jones,Indianapolis Colts,1,1,1,Kansas City Chiefs,0,0,Pre-ETR,12.png
4,2,47,Aaron Jones,RB,Minnesota Vikings,CGEEEEEE,Jacoby Brissett,Arizona Cardinals,0,,,Green Bay Packers,1,1,Pre-ETR,12.png
4,1,48,Josh Jacobs,RB,Green Bay Packers,GFORGUMBY,Joe Flacco,Cincinnati Bengals,0,,,Minnesota Vikings,0,0,Pre-ETR,12.png
4,1,49,Mark Andrews,TE,Baltimore Ravens,GFORGUMBY,Joe Flacco,Cincinnati Bengals,0,,,New York Jets,0,0,Pre-ETR,12.png
4,2,50,Jacoby Brissett,QB,Arizona Cardinals,CGEEEEEE,Jacoby Brissett,Arizona Cardinals,1,0,0,Jacksonville Jaguars,0,0,Pre-ETR,12.png
4,3,51,Michael Pittman Jr.,WR,Indianapolis Colts,FFLINX,Daniel Jones,Indianapolis Colts,1,,,Kansas City Chiefs,0,0,Pre-ETR,12.png
4,4,52,D'Andre Swift,RB,Chicago Bears,KRUTCHES93,Drake Maye,New England Patriots,0,,,Pittsburgh Steelers,0,0,Pre-ETR,12.png
4,5,53,Kyle Pitts,TE,Atlanta Falcons,DRAPP,Sam Darnold,Seattle Seahawks,0,,,New Orleans Saints,0,0,Pre-ETR,12.png
4,6,54,Jake Ferguson,TE,Dallas Cowboys,JTBINEGAR2,Jaxson Dart,New York Giants,0,,,Philadelphia Eagles,1,1,Pre-ETR,12.png
4,7,55,Caleb Williams,QB,Chicago Bears,KCPOLACK,Caleb Williams,Chicago Bears,1,1,1,Pittsburgh Steelers,0,0,Pre-ETR,12.png
4,8,56,Tyrone Tracy,RB,New York Giants,MOSIOATUNYA,Jalen Hurts,Philadelphia Eagles,0,,,Detroit Lions,0,0,Pre-ETR,12.png
4,9,57,Wan'Dale Robinson,WR,New York Giants,BUSTERSBOYS,Jared Goff,Detroit Lions,0,,,Detroit Lions,1,1,Pre-ETR,12.png
4,10,58,Xavier Worthy,WR,Kansas City Chiefs,BHOKEVIN,Lamar Jackson,Baltimore Ravens,0,,,Indianapolis Colts,0,0,Pre-ETR,12.png
4,11,59,Michael Wilson,WR,Arizona Cardinals,LEE121503,Dak Prescott,Dallas Cowboys,0,,,Jacksonville Jaguars,0,0,Pre-ETR,12.png
4,12,60,Rhamondre Stevenson,RB,New England Patriots,D4VE,Patrick Mahomes,Kansas City Chiefs,0,,,Cincinnati Bengals,0,0,Pre-ETR,12.png
4,12,61,Darnell Mooney,WR,Atlanta Falcons,D4VE,Patrick Mahomes,Kansas City Chiefs,0,,,New Orleans Saints,0,0,Pre-ETR,12.png
4,11,62,Kenneth Gainwell,RB,Pittsburgh Steelers,LEE121503,Dak Prescott,Dallas Cowboys,0,,,Chicago Bears,0,0,Pre-ETR,12.png
4,10,63,Marvin Harrison,WR,Arizona Cardinals,BHOKEVIN,Lamar Jackson,Baltimore Ravens,0,,,Jacksonville Jaguars,0,0,Pre-ETR,12.png
4,9,64,Juwan Johnson,TE,New Orleans Saints,BUSTERSBOYS,Jared Goff,Detroit Lions,0,,,Atlanta Falcons,0,0,Pre-ETR,12.png
4,8,65,Theo Johnson,TE,New York Giants,MOSIOATUNYA,Jalen Hurts,Philadelphia Eagles,0,,,Detroit Lions,0,0,Pre-ETR,12.png
4,7,66,Alec Pierce,WR,Indianapolis Colts,KCPOLACK,Caleb Williams,Chicago Bears,0,,,Kansas City Chiefs,0,0,Pre-ETR,12.png
4,6,67,Alvin Kamara,RB,New Orleans Saints,JTBINEGAR2,Jaxson Dart,New York Giants,0,,,Atlanta Falcons,0,0,Pre-ETR,12.png
4,5,68,Sam Darnold,QB,Seattle Seahawks,DRAPP,Sam Darnold,Seattle Seahawks,1,1,1,Tennessee Titans,0,0,Pre-ETR,12.png
4,4,69,Jordan Addison,WR,Minnesota Vikings,KRUTCHES93,Drake Maye,New England Patriots,0,,,Green Bay Packers,0,0,Pre-ETR,12.png
4,3,70,AJ Barner,TE,Seattle Seahawks,FFLINX,Daniel Jones,Indianapolis Colts,0,,,Tennessee Titans,0,0,Pre-ETR,12.png
4,2,71,Romeo Doubs,WR,Green Bay Packers,CGEEEEEE,Jacoby Brissett,Arizona Cardinals,0,,,Minnesota Vikings,1,1,Pre-ETR,12.png
4,1,72,Joe Flacco,QB,Cincinnati Bengals,GFORGUMBY,Joe Flacco,Cincinnati Bengals,1,1,1,New England Patriots,0,0,Pre-ETR,12.png
5,1,1,Jahmyr Gibbs,RB,Detroit Lions,MATHOLOGY,Jared Goff,Detroit Lions,1,,,New York Giants,0,0,Pre-ETR,13.png
5,2,2,Jonathan Taylor,RB,Indianapolis Colts,ICEYFFB,Jaxson Dart,New York Giants,0,,,Kansas City Chiefs,0,0,Pre-ETR,13.png
5,3,3,Bijan Robinson,RB,Atlanta Falcons,FFLINX,Jacoby Brissett,Arizona Cardinals,0,,,New Orleans Saints,0,0,Pre-ETR,13.png
5,4,4,Jaxon Smith-Njigba,WR,Seattle Seahawks,AHODANIEL,Lamar Jackson,Baltimore Ravens,0,,,Tennessee Titans,0,0,Pre-ETR,13.png
5,5,5,Jalen Hurts,QB,Philadelphia Eagles,STEADY314,Jalen Hurts,Philadelphia Eagles,1,0,0,Dallas Cowboys,1,1,Pre-ETR,13.png
5,6,6,Saquon Barkley,RB,Philadelphia Eagles,RLOZAN12,Sam Darnold,Seattle Seahawks,0,,,Dallas Cowboys,1,1,Pre-ETR,13.png
5,7,7,Amon-Ra St. Brown,WR,Detroit Lions,LEE121503,Drake Maye,New England Patriots,0,,,New York Giants,0,0,Pre-ETR,13.png
5,8,8,Trey McBride,TE,Arizona Cardinals,ARTILLERYFRO,Daniel Jones,Indianapolis Colts,0,,,Jacksonville Jaguars,0,0,Pre-ETR,13.png
5,9,9,Derrick Henry,RB,Baltimore Ravens,KRUTCHES93,Trevor Lawrence,Jacksonville Jaguars,0,,,New York Jets,0,0,Pre-ETR,13.png
5,10,10,CeeDee Lamb,WR,Dallas Cowboys,XCHEERFUL,Dak Prescott,Dallas Cowboys,1,,,Philadelphia Eagles,0,0,Pre-ETR,13.png
5,11,11,Rashee Rice,WR,Kansas City Chiefs,BUSTERSBOYS,Patrick Mahomes,Kansas City Chiefs,1,,,Indianapolis Colts,0,0,Pre-ETR,13.png
5,12,12,Travis Etienne Jr.,RB,Jacksonville Jaguars,NF42,Caleb Williams,Chicago Bears,0,,,Arizona Cardinals,0,0,Pre-ETR,13.png
5,12,13,TreVeyon Henderson,RB,New England Patriots,NF42,Caleb Williams,Chicago Bears,0,,,Cincinnati Bengals,0,0,Pre-ETR,13.png
5,11,14,Quinshon Judkins,RB,Cleveland Browns,BUSTERSBOYS,Patrick Mahomes,Kansas City Chiefs,0,,,Las Vegas Raiders,0,0,Pre-ETR,13.png
5,10,15,Tee Higgins,WR,Cincinnati Bengals,XCHEERFUL,Dak Prescott,Dallas Cowboys,0,,,New England Patriots,0,0,Pre-ETR,13.png
5,9,16,Javonte Williams,RB,Dallas Cowboys,KRUTCHES93,Trevor Lawrence,Jacksonville Jaguars,0,,,Philadelphia Eagles,0,0,Pre-ETR,13.png
5,8,17,Brock Bowers,TE,Las Vegas Raiders,ARTILLERYFRO,Daniel Jones,Indianapolis Colts,0,,,Cleveland Browns,0,0,Pre-ETR,13.png
5,7,18,Justin Jefferson,WR,Minnesota Vikings,LEE121503,Drake Maye,New England Patriots,0,,,Green Bay Packers,1,1,Pre-ETR,13.png
5,6,19,A.J. Brown,WR,Philadelphia Eagles,RLOZAN12,Sam Darnold,Seattle Seahawks,0,,,Dallas Cowboys,1,1,Pre-ETR,13.png
5,5,20,Chris Olave,WR,New Orleans Saints,STEADY314,Jalen Hurts,Philadelphia Eagles,0,,,Atlanta Falcons,0,0,Pre-ETR,13.png
5,4,21,Lamar Jackson,QB,Baltimore Ravens,AHODANIEL,Lamar Jackson,Baltimore Ravens,1,1,1,New York Jets,0,0,Pre-ETR,13.png
5,3,22,Chase Brown,RB,Cincinnati Bengals,FFLINX,Jacoby Brissett,Arizona Cardinals,0,,,New England Patriots,0,0,Pre-ETR,13.png
5,2,23,Stefon Diggs,WR,New England Patriots,ICEYFFB,Jaxson Dart,New York Giants,0,,,Cincinnati Bengals,0,0,Pre-ETR,13.png
5,1,24,Ashton Jeanty,RB,Las Vegas Raiders,MATHOLOGY,Jared Goff,Detroit Lions,0,,,Cleveland Browns,0,0,Pre-ETR,13.png
5,1,25,Jameson Williams,WR,Detroit Lions,MATHOLOGY,Jared Goff,Detroit Lions,1,,,New York Giants,0,0,Pre-ETR,13.png
5,2,26,DeVonta Smith,WR,Philadelphia Eagles,ICEYFFB,Jaxson Dart,New York Giants,0,,,Dallas Cowboys,0,0,Pre-ETR,13.png
5,3,27,Tyler Warren,TE,Indianapolis Colts,FFLINX,Jacoby Brissett,Arizona Cardinals,0,,,Kansas City Chiefs,0,0,Pre-ETR,13.png
5,4,28,Josh Jacobs,RB,Green Bay Packers,AHODANIEL,Lamar Jackson,Baltimore Ravens,0,,,Minnesota Vikings,0,0,Pre-ETR,13.png
5,5,29,Jaylen Warren,RB,Pittsburgh Steelers,STEADY314,Jalen Hurts,Philadelphia Eagles,0,,,Chicago Bears,0,0,Pre-ETR,13.png
5,6,30,George Pickens,WR,Dallas Cowboys,RLOZAN12,Sam Darnold,Seattle Seahawks,0,,,Philadelphia Eagles,3,1,Pre-ETR,13.png
5,7,31,Drake Maye,QB,New England Patriots,LEE121503,Drake Maye,New England Patriots,1,0,0,Cincinnati Bengals,0,0,Pre-ETR,13.png
5,8,32,Breece Hall,RB,New York Jets,ARTILLERYFRO,Daniel Jones,Indianapolis Colts,0,,,Baltimore Ravens,0,0,Pre-ETR,13.png
5,9,33,DK Metcalf,WR,Pittsburgh Steelers,KRUTCHES93,Trevor Lawrence,Jacksonville Jaguars,0,,,Chicago Bears,0,0,Pre-ETR,13.png
5,10,34,Travis Kelce,TE,Kansas City Chiefs,XCHEERFUL,Dak Prescott,Dallas Cowboys,0,,,Indianapolis Colts,0,0,Pre-ETR,13.png
5,11,35,Zay Flowers,WR,Baltimore Ravens,BUSTERSBOYS,Patrick Mahomes,Kansas City Chiefs,0,,,New York Jets,0,0,Pre-ETR,13.png
5,12,36,Rome Odunze,WR,Chicago Bears,NF42,Caleb Williams,Chicago Bears,1,,,Pittsburgh Steelers,0,0,Pre-ETR,13.png
5,12,37,Michael Pittman Jr.,WR,Indianapolis Colts,NF42,Caleb Williams,Chicago Bears,0,,,Kansas City Chiefs,0,0,Pre-ETR,13.png
5,11,38,Patrick Mahomes,QB,Kansas City Chiefs,BUSTERSBOYS,Patrick Mahomes,Kansas City Chiefs,1,1,1,Indianapolis Colts,0,0,Pre-ETR,13.png
5,10,39,Aaron Jones,RB,Minnesota Vikings,XCHEERFUL,Dak Prescott,Dallas Cowboys,0,,,Green Bay Packers,0,0,Pre-ETR,13.png
5,9,40,Hunter Henry,TE,New England Patriots,KRUTCHES93,Trevor Lawrence,Jacksonville Jaguars,0,,,Cincinnati Bengals,0,0,Pre-ETR,13.png
5,8,41,Xavier Worthy,WR,Kansas City Chiefs,ARTILLERYFRO,Daniel Jones,Indianapolis Colts,0,,,Indianapolis Colts,2,1,Pre-ETR,13.png
5,7,42,D'Andre Swift,RB,Chicago Bears,LEE121503,Drake Maye,New England Patriots,0,,,Pittsburgh Steelers,0,0,Pre-ETR,13.png
5,6,43,Dallas Goedert,TE,Philadelphia Eagles,RLOZAN12,Sam Darnold,Seattle Seahawks,0,,,Dallas Cowboys,1,1,Pre-ETR,13.png
5,5,44,Jake Ferguson,TE,Dallas Cowboys,STEADY314,Jalen Hurts,Philadelphia Eagles,0,,,Philadelphia Eagles,1,1,Pre-ETR,13.png
5,4,45,Rhamondre Stevenson,RB,New England Patriots,AHODANIEL,Lamar Jackson,Baltimore Ravens,0,,,Cincinnati Bengals,0,0,Pre-ETR,13.png
5,3,46,Michael Wilson,WR,Arizona Cardinals,FFLINX,Jacoby Brissett,Arizona Cardinals,1,,,Jacksonville Jaguars,0,0,Pre-ETR,13.png
5,2,47,Jaxson Dart,QB,New York Giants,ICEYFFB,Jaxson Dart,New York Giants,1,1,1,Detroit Lions,0,0,Pre-ETR,13.png
5,1,48,Jared Goff,QB,Detroit Lions,MATHOLOGY,Jared Goff,Detroit Lions,1,2,1,New York Giants,0,0,Pre-ETR,13.png
5,1,49,Juwan Johnson,TE,New Orleans Saints,MATHOLOGY,Jared Goff,Detroit Lions,0,,,Atlanta Falcons,0,0,Pre-ETR,13.png
5,2,50,Wan'Dale Robinson,WR,New York Giants,ICEYFFB,Jaxson Dart,New York Giants,1,,,Detroit Lions,0,0,Pre-ETR,13.png
5,3,51,Jacoby Brissett,QB,Arizona Cardinals,FFLINX,Jacoby Brissett,Arizona Cardinals,1,1,1,Jacksonville Jaguars,0,0,Pre-ETR,13.png
5,4,52,Marvin Harrison,WR,Arizona Cardinals,AHODANIEL,Lamar Jackson,Baltimore Ravens,0,,,Jacksonville Jaguars,0,0,Pre-ETR,13.png
5,5,53,David Montgomery,RB,Detroit Lions,STEADY314,Jalen Hurts,Philadelphia Eagles,0,,,New York Giants,0,0,Pre-ETR,13.png
5,6,54,Kenneth Gainwell,RB,Pittsburgh Steelers,RLOZAN12,Sam Darnold,Seattle Seahawks,0,,,Chicago Bears,0,0,Pre-ETR,13.png
5,7,55,Emanuel Wilson,RB,Green Bay Packers,LEE121503,Drake Maye,New England Patriots,0,,,Minnesota Vikings,1,1,Pre-ETR,13.png
5,8,56,Daniel Jones,QB,Indianapolis Colts,ARTILLERYFRO,Daniel Jones,Indianapolis Colts,1,1,1,Kansas City Chiefs,1,1,Pre-ETR,13.png
5,9,57,Trevor Lawrence,QB,Jacksonville Jaguars,KRUTCHES93,Trevor Lawrence,Jacksonville Jaguars,1,1,1,Arizona Cardinals,0,0,Pre-ETR,13.png
5,10,58,Dak Prescott,QB,Dallas Cowboys,XCHEERFUL,Dak Prescott,Dallas Cowboys,1,1,1,Philadelphia Eagles,0,0,Pre-ETR,13.png
5,11,59,Romeo Doubs,WR,Green Bay Packers,BUSTERSBOYS,Patrick Mahomes,Kansas City Chiefs,0,,,Minnesota Vikings,0,0,Pre-ETR,13.png
5,12,60,Kyle Pitts,TE,Atlanta Falcons,NF42,Caleb Williams,Chicago Bears,0,,,New Orleans Saints,0,0,Pre-ETR,13.png
5,12,61,Caleb Williams,QB,Chicago Bears,NF42,Caleb Williams,Chicago Bears,1,1,1,Pittsburgh Steelers,0,0,Pre-ETR,13.png
5,11,62,Theo Johnson,TE,New York Giants,BUSTERSBOYS,Patrick Mahomes,Kansas City Chiefs,0,,,Detroit Lions,0,0,Pre-ETR,13.png
5,10,63,Alvin Kamara,RB,New Orleans Saints,XCHEERFUL,Dak Prescott,Dallas Cowboys,0,,,Atlanta Falcons,0,0,Pre-ETR,13.png
5,9,64,Brian Thomas,WR,Jacksonville Jaguars,KRUTCHES93,Trevor Lawrence,Jacksonville Jaguars,1,,,Arizona Cardinals,0,0,Pre-ETR,13.png
5,8,65,Alec Pierce,WR,Indianapolis Colts,ARTILLERYFRO,Daniel Jones,Indianapolis Colts,1,,,Kansas City Chiefs,1,1,Pre-ETR,13.png
5,7,66,AJ Barner,TE,Seattle Seahawks,LEE121503,Drake Maye,New England Patriots,0,,,Tennessee Titans,0,0,Pre-ETR,13.png
5,6,67,Sam Darnold,QB,Seattle Seahawks,RLOZAN12,Sam Darnold,Seattle Seahawks,1,0,0,Tennessee Titans,0,0,Pre-ETR,13.png
5,5,68,Christian Watson,WR,Green Bay Packers,STEADY314,Jalen Hurts,Philadelphia Eagles,0,,,Minnesota Vikings,0,0,Pre-ETR,13.png
5,4,69,Mark Andrews,TE,Baltimore Ravens,AHODANIEL,Lamar Jackson,Baltimore Ravens,1,,,New York Jets,0,0,Pre-ETR,13.png
5,3,70,Darnell Mooney,WR,Atlanta Falcons,FFLINX,Jacoby Brissett,Arizona Cardinals,0,,,New Orleans Saints,0,0,Pre-ETR,13.png
5,2,71,Brenton Strange,TE,Jacksonville Jaguars,ICEYFFB,Jaxson Dart,New York Giants,0,,,Arizona Cardinals,0,0,Pre-ETR,13.png
5,1,72,Jordan Addison,WR,Minnesota Vikings,MATHOLOGY,Jared Goff,Detroit Lions,0,,,Green Bay Packers,0,0,Pre-ETR,13.png
6,1,1,Jonathan Taylor,RB,Indianapolis Colts,CUTCUTLER,Jacoby Brissett,Arizona Cardinals,0,,,Kansas City Chiefs,0,0,Pre-ETR,14.jpg
6,2,2,Jahmyr Gibbs,RB,Detroit Lions,FFLINX,Patrick Mahomes,Kansas City Chiefs,0,,,New York Giants,0,0,Pre-ETR,14.jpg
6,3,3,Bijan Robinson,RB,Atlanta Falcons,LEE121503,Lamar Jackson,Baltimore Ravens,0,,,New Orleans Saints,0,0,Pre-ETR,14.jpg
6,4,4,Jaxon Smith-Njigba,WR,Seattle Seahawks,GPNGC,Sam Darnold,Seattle Seahawks,1,,,Tennessee Titans,0,0,Pre-ETR,14.jpg
6,5,5,Saquon Barkley,RB,Philadelphia Eagles,MATHOLOGY,Daniel Jones,Indianapolis Colts,0,,,Dallas Cowboys,0,0,Pre-ETR,14.jpg
6,6,6,Amon-Ra St. Brown,WR,Detroit Lions,XCHEERFUL,Jared Goff,Detroit Lions,1,,,New York Giants,0,0,Pre-ETR,14.jpg
6,7,7,Derrick Henry,RB,Baltimore Ravens,KRUTCHES93,Dak Prescott,Dallas Cowboys,0,,,New York Jets,0,0,Pre-ETR,14.jpg
6,8,8,Rashee Rice,WR,Kansas City Chiefs,BUSTERSBOYS,Trevor Lawrence,Jacksonville Jaguars,0,,,Indianapolis Colts,0,0,Pre-ETR,14.jpg
6,9,9,Trey McBride,TE,Arizona Cardinals,SHOCKTRAUM,Drake Maye,New England Patriots,0,,,Jacksonville Jaguars,0,0,Pre-ETR,14.jpg
6,10,10,TreVeyon Henderson,RB,New England Patriots,ROTOSURGEON,Jalen Hurts,Philadelphia Eagles,0,,,Cincinnati Bengals,0,0,Pre-ETR,14.jpg
6,11,11,CeeDee Lamb,WR,Dallas Cowboys,DABK,Caleb Williams,Chicago Bears,0,,,Philadelphia Eagles,0,0,Pre-ETR,14.jpg
6,12,12,Brock Bowers,TE,Las Vegas Raiders,CGEEEEEE,Jaxson Dart,New York Giants,0,,,Cleveland Browns,0,0,Pre-ETR,14.jpg
6,12,13,Travis Etienne Jr.,RB,Jacksonville Jaguars,CGEEEEEE,Jaxson Dart,New York Giants,0,,,Arizona Cardinals,0,0,Pre-ETR,14.jpg
6,11,14,Javonte Williams,RB,Dallas Cowboys,DABK,Caleb Williams,Chicago Bears,0,,,Philadelphia Eagles,0,0,Pre-ETR,14.jpg
6,10,15,Jalen Hurts,QB,Philadelphia Eagles,ROTOSURGEON,Jalen Hurts,Philadelphia Eagles,1,0,0,Dallas Cowboys,0,0,Pre-ETR,14.jpg
6,9,16,Drake Maye,QB,New England Patriots,SHOCKTRAUM,Drake Maye,New England Patriots,1,1,1,Cincinnati Bengals,0,0,Pre-ETR,14.jpg
6,8,17,Quinshon Judkins,RB,Cleveland Browns,BUSTERSBOYS,Trevor Lawrence,Jacksonville Jaguars,0,,,Las Vegas Raiders,0,0,Pre-ETR,14.jpg
6,7,18,A.J. Brown,WR,Philadelphia Eagles,KRUTCHES93,Dak Prescott,Dallas Cowboys,0,,,Dallas Cowboys,2,1,Pre-ETR,14.jpg
6,6,19,Tee Higgins,WR,Cincinnati Bengals,XCHEERFUL,Jared Goff,Detroit Lions,0,,,New England Patriots,0,0,Pre-ETR,14.jpg
6,5,20,Justin Jefferson,WR,Minnesota Vikings,MATHOLOGY,Daniel Jones,Indianapolis Colts,0,,,Green Bay Packers,1,1,Pre-ETR,14.jpg
6,4,21,Chris Olave,WR,New Orleans Saints,GPNGC,Sam Darnold,Seattle Seahawks,0,,,Atlanta Falcons,0,0,Pre-ETR,14.jpg
6,3,22,Lamar Jackson,QB,Baltimore Ravens,LEE121503,Lamar Jackson,Baltimore Ravens,1,0,0,New York Jets,0,0,Pre-ETR,14.jpg
6,2,23,Patrick Mahomes,QB,Kansas City Chiefs,FFLINX,Patrick Mahomes,Kansas City Chiefs,1,1,1,Indianapolis Colts,1,1,Pre-ETR,14.jpg
6,1,24,DeVonta Smith,WR,Philadelphia Eagles,CUTCUTLER,Jacoby Brissett,Arizona Cardinals,0,,,Dallas Cowboys,1,1,Pre-ETR,14.jpg
6,1,25,George Pickens,WR,Dallas Cowboys,CUTCUTLER,Jacoby Brissett,Arizona Cardinals,0,,,Philadelphia Eagles,1,1,Pre-ETR,14.jpg
6,2,26,Travis Kelce,TE,Kansas City Chiefs,FFLINX,Patrick Mahomes,Kansas City Chiefs,1,,,Indianapolis Colts,1,1,Pre-ETR,14.jpg
6,3,27,Tyler Warren,TE,Indianapolis Colts,LEE121503,Lamar Jackson,Baltimore Ravens,0,,,Kansas City Chiefs,0,0,Pre-ETR,14.jpg
6,4,28,Chase Brown,RB,Cincinnati Bengals,GPNGC,Sam Darnold,Seattle Seahawks,0,,,New England Patriots,0,0,Pre-ETR,14.jpg
6,5,29,Jameson Williams,WR,Detroit Lions,MATHOLOGY,Daniel Jones,Indianapolis Colts,0,,,New York Giants,0,0,Pre-ETR,14.jpg
6,6,30,Ashton Jeanty,RB,Las Vegas Raiders,XCHEERFUL,Jared Goff,Detroit Lions,0,,,Cleveland Browns,0,0,Pre-ETR,14.jpg
6,7,31,Stefon Diggs,WR,New England Patriots,KRUTCHES93,Dak Prescott,Dallas Cowboys,0,,,Cincinnati Bengals,0,0,Pre-ETR,14.jpg
6,8,32,Zay Flowers,WR,Baltimore Ravens,BUSTERSBOYS,Trevor Lawrence,Jacksonville Jaguars,0,,,New York Jets,0,0,Pre-ETR,14.jpg
6,9,33,Xavier Worthy,WR,Kansas City Chiefs,SHOCKTRAUM,Drake Maye,New England Patriots,0,,,Indianapolis Colts,0,0,Pre-ETR,14.jpg
6,10,34,DK Metcalf,WR,Pittsburgh Steelers,ROTOSURGEON,Jalen Hurts,Philadelphia Eagles,0,,,Chicago Bears,1,1,Pre-ETR,14.jpg
6,11,35,Jaylen Warren,RB,Pittsburgh Steelers,DABK,Caleb Williams,Chicago Bears,0,,,Chicago Bears,2,1,Pre-ETR,14.jpg
6,12,36,Breece Hall,RB,New York Jets,CGEEEEEE,Jaxson Dart,New York Giants,0,,,Baltimore Ravens,0,0,Pre-ETR,14.jpg
6,12,37,Jaxson Dart,QB,New York Giants,CGEEEEEE,Jaxson Dart,New York Giants,1,1,1,Detroit Lions,0,0,Pre-ETR,14.jpg
6,11,38,Rome Odunze,WR,Chicago Bears,DABK,Caleb Williams,Chicago Bears,1,,,Pittsburgh Steelers,1,1,Pre-ETR,14.jpg
6,10,39,D'Andre Swift,RB,Chicago Bears,ROTOSURGEON,Jalen Hurts,Philadelphia Eagles,0,,,Pittsburgh Steelers,1,1,Pre-ETR,14.jpg
6,9,40,Kenneth Walker III,RB,Seattle Seahawks,SHOCKTRAUM,Drake Maye,New England Patriots,0,,,Tennessee Titans,0,0,Pre-ETR,14.jpg
6,8,41,David Montgomery,RB,Detroit Lions,BUSTERSBOYS,Trevor Lawrence,Jacksonville Jaguars,0,,,New York Giants,0,0,Pre-ETR,14.jpg
6,7,42,Dak Prescott,QB,Dallas Cowboys,KRUTCHES93,Dak Prescott,Dallas Cowboys,1,1,1,Philadelphia Eagles,1,1,Pre-ETR,14.jpg
6,6,43,Jared Goff,QB,Detroit Lions,XCHEERFUL,Jared Goff,Detroit Lions,1,1,1,New York Giants,0,0,Pre-ETR,14.jpg
6,5,44,Emanuel Wilson,RB,Green Bay Packers,MATHOLOGY,Daniel Jones,Indianapolis Colts,0,,,Minnesota Vikings,1,1,Pre-ETR,14.jpg
6,4,45,Josh Jacobs,RB,Green Bay Packers,GPNGC,Sam Darnold,Seattle Seahawks,0,,,Minnesota Vikings,0,0,Pre-ETR,14.jpg
6,3,46,Wan'Dale Robinson,WR,New York Giants,LEE121503,Lamar Jackson,Baltimore Ravens,0,,,Detroit Lions,0,0,Pre-ETR,14.jpg
6,2,47,Michael Pittman Jr.,WR,Indianapolis Colts,FFLINX,Patrick Mahomes,Kansas City Chiefs,0,,,Kansas City Chiefs,2,1,Pre-ETR,14.jpg
6,1,48,Kenneth Gainwell,RB,Pittsburgh Steelers,CUTCUTLER,Jacoby Brissett,Arizona Cardinals,0,,,Chicago Bears,0,0,Pre-ETR,14.jpg
6,1,49,Hunter Henry,TE,New England Patriots,CUTCUTLER,Jacoby Brissett,Arizona Cardinals,0,,,Cincinnati Bengals,0,0,Pre-ETR,14.jpg
6,2,50,Michael Wilson,WR,Arizona Cardinals,FFLINX,Patrick Mahomes,Kansas City Chiefs,0,,,Jacksonville Jaguars,0,0,Pre-ETR,14.jpg
6,3,51,Aaron Jones,RB,Minnesota Vikings,LEE121503,Lamar Jackson,Baltimore Ravens,0,,,Green Bay Packers,0,0,Pre-ETR,14.jpg
6,4,52,Sam Darnold,QB,Seattle Seahawks,GPNGC,Sam Darnold,Seattle Seahawks,1,2,1,Tennessee Titans,0,0,Pre-ETR,14.jpg
6,5,53,Daniel Jones,QB,Indianapolis Colts,MATHOLOGY,Daniel Jones,Indianapolis Colts,1,0,0,Kansas City Chiefs,0,0,Pre-ETR,14.jpg
6,6,54,Dallas Goedert,TE,Philadelphia Eagles,XCHEERFUL,Jared Goff,Detroit Lions,0,,,Dallas Cowboys,0,0,Pre-ETR,14.jpg
6,7,55,Jake Ferguson,TE,Dallas Cowboys,KRUTCHES93,Dak Prescott,Dallas Cowboys,1,,,Philadelphia Eagles,1,1,Pre-ETR,14.jpg
6,8,56,Kyle Pitts,TE,Atlanta Falcons,BUSTERSBOYS,Trevor Lawrence,Jacksonville Jaguars,0,,,New Orleans Saints,0,0,Pre-ETR,14.jpg
6,9,57,Alvin Kamara,RB,New Orleans Saints,SHOCKTRAUM,Drake Maye,New England Patriots,0,,,Atlanta Falcons,0,0,Pre-ETR,14.jpg
6,10,58,Juwan Johnson,TE,New Orleans Saints,ROTOSURGEON,Jalen Hurts,Philadelphia Eagles,0,,,Atlanta Falcons,1,1,Pre-ETR,14.jpg
6,11,59,Caleb Williams,QB,Chicago Bears,DABK,Caleb Williams,Chicago Bears,1,1,1,Pittsburgh Steelers,1,1,Pre-ETR,14.jpg
6,12,60,Alec Pierce,WR,Indianapolis Colts,CGEEEEEE,Jaxson Dart,New York Giants,0,,,Kansas City Chiefs,0,0,Pre-ETR,14.jpg
6,12,61,Darius Slayton,WR,New York Giants,CGEEEEEE,Jaxson Dart,New York Giants,1,,,Detroit Lions,0,0,Pre-ETR,14.jpg
6,11,62,Mark Andrews,TE,Baltimore Ravens,DABK,Caleb Williams,Chicago Bears,0,,,New York Jets,0,0,Pre-ETR,14.jpg
6,10,63,Darnell Mooney,WR,Atlanta Falcons,ROTOSURGEON,Jalen Hurts,Philadelphia Eagles,0,,,New Orleans Saints,1,1,Pre-ETR,14.jpg
6,9,64,Kayshon Boutte,WR,New England Patriots,SHOCKTRAUM,Drake Maye,New England Patriots,1,,,Cincinnati Bengals,0,0,Pre-ETR,14.jpg
6,8,65,Trevor Lawrence,QB,Jacksonville Jaguars,BUSTERSBOYS,Trevor Lawrence,Jacksonville Jaguars,1,0,0,Arizona Cardinals,0,0,Pre-ETR,14.jpg
6,7,66,Zach Charbonnet,RB,Seattle Seahawks,KRUTCHES93,Dak Prescott,Dallas Cowboys,0,,,Tennessee Titans,0,0,Pre-ETR,14.jpg
6,6,67,Brian Thomas,WR,Jacksonville Jaguars,XCHEERFUL,Jared Goff,Detroit Lions,0,,,Arizona Cardinals,0,0,Pre-ETR,14.jpg
6,5,68,Brenton Strange,TE,Jacksonville Jaguars,MATHOLOGY,Daniel Jones,Indianapolis Colts,0,,,Arizona Cardinals,0,0,Pre-ETR,14.jpg
6,4,69,AJ Barner,TE,Seattle Seahawks,GPNGC,Sam Darnold,Seattle Seahawks,1,,,Tennessee Titans,0,0,Pre-ETR,14.jpg
6,3,70,Marvin Harrison,WR,Arizona Cardinals,LEE121503,Lamar Jackson,Baltimore Ravens,0,,,Jacksonville Jaguars,0,0,Pre-ETR,14.jpg
6,2,71,Christian Watson,WR,Green Bay Packers,FFLINX,Patrick Mahomes,Kansas City Chiefs,0,,,Minnesota Vikings,0,0,Pre-ETR,14.jpg
6,1,72,Jacoby Brissett,QB,Arizona Cardinals,CUTCUTLER,Jacoby Brissett,Arizona Cardinals,1,0,0,Jacksonville Jaguars,0,0,Pre-ETR,14.jpg
7,1,1,Jonathan Taylor,RB,Indianapolis Colts,ECOXER10,Patrick Mahomes,Kansas City Chiefs,0,,,Kansas City Chiefs,2,1,Pre-ETR,15.png
7,2,2,Jahmyr Gibbs,RB,Detroit Lions,VOGEYBERRA8,Daniel Jones,Indianapolis Colts,0,,,New York Giants,0,0,Pre-ETR,15.png
7,3,3,Bijan Robinson,RB,Atlanta Falcons,FFLINX,Jared Goff,Detroit Lions,0,,,New Orleans Saints,1,1,Pre-ETR,15.png
7,4,4,Jaxon Smith-Njigba,WR,Seattle Seahawks,GPNGC,Dak Prescott,Dallas Cowboys,0,,,Tennessee Titans,0,0,Pre-ETR,15.png
7,5,5,Saquon Barkley,RB,Philadelphia Eagles,NEZ,Trevor Lawrence,Jacksonville Jaguars,0,,,Dallas Cowboys,0,0,Pre-ETR,15.png
7,6,6,Jalen Hurts,QB,Philadelphia Eagles,BVIO,Jalen Hurts,Philadelphia Eagles,1,0,0,Dallas Cowboys,0,0,Pre-ETR,15.png
7,7,7,Derrick Henry,RB,Baltimore Ravens,KRUTCHES93,Jacoby Brissett,Arizona Cardinals,0,,,New York Jets,0,0,Pre-ETR,15.png
7,8,8,Amon-Ra St. Brown,WR,Detroit Lions,GFORGUMBY,Jaxson Dart,New York Giants,0,,,New York Giants,1,1,Pre-ETR,15.png
7,9,9,Lamar Jackson,QB,Baltimore Ravens,YABOIDYL,Lamar Jackson,Baltimore Ravens,1,0,0,New York Jets,0,0,Pre-ETR,15.png
7,10,10,CeeDee Lamb,WR,Dallas Cowboys,JAYSTER22888,Drake Maye,New England Patriots,0,,,Philadelphia Eagles,0,0,Pre-ETR,15.png
7,11,11,Rashee Rice,WR,Kansas City Chiefs,HETT711,Jordan Love,Green Bay Packers,0,,,Indianapolis Colts,0,0,Pre-ETR,15.png
7,12,12,TreVeyon Henderson,RB,New England Patriots,BUSTERSBOYS,Caleb Williams,Chicago Bears,0,,,Cincinnati Bengals,0,0,Pre-ETR,15.png
7,12,13,Trey McBride,TE,Arizona Cardinals,BUSTERSBOYS,Caleb Williams,Chicago Bears,0,,,Jacksonville Jaguars,0,0,Pre-ETR,15.png
7,11,14,Brock Bowers,TE,Las Vegas Raiders,HETT711,Jordan Love,Green Bay Packers,0,,,Cleveland Browns,0,0,Pre-ETR,15.png
7,10,15,Drake Maye,QB,New England Patriots,JAYSTER22888,Drake Maye,New England Patriots,1,0,0,Cincinnati Bengals,0,0,Pre-ETR,15.png
7,9,16,Quinshon Judkins,RB,Cleveland Browns,YABOIDYL,Lamar Jackson,Baltimore Ravens,0,,,Las Vegas Raiders,0,0,Pre-ETR,15.png
7,8,17,Javonte Williams,RB,Dallas Cowboys,GFORGUMBY,Jaxson Dart,New York Giants,0,,,Philadelphia Eagles,0,0,Pre-ETR,15.png
7,7,18,A.J. Brown,WR,Philadelphia Eagles,KRUTCHES93,Jacoby Brissett,Arizona Cardinals,0,,,Dallas Cowboys,0,0,Pre-ETR,15.png
7,6,19,Travis Etienne Jr.,RB,Jacksonville Jaguars,BVIO,Jalen Hurts,Philadelphia Eagles,0,,,Arizona Cardinals,0,0,Pre-ETR,15.png
7,5,20,Justin Jefferson,WR,Minnesota Vikings,NEZ,Trevor Lawrence,Jacksonville Jaguars,0,,,Green Bay Packers,0,0,Pre-ETR,15.png
7,4,21,Tee Higgins,WR,Cincinnati Bengals,GPNGC,Dak Prescott,Dallas Cowboys,0,,,New England Patriots,0,0,Pre-ETR,15.png
7,3,22,Chris Olave,WR,New Orleans Saints,FFLINX,Jared Goff,Detroit Lions,0,,,Atlanta Falcons,1,1,Pre-ETR,15.png
7,2,23,Chase Brown,RB,Cincinnati Bengals,VOGEYBERRA8,Daniel Jones,Indianapolis Colts,0,,,New England Patriots,1,1,Pre-ETR,15.png
7,1,24,Patrick Mahomes,QB,Kansas City Chiefs,ECOXER10,Patrick Mahomes,Kansas City Chiefs,1,1,1,Indianapolis Colts,2,1,Pre-ETR,15.png
7,1,25,Tyler Warren,TE,Indianapolis Colts,ECOXER10,Patrick Mahomes,Kansas City Chiefs,0,,,Kansas City Chiefs,2,1,Pre-ETR,15.png
7,2,26,DeVonta Smith,WR,Philadelphia Eagles,VOGEYBERRA8,Daniel Jones,Indianapolis Colts,0,,,Dallas Cowboys,0,0,Pre-ETR,15.png
7,3,27,Jameson Williams,WR,Detroit Lions,FFLINX,Jared Goff,Detroit Lions,1,,,New York Giants,0,0,Pre-ETR,15.png
7,4,28,George Pickens,WR,Dallas Cowboys,GPNGC,Dak Prescott,Dallas Cowboys,1,,,Philadelphia Eagles,0,0,Pre-ETR,15.png
7,5,29,Stefon Diggs,WR,New England Patriots,NEZ,Trevor Lawrence,Jacksonville Jaguars,0,,,Cincinnati Bengals,0,0,Pre-ETR,15.png
7,6,30,Josh Jacobs,RB,Green Bay Packers,BVIO,Jalen Hurts,Philadelphia Eagles,0,,,Minnesota Vikings,0,0,Pre-ETR,15.png
7,7,31,Zay Flowers,WR,Baltimore Ravens,KRUTCHES93,Jacoby Brissett,Arizona Cardinals,0,,,New York Jets,0,0,Pre-ETR,15.png
7,8,32,Travis Kelce,TE,Kansas City Chiefs,GFORGUMBY,Jaxson Dart,New York Giants,0,,,Indianapolis Colts,0,0,Pre-ETR,15.png
7,9,33,Michael Pittman Jr.,WR,Indianapolis Colts,YABOIDYL,Lamar Jackson,Baltimore Ravens,0,,,Kansas City Chiefs,0,0,Pre-ETR,15.png
7,10,34,Ashton Jeanty,RB,Las Vegas Raiders,JAYSTER22888,Drake Maye,New England Patriots,0,,,Cleveland Browns,0,0,Pre-ETR,15.png
7,11,35,Jaylen Warren,RB,Pittsburgh Steelers,HETT711,Jordan Love,Green Bay Packers,0,,,Chicago Bears,0,0,Pre-ETR,15.png
7,12,36,Breece Hall,RB,New York Jets,BUSTERSBOYS,Caleb Williams,Chicago Bears,0,,,Baltimore Ravens,0,0,Pre-ETR,15.png
7,12,37,Rome Odunze,WR,Chicago Bears,BUSTERSBOYS,Caleb Williams,Chicago Bears,1,,,Pittsburgh Steelers,0,0,Pre-ETR,15.png
7,11,38,Aaron Jones,RB,Minnesota Vikings,HETT711,Jordan Love,Green Bay Packers,0,,,Green Bay Packers,2,1,Pre-ETR,15.png
7,10,39,Michael Wilson,WR,Arizona Cardinals,JAYSTER22888,Drake Maye,New England Patriots,0,,,Jacksonville Jaguars,0,0,Pre-ETR,15.png
7,9,40,Jake Ferguson,TE,Dallas Cowboys,YABOIDYL,Lamar Jackson,Baltimore Ravens,0,,,Philadelphia Eagles,0,0,Pre-ETR,15.png
7,8,41,Jaxson Dart,QB,New York Giants,GFORGUMBY,Jaxson Dart,New York Giants,1,0,0,Detroit Lions,1,1,Pre-ETR,15.png
7,7,42,D'Andre Swift,RB,Chicago Bears,KRUTCHES93,Jacoby Brissett,Arizona Cardinals,0,,,Pittsburgh Steelers,0,0,Pre-ETR,15.png
7,6,43,DK Metcalf,WR,Pittsburgh Steelers,BVIO,Jalen Hurts,Philadelphia Eagles,0,,,Chicago Bears,0,0,Pre-ETR,15.png
7,5,44,Kenneth Walker III,RB,Seattle Seahawks,NEZ,Trevor Lawrence,Jacksonville Jaguars,0,,,Tennessee Titans,0,0,Pre-ETR,15.png
7,4,45,Dak Prescott,QB,Dallas Cowboys,GPNGC,Dak Prescott,Dallas Cowboys,1,1,1,Philadelphia Eagles,0,0,Pre-ETR,15.png
7,3,46,Dallas Goedert,TE,Philadelphia Eagles,FFLINX,Jared Goff,Detroit Lions,0,,,Dallas Cowboys,0,0,Pre-ETR,15.png
7,2,47,Hunter Henry,TE,New England Patriots,VOGEYBERRA8,Daniel Jones,Indianapolis Colts,0,,,Cincinnati Bengals,1,1,Pre-ETR,15.png
7,1,48,Xavier Worthy,WR,Kansas City Chiefs,ECOXER10,Patrick Mahomes,Kansas City Chiefs,1,,,Indianapolis Colts,2,1,Pre-ETR,15.png
7,1,49,David Montgomery,RB,Detroit Lions,ECOXER10,Patrick Mahomes,Kansas City Chiefs,0,,,New York Giants,0,0,Pre-ETR,15.png
7,2,50,Daniel Jones,QB,Indianapolis Colts,VOGEYBERRA8,Daniel Jones,Indianapolis Colts,1,1,1,Kansas City Chiefs,0,0,Pre-ETR,15.png
7,3,51,Jared Goff,QB,Detroit Lions,FFLINX,Jared Goff,Detroit Lions,1,1,1,New York Giants,0,0,Pre-ETR,15.png
7,4,52,Alvin Kamara,RB,New Orleans Saints,GPNGC,Dak Prescott,Dallas Cowboys,0,,,Atlanta Falcons,1,1,Pre-ETR,15.png
7,5,53,Trevor Lawrence,QB,Jacksonville Jaguars,NEZ,Trevor Lawrence,Jacksonville Jaguars,1,1,1,Arizona Cardinals,0,0,Pre-ETR,15.png
7,6,54,Wan'Dale Robinson,WR,New York Giants,BVIO,Jalen Hurts,Philadelphia Eagles,0,,,Detroit Lions,0,0,Pre-ETR,15.png
7,7,55,Jacoby Brissett,QB,Arizona Cardinals,KRUTCHES93,Jacoby Brissett,Arizona Cardinals,1,0,0,Jacksonville Jaguars,0,0,Pre-ETR,15.png
7,8,56,Emanuel Wilson,RB,Green Bay Packers,GFORGUMBY,Jaxson Dart,New York Giants,0,,,Minnesota Vikings,0,0,Pre-ETR,15.png
7,9,57,Marvin Harrison,WR,Arizona Cardinals,YABOIDYL,Lamar Jackson,Baltimore Ravens,0,,,Jacksonville Jaguars,0,0,Pre-ETR,15.png
7,10,58,Juwan Johnson,TE,New Orleans Saints,JAYSTER22888,Drake Maye,New England Patriots,0,,,Atlanta Falcons,0,0,Pre-ETR,15.png
7,11,59,Romeo Doubs,WR,Green Bay Packers,HETT711,Jordan Love,Green Bay Packers,1,,,Minnesota Vikings,1,1,Pre-ETR,15.png
7,12,60,Caleb Williams,QB,Chicago Bears,BUSTERSBOYS,Caleb Williams,Chicago Bears,1,1,1,Pittsburgh Steelers,0,0,Pre-ETR,15.png
7,12,61,Jordan Addison,WR,Minnesota Vikings,BUSTERSBOYS,Caleb Williams,Chicago Bears,0,,,Green Bay Packers,0,0,Pre-ETR,15.png
7,11,62,Jordan Love,QB,Green Bay Packers,HETT711,Jordan Love,Green Bay Packers,1,1,1,Minnesota Vikings,1,1,Pre-ETR,15.png
7,10,63,Zach Charbonnet,RB,Seattle Seahawks,JAYSTER22888,Drake Maye,New England Patriots,0,,,Tennessee Titans,0,0,Pre-ETR,15.png
7,9,64,David Njoku,TE,Cleveland Browns,YABOIDYL,Lamar Jackson,Baltimore Ravens,0,,,Las Vegas Raiders,0,0,Pre-ETR,15.png
7,8,65,Brian Thomas,WR,Jacksonville Jaguars,GFORGUMBY,Jaxson Dart,New York Giants,0,,,Arizona Cardinals,0,0,Pre-ETR,15.png
7,7,66,AJ Barner,TE,Seattle Seahawks,KRUTCHES93,Jacoby Brissett,Arizona Cardinals,0,,,Tennessee Titans,0,0,Pre-ETR,15.png
7,6,67,Mark Andrews,TE,Baltimore Ravens,BVIO,Jalen Hurts,Philadelphia Eagles,0,,,New York Jets,0,0,Pre-ETR,15.png
7,5,68,Brenton Strange,TE,Jacksonville Jaguars,NEZ,Trevor Lawrence,Jacksonville Jaguars,1,,,Arizona Cardinals,0,0,Pre-ETR,15.png
7,4,69,Kyle Pitts,TE,Atlanta Falcons,GPNGC,Dak Prescott,Dallas Cowboys,0,,,New Orleans Saints,1,1,Pre-ETR,15.png
7,3,70,Kenneth Gainwell,RB,Pittsburgh Steelers,FFLINX,Jared Goff,Detroit Lions,0,,,Chicago Bears,0,0,Pre-ETR,15.png
7,2,71,Alec Pierce,WR,Indianapolis Colts,VOGEYBERRA8,Daniel Jones,Indianapolis Colts,1,,,Kansas City Chiefs,0,0,Pre-ETR,15.png
7,1,72,Darnell Mooney,WR,Atlanta Falcons,ECOXER10,Patrick Mahomes,Kansas City Chiefs,0,,,New Orleans Saints,0,0,Pre-ETR,15.png
8,1,1,Jahmyr Gibbs,RB,Detroit Lions,KRUTCHES93,Jared Goff,Detroit Lions,1,,,New York Giants,0,0,Pre-ETR,16.png
8,2,2,Jonathan Taylor,RB,Indianapolis Colts,MIKEC6212,Jaxson Dart,New York Giants,0,,,Kansas City Chiefs,0,0,Pre-ETR,16.png
8,3,3,Bijan Robinson,RB,Atlanta Falcons,RAZOR33,Patrick Mahomes,Kansas City Chiefs,0,,,New Orleans Saints,0,0,Pre-ETR,16.png
8,4,4,Saquon Barkley,RB,Philadelphia Eagles,NF42,J.J. McCarthy,Minnesota Vikings,0,,,Dallas Cowboys,0,0,Pre-ETR,16.png
8,5,5,Jaxon Smith-Njigba,WR,Seattle Seahawks,FFLINX,Joe Flacco,Cincinnati Bengals,0,,,Tennessee Titans,0,0,Pre-ETR,16.png
8,6,6,Derrick Henry,RB,Baltimore Ravens,ICEYFFB,Caleb Williams,Chicago Bears,0,,,New York Jets,0,0,Pre-ETR,16.png
8,7,7,Trey McBride,TE,Arizona Cardinals,NEZ,Trevor Lawrence,Jacksonville Jaguars,0,,,Jacksonville Jaguars,3,1,Pre-ETR,16.png
8,8,8,Amon-Ra St. Brown,WR,Detroit Lions,GPNGC,Drake Maye,New England Patriots,0,,,New York Giants,0,0,Pre-ETR,16.png
8,9,9,CeeDee Lamb,WR,Dallas Cowboys,VOGEYBERRA8,Dak Prescott,Dallas Cowboys,1,,,Philadelphia Eagles,1,1,Pre-ETR,16.png
8,10,10,Rashee Rice,WR,Kansas City Chiefs,ZZZNOTE,Lamar Jackson,Baltimore Ravens,0,,,Indianapolis Colts,1,1,Pre-ETR,16.png
8,11,11,Javonte Williams,RB,Dallas Cowboys,D4VE,Jalen Hurts,Philadelphia Eagles,0,,,Philadelphia Eagles,2,1,Pre-ETR,16.png
8,12,12,Brock Bowers,TE,Las Vegas Raiders,LEE121503,Daniel Jones,Indianapolis Colts,0,,,Cleveland Browns,0,0,Pre-ETR,16.png
8,12,13,TreVeyon Henderson,RB,New England Patriots,LEE121503,Daniel Jones,Indianapolis Colts,0,,,Cincinnati Bengals,0,0,Pre-ETR,16.png
8,11,14,Jalen Hurts,QB,Philadelphia Eagles,D4VE,Jalen Hurts,Philadelphia Eagles,1,1,1,Dallas Cowboys,1,1,Pre-ETR,16.png
8,10,15,Lamar Jackson,QB,Baltimore Ravens,ZZZNOTE,Lamar Jackson,Baltimore Ravens,1,0,0,New York Jets,0,0,Pre-ETR,16.png
8,9,16,A.J. Brown,WR,Philadelphia Eagles,VOGEYBERRA8,Dak Prescott,Dallas Cowboys,0,,,Dallas Cowboys,2,1,Pre-ETR,16.png
8,8,17,Drake Maye,QB,New England Patriots,GPNGC,Drake Maye,New England Patriots,1,1,1,Cincinnati Bengals,0,0,Pre-ETR,16.png
8,7,18,Travis Etienne Jr.,RB,Jacksonville Jaguars,NEZ,Trevor Lawrence,Jacksonville Jaguars,1,,,Arizona Cardinals,1,1,Pre-ETR,16.png
8,6,19,Quinshon Judkins,RB,Cleveland Browns,ICEYFFB,Caleb Williams,Chicago Bears,0,,,Las Vegas Raiders,0,0,Pre-ETR,16.png
8,5,20,Tee Higgins,WR,Cincinnati Bengals,FFLINX,Joe Flacco,Cincinnati Bengals,1,,,New England Patriots,0,0,Pre-ETR,16.png
8,4,21,Justin Jefferson,WR,Minnesota Vikings,NF42,J.J. McCarthy,Minnesota Vikings,1,,,Green Bay Packers,0,0,Pre-ETR,16.png
8,3,22,DeVonta Smith,WR,Philadelphia Eagles,RAZOR33,Patrick Mahomes,Kansas City Chiefs,0,,,Dallas Cowboys,0,0,Pre-ETR,16.png
8,2,23,Jaxson Dart,QB,New York Giants,MIKEC6212,Jaxson Dart,New York Giants,1,2,1,Detroit Lions,1,1,Pre-ETR,16.png
8,1,24,Chris Olave,WR,New Orleans Saints,KRUTCHES93,Jared Goff,Detroit Lions,0,,,Atlanta Falcons,0,0,Pre-ETR,16.png
8,1,25,George Pickens,WR,Dallas Cowboys,KRUTCHES93,Jared Goff,Detroit Lions,0,,,Philadelphia Eagles,0,0,Pre-ETR,16.png
8,2,26,Jameson Williams,WR,Detroit Lions,MIKEC6212,Jaxson Dart,New York Giants,0,,,New York Giants,3,1,Pre-ETR,16.png
8,3,27,Patrick Mahomes,QB,Kansas City Chiefs,RAZOR33,Patrick Mahomes,Kansas City Chiefs,1,1,1,Indianapolis Colts,0,0,Pre-ETR,16.png
8,4,28,Ashton Jeanty,RB,Las Vegas Raiders,NF42,J.J. McCarthy,Minnesota Vikings,0,,,Cleveland Browns,0,0,Pre-ETR,16.png
8,5,29,Chase Brown,RB,Cincinnati Bengals,FFLINX,Joe Flacco,Cincinnati Bengals,1,,,New England Patriots,0,0,Pre-ETR,16.png
8,6,30,Stefon Diggs,WR,New England Patriots,ICEYFFB,Caleb Williams,Chicago Bears,0,,,Cincinnati Bengals,0,0,Pre-ETR,16.png
8,7,31,Zay Flowers,WR,Baltimore Ravens,NEZ,Trevor Lawrence,Jacksonville Jaguars,0,,,New York Jets,0,0,Pre-ETR,16.png
8,8,32,D'Andre Swift,RB,Chicago Bears,GPNGC,Drake Maye,New England Patriots,0,,,Pittsburgh Steelers,0,0,Pre-ETR,16.png
8,9,33,Dak Prescott,QB,Dallas Cowboys,VOGEYBERRA8,Dak Prescott,Dallas Cowboys,1,1,1,Philadelphia Eagles,1,1,Pre-ETR,16.png
8,10,34,Tyler Warren,TE,Indianapolis Colts,ZZZNOTE,Lamar Jackson,Baltimore Ravens,0,,,Kansas City Chiefs,2,1,Pre-ETR,16.png
8,11,35,Dallas Goedert,TE,Philadelphia Eagles,D4VE,Jalen Hurts,Philadelphia Eagles,1,,,Dallas Cowboys,1,1,Pre-ETR,16.png
8,12,36,Breece Hall,RB,New York Jets,LEE121503,Daniel Jones,Indianapolis Colts,0,,,Baltimore Ravens,0,0,Pre-ETR,16.png
8,12,37,DK Metcalf,WR,Pittsburgh Steelers,LEE121503,Daniel Jones,Indianapolis Colts,0,,,Chicago Bears,0,0,Pre-ETR,16.png
8,11,38,Michael Pittman Jr.,WR,Indianapolis Colts,D4VE,Jalen Hurts,Philadelphia Eagles,0,,,Kansas City Chiefs,0,0,Pre-ETR,16.png
8,10,39,Jaylen Warren,RB,Pittsburgh Steelers,ZZZNOTE,Lamar Jackson,Baltimore Ravens,0,,,Chicago Bears,0,0,Pre-ETR,16.png
8,9,40,Josh Jacobs,RB,Green Bay Packers,VOGEYBERRA8,Dak Prescott,Dallas Cowboys,0,,,Minnesota Vikings,0,0,Pre-ETR,16.png
8,8,41,Hunter Henry,TE,New England Patriots,GPNGC,Drake Maye,New England Patriots,1,,,Cincinnati Bengals,0,0,Pre-ETR,16.png
8,7,42,Kenneth Walker III,RB,Seattle Seahawks,NEZ,Trevor Lawrence,Jacksonville Jaguars,0,,,Tennessee Titans,0,0,Pre-ETR,16.png
8,6,43,Rome Odunze,WR,Chicago Bears,ICEYFFB,Caleb Williams,Chicago Bears,1,,,Pittsburgh Steelers,0,0,Pre-ETR,16.png
8,5,44,Travis Kelce,TE,Kansas City Chiefs,FFLINX,Joe Flacco,Cincinnati Bengals,0,,,Indianapolis Colts,0,0,Pre-ETR,16.png
8,4,45,Jordan Addison,WR,Minnesota Vikings,NF42,J.J. McCarthy,Minnesota Vikings,1,,,Green Bay Packers,0,0,Pre-ETR,16.png
8,3,46,Emanuel Wilson,RB,Green Bay Packers,RAZOR33,Patrick Mahomes,Kansas City Chiefs,0,,,Minnesota Vikings,0,0,Pre-ETR,16.png
8,2,47,Wan'Dale Robinson,WR,New York Giants,MIKEC6212,Jaxson Dart,New York Giants,1,,,Detroit Lions,1,1,Pre-ETR,16.png
8,1,48,Aaron Jones,RB,Minnesota Vikings,KRUTCHES93,Jared Goff,Detroit Lions,0,,,Green Bay Packers,0,0,Pre-ETR,16.png
8,1,49,Jake Ferguson,TE,Dallas Cowboys,KRUTCHES93,Jared Goff,Detroit Lions,0,,,Philadelphia Eagles,0,0,Pre-ETR,16.png
8,2,50,Theo Johnson,TE,New York Giants,MIKEC6212,Jaxson Dart,New York Giants,1,,,Detroit Lions,1,1,Pre-ETR,16.png
8,3,51,Xavier Worthy,WR,Kansas City Chiefs,RAZOR33,Patrick Mahomes,Kansas City Chiefs,1,,,Indianapolis Colts,0,0,Pre-ETR,16.png
8,4,52,Kyle Pitts,TE,Atlanta Falcons,NF42,J.J. McCarthy,Minnesota Vikings,0,,,New Orleans Saints,0,0,Pre-ETR,16.png
8,5,53,Michael Wilson,WR,Arizona Cardinals,FFLINX,Joe Flacco,Cincinnati Bengals,0,,,Jacksonville Jaguars,0,0,Pre-ETR,16.png
8,6,54,Juwan Johnson,TE,New Orleans Saints,ICEYFFB,Caleb Williams,Chicago Bears,0,,,Atlanta Falcons,0,0,Pre-ETR,16.png
8,7,55,Trevor Lawrence,QB,Jacksonville Jaguars,NEZ,Trevor Lawrence,Jacksonville Jaguars,1,2,1,Arizona Cardinals,1,1,Pre-ETR,16.png
8,8,56,Alvin Kamara,RB,New Orleans Saints,GPNGC,Drake Maye,New England Patriots,0,,,Atlanta Falcons,0,0,Pre-ETR,16.png
8,9,57,David Montgomery,RB,Detroit Lions,VOGEYBERRA8,Dak Prescott,Dallas Cowboys,0,,,New York Giants,0,0,Pre-ETR,16.png
8,10,58,Romeo Doubs,WR,Green Bay Packers,ZZZNOTE,Lamar Jackson,Baltimore Ravens,0,,,Minnesota Vikings,0,0,Pre-ETR,16.png
8,11,59,Rhamondre Stevenson,RB,New England Patriots,D4VE,Jalen Hurts,Philadelphia Eagles,0,,,Cincinnati Bengals,0,0,Pre-ETR,16.png
8,12,60,Daniel Jones,QB,Indianapolis Colts,LEE121503,Daniel Jones,Indianapolis Colts,1,1,1,Kansas City Chiefs,0,0,Pre-ETR,16.png
8,12,61,Alec Pierce,WR,Indianapolis Colts,LEE121503,Daniel Jones,Indianapolis Colts,1,,,Kansas City Chiefs,0,0,Pre-ETR,16.png
8,11,62,Darnell Mooney,WR,Atlanta Falcons,D4VE,Jalen Hurts,Philadelphia Eagles,0,,,New Orleans Saints,0,0,Pre-ETR,16.png
8,10,63,Kareem Hunt,RB,Kansas City Chiefs,ZZZNOTE,Lamar Jackson,Baltimore Ravens,0,,,Indianapolis Colts,1,1,Pre-ETR,16.png
8,9,64,Mark Andrews,TE,Baltimore Ravens,VOGEYBERRA8,Dak Prescott,Dallas Cowboys,0,,,New York Jets,0,0,Pre-ETR,16.png
8,8,65,Jerry Jeudy,WR,Cleveland Browns,GPNGC,Drake Maye,New England Patriots,0,,,Las Vegas Raiders,0,0,Pre-ETR,16.png
8,7,66,Brian Thomas,WR,Jacksonville Jaguars,NEZ,Trevor Lawrence,Jacksonville Jaguars,1,,,Arizona Cardinals,1,1,Pre-ETR,16.png
8,6,67,Caleb Williams,QB,Chicago Bears,ICEYFFB,Caleb Williams,Chicago Bears,1,1,1,Pittsburgh Steelers,0,0,Pre-ETR,16.png
8,5,68,Joe Flacco,QB,Cincinnati Bengals,FFLINX,Joe Flacco,Cincinnati Bengals,1,2,1,New England Patriots,0,0,Pre-ETR,16.png
8,4,69,J.J. McCarthy,QB,Minnesota Vikings,NF42,J.J. McCarthy,Minnesota Vikings,1,2,1,Green Bay Packers,0,0,Pre-ETR,16.png
8,3,70,Colston Loveland,TE,Chicago Bears,RAZOR33,Patrick Mahomes,Kansas City Chiefs,0,,,Pittsburgh Steelers,0,0,Pre-ETR,16.png
8,2,71,Kyle Monangai,RB,Chicago Bears,MIKEC6212,Jaxson Dart,New York Giants,0,,,Pittsburgh Steelers,0,0,Pre-ETR,16.png
8,1,72,Jared Goff,QB,Detroit Lions,KRUTCHES93,Jared Goff,Detroit Lions,1,1,1,New York Giants,0,0,Pre-ETR,16.png
9,1,1,Jonathan Taylor,RB,Indianapolis Colts,CBSUTTON3,Jordan Love,Green Bay Packers,0,,,Kansas City Chiefs,1,1,Pre-ETR,17.png
9,2,2,Bijan Robinson,RB,Atlanta Falcons,QBTHEKING22,Drake Maye,New England Patriots,0,,,New Orleans Saints,1,1,Pre-ETR,17.png
9,3,3,Jahmyr Gibbs,RB,Detroit Lions,KRUTCHES93,Lamar Jackson,Baltimore Ravens,0,,,New York Giants,0,0,Pre-ETR,17.png
9,4,4,Jaxon Smith-Njigba,WR,Seattle Seahawks,MWALD50,Daniel Jones,Indianapolis Colts,0,,,Tennessee Titans,0,0,Pre-ETR,17.png
9,5,5,Amon-Ra St. Brown,WR,Detroit Lions,MTAPPER13,Jacoby Brissett,Arizona Cardinals,0,,,New York Giants,0,0,Pre-ETR,17.png
9,6,6,Trey McBride,TE,Arizona Cardinals,DABK,Trevor Lawrence,Jacksonville Jaguars,0,,,Jacksonville Jaguars,1,1,Pre-ETR,17.png
9,7,7,CeeDee Lamb,WR,Dallas Cowboys,COMOESTAS,Jared Goff,Detroit Lions,0,,,Philadelphia Eagles,0,0,Pre-ETR,17.png
9,8,8,TreVeyon Henderson,RB,New England Patriots,MIKEC6212,Patrick Mahomes,Kansas City Chiefs,0,,,Cincinnati Bengals,1,1,Pre-ETR,17.png
9,9,9,Saquon Barkley,RB,Philadelphia Eagles,JEWISHMCCAF,Dak Prescott,Dallas Cowboys,0,,,Dallas Cowboys,1,1,Pre-ETR,17.png
9,10,10,Derrick Henry,RB,Baltimore Ravens,NEZ,Jaxson Dart,New York Giants,0,,,New York Jets,0,0,Pre-ETR,17.png
9,11,11,Rashee Rice,WR,Kansas City Chiefs,NOAHPETRO23,Caleb Williams,Chicago Bears,0,,,Indianapolis Colts,0,0,Pre-ETR,17.png
9,12,12,Jalen Hurts,QB,Philadelphia Eagles,PLAYERQ,Jalen Hurts,Philadelphia Eagles,1,1,1,Dallas Cowboys,0,0,Pre-ETR,17.png
9,12,13,A.J. Brown,WR,Philadelphia Eagles,PLAYERQ,Jalen Hurts,Philadelphia Eagles,1,,,Dallas Cowboys,0,0,Pre-ETR,17.png
9,11,14,Quinshon Judkins,RB,Cleveland Browns,NOAHPETRO23,Caleb Williams,Chicago Bears,0,,,Las Vegas Raiders,0,0,Pre-ETR,17.png
9,10,15,Javonte Williams,RB,Dallas Cowboys,NEZ,Jaxson Dart,New York Giants,0,,,Philadelphia Eagles,0,0,Pre-ETR,17.png
9,9,16,Brock Bowers,TE,Las Vegas Raiders,JEWISHMCCAF,Dak Prescott,Dallas Cowboys,0,,,Cleveland Browns,0,0,Pre-ETR,17.png
9,8,17,Tee Higgins,WR,Cincinnati Bengals,MIKEC6212,Patrick Mahomes,Kansas City Chiefs,0,,,New England Patriots,1,1,Pre-ETR,17.png
9,7,18,Travis Etienne Jr.,RB,Jacksonville Jaguars,COMOESTAS,Jared Goff,Detroit Lions,0,,,Arizona Cardinals,0,0,Pre-ETR,17.png
9,6,19,Chris Olave,WR,New Orleans Saints,DABK,Trevor Lawrence,Jacksonville Jaguars,0,,,Atlanta Falcons,0,0,Pre-ETR,17.png
9,5,20,DeVonta Smith,WR,Philadelphia Eagles,MTAPPER13,Jacoby Brissett,Arizona Cardinals,0,,,Dallas Cowboys,0,0,Pre-ETR,17.png
9,4,21,Chase Brown,RB,Cincinnati Bengals,MWALD50,Daniel Jones,Indianapolis Colts,0,,,New England Patriots,0,0,Pre-ETR,17.png
9,3,22,Justin Jefferson,WR,Minnesota Vikings,KRUTCHES93,Lamar Jackson,Baltimore Ravens,0,,,Green Bay Packers,0,0,Pre-ETR,17.png
9,2,23,Stefon Diggs,WR,New England Patriots,QBTHEKING22,Drake Maye,New England Patriots,1,,,Cincinnati Bengals,0,0,Pre-ETR,17.png
9,1,24,Travis Kelce,TE,Kansas City Chiefs,CBSUTTON3,Jordan Love,Green Bay Packers,0,,,Indianapolis Colts,1,1,Pre-ETR,17.png
9,1,25,George Pickens,WR,Dallas Cowboys,CBSUTTON3,Jordan Love,Green Bay Packers,0,,,Philadelphia Eagles,0,0,Pre-ETR,17.png
9,2,26,Drake Maye,QB,New England Patriots,QBTHEKING22,Drake Maye,New England Patriots,1,1,1,Cincinnati Bengals,0,0,Pre-ETR,17.png
9,3,27,Lamar Jackson,QB,Baltimore Ravens,KRUTCHES93,Lamar Jackson,Baltimore Ravens,1,0,0,New York Jets,0,0,Pre-ETR,17.png
9,4,28,Tyler Warren,TE,Indianapolis Colts,MWALD50,Daniel Jones,Indianapolis Colts,1,,,Kansas City Chiefs,1,1,Pre-ETR,17.png
9,5,29,D'Andre Swift,RB,Chicago Bears,MTAPPER13,Jacoby Brissett,Arizona Cardinals,0,,,Pittsburgh Steelers,0,0,Pre-ETR,17.png
9,6,30,Jameson Williams,WR,Detroit Lions,DABK,Trevor Lawrence,Jacksonville Jaguars,0,,,New York Giants,0,0,Pre-ETR,17.png
9,7,31,Jaylen Warren,RB,Pittsburgh Steelers,COMOESTAS,Jared Goff,Detroit Lions,0,,,Chicago Bears,0,0,Pre-ETR,17.png
9,8,32,Patrick Mahomes,QB,Kansas City Chiefs,MIKEC6212,Patrick Mahomes,Kansas City Chiefs,1,0,0,Indianapolis Colts,0,0,Pre-ETR,17.png
9,9,33,Zay Flowers,WR,Baltimore Ravens,JEWISHMCCAF,Dak Prescott,Dallas Cowboys,0,,,New York Jets,0,0,Pre-ETR,17.png
9,10,34,Jaxson Dart,QB,New York Giants,NEZ,Jaxson Dart,New York Giants,1,1,1,Detroit Lions,0,0,Pre-ETR,17.png
9,11,35,Breece Hall,RB,New York Jets,NOAHPETRO23,Caleb Williams,Chicago Bears,0,,,Baltimore Ravens,0,0,Pre-ETR,17.png
9,12,36,Ashton Jeanty,RB,Las Vegas Raiders,PLAYERQ,Jalen Hurts,Philadelphia Eagles,0,,,Cleveland Browns,0,0,Pre-ETR,17.png
9,12,37,Kenneth Walker III,RB,Seattle Seahawks,PLAYERQ,Jalen Hurts,Philadelphia Eagles,0,,,Tennessee Titans,0,0,Pre-ETR,17.png
9,11,38,Rome Odunze,WR,Chicago Bears,NOAHPETRO23,Caleb Williams,Chicago Bears,1,,,Pittsburgh Steelers,0,0,Pre-ETR,17.png
9,10,39,Wan'Dale Robinson,WR,New York Giants,NEZ,Jaxson Dart,New York Giants,1,,,Detroit Lions,0,0,Pre-ETR,17.png
9,9,40,Dak Prescott,QB,Dallas Cowboys,JEWISHMCCAF,Dak Prescott,Dallas Cowboys,1,0,0,Philadelphia Eagles,1,1,Pre-ETR,17.png
9,8,41,DK Metcalf,WR,Pittsburgh Steelers,MIKEC6212,Patrick Mahomes,Kansas City Chiefs,0,,,Chicago Bears,0,0,Pre-ETR,17.png
9,7,42,Michael Pittman Jr.,WR,Indianapolis Colts,COMOESTAS,Jared Goff,Detroit Lions,0,,,Kansas City Chiefs,0,0,Pre-ETR,17.png
9,6,43,Emanuel Wilson,RB,Green Bay Packers,DABK,Trevor Lawrence,Jacksonville Jaguars,0,,,Minnesota Vikings,0,0,Pre-ETR,17.png
9,5,44,Josh Jacobs,RB,Green Bay Packers,MTAPPER13,Jacoby Brissett,Arizona Cardinals,0,,,Minnesota Vikings,0,0,Pre-ETR,17.png
9,4,45,Xavier Worthy,WR,Kansas City Chiefs,MWALD50,Daniel Jones,Indianapolis Colts,0,,,Indianapolis Colts,2,1,Pre-ETR,17.png
9,3,46,Hunter Henry,TE,New England Patriots,KRUTCHES93,Lamar Jackson,Baltimore Ravens,0,,,Cincinnati Bengals,0,0,Pre-ETR,17.png
9,2,47,Dallas Goedert,TE,Philadelphia Eagles,QBTHEKING22,Drake Maye,New England Patriots,0,,,Dallas Cowboys,0,0,Pre-ETR,17.png
9,1,48,Aaron Jones,RB,Minnesota Vikings,CBSUTTON3,Jordan Love,Green Bay Packers,0,,,Green Bay Packers,2,1,Pre-ETR,17.png
9,1,49,Christian Watson,WR,Green Bay Packers,CBSUTTON3,Jordan Love,Green Bay Packers,1,,,Minnesota Vikings,1,1,Pre-ETR,17.png
9,2,50,Alvin Kamara,RB,New Orleans Saints,QBTHEKING22,Drake Maye,New England Patriots,0,,,Atlanta Falcons,1,1,Pre-ETR,17.png
9,3,51,Marvin Harrison,WR,Arizona Cardinals,KRUTCHES93,Lamar Jackson,Baltimore Ravens,0,,,Jacksonville Jaguars,0,0,Pre-ETR,17.png
9,4,52,Daniel Jones,QB,Indianapolis Colts,MWALD50,Daniel Jones,Indianapolis Colts,1,1,1,Kansas City Chiefs,1,1,Pre-ETR,17.png
9,5,53,Jacoby Brissett,QB,Arizona Cardinals,MTAPPER13,Jacoby Brissett,Arizona Cardinals,1,0,0,Jacksonville Jaguars,0,0,Pre-ETR,17.png
9,6,54,Michael Wilson,WR,Arizona Cardinals,DABK,Trevor Lawrence,Jacksonville Jaguars,0,,,Jacksonville Jaguars,1,1,Pre-ETR,17.png
9,7,55,Juwan Johnson,TE,New Orleans Saints,COMOESTAS,Jared Goff,Detroit Lions,0,,,Atlanta Falcons,0,0,Pre-ETR,17.png
9,8,56,Jake Ferguson,TE,Dallas Cowboys,MIKEC6212,Patrick Mahomes,Kansas City Chiefs,0,,,Philadelphia Eagles,0,0,Pre-ETR,17.png
9,9,57,Alec Pierce,WR,Indianapolis Colts,JEWISHMCCAF,Dak Prescott,Dallas Cowboys,0,,,Kansas City Chiefs,0,0,Pre-ETR,17.png
9,10,58,Brenton Strange,TE,Jacksonville Jaguars,NEZ,Jaxson Dart,New York Giants,0,,,Arizona Cardinals,0,0,Pre-ETR,17.png
9,11,59,Kyle Pitts,TE,Atlanta Falcons,NOAHPETRO23,Caleb Williams,Chicago Bears,0,,,New Orleans Saints,0,0,Pre-ETR,17.png
9,12,60,Mark Andrews,TE,Baltimore Ravens,PLAYERQ,Jalen Hurts,Philadelphia Eagles,0,,,New York Jets,0,0,Pre-ETR,17.png
9,12,61,Darnell Mooney,WR,Atlanta Falcons,PLAYERQ,Jalen Hurts,Philadelphia Eagles,0,,,New Orleans Saints,0,0,Pre-ETR,17.png
9,11,62,Caleb Williams,QB,Chicago Bears,NOAHPETRO23,Caleb Williams,Chicago Bears,1,1,1,Pittsburgh Steelers,0,0,Pre-ETR,17.png
9,10,63,Romeo Doubs,WR,Green Bay Packers,NEZ,Jaxson Dart,New York Giants,0,,,Minnesota Vikings,0,0,Pre-ETR,17.png
9,9,64,David Montgomery,RB,Detroit Lions,JEWISHMCCAF,Dak Prescott,Dallas Cowboys,0,,,New York Giants,0,0,Pre-ETR,17.png
9,8,65,Tyrone Tracy,RB,New York Giants,MIKEC6212,Patrick Mahomes,Kansas City Chiefs,0,,,Detroit Lions,0,0,Pre-ETR,17.png
9,7,66,Jared Goff,QB,Detroit Lions,COMOESTAS,Jared Goff,Detroit Lions,1,0,0,New York Giants,0,0,Pre-ETR,17.png
9,6,67,Trevor Lawrence,QB,Jacksonville Jaguars,DABK,Trevor Lawrence,Jacksonville Jaguars,1,0,0,Arizona Cardinals,2,1,Pre-ETR,17.png
9,5,68,Colston Loveland,TE,Chicago Bears,MTAPPER13,Jacoby Brissett,Arizona Cardinals,0,,,Pittsburgh Steelers,0,0,Pre-ETR,17.png
9,4,69,Brian Thomas,WR,Jacksonville Jaguars,MWALD50,Daniel Jones,Indianapolis Colts,0,,,Arizona Cardinals,0,0,Pre-ETR,17.png
9,3,70,Zach Charbonnet,RB,Seattle Seahawks,KRUTCHES93,Lamar Jackson,Baltimore Ravens,0,,,Tennessee Titans,0,0,Pre-ETR,17.png
9,2,71,D.J. Moore,WR,Chicago Bears,QBTHEKING22,Drake Maye,New England Patriots,0,,,Pittsburgh Steelers,0,0,Pre-ETR,17.png
9,1,72,Jordan Love,QB,Green Bay Packers,CBSUTTON3,Jordan Love,Green Bay Packers,1,1,1,Minnesota Vikings,1,1,Pre-ETR,17.png
10,1,1,Jahmyr Gibbs,RB,Detroit Lions,CGEEEEEE,Jared Goff,Detroit Lions,1,,,New York Giants,0,0,Pre-ETR,18.jpg
10,2,2,Jonathan Taylor,RB,Indianapolis Colts,NEZ,Daniel Jones,Indianapolis Colts,1,,,Kansas City Chiefs,0,0,Pre-ETR,18.jpg
10,3,3,Bijan Robinson,RB,Atlanta Falcons,BRIAN2EZ,Patrick Mahomes,Kansas City Chiefs,0,,,New Orleans Saints,1,1,Pre-ETR,18.jpg
10,4,4,Jaxon Smith-Njigba,WR,Seattle Seahawks,BUSTERSBOYS,Caleb Williams,Chicago Bears,0,,,Tennessee Titans,0,0,Pre-ETR,18.jpg
10,5,5,Amon-Ra St. Brown,WR,Detroit Lions,HOCKEYHOOLI,Jaxson Dart,New York Giants,0,,,New York Giants,2,1,Pre-ETR,18.jpg
10,6,6,Saquon Barkley,RB,Philadelphia Eagles,NOAHPETRO23,Drake Maye,New England Patriots,0,,,Dallas Cowboys,0,0,Pre-ETR,18.jpg
10,7,7,CeeDee Lamb,WR,Dallas Cowboys,STEVIEBEAR,Dak Prescott,Dallas Cowboys,1,,,Philadelphia Eagles,1,1,Pre-ETR,18.jpg
10,8,8,Trey McBride,TE,Arizona Cardinals,GFORGUMBY,J.J. McCarthy,Minnesota Vikings,0,,,Jacksonville Jaguars,0,0,Pre-ETR,18.jpg
10,9,9,Jalen Hurts,QB,Philadelphia Eagles,D4VE,Jalen Hurts,Philadelphia Eagles,1,0,0,Dallas Cowboys,1,1,Pre-ETR,18.jpg
10,10,10,Derrick Henry,RB,Baltimore Ravens,PATRICKBARN,Trevor Lawrence,Jacksonville Jaguars,0,,,New York Jets,0,0,Pre-ETR,18.jpg
10,11,11,TreVeyon Henderson,RB,New England Patriots,AHODANIEL,Lamar Jackson,Baltimore Ravens,0,,,Cincinnati Bengals,0,0,Pre-ETR,18.jpg
10,12,12,Rashee Rice,WR,Kansas City Chiefs,PLAYERQ,Sam Darnold,Seattle Seahawks,0,,,Indianapolis Colts,0,0,Pre-ETR,18.jpg
10,12,13,DeVonta Smith,WR,Philadelphia Eagles,PLAYERQ,Sam Darnold,Seattle Seahawks,0,,,Dallas Cowboys,0,0,Pre-ETR,18.jpg
10,11,14,Lamar Jackson,QB,Baltimore Ravens,AHODANIEL,Lamar Jackson,Baltimore Ravens,1,1,1,New York Jets,1,1,Pre-ETR,18.jpg
10,10,15,Brock Bowers,TE,Las Vegas Raiders,PATRICKBARN,Trevor Lawrence,Jacksonville Jaguars,0,,,Cleveland Browns,0,0,Pre-ETR,18.jpg
10,9,16,Javonte Williams,RB,Dallas Cowboys,D4VE,Jalen Hurts,Philadelphia Eagles,0,,,Philadelphia Eagles,1,1,Pre-ETR,18.jpg
10,8,17,Justin Jefferson,WR,Minnesota Vikings,GFORGUMBY,J.J. McCarthy,Minnesota Vikings,1,,,Green Bay Packers,1,1,Pre-ETR,18.jpg
10,7,18,A.J. Brown,WR,Philadelphia Eagles,STEVIEBEAR,Dak Prescott,Dallas Cowboys,0,,,Dallas Cowboys,3,1,Pre-ETR,18.jpg
10,6,19,Drake Maye,QB,New England Patriots,NOAHPETRO23,Drake Maye,New England Patriots,1,0,0,Cincinnati Bengals,0,0,Pre-ETR,18.jpg
10,5,20,Travis Etienne Jr.,RB,Jacksonville Jaguars,HOCKEYHOOLI,Jaxson Dart,New York Giants,0,,,Arizona Cardinals,0,0,Pre-ETR,18.jpg
10,4,21,Tee Higgins,WR,Cincinnati Bengals,BUSTERSBOYS,Caleb Williams,Chicago Bears,0,,,New England Patriots,0,0,Pre-ETR,18.jpg
10,3,22,Patrick Mahomes,QB,Kansas City Chiefs,BRIAN2EZ,Patrick Mahomes,Kansas City Chiefs,1,1,1,Indianapolis Colts,1,1,Pre-ETR,18.jpg
10,2,23,Chris Olave,WR,New Orleans Saints,NEZ,Daniel Jones,Indianapolis Colts,0,,,Atlanta Falcons,0,0,Pre-ETR,18.jpg
10,1,24,Quinshon Judkins,RB,Cleveland Browns,CGEEEEEE,Jared Goff,Detroit Lions,0,,,Las Vegas Raiders,0,0,Pre-ETR,18.jpg
10,1,25,George Pickens,WR,Dallas Cowboys,CGEEEEEE,Jared Goff,Detroit Lions,0,,,Philadelphia Eagles,0,0,Pre-ETR,18.jpg
10,2,26,Stefon Diggs,WR,New England Patriots,NEZ,Daniel Jones,Indianapolis Colts,0,,,Cincinnati Bengals,0,0,Pre-ETR,18.jpg
10,3,27,Ashton Jeanty,RB,Las Vegas Raiders,BRIAN2EZ,Patrick Mahomes,Kansas City Chiefs,0,,,Cleveland Browns,0,0,Pre-ETR,18.jpg
10,4,28,Tyler Warren,TE,Indianapolis Colts,BUSTERSBOYS,Caleb Williams,Chicago Bears,0,,,Kansas City Chiefs,0,0,Pre-ETR,18.jpg
10,5,29,Chase Brown,RB,Cincinnati Bengals,HOCKEYHOOLI,Jaxson Dart,New York Giants,0,,,New England Patriots,0,0,Pre-ETR,18.jpg
10,6,30,Josh Jacobs,RB,Green Bay Packers,NOAHPETRO23,Drake Maye,New England Patriots,0,,,Minnesota Vikings,0,0,Pre-ETR,18.jpg
10,7,31,Dak Prescott,QB,Dallas Cowboys,STEVIEBEAR,Dak Prescott,Dallas Cowboys,1,2,1,Philadelphia Eagles,1,1,Pre-ETR,18.jpg
10,8,32,Jameson Williams,WR,Detroit Lions,GFORGUMBY,J.J. McCarthy,Minnesota Vikings,0,,,New York Giants,0,0,Pre-ETR,18.jpg
10,9,33,Travis Kelce,TE,Kansas City Chiefs,D4VE,Jalen Hurts,Philadelphia Eagles,0,,,Indianapolis Colts,0,0,Pre-ETR,18.jpg
10,10,34,Zay Flowers,WR,Baltimore Ravens,PATRICKBARN,Trevor Lawrence,Jacksonville Jaguars,0,,,New York Jets,0,0,Pre-ETR,18.jpg
10,11,35,Breece Hall,RB,New York Jets,AHODANIEL,Lamar Jackson,Baltimore Ravens,0,,,Baltimore Ravens,2,1,Pre-ETR,18.jpg
10,12,36,Jaylen Warren,RB,Pittsburgh Steelers,PLAYERQ,Sam Darnold,Seattle Seahawks,0,,,Chicago Bears,0,0,Pre-ETR,18.jpg
10,12,37,Hunter Henry,TE,New England Patriots,PLAYERQ,Sam Darnold,Seattle Seahawks,0,,,Cincinnati Bengals,0,0,Pre-ETR,18.jpg
10,11,38,Rome Odunze,WR,Chicago Bears,AHODANIEL,Lamar Jackson,Baltimore Ravens,0,,,Pittsburgh Steelers,0,0,Pre-ETR,18.jpg
10,10,39,Kenneth Walker III,RB,Seattle Seahawks,PATRICKBARN,Trevor Lawrence,Jacksonville Jaguars,0,,,Tennessee Titans,0,0,Pre-ETR,18.jpg
10,9,40,DK Metcalf,WR,Pittsburgh Steelers,D4VE,Jalen Hurts,Philadelphia Eagles,0,,,Chicago Bears,0,0,Pre-ETR,18.jpg
10,8,41,D'Andre Swift,RB,Chicago Bears,GFORGUMBY,J.J. McCarthy,Minnesota Vikings,0,,,Pittsburgh Steelers,0,0,Pre-ETR,18.jpg
10,7,42,Jake Ferguson,TE,Dallas Cowboys,STEVIEBEAR,Dak Prescott,Dallas Cowboys,1,,,Philadelphia Eagles,1,1,Pre-ETR,18.jpg
10,6,43,Dallas Goedert,TE,Philadelphia Eagles,NOAHPETRO23,Drake Maye,New England Patriots,0,,,Dallas Cowboys,0,0,Pre-ETR,18.jpg
10,5,44,Jaxson Dart,QB,New York Giants,HOCKEYHOOLI,Jaxson Dart,New York Giants,1,1,1,Detroit Lions,1,1,Pre-ETR,18.jpg
10,4,45,David Montgomery,RB,Detroit Lions,BUSTERSBOYS,Caleb Williams,Chicago Bears,0,,,New York Giants,0,0,Pre-ETR,18.jpg
10,3,46,Xavier Worthy,WR,Kansas City Chiefs,BRIAN2EZ,Patrick Mahomes,Kansas City Chiefs,1,,,Indianapolis Colts,1,1,Pre-ETR,18.jpg
10,2,47,Daniel Jones,QB,Indianapolis Colts,NEZ,Daniel Jones,Indianapolis Colts,1,1,1,Kansas City Chiefs,0,0,Pre-ETR,18.jpg
10,1,48,Jared Goff,QB,Detroit Lions,CGEEEEEE,Jared Goff,Detroit Lions,1,2,1,New York Giants,0,0,Pre-ETR,18.jpg
10,1,49,Michael Wilson,WR,Arizona Cardinals,CGEEEEEE,Jared Goff,Detroit Lions,0,,,Jacksonville Jaguars,0,0,Pre-ETR,18.jpg
10,2,50,Aaron Jones,RB,Minnesota Vikings,NEZ,Daniel Jones,Indianapolis Colts,0,,,Green Bay Packers,0,0,Pre-ETR,18.jpg
10,3,51,Michael Pittman Jr.,WR,Indianapolis Colts,BRIAN2EZ,Patrick Mahomes,Kansas City Chiefs,0,,,Kansas City Chiefs,2,1,Pre-ETR,18.jpg
10,4,52,Caleb Williams,QB,Chicago Bears,BUSTERSBOYS,Caleb Williams,Chicago Bears,1,0,0,Pittsburgh Steelers,1,1,Pre-ETR,18.jpg
10,5,53,Wan'Dale Robinson,WR,New York Giants,HOCKEYHOOLI,Jaxson Dart,New York Giants,1,,,Detroit Lions,1,1,Pre-ETR,18.jpg
10,6,54,Marvin Harrison,WR,Arizona Cardinals,NOAHPETRO23,Drake Maye,New England Patriots,0,,,Jacksonville Jaguars,0,0,Pre-ETR,18.jpg
10,7,55,Alvin Kamara,RB,New Orleans Saints,STEVIEBEAR,Dak Prescott,Dallas Cowboys,0,,,Atlanta Falcons,1,1,Pre-ETR,18.jpg
10,8,56,Emanuel Wilson,RB,Green Bay Packers,GFORGUMBY,J.J. McCarthy,Minnesota Vikings,0,,,Minnesota Vikings,2,1,Pre-ETR,18.jpg
10,9,57,Rhamondre Stevenson,RB,New England Patriots,D4VE,Jalen Hurts,Philadelphia Eagles,0,,,Cincinnati Bengals,0,0,Pre-ETR,18.jpg
10,10,58,Brian Thomas,WR,Jacksonville Jaguars,PATRICKBARN,Trevor Lawrence,Jacksonville Jaguars,1,,,Arizona Cardinals,0,0,Pre-ETR,18.jpg
10,11,59,Mark Andrews,TE,Baltimore Ravens,AHODANIEL,Lamar Jackson,Baltimore Ravens,1,,,New York Jets,1,1,Pre-ETR,18.jpg
10,12,60,Sam Darnold,QB,Seattle Seahawks,PLAYERQ,Sam Darnold,Seattle Seahawks,1,1,1,Tennessee Titans,0,0,Pre-ETR,18.jpg
10,12,61,Rashid Shaheed,WR,Seattle Seahawks,PLAYERQ,Sam Darnold,Seattle Seahawks,1,,,Tennessee Titans,0,0,Pre-ETR,18.jpg
10,11,62,Jordan Addison,WR,Minnesota Vikings,AHODANIEL,Lamar Jackson,Baltimore Ravens,0,,,Green Bay Packers,0,0,Pre-ETR,18.jpg
10,10,63,Trevor Lawrence,QB,Jacksonville Jaguars,PATRICKBARN,Trevor Lawrence,Jacksonville Jaguars,1,1,1,Arizona Cardinals,0,0,Pre-ETR,18.jpg
10,9,64,Romeo Doubs,WR,Green Bay Packers,D4VE,Jalen Hurts,Philadelphia Eagles,0,,,Minnesota Vikings,0,0,Pre-ETR,18.jpg
10,8,65,J.J. McCarthy,QB,Minnesota Vikings,GFORGUMBY,J.J. McCarthy,Minnesota Vikings,1,1,1,Green Bay Packers,1,1,Pre-ETR,18.jpg
10,7,66,Darnell Mooney,WR,Atlanta Falcons,STEVIEBEAR,Dak Prescott,Dallas Cowboys,0,,,New Orleans Saints,1,1,Pre-ETR,18.jpg
10,6,67,Alec Pierce,WR,Indianapolis Colts,NOAHPETRO23,Drake Maye,New England Patriots,0,,,Kansas City Chiefs,0,0,Pre-ETR,18.jpg
10,5,68,Kyle Pitts,TE,Atlanta Falcons,HOCKEYHOOLI,Jaxson Dart,New York Giants,0,,,New Orleans Saints,0,0,Pre-ETR,18.jpg
10,4,69,Kenneth Gainwell,RB,Pittsburgh Steelers,BUSTERSBOYS,Caleb Williams,Chicago Bears,0,,,Chicago Bears,1,1,Pre-ETR,18.jpg
10,3,70,Juwan Johnson,TE,New Orleans Saints,BRIAN2EZ,Patrick Mahomes,Kansas City Chiefs,0,,,Atlanta Falcons,1,1,Pre-ETR,18.jpg
10,2,71,Brenton Strange,TE,Jacksonville Jaguars,NEZ,Daniel Jones,Indianapolis Colts,0,,,Arizona Cardinals,0,0,Pre-ETR,18.jpg
10,1,72,Brock Wright,TE,Detroit Lions,CGEEEEEE,Jared Goff,Detroit Lions,1,,,New York Giants,0,0,Pre-ETR,18.jpg
11,1,1,Jahmyr Gibbs,RB,Detroit Lions,NEZ,Trevor Lawrence,Jacksonville Jaguars,0,,,New York Giants,0,0,Pre-ETR,19.png
11,2,2,Amon-Ra St. Brown,WR,Detroit Lions,DYLANCASH22,Jared Goff,Detroit Lions,1,,,New York Giants,1,1,Pre-ETR,19.png
11,3,3,Jonathan Taylor,RB,Indianapolis Colts,BUSTERSBOYS,Drake Maye,New England Patriots,0,,,Kansas City Chiefs,0,0,Pre-ETR,19.png
11,4,4,Bijan Robinson,RB,Atlanta Falcons,JEWISHMCCAF,Daniel Jones,Indianapolis Colts,0,,,New Orleans Saints,1,1,Pre-ETR,19.png
11,5,5,Saquon Barkley,RB,Philadelphia Eagles,KRUTCHES93,Lamar Jackson,Baltimore Ravens,0,,,Dallas Cowboys,0,0,Pre-ETR,19.png
11,6,6,Jaxon Smith-Njigba,WR,Seattle Seahawks,KCPOLACK,Jacoby Brissett,Arizona Cardinals,0,,,Tennessee Titans,0,0,Pre-ETR,19.png
11,7,7,CeeDee Lamb,WR,Dallas Cowboys,SCHMOE330,Caleb Williams,Chicago Bears,0,,,Philadelphia Eagles,0,0,Pre-ETR,19.png
11,8,8,Derrick Henry,RB,Baltimore Ravens,CGEEEEEE,Dak Prescott,Dallas Cowboys,0,,,New York Jets,0,0,Pre-ETR,19.png
11,9,9,Jalen Hurts,QB,Philadelphia Eagles,LEE121503,Jalen Hurts,Philadelphia Eagles,1,1,1,Dallas Cowboys,1,1,Pre-ETR,19.png
11,10,10,TreVeyon Henderson,RB,New England Patriots,TOPSTATNFT,Patrick Mahomes,Kansas City Chiefs,0,,,Cincinnati Bengals,0,0,Pre-ETR,19.png
11,11,11,Trey McBride,TE,Arizona Cardinals,DPAC227,Jaxson Dart,New York Giants,0,,,Jacksonville Jaguars,0,0,Pre-ETR,19.png
11,12,12,Travis Etienne Jr.,RB,Jacksonville Jaguars,CHADCANDLES,Sam Darnold,Seattle Seahawks,0,,,Arizona Cardinals,0,0,Pre-ETR,19.png
11,12,13,Rashee Rice,WR,Kansas City Chiefs,CHADCANDLES,Sam Darnold,Seattle Seahawks,0,,,Indianapolis Colts,0,0,Pre-ETR,19.png
11,11,14,A.J. Brown,WR,Philadelphia Eagles,DPAC227,Jaxson Dart,New York Giants,0,,,Dallas Cowboys,0,0,Pre-ETR,19.png
11,10,15,Brock Bowers,TE,Las Vegas Raiders,TOPSTATNFT,Patrick Mahomes,Kansas City Chiefs,0,,,Cleveland Browns,0,0,Pre-ETR,19.png
11,9,16,Javonte Williams,RB,Dallas Cowboys,LEE121503,Jalen Hurts,Philadelphia Eagles,0,,,Philadelphia Eagles,2,1,Pre-ETR,19.png
11,8,17,Justin Jefferson,WR,Minnesota Vikings,CGEEEEEE,Dak Prescott,Dallas Cowboys,0,,,Green Bay Packers,0,0,Pre-ETR,19.png
11,7,18,George Pickens,WR,Dallas Cowboys,SCHMOE330,Caleb Williams,Chicago Bears,0,,,Philadelphia Eagles,0,0,Pre-ETR,19.png
11,6,19,Tee Higgins,WR,Cincinnati Bengals,KCPOLACK,Jacoby Brissett,Arizona Cardinals,0,,,New England Patriots,0,0,Pre-ETR,19.png
11,5,20,Lamar Jackson,QB,Baltimore Ravens,KRUTCHES93,Lamar Jackson,Baltimore Ravens,1,1,1,New York Jets,0,0,Pre-ETR,19.png
11,4,21,Chris Olave,WR,New Orleans Saints,JEWISHMCCAF,Daniel Jones,Indianapolis Colts,0,,,Atlanta Falcons,1,1,Pre-ETR,19.png
11,3,22,Drake Maye,QB,New England Patriots,BUSTERSBOYS,Drake Maye,New England Patriots,1,1,1,Cincinnati Bengals,0,0,Pre-ETR,19.png
11,2,23,Jameson Williams,WR,Detroit Lions,DYLANCASH22,Jared Goff,Detroit Lions,1,,,New York Giants,1,1,Pre-ETR,19.png
11,1,24,Jaylen Warren,RB,Pittsburgh Steelers,NEZ,Trevor Lawrence,Jacksonville Jaguars,0,,,Chicago Bears,0,0,Pre-ETR,19.png
11,1,25,Tyler Warren,TE,Indianapolis Colts,NEZ,Trevor Lawrence,Jacksonville Jaguars,0,,,Kansas City Chiefs,0,0,Pre-ETR,19.png
11,2,26,Kenneth Walker III,RB,Seattle Seahawks,DYLANCASH22,Jared Goff,Detroit Lions,0,,,Tennessee Titans,0,0,Pre-ETR,19.png
11,3,27,Zay Flowers,WR,Baltimore Ravens,BUSTERSBOYS,Drake Maye,New England Patriots,0,,,New York Jets,0,0,Pre-ETR,19.png
11,4,28,DeVonta Smith,WR,Philadelphia Eagles,JEWISHMCCAF,Daniel Jones,Indianapolis Colts,0,,,Dallas Cowboys,0,0,Pre-ETR,19.png
11,5,29,Stefon Diggs,WR,New England Patriots,KRUTCHES93,Lamar Jackson,Baltimore Ravens,0,,,Cincinnati Bengals,0,0,Pre-ETR,19.png
11,6,30,Chase Brown,RB,Cincinnati Bengals,KCPOLACK,Jacoby Brissett,Arizona Cardinals,0,,,New England Patriots,0,0,Pre-ETR,19.png
11,7,31,Rome Odunze,WR,Chicago Bears,SCHMOE330,Caleb Williams,Chicago Bears,1,,,Pittsburgh Steelers,0,0,Pre-ETR,19.png
11,8,32,Quinshon Judkins,RB,Cleveland Browns,CGEEEEEE,Dak Prescott,Dallas Cowboys,0,,,Las Vegas Raiders,0,0,Pre-ETR,19.png
11,9,33,Breece Hall,RB,New York Jets,LEE121503,Jalen Hurts,Philadelphia Eagles,0,,,Baltimore Ravens,0,0,Pre-ETR,19.png
11,10,34,Patrick Mahomes,QB,Kansas City Chiefs,TOPSTATNFT,Patrick Mahomes,Kansas City Chiefs,1,0,0,Indianapolis Colts,2,1,Pre-ETR,19.png
11,11,35,Ashton Jeanty,RB,Las Vegas Raiders,DPAC227,Jaxson Dart,New York Giants,0,,,Cleveland Browns,0,0,Pre-ETR,19.png
11,12,36,Emanuel Wilson,RB,Green Bay Packers,CHADCANDLES,Sam Darnold,Seattle Seahawks,0,,,Minnesota Vikings,0,0,Pre-ETR,19.png
11,12,37,DK Metcalf,WR,Pittsburgh Steelers,CHADCANDLES,Sam Darnold,Seattle Seahawks,0,,,Chicago Bears,0,0,Pre-ETR,19.png
11,11,38,Jaxson Dart,QB,New York Giants,DPAC227,Jaxson Dart,New York Giants,1,1,1,Detroit Lions,0,0,Pre-ETR,19.png
11,10,39,Michael Pittman Jr.,WR,Indianapolis Colts,TOPSTATNFT,Patrick Mahomes,Kansas City Chiefs,0,,,Kansas City Chiefs,1,1,Pre-ETR,19.png
11,9,40,Dallas Goedert,TE,Philadelphia Eagles,LEE121503,Jalen Hurts,Philadelphia Eagles,1,,,Dallas Cowboys,1,1,Pre-ETR,19.png
11,8,41,Dak Prescott,QB,Dallas Cowboys,CGEEEEEE,Dak Prescott,Dallas Cowboys,1,1,1,Philadelphia Eagles,0,0,Pre-ETR,19.png
11,7,42,Aaron Jones,RB,Minnesota Vikings,SCHMOE330,Caleb Williams,Chicago Bears,0,,,Green Bay Packers,0,0,Pre-ETR,19.png
11,6,43,D'Andre Swift,RB,Chicago Bears,KCPOLACK,Jacoby Brissett,Arizona Cardinals,0,,,Pittsburgh Steelers,0,0,Pre-ETR,19.png
11,5,44,Josh Jacobs,RB,Green Bay Packers,KRUTCHES93,Lamar Jackson,Baltimore Ravens,0,,,Minnesota Vikings,0,0,Pre-ETR,19.png
11,4,45,Travis Kelce,TE,Kansas City Chiefs,JEWISHMCCAF,Daniel Jones,Indianapolis Colts,0,,,Indianapolis Colts,1,1,Pre-ETR,19.png
11,3,46,David Montgomery,RB,Detroit Lions,BUSTERSBOYS,Drake Maye,New England Patriots,0,,,New York Giants,0,0,Pre-ETR,19.png
11,2,47,Jared Goff,QB,Detroit Lions,DYLANCASH22,Jared Goff,Detroit Lions,1,2,1,New York Giants,1,1,Pre-ETR,19.png
11,1,48,Trevor Lawrence,QB,Jacksonville Jaguars,NEZ,Trevor Lawrence,Jacksonville Jaguars,1,2,1,Arizona Cardinals,0,0,Pre-ETR,19.png
11,1,49,Brian Thomas,WR,Jacksonville Jaguars,NEZ,Trevor Lawrence,Jacksonville Jaguars,1,,,Arizona Cardinals,0,0,Pre-ETR,19.png
11,2,50,Xavier Worthy,WR,Kansas City Chiefs,DYLANCASH22,Jared Goff,Detroit Lions,0,,,Indianapolis Colts,0,0,Pre-ETR,19.png
11,3,51,Hunter Henry,TE,New England Patriots,BUSTERSBOYS,Drake Maye,New England Patriots,1,,,Cincinnati Bengals,0,0,Pre-ETR,19.png
11,4,52,Michael Wilson,WR,Arizona Cardinals,JEWISHMCCAF,Daniel Jones,Indianapolis Colts,0,,,Jacksonville Jaguars,0,0,Pre-ETR,19.png
11,5,53,Mark Andrews,TE,Baltimore Ravens,KRUTCHES93,Lamar Jackson,Baltimore Ravens,1,,,New York Jets,0,0,Pre-ETR,19.png
11,6,54,Kyle Pitts,TE,Atlanta Falcons,KCPOLACK,Jacoby Brissett,Arizona Cardinals,0,,,New Orleans Saints,0,0,Pre-ETR,19.png
11,7,55,Caleb Williams,QB,Chicago Bears,SCHMOE330,Caleb Williams,Chicago Bears,1,1,1,Pittsburgh Steelers,0,0,Pre-ETR,19.png
11,8,56,Jake Ferguson,TE,Dallas Cowboys,CGEEEEEE,Dak Prescott,Dallas Cowboys,1,,,Philadelphia Eagles,0,0,Pre-ETR,19.png
11,9,57,Darnell Mooney,WR,Atlanta Falcons,LEE121503,Jalen Hurts,Philadelphia Eagles,0,,,New Orleans Saints,0,0,Pre-ETR,19.png
11,10,58,Alec Pierce,WR,Indianapolis Colts,TOPSTATNFT,Patrick Mahomes,Kansas City Chiefs,0,,,Kansas City Chiefs,1,1,Pre-ETR,19.png
11,11,59,Wan'Dale Robinson,WR,New York Giants,DPAC227,Jaxson Dart,New York Giants,1,,,Detroit Lions,0,0,Pre-ETR,19.png
11,12,60,AJ Barner,TE,Seattle Seahawks,CHADCANDLES,Sam Darnold,Seattle Seahawks,1,,,Tennessee Titans,0,0,Pre-ETR,19.png
11,12,61,Sam Darnold,QB,Seattle Seahawks,CHADCANDLES,Sam Darnold,Seattle Seahawks,1,1,1,Tennessee Titans,0,0,Pre-ETR,19.png
11,11,62,Alvin Kamara,RB,New Orleans Saints,DPAC227,Jaxson Dart,New York Giants,0,,,Atlanta Falcons,0,0,Pre-ETR,19.png
11,10,63,Christian Watson,WR,Green Bay Packers,TOPSTATNFT,Patrick Mahomes,Kansas City Chiefs,0,,,Minnesota Vikings,0,0,Pre-ETR,19.png
11,9,64,Marvin Harrison,WR,Arizona Cardinals,LEE121503,Jalen Hurts,Philadelphia Eagles,0,,,Jacksonville Jaguars,0,0,Pre-ETR,19.png
11,8,65,Kayshon Boutte,WR,New England Patriots,CGEEEEEE,Dak Prescott,Dallas Cowboys,0,,,Cincinnati Bengals,0,0,Pre-ETR,19.png
11,7,66,Juwan Johnson,TE,New Orleans Saints,SCHMOE330,Caleb Williams,Chicago Bears,0,,,Atlanta Falcons,0,0,Pre-ETR,19.png
11,6,67,Jacoby Brissett,QB,Arizona Cardinals,KCPOLACK,Jacoby Brissett,Arizona Cardinals,1,0,0,Jacksonville Jaguars,0,0,Pre-ETR,19.png
11,5,68,Tre Tucker,WR,Las Vegas Raiders,KRUTCHES93,Lamar Jackson,Baltimore Ravens,0,,,Cleveland Browns,0,0,Pre-ETR,19.png
11,4,69,Daniel Jones,QB,Indianapolis Colts,JEWISHMCCAF,Daniel Jones,Indianapolis Colts,1,0,0,Kansas City Chiefs,1,1,Pre-ETR,19.png
11,3,70,Romeo Doubs,WR,Green Bay Packers,BUSTERSBOYS,Drake Maye,New England Patriots,0,,,Minnesota Vikings,0,0,Pre-ETR,19.png
11,2,71,Theo Johnson,TE,New York Giants,DYLANCASH22,Jared Goff,Detroit Lions,0,,,Detroit Lions,3,1,Pre-ETR,19.png
11,1,72,Jakobi Meyers,WR,Jacksonville Jaguars,NEZ,Trevor Lawrence,Jacksonville Jaguars,1,,,Arizona Cardinals,0,0,Pre-ETR,19.png
12,1,1,Jonathan Taylor,RB,Indianapolis Colts,EGGERS3,Jacoby Brissett,Arizona Cardinals,0,,,Kansas City Chiefs,0,0,Pre-ETR,2.png
12,2,2,Jahmyr Gibbs,RB,Detroit Lions,KRUTCHES93,Drake Maye,New England Patriots,0,,,New York Giants,0,0,Pre-ETR,2.png
12,3,3,Bijan Robinson,RB,Atlanta Falcons,PATRICKBARN,Lamar Jackson,Baltimore Ravens,0,,,New Orleans Saints,0,0,Pre-ETR,2.png
12,4,4,Jaxon Smith-Njigba,WR,Seattle Seahawks,VOGEYBERRA8,Sam Darnold,Seattle Seahawks,1,,,Tennessee Titans,0,0,Pre-ETR,2.png
12,5,5,Saquon Barkley,RB,Philadelphia Eagles,EZ116,Jalen Hurts,Philadelphia Eagles,1,,,Dallas Cowboys,1,1,Pre-ETR,2.png
12,6,6,CeeDee Lamb,WR,Dallas Cowboys,JASTA29,Patrick Mahomes,Kansas City Chiefs,0,,,Philadelphia Eagles,0,0,Pre-ETR,2.png
12,7,7,Trey McBride,TE,Arizona Cardinals,SND99,Daniel Jones,Indianapolis Colts,0,,,Jacksonville Jaguars,1,1,Pre-ETR,2.png
12,8,8,Amon-Ra St. Brown,WR,Detroit Lions,GFORGUMBY,Dak Prescott,Dallas Cowboys,0,,,New York Giants,0,0,Pre-ETR,2.png
12,9,9,Derrick Henry,RB,Baltimore Ravens,NEZ,Jared Goff,Detroit Lions,0,,,New York Jets,0,0,Pre-ETR,2.png
12,10,10,Rashee Rice,WR,Kansas City Chiefs,BUSTERSBOYS,Caleb Williams,Chicago Bears,0,,,Indianapolis Colts,1,1,Pre-ETR,2.png
12,11,11,Javonte Williams,RB,Dallas Cowboys,CHADCANDLES,Jaxson Dart,New York Giants,0,,,Philadelphia Eagles,0,0,Pre-ETR,2.png
12,12,12,TreVeyon Henderson,RB,New England Patriots,SCHWEC03,Joe Flacco,Cincinnati Bengals,0,,,Cincinnati Bengals,2,1,Pre-ETR,2.png
12,12,13,Ja'Marr Chase,WR,Cincinnati Bengals,SCHWEC03,Joe Flacco,Cincinnati Bengals,1,,,New England Patriots,1,1,Pre-ETR,2.png
12,11,14,Brock Bowers,TE,Las Vegas Raiders,CHADCANDLES,Jaxson Dart,New York Giants,0,,,Cleveland Browns,0,0,Pre-ETR,2.png
12,10,15,Quinshon Judkins,RB,Cleveland Browns,BUSTERSBOYS,Caleb Williams,Chicago Bears,0,,,Las Vegas Raiders,0,0,Pre-ETR,2.png
12,9,16,A.J. Brown,WR,Philadelphia Eagles,NEZ,Jared Goff,Detroit Lions,0,,,Dallas Cowboys,0,0,Pre-ETR,2.png
12,8,17,Chase Brown,RB,Cincinnati Bengals,GFORGUMBY,Dak Prescott,Dallas Cowboys,0,,,New England Patriots,1,1,Pre-ETR,2.png
12,7,18,Travis Etienne Jr.,RB,Jacksonville Jaguars,SND99,Daniel Jones,Indianapolis Colts,0,,,Arizona Cardinals,1,1,Pre-ETR,2.png
12,6,19,Jaylen Warren,RB,Pittsburgh Steelers,JASTA29,Patrick Mahomes,Kansas City Chiefs,0,,,Chicago Bears,1,1,Pre-ETR,2.png
12,5,20,Jalen Hurts,QB,Philadelphia Eagles,EZ116,Jalen Hurts,Philadelphia Eagles,1,2,1,Dallas Cowboys,1,1,Pre-ETR,2.png
12,4,21,Ashton Jeanty,RB,Las Vegas Raiders,VOGEYBERRA8,Sam Darnold,Seattle Seahawks,0,,,Cleveland Browns,0,0,Pre-ETR,2.png
12,3,22,Lamar Jackson,QB,Baltimore Ravens,PATRICKBARN,Lamar Jackson,Baltimore Ravens,1,1,1,New York Jets,0,0,Pre-ETR,2.png
12,2,23,Justin Jefferson,WR,Minnesota Vikings,KRUTCHES93,Drake Maye,New England Patriots,0,,,Green Bay Packers,1,1,Pre-ETR,2.png
12,1,24,Chris Olave,WR,New Orleans Saints,EGGERS3,Jacoby Brissett,Arizona Cardinals,0,,,Atlanta Falcons,0,0,Pre-ETR,2.png
12,1,25,Stefon Diggs,WR,New England Patriots,EGGERS3,Jacoby Brissett,Arizona Cardinals,0,,,Cincinnati Bengals,0,0,Pre-ETR,2.png
12,2,26,Drake Maye,QB,New England Patriots,KRUTCHES93,Drake Maye,New England Patriots,1,1,1,Cincinnati Bengals,0,0,Pre-ETR,2.png
12,3,27,Zay Flowers,WR,Baltimore Ravens,PATRICKBARN,Lamar Jackson,Baltimore Ravens,1,,,New York Jets,0,0,Pre-ETR,2.png
12,4,28,Tee Higgins,WR,Cincinnati Bengals,VOGEYBERRA8,Sam Darnold,Seattle Seahawks,0,,,New England Patriots,0,0,Pre-ETR,2.png
12,5,29,George Pickens,WR,Dallas Cowboys,EZ116,Jalen Hurts,Philadelphia Eagles,0,,,Philadelphia Eagles,3,1,Pre-ETR,2.png
12,6,30,Patrick Mahomes,QB,Kansas City Chiefs,JASTA29,Patrick Mahomes,Kansas City Chiefs,1,1,1,Indianapolis Colts,0,0,Pre-ETR,2.png
12,7,31,Jameson Williams,WR,Detroit Lions,SND99,Daniel Jones,Indianapolis Colts,0,,,New York Giants,0,0,Pre-ETR,2.png
12,8,32,DeVonta Smith,WR,Philadelphia Eagles,GFORGUMBY,Dak Prescott,Dallas Cowboys,0,,,Dallas Cowboys,1,1,Pre-ETR,2.png
12,9,33,Kenneth Walker III,RB,Seattle Seahawks,NEZ,Jared Goff,Detroit Lions,0,,,Tennessee Titans,0,0,Pre-ETR,2.png
12,10,34,Tyler Warren,TE,Indianapolis Colts,BUSTERSBOYS,Caleb Williams,Chicago Bears,0,,,Kansas City Chiefs,1,1,Pre-ETR,2.png
12,11,35,Jaxson Dart,QB,New York Giants,CHADCANDLES,Jaxson Dart,New York Giants,1,1,1,Detroit Lions,0,0,Pre-ETR,2.png
12,12,36,Breece Hall,RB,New York Jets,SCHWEC03,Joe Flacco,Cincinnati Bengals,0,,,Baltimore Ravens,0,0,Pre-ETR,2.png
12,12,37,Travis Kelce,TE,Kansas City Chiefs,SCHWEC03,Joe Flacco,Cincinnati Bengals,0,,,Indianapolis Colts,0,0,Pre-ETR,2.png
12,11,38,Wan'Dale Robinson,WR,New York Giants,CHADCANDLES,Jaxson Dart,New York Giants,1,,,Detroit Lions,0,0,Pre-ETR,2.png
12,10,39,Rome Odunze,WR,Chicago Bears,BUSTERSBOYS,Caleb Williams,Chicago Bears,1,,,Pittsburgh Steelers,0,0,Pre-ETR,2.png
12,9,40,Jared Goff,QB,Detroit Lions,NEZ,Jared Goff,Detroit Lions,1,1,1,New York Giants,0,0,Pre-ETR,2.png
12,8,41,Hunter Henry,TE,New England Patriots,GFORGUMBY,Dak Prescott,Dallas Cowboys,0,,,Cincinnati Bengals,1,1,Pre-ETR,2.png
12,7,42,DK Metcalf,WR,Pittsburgh Steelers,SND99,Daniel Jones,Indianapolis Colts,0,,,Chicago Bears,0,0,Pre-ETR,2.png
12,6,43,Xavier Worthy,WR,Kansas City Chiefs,JASTA29,Patrick Mahomes,Kansas City Chiefs,1,,,Indianapolis Colts,0,0,Pre-ETR,2.png
12,5,44,Dallas Goedert,TE,Philadelphia Eagles,EZ116,Jalen Hurts,Philadelphia Eagles,1,,,Dallas Cowboys,1,1,Pre-ETR,2.png
12,4,45,D'Andre Swift,RB,Chicago Bears,VOGEYBERRA8,Sam Darnold,Seattle Seahawks,0,,,Pittsburgh Steelers,0,0,Pre-ETR,2.png
12,3,46,Emanuel Wilson,RB,Green Bay Packers,PATRICKBARN,Lamar Jackson,Baltimore Ravens,0,,,Minnesota Vikings,0,0,Pre-ETR,2.png
12,2,47,Jake Ferguson,TE,Dallas Cowboys,KRUTCHES93,Drake Maye,New England Patriots,0,,,Philadelphia Eagles,0,0,Pre-ETR,2.png
12,1,48,Jacoby Brissett,QB,Arizona Cardinals,EGGERS3,Jacoby Brissett,Arizona Cardinals,1,0,0,Jacksonville Jaguars,0,0,Pre-ETR,2.png
12,1,49,Mark Andrews,TE,Baltimore Ravens,EGGERS3,Jacoby Brissett,Arizona Cardinals,0,,,New York Jets,0,0,Pre-ETR,2.png
12,2,50,Josh Jacobs,RB,Green Bay Packers,KRUTCHES93,Drake Maye,New England Patriots,0,,,Minnesota Vikings,1,1,Pre-ETR,2.png
12,3,51,Kyle Pitts,TE,Atlanta Falcons,PATRICKBARN,Lamar Jackson,Baltimore Ravens,0,,,New Orleans Saints,0,0,Pre-ETR,2.png
12,4,52,Sam Darnold,QB,Seattle Seahawks,VOGEYBERRA8,Sam Darnold,Seattle Seahawks,1,2,1,Tennessee Titans,0,0,Pre-ETR,2.png
12,5,53,Aaron Jones,RB,Minnesota Vikings,EZ116,Jalen Hurts,Philadelphia Eagles,0,,,Green Bay Packers,0,0,Pre-ETR,2.png
12,6,54,David Montgomery,RB,Detroit Lions,JASTA29,Patrick Mahomes,Kansas City Chiefs,0,,,New York Giants,0,0,Pre-ETR,2.png
12,7,55,Daniel Jones,QB,Indianapolis Colts,SND99,Daniel Jones,Indianapolis Colts,1,1,1,Kansas City Chiefs,0,0,Pre-ETR,2.png
12,8,56,Dak Prescott,QB,Dallas Cowboys,GFORGUMBY,Dak Prescott,Dallas Cowboys,1,0,0,Philadelphia Eagles,1,1,Pre-ETR,2.png
12,9,57,Romeo Doubs,WR,Green Bay Packers,NEZ,Jared Goff,Detroit Lions,0,,,Minnesota Vikings,0,0,Pre-ETR,2.png
12,10,58,Caleb Williams,QB,Chicago Bears,BUSTERSBOYS,Caleb Williams,Chicago Bears,1,1,1,Pittsburgh Steelers,0,0,Pre-ETR,2.png
12,11,59,Michael Wilson,WR,Arizona Cardinals,CHADCANDLES,Jaxson Dart,New York Giants,0,,,Jacksonville Jaguars,0,0,Pre-ETR,2.png
12,12,60,Joe Flacco,QB,Cincinnati Bengals,SCHWEC03,Joe Flacco,Cincinnati Bengals,1,1,1,New England Patriots,1,1,Pre-ETR,2.png
12,12,61,Brian Thomas,WR,Jacksonville Jaguars,SCHWEC03,Joe Flacco,Cincinnati Bengals,0,,,Arizona Cardinals,0,0,Pre-ETR,2.png
12,11,62,Kenneth Gainwell,RB,Pittsburgh Steelers,CHADCANDLES,Jaxson Dart,New York Giants,0,,,Chicago Bears,0,0,Pre-ETR,2.png
12,10,63,Jordan Addison,WR,Minnesota Vikings,BUSTERSBOYS,Caleb Williams,Chicago Bears,0,,,Green Bay Packers,0,0,Pre-ETR,2.png
12,9,64,Brock Wright,TE,Detroit Lions,NEZ,Jared Goff,Detroit Lions,1,,,New York Giants,0,0,Pre-ETR,2.png
12,8,65,Alvin Kamara,RB,New Orleans Saints,GFORGUMBY,Dak Prescott,Dallas Cowboys,0,,,Atlanta Falcons,0,0,Pre-ETR,2.png
12,7,66,Alec Pierce,WR,Indianapolis Colts,SND99,Daniel Jones,Indianapolis Colts,1,,,Kansas City Chiefs,0,0,Pre-ETR,2.png
12,6,67,Colston Loveland,TE,Chicago Bears,JASTA29,Patrick Mahomes,Kansas City Chiefs,0,,,Pittsburgh Steelers,1,1,Pre-ETR,2.png
12,5,68,Michael Pittman Jr.,WR,Indianapolis Colts,EZ116,Jalen Hurts,Philadelphia Eagles,0,,,Kansas City Chiefs,0,0,Pre-ETR,2.png
12,4,69,AJ Barner,TE,Seattle Seahawks,VOGEYBERRA8,Sam Darnold,Seattle Seahawks,1,,,Tennessee Titans,0,0,Pre-ETR,2.png
12,3,70,Darnell Mooney,WR,Atlanta Falcons,PATRICKBARN,Lamar Jackson,Baltimore Ravens,0,,,New Orleans Saints,0,0,Pre-ETR,2.png
12,2,71,Kayshon Boutte,WR,New England Patriots,KRUTCHES93,Drake Maye,New England Patriots,1,,,Cincinnati Bengals,0,0,Pre-ETR,2.png
12,1,72,Tyrone Tracy,RB,New York Giants,EGGERS3,Jacoby Brissett,Arizona Cardinals,0,,,Detroit Lions,0,0,Pre-ETR,2.png
13,1,1,Jahmyr Gibbs,RB,Detroit Lions,KRUTCHES93,Caleb Williams,Chicago Bears,0,,,New York Giants,0,0,Pre-ETR,20.png
13,2,2,Jonathan Taylor,RB,Indianapolis Colts,NEZ,Dak Prescott,Dallas Cowboys,0,,,Kansas City Chiefs,0,0,Pre-ETR,20.png
13,3,3,Bijan Robinson,RB,Atlanta Falcons,LEE121503,Jaxson Dart,New York Giants,0,,,New Orleans Saints,0,0,Pre-ETR,20.png
13,4,4,Jaxon Smith-Njigba,WR,Seattle Seahawks,CHADCANDLES,Sam Darnold,Seattle Seahawks,1,,,Tennessee Titans,0,0,Pre-ETR,20.png
13,5,5,Amon-Ra St. Brown,WR,Detroit Lions,BUSTERSBOYS,Lamar Jackson,Baltimore Ravens,0,,,New York Giants,1,1,Pre-ETR,20.png
13,6,6,Saquon Barkley,RB,Philadelphia Eagles,LENKEITH,Drake Maye,New England Patriots,0,,,Dallas Cowboys,0,0,Pre-ETR,20.png
13,7,7,CeeDee Lamb,WR,Dallas Cowboys,JTBINEGAR2,Trevor Lawrence,Jacksonville Jaguars,0,,,Philadelphia Eagles,0,0,Pre-ETR,20.png
13,8,8,Jalen Hurts,QB,Philadelphia Eagles,CUTCUTLER,Jalen Hurts,Philadelphia Eagles,1,1,1,Dallas Cowboys,1,1,Pre-ETR,20.png
13,9,9,Trey McBride,TE,Arizona Cardinals,PATMOORE967,Patrick Mahomes,Kansas City Chiefs,0,,,Jacksonville Jaguars,0,0,Pre-ETR,20.png
13,10,10,Derrick Henry,RB,Baltimore Ravens,DYLANCASH22,Jacoby Brissett,Arizona Cardinals,0,,,New York Jets,0,0,Pre-ETR,20.png
13,11,11,Rashee Rice,WR,Kansas City Chiefs,JEWISHMCCAF,Jared Goff,Detroit Lions,0,,,Indianapolis Colts,0,0,Pre-ETR,20.png
13,12,12,TreVeyon Henderson,RB,New England Patriots,JDUBS1035,Jordan Love,Green Bay Packers,0,,,Cincinnati Bengals,0,0,Pre-ETR,20.png
13,12,13,Travis Etienne Jr.,RB,Jacksonville Jaguars,JDUBS1035,Jordan Love,Green Bay Packers,0,,,Arizona Cardinals,0,0,Pre-ETR,20.png
13,11,14,Javonte Williams,RB,Dallas Cowboys,JEWISHMCCAF,Jared Goff,Detroit Lions,0,,,Philadelphia Eagles,0,0,Pre-ETR,20.png
13,10,15,A.J. Brown,WR,Philadelphia Eagles,DYLANCASH22,Jacoby Brissett,Arizona Cardinals,0,,,Dallas Cowboys,0,0,Pre-ETR,20.png
13,9,16,Quinshon Judkins,RB,Cleveland Browns,PATMOORE967,Patrick Mahomes,Kansas City Chiefs,0,,,Las Vegas Raiders,0,0,Pre-ETR,20.png
13,8,17,George Pickens,WR,Dallas Cowboys,CUTCUTLER,Jalen Hurts,Philadelphia Eagles,0,,,Philadelphia Eagles,2,1,Pre-ETR,20.png
13,7,18,Brock Bowers,TE,Las Vegas Raiders,JTBINEGAR2,Trevor Lawrence,Jacksonville Jaguars,0,,,Cleveland Browns,0,0,Pre-ETR,20.png
13,6,19,Drake Maye,QB,New England Patriots,LENKEITH,Drake Maye,New England Patriots,1,1,1,Cincinnati Bengals,0,0,Pre-ETR,20.png
13,5,20,Lamar Jackson,QB,Baltimore Ravens,BUSTERSBOYS,Lamar Jackson,Baltimore Ravens,1,1,1,New York Jets,0,0,Pre-ETR,20.png
13,4,21,Chris Olave,WR,New Orleans Saints,CHADCANDLES,Sam Darnold,Seattle Seahawks,0,,,Atlanta Falcons,0,0,Pre-ETR,20.png
13,3,22,Tyler Warren,TE,Indianapolis Colts,LEE121503,Jaxson Dart,New York Giants,0,,,Kansas City Chiefs,0,0,Pre-ETR,20.png
13,2,23,Justin Jefferson,WR,Minnesota Vikings,NEZ,Dak Prescott,Dallas Cowboys,0,,,Green Bay Packers,0,0,Pre-ETR,20.png
13,1,24,Jameson Williams,WR,Detroit Lions,KRUTCHES93,Caleb Williams,Chicago Bears,0,,,New York Giants,0,0,Pre-ETR,20.png
13,1,25,Tee Higgins,WR,Cincinnati Bengals,KRUTCHES93,Caleb Williams,Chicago Bears,0,,,New England Patriots,0,0,Pre-ETR,20.png
13,2,26,DeVonta Smith,WR,Philadelphia Eagles,NEZ,Dak Prescott,Dallas Cowboys,0,,,Dallas Cowboys,2,1,Pre-ETR,20.png
13,3,27,Chase Brown,RB,Cincinnati Bengals,LEE121503,Jaxson Dart,New York Giants,0,,,New England Patriots,0,0,Pre-ETR,20.png
13,4,28,Ashton Jeanty,RB,Las Vegas Raiders,CHADCANDLES,Sam Darnold,Seattle Seahawks,0,,,Cleveland Browns,0,0,Pre-ETR,20.png
13,5,29,Zay Flowers,WR,Baltimore Ravens,BUSTERSBOYS,Lamar Jackson,Baltimore Ravens,1,,,New York Jets,0,0,Pre-ETR,20.png
13,6,30,Stefon Diggs,WR,New England Patriots,LENKEITH,Drake Maye,New England Patriots,1,,,Cincinnati Bengals,0,0,Pre-ETR,20.png
13,7,31,D'Andre Swift,RB,Chicago Bears,JTBINEGAR2,Trevor Lawrence,Jacksonville Jaguars,0,,,Pittsburgh Steelers,1,1,Pre-ETR,20.png
13,8,32,Dallas Goedert,TE,Philadelphia Eagles,CUTCUTLER,Jalen Hurts,Philadelphia Eagles,1,,,Dallas Cowboys,1,1,Pre-ETR,20.png
13,9,33,Patrick Mahomes,QB,Kansas City Chiefs,PATMOORE967,Patrick Mahomes,Kansas City Chiefs,1,1,1,Indianapolis Colts,1,1,Pre-ETR,20.png
13,10,34,Travis Kelce,TE,Kansas City Chiefs,DYLANCASH22,Jacoby Brissett,Arizona Cardinals,0,,,Indianapolis Colts,0,0,Pre-ETR,20.png
13,11,35,Jared Goff,QB,Detroit Lions,JEWISHMCCAF,Jared Goff,Detroit Lions,1,0,0,New York Giants,0,0,Pre-ETR,20.png
13,12,36,Hunter Henry,TE,New England Patriots,JDUBS1035,Jordan Love,Green Bay Packers,0,,,Cincinnati Bengals,0,0,Pre-ETR,20.png
13,12,37,Rome Odunze,WR,Chicago Bears,JDUBS1035,Jordan Love,Green Bay Packers,0,,,Pittsburgh Steelers,0,0,Pre-ETR,20.png
13,11,38,Breece Hall,RB,New York Jets,JEWISHMCCAF,Jared Goff,Detroit Lions,0,,,Baltimore Ravens,1,1,Pre-ETR,20.png
13,10,39,Kenneth Walker III,RB,Seattle Seahawks,DYLANCASH22,Jacoby Brissett,Arizona Cardinals,0,,,Tennessee Titans,0,0,Pre-ETR,20.png
13,9,40,Xavier Worthy,WR,Kansas City Chiefs,PATMOORE967,Patrick Mahomes,Kansas City Chiefs,1,,,Indianapolis Colts,1,1,Pre-ETR,20.png
13,8,41,Michael Wilson,WR,Arizona Cardinals,CUTCUTLER,Jalen Hurts,Philadelphia Eagles,0,,,Jacksonville Jaguars,1,1,Pre-ETR,20.png
13,7,42,DK Metcalf,WR,Pittsburgh Steelers,JTBINEGAR2,Trevor Lawrence,Jacksonville Jaguars,0,,,Chicago Bears,1,1,Pre-ETR,20.png
13,6,43,Jaylen Warren,RB,Pittsburgh Steelers,LENKEITH,Drake Maye,New England Patriots,0,,,Chicago Bears,0,0,Pre-ETR,20.png
13,5,44,David Montgomery,RB,Detroit Lions,BUSTERSBOYS,Lamar Jackson,Baltimore Ravens,0,,,New York Giants,1,1,Pre-ETR,20.png
13,4,45,Emanuel Wilson,RB,Green Bay Packers,CHADCANDLES,Sam Darnold,Seattle Seahawks,0,,,Minnesota Vikings,0,0,Pre-ETR,20.png
13,3,46,Jaxson Dart,QB,New York Giants,LEE121503,Jaxson Dart,New York Giants,1,1,1,Detroit Lions,0,0,Pre-ETR,20.png
13,2,47,Jake Ferguson,TE,Dallas Cowboys,NEZ,Dak Prescott,Dallas Cowboys,1,,,Philadelphia Eagles,1,1,Pre-ETR,20.png
13,1,48,Aaron Jones,RB,Minnesota Vikings,KRUTCHES93,Caleb Williams,Chicago Bears,0,,,Green Bay Packers,0,0,Pre-ETR,20.png
13,1,49,Caleb Williams,QB,Chicago Bears,KRUTCHES93,Caleb Williams,Chicago Bears,1,1,1,Pittsburgh Steelers,0,0,Pre-ETR,20.png
13,2,50,Dak Prescott,QB,Dallas Cowboys,NEZ,Dak Prescott,Dallas Cowboys,1,1,1,Philadelphia Eagles,1,1,Pre-ETR,20.png
13,3,51,Wan'Dale Robinson,WR,New York Giants,LEE121503,Jaxson Dart,New York Giants,1,,,Detroit Lions,0,0,Pre-ETR,20.png
13,4,52,Sam Darnold,QB,Seattle Seahawks,CHADCANDLES,Sam Darnold,Seattle Seahawks,1,2,1,Tennessee Titans,0,0,Pre-ETR,20.png
13,5,53,Josh Jacobs,RB,Green Bay Packers,BUSTERSBOYS,Lamar Jackson,Baltimore Ravens,0,,,Minnesota Vikings,0,0,Pre-ETR,20.png
13,6,54,Alec Pierce,WR,Indianapolis Colts,LENKEITH,Drake Maye,New England Patriots,0,,,Kansas City Chiefs,0,0,Pre-ETR,20.png
13,7,55,Trevor Lawrence,QB,Jacksonville Jaguars,JTBINEGAR2,Trevor Lawrence,Jacksonville Jaguars,1,1,1,Arizona Cardinals,0,0,Pre-ETR,20.png
13,8,56,Kenneth Gainwell,RB,Pittsburgh Steelers,CUTCUTLER,Jalen Hurts,Philadelphia Eagles,0,,,Chicago Bears,0,0,Pre-ETR,20.png
13,9,57,Michael Pittman Jr.,WR,Indianapolis Colts,PATMOORE967,Patrick Mahomes,Kansas City Chiefs,0,,,Kansas City Chiefs,2,1,Pre-ETR,20.png
13,10,58,Jacoby Brissett,QB,Arizona Cardinals,DYLANCASH22,Jacoby Brissett,Arizona Cardinals,1,0,0,Jacksonville Jaguars,1,1,Pre-ETR,20.png
13,11,59,Marvin Harrison,WR,Arizona Cardinals,JEWISHMCCAF,Jared Goff,Detroit Lions,0,,,Jacksonville Jaguars,0,0,Pre-ETR,20.png
13,12,60,Jordan Love,QB,Green Bay Packers,JDUBS1035,Jordan Love,Green Bay Packers,1,1,1,Minnesota Vikings,0,0,Pre-ETR,20.png
13,12,61,Christian Watson,WR,Green Bay Packers,JDUBS1035,Jordan Love,Green Bay Packers,1,,,Minnesota Vikings,0,0,Pre-ETR,20.png
13,11,62,Mark Andrews,TE,Baltimore Ravens,JEWISHMCCAF,Jared Goff,Detroit Lions,0,,,New York Jets,1,1,Pre-ETR,20.png
13,10,63,Jakobi Meyers,WR,Jacksonville Jaguars,DYLANCASH22,Jacoby Brissett,Arizona Cardinals,0,,,Arizona Cardinals,1,1,Pre-ETR,20.png
13,9,64,Alvin Kamara,RB,New Orleans Saints,PATMOORE967,Patrick Mahomes,Kansas City Chiefs,0,,,Atlanta Falcons,0,0,Pre-ETR,20.png
13,8,65,Brian Thomas,WR,Jacksonville Jaguars,CUTCUTLER,Jalen Hurts,Philadelphia Eagles,0,,,Arizona Cardinals,1,1,Pre-ETR,20.png
13,7,66,Bhayshul Tuten,RB,Jacksonville Jaguars,JTBINEGAR2,Trevor Lawrence,Jacksonville Jaguars,1,,,Arizona Cardinals,0,0,Pre-ETR,20.png
13,6,67,Kyle Pitts,TE,Atlanta Falcons,LENKEITH,Drake Maye,New England Patriots,0,,,New Orleans Saints,0,0,Pre-ETR,20.png
13,5,68,Theo Johnson,TE,New York Giants,BUSTERSBOYS,Lamar Jackson,Baltimore Ravens,0,,,Detroit Lions,2,1,Pre-ETR,20.png
13,4,69,AJ Barner,TE,Seattle Seahawks,CHADCANDLES,Sam Darnold,Seattle Seahawks,1,,,Tennessee Titans,0,0,Pre-ETR,20.png
13,3,70,Romeo Doubs,WR,Green Bay Packers,LEE121503,Jaxson Dart,New York Giants,0,,,Minnesota Vikings,0,0,Pre-ETR,20.png
13,2,71,Zach Charbonnet,RB,Seattle Seahawks,NEZ,Dak Prescott,Dallas Cowboys,0,,,Tennessee Titans,0,0,Pre-ETR,20.png
13,1,72,Colston Loveland,TE,Chicago Bears,KRUTCHES93,Caleb Williams,Chicago Bears,1,,,Pittsburgh Steelers,0,0,Pre-ETR,20.png
14,1,1,Jonathan Taylor,RB,Indianapolis Colts,CHADCANDLES,Daniel Jones,Indianapolis Colts,1,,,Kansas City Chiefs,1,1,Pre-ETR,21.png
14,2,2,Jahmyr Gibbs,RB,Detroit Lions,NEZ,Jordan Love,Green Bay Packers,0,,,New York Giants,0,0,Pre-ETR,21.png
14,3,3,Bijan Robinson,RB,Atlanta Falcons,DYLANCASH22,Jared Goff,Detroit Lions,0,,,New Orleans Saints,1,1,Pre-ETR,21.png
14,4,4,Jaxon Smith-Njigba,WR,Seattle Seahawks,LENKEITH,Patrick Mahomes,Kansas City Chiefs,0,,,Tennessee Titans,0,0,Pre-ETR,21.png
14,5,5,Saquon Barkley,RB,Philadelphia Eagles,PATMOORE967,Caleb Williams,Chicago Bears,0,,,Dallas Cowboys,1,1,Pre-ETR,21.png
14,6,6,Amon-Ra St. Brown,WR,Detroit Lions,STEADY314,Dak Prescott,Dallas Cowboys,0,,,New York Giants,0,0,Pre-ETR,21.png
14,7,7,TreVeyon Henderson,RB,New England Patriots,GOAZCARDS,Drake Maye,New England Patriots,1,,,Cincinnati Bengals,0,0,Pre-ETR,21.png
14,8,8,Derrick Henry,RB,Baltimore Ravens,KRUTCHES93,J.J. McCarthy,Minnesota Vikings,0,,,New York Jets,0,0,Pre-ETR,21.png
14,9,9,Trey McBride,TE,Arizona Cardinals,PATRICKBARN,Jacoby Brissett,Arizona Cardinals,1,,,Jacksonville Jaguars,0,0,Pre-ETR,21.png
14,10,10,CeeDee Lamb,WR,Dallas Cowboys,CUTCUTLER,Jalen Hurts,Philadelphia Eagles,0,,,Philadelphia Eagles,2,1,Pre-ETR,21.png
14,11,11,Rashee Rice,WR,Kansas City Chiefs,BUSTERSBOYS,Lamar Jackson,Baltimore Ravens,0,,,Indianapolis Colts,0,0,Pre-ETR,21.png
14,12,12,Javonte Williams,RB,Dallas Cowboys,JEWISHMCCAF,Jaxson Dart,New York Giants,0,,,Philadelphia Eagles,0,0,Pre-ETR,21.png
14,12,13,Travis Etienne Jr.,RB,Jacksonville Jaguars,JEWISHMCCAF,Jaxson Dart,New York Giants,0,,,Arizona Cardinals,1,1,Pre-ETR,21.png
14,11,14,Lamar Jackson,QB,Baltimore Ravens,BUSTERSBOYS,Lamar Jackson,Baltimore Ravens,1,0,0,New York Jets,1,1,Pre-ETR,21.png
14,10,15,Jalen Hurts,QB,Philadelphia Eagles,CUTCUTLER,Jalen Hurts,Philadelphia Eagles,1,1,1,Dallas Cowboys,1,1,Pre-ETR,21.png
14,9,16,A.J. Brown,WR,Philadelphia Eagles,PATRICKBARN,Jacoby Brissett,Arizona Cardinals,0,,,Dallas Cowboys,0,0,Pre-ETR,21.png
14,8,17,Justin Jefferson,WR,Minnesota Vikings,KRUTCHES93,J.J. McCarthy,Minnesota Vikings,1,,,Green Bay Packers,0,0,Pre-ETR,21.png
14,7,18,Drake Maye,QB,New England Patriots,GOAZCARDS,Drake Maye,New England Patriots,1,1,1,Cincinnati Bengals,0,0,Pre-ETR,21.png
14,6,19,Brock Bowers,TE,Las Vegas Raiders,STEADY314,Dak Prescott,Dallas Cowboys,0,,,Cleveland Browns,1,1,Pre-ETR,21.png
14,5,20,Tee Higgins,WR,Cincinnati Bengals,PATMOORE967,Caleb Williams,Chicago Bears,0,,,New England Patriots,1,1,Pre-ETR,21.png
14,4,21,Chris Olave,WR,New Orleans Saints,LENKEITH,Patrick Mahomes,Kansas City Chiefs,0,,,Atlanta Falcons,0,0,Pre-ETR,21.png
14,3,22,Jameson Williams,WR,Detroit Lions,DYLANCASH22,Jared Goff,Detroit Lions,1,,,New York Giants,0,0,Pre-ETR,21.png
14,2,23,George Pickens,WR,Dallas Cowboys,NEZ,Jordan Love,Green Bay Packers,0,,,Philadelphia Eagles,0,0,Pre-ETR,21.png
14,1,24,Chase Brown,RB,Cincinnati Bengals,CHADCANDLES,Daniel Jones,Indianapolis Colts,0,,,New England Patriots,0,0,Pre-ETR,21.png
14,1,25,DeVonta Smith,WR,Philadelphia Eagles,CHADCANDLES,Daniel Jones,Indianapolis Colts,0,,,Dallas Cowboys,0,0,Pre-ETR,21.png
14,2,26,Tyler Warren,TE,Indianapolis Colts,NEZ,Jordan Love,Green Bay Packers,0,,,Kansas City Chiefs,0,0,Pre-ETR,21.png
14,3,27,Jared Goff,QB,Detroit Lions,DYLANCASH22,Jared Goff,Detroit Lions,1,1,1,New York Giants,0,0,Pre-ETR,21.png
14,4,28,Patrick Mahomes,QB,Kansas City Chiefs,LENKEITH,Patrick Mahomes,Kansas City Chiefs,1,0,0,Indianapolis Colts,0,0,Pre-ETR,21.png
14,5,29,Stefon Diggs,WR,New England Patriots,PATMOORE967,Caleb Williams,Chicago Bears,0,,,Cincinnati Bengals,1,1,Pre-ETR,21.png
14,6,30,Quinshon Judkins,RB,Cleveland Browns,STEADY314,Dak Prescott,Dallas Cowboys,0,,,Las Vegas Raiders,1,1,Pre-ETR,21.png
14,7,31,Rome Odunze,WR,Chicago Bears,GOAZCARDS,Drake Maye,New England Patriots,0,,,Pittsburgh Steelers,0,0,Pre-ETR,21.png
14,8,32,Travis Kelce,TE,Kansas City Chiefs,KRUTCHES93,J.J. McCarthy,Minnesota Vikings,0,,,Indianapolis Colts,0,0,Pre-ETR,21.png
14,9,33,Zay Flowers,WR,Baltimore Ravens,PATRICKBARN,Jacoby Brissett,Arizona Cardinals,0,,,New York Jets,0,0,Pre-ETR,21.png
14,10,34,Dallas Goedert,TE,Philadelphia Eagles,CUTCUTLER,Jalen Hurts,Philadelphia Eagles,1,,,Dallas Cowboys,1,1,Pre-ETR,21.png
14,11,35,Breece Hall,RB,New York Jets,BUSTERSBOYS,Lamar Jackson,Baltimore Ravens,0,,,Baltimore Ravens,1,1,Pre-ETR,21.png
14,12,36,Jaxson Dart,QB,New York Giants,JEWISHMCCAF,Jaxson Dart,New York Giants,1,1,1,Detroit Lions,0,0,Pre-ETR,21.png
14,12,37,DK Metcalf,WR,Pittsburgh Steelers,JEWISHMCCAF,Jaxson Dart,New York Giants,0,,,Chicago Bears,0,0,Pre-ETR,21.png
14,11,38,Aaron Jones,RB,Minnesota Vikings,BUSTERSBOYS,Lamar Jackson,Baltimore Ravens,0,,,Green Bay Packers,0,0,Pre-ETR,21.png
14,10,39,D'Andre Swift,RB,Chicago Bears,CUTCUTLER,Jalen Hurts,Philadelphia Eagles,0,,,Pittsburgh Steelers,1,1,Pre-ETR,21.png
14,9,40,Kenneth Walker III,RB,Seattle Seahawks,PATRICKBARN,Jacoby Brissett,Arizona Cardinals,0,,,Tennessee Titans,0,0,Pre-ETR,21.png
14,8,41,Jaylen Warren,RB,Pittsburgh Steelers,KRUTCHES93,J.J. McCarthy,Minnesota Vikings,0,,,Chicago Bears,0,0,Pre-ETR,21.png
14,7,42,Wan'Dale Robinson,WR,New York Giants,GOAZCARDS,Drake Maye,New England Patriots,0,,,Detroit Lions,0,0,Pre-ETR,21.png
14,6,43,Dak Prescott,QB,Dallas Cowboys,STEADY314,Dak Prescott,Dallas Cowboys,1,0,0,Philadelphia Eagles,0,0,Pre-ETR,21.png
14,5,44,Emanuel Wilson,RB,Green Bay Packers,PATMOORE967,Caleb Williams,Chicago Bears,0,,,Minnesota Vikings,0,0,Pre-ETR,21.png
14,4,45,Ashton Jeanty,RB,Las Vegas Raiders,LENKEITH,Patrick Mahomes,Kansas City Chiefs,0,,,Cleveland Browns,0,0,Pre-ETR,21.png
14,3,46,Alvin Kamara,RB,New Orleans Saints,DYLANCASH22,Jared Goff,Detroit Lions,0,,,Atlanta Falcons,1,1,Pre-ETR,21.png
14,2,47,Josh Jacobs,RB,Green Bay Packers,NEZ,Jordan Love,Green Bay Packers,1,,,Minnesota Vikings,0,0,Pre-ETR,21.png
14,1,48,Xavier Worthy,WR,Kansas City Chiefs,CHADCANDLES,Daniel Jones,Indianapolis Colts,0,,,Indianapolis Colts,2,1,Pre-ETR,21.png
14,1,49,Daniel Jones,QB,Indianapolis Colts,CHADCANDLES,Daniel Jones,Indianapolis Colts,1,1,1,Kansas City Chiefs,1,1,Pre-ETR,21.png
14,2,50,Michael Pittman Jr.,WR,Indianapolis Colts,NEZ,Jordan Love,Green Bay Packers,0,,,Kansas City Chiefs,0,0,Pre-ETR,21.png
14,3,51,Mark Andrews,TE,Baltimore Ravens,DYLANCASH22,Jared Goff,Detroit Lions,0,,,New York Jets,0,0,Pre-ETR,21.png
14,4,52,Hunter Henry,TE,New England Patriots,LENKEITH,Patrick Mahomes,Kansas City Chiefs,0,,,Cincinnati Bengals,0,0,Pre-ETR,21.png
14,5,53,Jake Ferguson,TE,Dallas Cowboys,PATMOORE967,Caleb Williams,Chicago Bears,0,,,Philadelphia Eagles,1,1,Pre-ETR,21.png
14,6,54,David Montgomery,RB,Detroit Lions,STEADY314,Dak Prescott,Dallas Cowboys,0,,,New York Giants,0,0,Pre-ETR,21.png
14,7,55,Kyle Pitts,TE,Atlanta Falcons,GOAZCARDS,Drake Maye,New England Patriots,0,,,New Orleans Saints,0,0,Pre-ETR,21.png
14,8,56,Marvin Harrison,WR,Arizona Cardinals,KRUTCHES93,J.J. McCarthy,Minnesota Vikings,0,,,Jacksonville Jaguars,0,0,Pre-ETR,21.png
14,9,57,Rhamondre Stevenson,RB,New England Patriots,PATRICKBARN,Jacoby Brissett,Arizona Cardinals,0,,,Cincinnati Bengals,0,0,Pre-ETR,21.png
14,10,58,Kenneth Gainwell,RB,Pittsburgh Steelers,CUTCUTLER,Jalen Hurts,Philadelphia Eagles,0,,,Chicago Bears,1,1,Pre-ETR,21.png
14,11,59,Juwan Johnson,TE,New Orleans Saints,BUSTERSBOYS,Lamar Jackson,Baltimore Ravens,0,,,Atlanta Falcons,1,1,Pre-ETR,21.png
14,12,60,Michael Wilson,WR,Arizona Cardinals,JEWISHMCCAF,Jaxson Dart,New York Giants,0,,,Jacksonville Jaguars,1,1,Pre-ETR,21.png
14,12,61,Theo Johnson,TE,New York Giants,JEWISHMCCAF,Jaxson Dart,New York Giants,1,,,Detroit Lions,0,0,Pre-ETR,21.png
14,11,62,Darnell Mooney,WR,Atlanta Falcons,BUSTERSBOYS,Lamar Jackson,Baltimore Ravens,0,,,New Orleans Saints,1,1,Pre-ETR,21.png
14,10,63,Alec Pierce,WR,Indianapolis Colts,CUTCUTLER,Jalen Hurts,Philadelphia Eagles,0,,,Kansas City Chiefs,0,0,Pre-ETR,21.png
14,9,64,Jacoby Brissett,QB,Arizona Cardinals,PATRICKBARN,Jacoby Brissett,Arizona Cardinals,1,1,1,Jacksonville Jaguars,0,0,Pre-ETR,21.png
14,8,65,J.J. McCarthy,QB,Minnesota Vikings,KRUTCHES93,J.J. McCarthy,Minnesota Vikings,1,1,1,Green Bay Packers,0,0,Pre-ETR,21.png
14,7,66,Zach Charbonnet,RB,Seattle Seahawks,GOAZCARDS,Drake Maye,New England Patriots,0,,,Tennessee Titans,0,0,Pre-ETR,21.png
14,6,67,Christian Watson,WR,Green Bay Packers,STEADY314,Dak Prescott,Dallas Cowboys,0,,,Minnesota Vikings,0,0,Pre-ETR,21.png
14,5,68,Caleb Williams,QB,Chicago Bears,PATMOORE967,Caleb Williams,Chicago Bears,1,0,0,Pittsburgh Steelers,0,0,Pre-ETR,21.png
14,4,69,Tyrone Tracy,RB,New York Giants,LENKEITH,Patrick Mahomes,Kansas City Chiefs,0,,,Detroit Lions,0,0,Pre-ETR,21.png
14,3,70,Jakobi Meyers,WR,Jacksonville Jaguars,DYLANCASH22,Jared Goff,Detroit Lions,0,,,Arizona Cardinals,0,0,Pre-ETR,21.png
14,2,71,Jordan Love,QB,Green Bay Packers,NEZ,Jordan Love,Green Bay Packers,1,1,1,Minnesota Vikings,0,0,Pre-ETR,21.png
14,1,72,AJ Barner,TE,Seattle Seahawks,CHADCANDLES,Daniel Jones,Indianapolis Colts,0,,,Tennessee Titans,0,0,Pre-ETR,21.png
15,1,1,Jonathan Taylor,RB,Indianapolis Colts,URBANIK,Drake Maye,New England Patriots,0,,,Kansas City Chiefs,0,0,Pre-ETR,3.jpg
15,2,2,Bijan Robinson,RB,Atlanta Falcons,JEWISHMCCAF,Sam Darnold,Seattle Seahawks,0,,,New Orleans Saints,0,0,Pre-ETR,3.jpg
15,3,3,Jahmyr Gibbs,RB,Detroit Lions,FANTASYGRIN,Tyler Shough,New Orleans Saints,0,,,New York Giants,0,0,Pre-ETR,3.jpg
15,4,4,Jaxon Smith-Njigba,WR,Seattle Seahawks,PATRICKBARN,Lamar Jackson,Baltimore Ravens,0,,,Tennessee Titans,0,0,Pre-ETR,3.jpg
15,5,5,Saquon Barkley,RB,Philadelphia Eagles,LEE121503,Dak Prescott,Dallas Cowboys,0,,,Dallas Cowboys,2,1,Pre-ETR,3.jpg
15,6,6,Amon-Ra St. Brown,WR,Detroit Lions,KRUTCHES93,Jared Goff,Detroit Lions,1,,,New York Giants,0,0,Pre-ETR,3.jpg
15,7,7,CeeDee Lamb,WR,Dallas Cowboys,RAZOR33,Jalen Hurts,Philadelphia Eagles,0,,,Philadelphia Eagles,1,1,Pre-ETR,3.jpg
15,8,8,Trey McBride,TE,Arizona Cardinals,CGEEEEEE,Daniel Jones,Indianapolis Colts,0,,,Jacksonville Jaguars,0,0,Pre-ETR,3.jpg
15,9,9,Derrick Henry,RB,Baltimore Ravens,SCHWEC03,Jaxson Dart,New York Giants,0,,,New York Jets,0,0,Pre-ETR,3.jpg
15,10,10,Ja'Marr Chase,WR,Cincinnati Bengals,NF42,Jacoby Brissett,Arizona Cardinals,0,,,New England Patriots,0,0,Pre-ETR,3.jpg
15,11,11,Javonte Williams,RB,Dallas Cowboys,GFORGUMBY,Caleb Williams,Chicago Bears,0,,,Philadelphia Eagles,0,0,Pre-ETR,3.jpg
15,12,12,Rashee Rice,WR,Kansas City Chiefs,BUSTERSBOYS,Patrick Mahomes,Kansas City Chiefs,1,,,Indianapolis Colts,0,0,Pre-ETR,3.jpg
15,12,13,TreVeyon Henderson,RB,New England Patriots,BUSTERSBOYS,Patrick Mahomes,Kansas City Chiefs,0,,,Cincinnati Bengals,0,0,Pre-ETR,3.jpg
15,11,14,Justin Jefferson,WR,Minnesota Vikings,GFORGUMBY,Caleb Williams,Chicago Bears,0,,,Green Bay Packers,1,1,Pre-ETR,3.jpg
15,10,15,Travis Etienne Jr.,RB,Jacksonville Jaguars,NF42,Jacoby Brissett,Arizona Cardinals,0,,,Arizona Cardinals,1,1,Pre-ETR,3.jpg
15,9,16,A.J. Brown,WR,Philadelphia Eagles,SCHWEC03,Jaxson Dart,New York Giants,0,,,Dallas Cowboys,0,0,Pre-ETR,3.jpg
15,8,17,Quinshon Judkins,RB,Cleveland Browns,CGEEEEEE,Daniel Jones,Indianapolis Colts,0,,,Las Vegas Raiders,1,1,Pre-ETR,3.jpg
15,7,18,Jalen Hurts,QB,Philadelphia Eagles,RAZOR33,Jalen Hurts,Philadelphia Eagles,1,0,0,Dallas Cowboys,1,1,Pre-ETR,3.jpg
15,6,19,Brock Bowers,TE,Las Vegas Raiders,KRUTCHES93,Jared Goff,Detroit Lions,0,,,Cleveland Browns,0,0,Pre-ETR,3.jpg
15,5,20,George Pickens,WR,Dallas Cowboys,LEE121503,Dak Prescott,Dallas Cowboys,1,,,Philadelphia Eagles,2,1,Pre-ETR,3.jpg
15,4,21,Lamar Jackson,QB,Baltimore Ravens,PATRICKBARN,Lamar Jackson,Baltimore Ravens,1,1,1,New York Jets,0,0,Pre-ETR,3.jpg
15,3,22,Chris Olave,WR,New Orleans Saints,FANTASYGRIN,Tyler Shough,New Orleans Saints,1,,,Atlanta Falcons,0,0,Pre-ETR,3.jpg
15,2,23,Chase Brown,RB,Cincinnati Bengals,JEWISHMCCAF,Sam Darnold,Seattle Seahawks,0,,,New England Patriots,0,0,Pre-ETR,3.jpg
15,1,24,Drake Maye,QB,New England Patriots,URBANIK,Drake Maye,New England Patriots,1,1,1,Cincinnati Bengals,0,0,Pre-ETR,3.jpg
15,1,25,Stefon Diggs,WR,New England Patriots,URBANIK,Drake Maye,New England Patriots,1,,,Cincinnati Bengals,0,0,Pre-ETR,3.jpg
15,2,26,Tyler Warren,TE,Indianapolis Colts,JEWISHMCCAF,Sam Darnold,Seattle Seahawks,0,,,Kansas City Chiefs,0,0,Pre-ETR,3.jpg
15,3,27,DeVonta Smith,WR,Philadelphia Eagles,FANTASYGRIN,Tyler Shough,New Orleans Saints,0,,,Dallas Cowboys,0,0,Pre-ETR,3.jpg
15,4,28,Zay Flowers,WR,Baltimore Ravens,PATRICKBARN,Lamar Jackson,Baltimore Ravens,1,,,New York Jets,0,0,Pre-ETR,3.jpg
15,5,29,Jaylen Warren,RB,Pittsburgh Steelers,LEE121503,Dak Prescott,Dallas Cowboys,0,,,Chicago Bears,0,0,Pre-ETR,3.jpg
15,6,30,Jameson Williams,WR,Detroit Lions,KRUTCHES93,Jared Goff,Detroit Lions,1,,,New York Giants,0,0,Pre-ETR,3.jpg
15,7,31,Tee Higgins,WR,Cincinnati Bengals,RAZOR33,Jalen Hurts,Philadelphia Eagles,0,,,New England Patriots,0,0,Pre-ETR,3.jpg
15,8,32,Ashton Jeanty,RB,Las Vegas Raiders,CGEEEEEE,Daniel Jones,Indianapolis Colts,0,,,Cleveland Browns,1,1,Pre-ETR,3.jpg
15,9,33,Kenneth Walker III,RB,Seattle Seahawks,SCHWEC03,Jaxson Dart,New York Giants,0,,,Tennessee Titans,0,0,Pre-ETR,3.jpg
15,10,34,Breece Hall,RB,New York Jets,NF42,Jacoby Brissett,Arizona Cardinals,0,,,Baltimore Ravens,0,0,Pre-ETR,3.jpg
15,11,35,Travis Kelce,TE,Kansas City Chiefs,GFORGUMBY,Caleb Williams,Chicago Bears,0,,,Indianapolis Colts,0,0,Pre-ETR,3.jpg
15,12,36,Patrick Mahomes,QB,Kansas City Chiefs,BUSTERSBOYS,Patrick Mahomes,Kansas City Chiefs,1,2,1,Indianapolis Colts,0,0,Pre-ETR,3.jpg
15,12,37,Rome Odunze,WR,Chicago Bears,BUSTERSBOYS,Patrick Mahomes,Kansas City Chiefs,0,,,Pittsburgh Steelers,0,0,Pre-ETR,3.jpg
15,11,38,D'Andre Swift,RB,Chicago Bears,GFORGUMBY,Caleb Williams,Chicago Bears,1,,,Pittsburgh Steelers,0,0,Pre-ETR,3.jpg
15,10,39,DK Metcalf,WR,Pittsburgh Steelers,NF42,Jacoby Brissett,Arizona Cardinals,0,,,Chicago Bears,0,0,Pre-ETR,3.jpg
15,9,40,Jaxson Dart,QB,New York Giants,SCHWEC03,Jaxson Dart,New York Giants,1,1,1,Detroit Lions,0,0,Pre-ETR,3.jpg
15,8,41,Daniel Jones,QB,Indianapolis Colts,CGEEEEEE,Daniel Jones,Indianapolis Colts,1,2,1,Kansas City Chiefs,0,0,Pre-ETR,3.jpg
15,7,42,Alvin Kamara,RB,New Orleans Saints,RAZOR33,Jalen Hurts,Philadelphia Eagles,0,,,Atlanta Falcons,0,0,Pre-ETR,3.jpg
15,6,43,Jared Goff,QB,Detroit Lions,KRUTCHES93,Jared Goff,Detroit Lions,1,2,1,New York Giants,0,0,Pre-ETR,3.jpg
15,5,44,Dak Prescott,QB,Dallas Cowboys,LEE121503,Dak Prescott,Dallas Cowboys,1,1,1,Philadelphia Eagles,2,1,Pre-ETR,3.jpg
15,4,45,David Montgomery,RB,Detroit Lions,PATRICKBARN,Lamar Jackson,Baltimore Ravens,0,,,New York Giants,0,0,Pre-ETR,3.jpg
15,3,46,Emanuel Wilson,RB,Green Bay Packers,FANTASYGRIN,Tyler Shough,New Orleans Saints,0,,,Minnesota Vikings,0,0,Pre-ETR,3.jpg
15,2,47,Michael Wilson,WR,Arizona Cardinals,JEWISHMCCAF,Sam Darnold,Seattle Seahawks,0,,,Jacksonville Jaguars,0,0,Pre-ETR,3.jpg
15,1,48,Josh Jacobs,RB,Green Bay Packers,URBANIK,Drake Maye,New England Patriots,0,,,Minnesota Vikings,0,0,Pre-ETR,3.jpg
15,1,49,Kyle Pitts,TE,Atlanta Falcons,URBANIK,Drake Maye,New England Patriots,0,,,New Orleans Saints,0,0,Pre-ETR,3.jpg
15,2,50,Wan'Dale Robinson,WR,New York Giants,JEWISHMCCAF,Sam Darnold,Seattle Seahawks,0,,,Detroit Lions,0,0,Pre-ETR,3.jpg
15,3,51,Juwan Johnson,TE,New Orleans Saints,FANTASYGRIN,Tyler Shough,New Orleans Saints,1,,,Atlanta Falcons,0,0,Pre-ETR,3.jpg
15,4,52,Hunter Henry,TE,New England Patriots,PATRICKBARN,Lamar Jackson,Baltimore Ravens,0,,,Cincinnati Bengals,0,0,Pre-ETR,3.jpg
15,5,53,Dallas Goedert,TE,Philadelphia Eagles,LEE121503,Dak Prescott,Dallas Cowboys,0,,,Dallas Cowboys,2,1,Pre-ETR,3.jpg
15,6,54,Aaron Jones,RB,Minnesota Vikings,KRUTCHES93,Jared Goff,Detroit Lions,0,,,Green Bay Packers,0,0,Pre-ETR,3.jpg
15,7,55,Jordan Addison,WR,Minnesota Vikings,RAZOR33,Jalen Hurts,Philadelphia Eagles,0,,,Green Bay Packers,0,0,Pre-ETR,3.jpg
15,8,56,Michael Pittman Jr.,WR,Indianapolis Colts,CGEEEEEE,Daniel Jones,Indianapolis Colts,1,,,Kansas City Chiefs,0,0,Pre-ETR,3.jpg
15,9,57,Theo Johnson,TE,New York Giants,SCHWEC03,Jaxson Dart,New York Giants,1,,,Detroit Lions,0,0,Pre-ETR,3.jpg
15,10,58,Jake Ferguson,TE,Dallas Cowboys,NF42,Jacoby Brissett,Arizona Cardinals,0,,,Philadelphia Eagles,0,0,Pre-ETR,3.jpg
15,11,59,Romeo Doubs,WR,Green Bay Packers,GFORGUMBY,Caleb Williams,Chicago Bears,0,,,Minnesota Vikings,1,1,Pre-ETR,3.jpg
15,12,60,Xavier Worthy,WR,Kansas City Chiefs,BUSTERSBOYS,Patrick Mahomes,Kansas City Chiefs,1,,,Indianapolis Colts,0,0,Pre-ETR,3.jpg
15,12,61,Harold Fannin,TE,Cleveland Browns,BUSTERSBOYS,Patrick Mahomes,Kansas City Chiefs,0,,,Las Vegas Raiders,0,0,Pre-ETR,3.jpg
15,11,62,Caleb Williams,QB,Chicago Bears,GFORGUMBY,Caleb Williams,Chicago Bears,1,1,1,Pittsburgh Steelers,0,0,Pre-ETR,3.jpg
15,10,63,Jacoby Brissett,QB,Arizona Cardinals,NF42,Jacoby Brissett,Arizona Cardinals,1,0,0,Jacksonville Jaguars,1,1,Pre-ETR,3.jpg
15,9,64,Marvin Harrison,WR,Arizona Cardinals,SCHWEC03,Jaxson Dart,New York Giants,0,,,Jacksonville Jaguars,0,0,Pre-ETR,3.jpg
15,8,65,Alec Pierce,WR,Indianapolis Colts,CGEEEEEE,Daniel Jones,Indianapolis Colts,1,,,Kansas City Chiefs,0,0,Pre-ETR,3.jpg
15,7,66,Mark Andrews,TE,Baltimore Ravens,RAZOR33,Jalen Hurts,Philadelphia Eagles,0,,,New York Jets,0,0,Pre-ETR,3.jpg
15,6,67,Rhamondre Stevenson,RB,New England Patriots,KRUTCHES93,Jared Goff,Detroit Lions,0,,,Cincinnati Bengals,0,0,Pre-ETR,3.jpg
15,5,68,Jakobi Meyers,WR,Jacksonville Jaguars,LEE121503,Dak Prescott,Dallas Cowboys,0,,,Arizona Cardinals,0,0,Pre-ETR,3.jpg
15,4,69,Darnell Mooney,WR,Atlanta Falcons,PATRICKBARN,Lamar Jackson,Baltimore Ravens,0,,,New Orleans Saints,0,0,Pre-ETR,3.jpg
15,3,70,Tyler Shough,QB,New Orleans Saints,FANTASYGRIN,Tyler Shough,New Orleans Saints,1,2,1,Atlanta Falcons,0,0,Pre-ETR,3.jpg
15,2,71,Sam Darnold,QB,Seattle Seahawks,JEWISHMCCAF,Sam Darnold,Seattle Seahawks,1,0,0,Tennessee Titans,0,0,Pre-ETR,3.jpg
15,1,72,Brian Thomas,WR,Jacksonville Jaguars,URBANIK,Drake Maye,New England Patriots,0,,,Arizona Cardinals,0,0,Pre-ETR,3.jpg
16,1,1,Jahmyr Gibbs,RB,Detroit Lions,KRUTCHES93,Lamar Jackson,Baltimore Ravens,0,,,New York Giants,0,0,Pre-ETR,4.png
16,2,2,Jonathan Taylor,RB,Indianapolis Colts,VOGEYBERRA8,Jalen Hurts,Philadelphia Eagles,0,,,Kansas City Chiefs,0,0,Pre-ETR,4.png
16,3,3,Bijan Robinson,RB,Atlanta Falcons,____,Daniel Jones,Indianapolis Colts,0,,,New Orleans Saints,1,1,Pre-ETR,4.png
16,4,4,Jaxon Smith-Njigba,WR,Seattle Seahawks,REVOLUTIONA,Sam Darnold,Seattle Seahawks,1,,,Tennessee Titans,0,0,Pre-ETR,4.png
16,5,5,Amon-Ra St. Brown,WR,Detroit Lions,XCHEERFUL,Drake Maye,New England Patriots,0,,,New York Giants,0,0,Pre-ETR,4.png
16,6,6,CeeDee Lamb,WR,Dallas Cowboys,GFORGUMBY,Dak Prescott,Dallas Cowboys,1,,,Philadelphia Eagles,0,0,Pre-ETR,4.png
16,7,7,Derrick Henry,RB,Baltimore Ravens,FANTASYGRIN,Jared Goff,Detroit Lions,0,,,New York Jets,0,0,Pre-ETR,4.png
16,8,8,Saquon Barkley,RB,Philadelphia Eagles,RAZOR33,Patrick Mahomes,Kansas City Chiefs,0,,,Dallas Cowboys,1,1,Pre-ETR,4.png
16,9,9,Trey McBride,TE,Arizona Cardinals,PATRICKBARN,Jacoby Brissett,Arizona Cardinals,1,,,Jacksonville Jaguars,0,0,Pre-ETR,4.png
16,10,10,Ja'Marr Chase,WR,Cincinnati Bengals,EZ116,Joe Flacco,Cincinnati Bengals,1,,,New England Patriots,0,0,Pre-ETR,4.png
16,11,11,TreVeyon Henderson,RB,New England Patriots,NF42,Jaxson Dart,New York Giants,0,,,Cincinnati Bengals,0,0,Pre-ETR,4.png
16,12,12,Rashee Rice,WR,Kansas City Chiefs,BUSTERSBOYS,Caleb Williams,Chicago Bears,0,,,Indianapolis Colts,1,1,Pre-ETR,4.png
16,12,13,Quinshon Judkins,RB,Cleveland Browns,BUSTERSBOYS,Caleb Williams,Chicago Bears,0,,,Las Vegas Raiders,0,0,Pre-ETR,4.png
16,11,14,Travis Etienne Jr.,RB,Jacksonville Jaguars,NF42,Jaxson Dart,New York Giants,0,,,Arizona Cardinals,0,0,Pre-ETR,4.png
16,10,15,Javonte Williams,RB,Dallas Cowboys,EZ116,Joe Flacco,Cincinnati Bengals,0,,,Philadelphia Eagles,0,0,Pre-ETR,4.png
16,9,16,A.J. Brown,WR,Philadelphia Eagles,PATRICKBARN,Jacoby Brissett,Arizona Cardinals,0,,,Dallas Cowboys,0,0,Pre-ETR,4.png
16,8,17,Justin Jefferson,WR,Minnesota Vikings,RAZOR33,Patrick Mahomes,Kansas City Chiefs,0,,,Green Bay Packers,0,0,Pre-ETR,4.png
16,7,18,Brock Bowers,TE,Las Vegas Raiders,FANTASYGRIN,Jared Goff,Detroit Lions,0,,,Cleveland Browns,0,0,Pre-ETR,4.png
16,6,19,Tee Higgins,WR,Cincinnati Bengals,GFORGUMBY,Dak Prescott,Dallas Cowboys,0,,,New England Patriots,0,0,Pre-ETR,4.png
16,5,20,Chase Brown,RB,Cincinnati Bengals,XCHEERFUL,Drake Maye,New England Patriots,0,,,New England Patriots,1,1,Pre-ETR,4.png
16,4,21,Ashton Jeanty,RB,Las Vegas Raiders,REVOLUTIONA,Sam Darnold,Seattle Seahawks,0,,,Cleveland Browns,0,0,Pre-ETR,4.png
16,3,22,Chris Olave,WR,New Orleans Saints,____,Daniel Jones,Indianapolis Colts,0,,,Atlanta Falcons,1,1,Pre-ETR,4.png
16,2,23,Jalen Hurts,QB,Philadelphia Eagles,VOGEYBERRA8,Jalen Hurts,Philadelphia Eagles,1,2,1,Dallas Cowboys,0,0,Pre-ETR,4.png
16,1,24,Lamar Jackson,QB,Baltimore Ravens,KRUTCHES93,Lamar Jackson,Baltimore Ravens,1,0,0,New York Jets,0,0,Pre-ETR,4.png
16,1,25,George Pickens,WR,Dallas Cowboys,KRUTCHES93,Lamar Jackson,Baltimore Ravens,0,,,Philadelphia Eagles,0,0,Pre-ETR,4.png
16,2,26,DeVonta Smith,WR,Philadelphia Eagles,VOGEYBERRA8,Jalen Hurts,Philadelphia Eagles,1,,,Dallas Cowboys,0,0,Pre-ETR,4.png
16,3,27,Tyler Warren,TE,Indianapolis Colts,____,Daniel Jones,Indianapolis Colts,1,,,Kansas City Chiefs,0,0,Pre-ETR,4.png
16,4,28,Stefon Diggs,WR,New England Patriots,REVOLUTIONA,Sam Darnold,Seattle Seahawks,0,,,Cincinnati Bengals,0,0,Pre-ETR,4.png
16,5,29,Drake Maye,QB,New England Patriots,XCHEERFUL,Drake Maye,New England Patriots,1,0,0,Cincinnati Bengals,1,1,Pre-ETR,4.png
16,6,30,Breece Hall,RB,New York Jets,GFORGUMBY,Dak Prescott,Dallas Cowboys,0,,,Baltimore Ravens,1,1,Pre-ETR,4.png
16,7,31,Jameson Williams,WR,Detroit Lions,FANTASYGRIN,Jared Goff,Detroit Lions,1,,,New York Giants,1,1,Pre-ETR,4.png
16,8,32,Patrick Mahomes,QB,Kansas City Chiefs,RAZOR33,Patrick Mahomes,Kansas City Chiefs,1,0,0,Indianapolis Colts,0,0,Pre-ETR,4.png
16,9,33,Jaylen Warren,RB,Pittsburgh Steelers,PATRICKBARN,Jacoby Brissett,Arizona Cardinals,0,,,Chicago Bears,0,0,Pre-ETR,4.png
16,10,34,Travis Kelce,TE,Kansas City Chiefs,EZ116,Joe Flacco,Cincinnati Bengals,0,,,Indianapolis Colts,0,0,Pre-ETR,4.png
16,11,35,Zay Flowers,WR,Baltimore Ravens,NF42,Jaxson Dart,New York Giants,0,,,New York Jets,0,0,Pre-ETR,4.png
16,12,36,Rome Odunze,WR,Chicago Bears,BUSTERSBOYS,Caleb Williams,Chicago Bears,1,,,Pittsburgh Steelers,0,0,Pre-ETR,4.png
16,12,37,Michael Pittman Jr.,WR,Indianapolis Colts,BUSTERSBOYS,Caleb Williams,Chicago Bears,0,,,Kansas City Chiefs,1,1,Pre-ETR,4.png
16,11,38,Jaxson Dart,QB,New York Giants,NF42,Jaxson Dart,New York Giants,1,1,1,Detroit Lions,0,0,Pre-ETR,4.png
16,10,39,Emanuel Wilson,RB,Green Bay Packers,EZ116,Joe Flacco,Cincinnati Bengals,0,,,Minnesota Vikings,1,1,Pre-ETR,4.png
16,9,40,Kenneth Walker III,RB,Seattle Seahawks,PATRICKBARN,Jacoby Brissett,Arizona Cardinals,0,,,Tennessee Titans,0,0,Pre-ETR,4.png
16,8,41,Jake Ferguson,TE,Dallas Cowboys,RAZOR33,Patrick Mahomes,Kansas City Chiefs,0,,,Philadelphia Eagles,1,1,Pre-ETR,4.png
16,7,42,Jared Goff,QB,Detroit Lions,FANTASYGRIN,Jared Goff,Detroit Lions,1,1,1,New York Giants,1,1,Pre-ETR,4.png
16,6,43,Dak Prescott,QB,Dallas Cowboys,GFORGUMBY,Dak Prescott,Dallas Cowboys,1,1,1,Philadelphia Eagles,0,0,Pre-ETR,4.png
16,5,44,D'Andre Swift,RB,Chicago Bears,XCHEERFUL,Drake Maye,New England Patriots,0,,,Pittsburgh Steelers,0,0,Pre-ETR,4.png
16,4,45,Josh Jacobs,RB,Green Bay Packers,REVOLUTIONA,Sam Darnold,Seattle Seahawks,0,,,Minnesota Vikings,0,0,Pre-ETR,4.png
16,3,46,Daniel Jones,QB,Indianapolis Colts,____,Daniel Jones,Indianapolis Colts,1,1,1,Kansas City Chiefs,0,0,Pre-ETR,4.png
16,2,47,DK Metcalf,WR,Pittsburgh Steelers,VOGEYBERRA8,Jalen Hurts,Philadelphia Eagles,0,,,Chicago Bears,0,0,Pre-ETR,4.png
16,1,48,Hunter Henry,TE,New England Patriots,KRUTCHES93,Lamar Jackson,Baltimore Ravens,0,,,Cincinnati Bengals,0,0,Pre-ETR,4.png
16,1,49,Aaron Jones,RB,Minnesota Vikings,KRUTCHES93,Lamar Jackson,Baltimore Ravens,0,,,Green Bay Packers,1,1,Pre-ETR,4.png
16,2,50,Dallas Goedert,TE,Philadelphia Eagles,VOGEYBERRA8,Jalen Hurts,Philadelphia Eagles,1,,,Dallas Cowboys,0,0,Pre-ETR,4.png
16,3,51,Rhamondre Stevenson,RB,New England Patriots,____,Daniel Jones,Indianapolis Colts,0,,,Cincinnati Bengals,0,0,Pre-ETR,4.png
16,4,52,Sam Darnold,QB,Seattle Seahawks,REVOLUTIONA,Sam Darnold,Seattle Seahawks,1,1,1,Tennessee Titans,0,0,Pre-ETR,4.png
16,5,53,Michael Wilson,WR,Arizona Cardinals,XCHEERFUL,Drake Maye,New England Patriots,0,,,Jacksonville Jaguars,0,0,Pre-ETR,4.png
16,6,54,David Montgomery,RB,Detroit Lions,GFORGUMBY,Dak Prescott,Dallas Cowboys,0,,,New York Giants,0,0,Pre-ETR,4.png
16,7,55,Wan'Dale Robinson,WR,New York Giants,FANTASYGRIN,Jared Goff,Detroit Lions,0,,,Detroit Lions,2,1,Pre-ETR,4.png
16,8,56,Alvin Kamara,RB,New Orleans Saints,RAZOR33,Patrick Mahomes,Kansas City Chiefs,0,,,Atlanta Falcons,0,0,Pre-ETR,4.png
16,9,57,Darnell Mooney,WR,Atlanta Falcons,PATRICKBARN,Jacoby Brissett,Arizona Cardinals,0,,,New Orleans Saints,0,0,Pre-ETR,4.png
16,10,58,Jordan Addison,WR,Minnesota Vikings,EZ116,Joe Flacco,Cincinnati Bengals,0,,,Green Bay Packers,1,1,Pre-ETR,4.png
16,11,59,Theo Johnson,TE,New York Giants,NF42,Jaxson Dart,New York Giants,1,,,Detroit Lions,0,0,Pre-ETR,4.png
16,12,60,Caleb Williams,QB,Chicago Bears,BUSTERSBOYS,Caleb Williams,Chicago Bears,1,1,1,Pittsburgh Steelers,0,0,Pre-ETR,4.png
16,12,61,Kyle Pitts,TE,Atlanta Falcons,BUSTERSBOYS,Caleb Williams,Chicago Bears,0,,,New Orleans Saints,0,0,Pre-ETR,4.png
16,11,62,Xavier Worthy,WR,Kansas City Chiefs,NF42,Jaxson Dart,New York Giants,0,,,Indianapolis Colts,0,0,Pre-ETR,4.png
16,10,63,Joe Flacco,QB,Cincinnati Bengals,EZ116,Joe Flacco,Cincinnati Bengals,1,1,1,New England Patriots,0,0,Pre-ETR,4.png
16,9,64,Jacoby Brissett,QB,Arizona Cardinals,PATRICKBARN,Jacoby Brissett,Arizona Cardinals,1,1,1,Jacksonville Jaguars,0,0,Pre-ETR,4.png
16,8,65,Jerry Jeudy,WR,Cleveland Browns,RAZOR33,Patrick Mahomes,Kansas City Chiefs,0,,,Las Vegas Raiders,0,0,Pre-ETR,4.png
16,7,66,Brian Thomas,WR,Jacksonville Jaguars,FANTASYGRIN,Jared Goff,Detroit Lions,0,,,Arizona Cardinals,0,0,Pre-ETR,4.png
16,6,67,Mark Andrews,TE,Baltimore Ravens,GFORGUMBY,Dak Prescott,Dallas Cowboys,0,,,New York Jets,1,1,Pre-ETR,4.png
16,5,68,AJ Barner,TE,Seattle Seahawks,XCHEERFUL,Drake Maye,New England Patriots,0,,,Tennessee Titans,0,0,Pre-ETR,4.png
16,4,69,Juwan Johnson,TE,New Orleans Saints,REVOLUTIONA,Sam Darnold,Seattle Seahawks,0,,,Atlanta Falcons,0,0,Pre-ETR,4.png
16,3,70,Marvin Harrison,WR,Arizona Cardinals,____,Daniel Jones,Indianapolis Colts,0,,,Jacksonville Jaguars,0,0,Pre-ETR,4.png
16,2,71,Kenneth Gainwell,RB,Pittsburgh Steelers,VOGEYBERRA8,Jalen Hurts,Philadelphia Eagles,0,,,Chicago Bears,0,0,Pre-ETR,4.png
16,1,72,Christian Watson,WR,Green Bay Packers,KRUTCHES93,Lamar Jackson,Baltimore Ravens,0,,,Minnesota Vikings,1,1,Pre-ETR,4.png
17,1,1,Jonathan Taylor,RB,Indianapolis Colts,BUSTERSBOYS,Jared Goff,Detroit Lions,0,,,Kansas City Chiefs,0,0,Pre-ETR,5.png
17,2,2,Jahmyr Gibbs,RB,Detroit Lions,LEE121503,Drake Maye,New England Patriots,0,,,New York Giants,1,1,Pre-ETR,5.png
17,3,3,Bijan Robinson,RB,Atlanta Falcons,PATRICKBARN,Trevor Lawrence,Jacksonville Jaguars,0,,,New Orleans Saints,0,0,Pre-ETR,5.png
17,4,4,Saquon Barkley,RB,Philadelphia Eagles,TBEAR81,Patrick Mahomes,Kansas City Chiefs,0,,,Dallas Cowboys,0,0,Pre-ETR,5.png
17,5,5,Jaxon Smith-Njigba,WR,Seattle Seahawks,KRUTCHES93,Lamar Jackson,Baltimore Ravens,0,,,Tennessee Titans,0,0,Pre-ETR,5.png
17,6,6,Amon-Ra St. Brown,WR,Detroit Lions,JTBINEGAR2,Dak Prescott,Dallas Cowboys,0,,,New York Giants,0,0,Pre-ETR,5.png
17,7,7,CeeDee Lamb,WR,Dallas Cowboys,D4VE,Sam Darnold,Seattle Seahawks,0,,,Philadelphia Eagles,0,0,Pre-ETR,5.png
17,8,8,Trey McBride,TE,Arizona Cardinals,GFORGUMBY,Jaxson Dart,New York Giants,0,,,Jacksonville Jaguars,1,1,Pre-ETR,5.png
17,9,9,Rashee Rice,WR,Kansas City Chiefs,MATHOLOGY,Tyler Shough,New Orleans Saints,0,,,Indianapolis Colts,0,0,Pre-ETR,5.png
17,10,10,Derrick Henry,RB,Baltimore Ravens,NEZ,Daniel Jones,Indianapolis Colts,0,,,New York Jets,0,0,Pre-ETR,5.png
17,11,11,Javonte Williams,RB,Dallas Cowboys,GPNGC,Jacoby Brissett,Arizona Cardinals,0,,,Philadelphia Eagles,0,0,Pre-ETR,5.png
17,12,12,Jalen Hurts,QB,Philadelphia Eagles,BOTOWN,Jalen Hurts,Philadelphia Eagles,1,1,1,Dallas Cowboys,0,0,Pre-ETR,5.png
17,12,13,A.J. Brown,WR,Philadelphia Eagles,BOTOWN,Jalen Hurts,Philadelphia Eagles,1,,,Dallas Cowboys,0,0,Pre-ETR,5.png
17,11,14,TreVeyon Henderson,RB,New England Patriots,GPNGC,Jacoby Brissett,Arizona Cardinals,0,,,Cincinnati Bengals,0,0,Pre-ETR,5.png
17,10,15,Brock Bowers,TE,Las Vegas Raiders,NEZ,Daniel Jones,Indianapolis Colts,0,,,Cleveland Browns,0,0,Pre-ETR,5.png
17,9,16,Chris Olave,WR,New Orleans Saints,MATHOLOGY,Tyler Shough,New Orleans Saints,1,,,Atlanta Falcons,0,0,Pre-ETR,5.png
17,8,17,Justin Jefferson,WR,Minnesota Vikings,GFORGUMBY,Jaxson Dart,New York Giants,0,,,Green Bay Packers,1,1,Pre-ETR,5.png
17,7,18,Travis Etienne Jr.,RB,Jacksonville Jaguars,D4VE,Sam Darnold,Seattle Seahawks,0,,,Arizona Cardinals,0,0,Pre-ETR,5.png
17,6,19,Ja'Marr Chase,WR,Cincinnati Bengals,JTBINEGAR2,Dak Prescott,Dallas Cowboys,0,,,New England Patriots,0,0,Pre-ETR,5.png
17,5,20,Lamar Jackson,QB,Baltimore Ravens,KRUTCHES93,Lamar Jackson,Baltimore Ravens,1,0,0,New York Jets,0,0,Pre-ETR,5.png
17,4,21,Tee Higgins,WR,Cincinnati Bengals,TBEAR81,Patrick Mahomes,Kansas City Chiefs,0,,,New England Patriots,0,0,Pre-ETR,5.png
17,3,22,Tyler Warren,TE,Indianapolis Colts,PATRICKBARN,Trevor Lawrence,Jacksonville Jaguars,0,,,Kansas City Chiefs,0,0,Pre-ETR,5.png
17,2,23,Stefon Diggs,WR,New England Patriots,LEE121503,Drake Maye,New England Patriots,1,,,Cincinnati Bengals,0,0,Pre-ETR,5.png
17,1,24,Quinshon Judkins,RB,Cleveland Browns,BUSTERSBOYS,Jared Goff,Detroit Lions,0,,,Las Vegas Raiders,0,0,Pre-ETR,5.png
17,1,25,Zay Flowers,WR,Baltimore Ravens,BUSTERSBOYS,Jared Goff,Detroit Lions,0,,,New York Jets,0,0,Pre-ETR,5.png
17,2,26,Drake Maye,QB,New England Patriots,LEE121503,Drake Maye,New England Patriots,1,1,1,Cincinnati Bengals,0,0,Pre-ETR,5.png
17,3,27,DeVonta Smith,WR,Philadelphia Eagles,PATRICKBARN,Trevor Lawrence,Jacksonville Jaguars,0,,,Dallas Cowboys,0,0,Pre-ETR,5.png
17,4,28,Patrick Mahomes,QB,Kansas City Chiefs,TBEAR81,Patrick Mahomes,Kansas City Chiefs,1,1,1,Indianapolis Colts,0,0,Pre-ETR,5.png
17,5,29,Jameson Williams,WR,Detroit Lions,KRUTCHES93,Lamar Jackson,Baltimore Ravens,0,,,New York Giants,0,0,Pre-ETR,5.png
17,6,30,Ashton Jeanty,RB,Las Vegas Raiders,JTBINEGAR2,Dak Prescott,Dallas Cowboys,0,,,Cleveland Browns,0,0,Pre-ETR,5.png
17,7,31,George Pickens,WR,Dallas Cowboys,D4VE,Sam Darnold,Seattle Seahawks,0,,,Philadelphia Eagles,0,0,Pre-ETR,5.png
17,8,32,Chase Brown,RB,Cincinnati Bengals,GFORGUMBY,Jaxson Dart,New York Giants,0,,,New England Patriots,0,0,Pre-ETR,5.png
17,9,33,D'Andre Swift,RB,Chicago Bears,MATHOLOGY,Tyler Shough,New Orleans Saints,0,,,Pittsburgh Steelers,0,0,Pre-ETR,5.png
17,10,34,Jaylen Warren,RB,Pittsburgh Steelers,NEZ,Daniel Jones,Indianapolis Colts,0,,,Chicago Bears,0,0,Pre-ETR,5.png
17,11,35,Rome Odunze,WR,Chicago Bears,GPNGC,Jacoby Brissett,Arizona Cardinals,0,,,Pittsburgh Steelers,0,0,Pre-ETR,5.png
17,12,36,Travis Kelce,TE,Kansas City Chiefs,BOTOWN,Jalen Hurts,Philadelphia Eagles,0,,,Indianapolis Colts,1,1,Pre-ETR,5.png
17,12,37,Michael Pittman Jr.,WR,Indianapolis Colts,BOTOWN,Jalen Hurts,Philadelphia Eagles,0,,,Kansas City Chiefs,1,1,Pre-ETR,5.png
17,11,38,Hunter Henry,TE,New England Patriots,GPNGC,Jacoby Brissett,Arizona Cardinals,0,,,Cincinnati Bengals,0,0,Pre-ETR,5.png
17,10,39,Daniel Jones,QB,Indianapolis Colts,NEZ,Daniel Jones,Indianapolis Colts,1,1,1,Kansas City Chiefs,0,0,Pre-ETR,5.png
17,9,40,Dallas Goedert,TE,Philadelphia Eagles,MATHOLOGY,Tyler Shough,New Orleans Saints,0,,,Dallas Cowboys,0,0,Pre-ETR,5.png
17,8,41,Jaxson Dart,QB,New York Giants,GFORGUMBY,Jaxson Dart,New York Giants,1,0,0,Detroit Lions,0,0,Pre-ETR,5.png
17,7,42,Kenneth Walker III,RB,Seattle Seahawks,D4VE,Sam Darnold,Seattle Seahawks,1,,,Tennessee Titans,0,0,Pre-ETR,5.png
17,6,43,Breece Hall,RB,New York Jets,JTBINEGAR2,Dak Prescott,Dallas Cowboys,0,,,Baltimore Ravens,0,0,Pre-ETR,5.png
17,5,44,Jake Ferguson,TE,Dallas Cowboys,KRUTCHES93,Lamar Jackson,Baltimore Ravens,0,,,Philadelphia Eagles,0,0,Pre-ETR,5.png
17,4,45,Mark Andrews,TE,Baltimore Ravens,TBEAR81,Patrick Mahomes,Kansas City Chiefs,0,,,New York Jets,0,0,Pre-ETR,5.png
17,3,46,Emanuel Wilson,RB,Green Bay Packers,PATRICKBARN,Trevor Lawrence,Jacksonville Jaguars,0,,,Minnesota Vikings,0,0,Pre-ETR,5.png
17,2,47,DK Metcalf,WR,Pittsburgh Steelers,LEE121503,Drake Maye,New England Patriots,0,,,Chicago Bears,0,0,Pre-ETR,5.png
17,1,48,Jared Goff,QB,Detroit Lions,BUSTERSBOYS,Jared Goff,Detroit Lions,1,0,0,New York Giants,1,1,Pre-ETR,5.png
17,1,49,Wan'Dale Robinson,WR,New York Giants,BUSTERSBOYS,Jared Goff,Detroit Lions,0,,,Detroit Lions,1,1,Pre-ETR,5.png
17,2,50,Aaron Jones,RB,Minnesota Vikings,LEE121503,Drake Maye,New England Patriots,0,,,Green Bay Packers,0,0,Pre-ETR,5.png
17,3,51,Michael Wilson,WR,Arizona Cardinals,PATRICKBARN,Trevor Lawrence,Jacksonville Jaguars,0,,,Jacksonville Jaguars,1,1,Pre-ETR,5.png
17,4,52,Xavier Worthy,WR,Kansas City Chiefs,TBEAR81,Patrick Mahomes,Kansas City Chiefs,1,,,Indianapolis Colts,0,0,Pre-ETR,5.png
17,5,53,Josh Jacobs,RB,Green Bay Packers,KRUTCHES93,Lamar Jackson,Baltimore Ravens,0,,,Minnesota Vikings,0,0,Pre-ETR,5.png
17,6,54,Dak Prescott,QB,Dallas Cowboys,JTBINEGAR2,Dak Prescott,Dallas Cowboys,1,0,0,Philadelphia Eagles,0,0,Pre-ETR,5.png
17,7,55,Kyle Pitts,TE,Atlanta Falcons,D4VE,Sam Darnold,Seattle Seahawks,0,,,New Orleans Saints,0,0,Pre-ETR,5.png
17,8,56,Brian Thomas,WR,Jacksonville Jaguars,GFORGUMBY,Jaxson Dart,New York Giants,0,,,Arizona Cardinals,1,1,Pre-ETR,5.png
17,9,57,Alvin Kamara,RB,New Orleans Saints,MATHOLOGY,Tyler Shough,New Orleans Saints,1,,,Atlanta Falcons,0,0,Pre-ETR,5.png
17,10,58,Alec Pierce,WR,Indianapolis Colts,NEZ,Daniel Jones,Indianapolis Colts,1,,,Kansas City Chiefs,0,0,Pre-ETR,5.png
17,11,59,Marvin Harrison,WR,Arizona Cardinals,GPNGC,Jacoby Brissett,Arizona Cardinals,1,,,Jacksonville Jaguars,0,0,Pre-ETR,5.png
17,12,60,David Montgomery,RB,Detroit Lions,BOTOWN,Jalen Hurts,Philadelphia Eagles,0,,,New York Giants,0,0,Pre-ETR,5.png
17,12,61,Jordan Addison,WR,Minnesota Vikings,BOTOWN,Jalen Hurts,Philadelphia Eagles,0,,,Green Bay Packers,0,0,Pre-ETR,5.png
17,11,62,Jacoby Brissett,QB,Arizona Cardinals,GPNGC,Jacoby Brissett,Arizona Cardinals,1,1,1,Jacksonville Jaguars,0,0,Pre-ETR,5.png
17,10,63,Christian Watson,WR,Green Bay Packers,NEZ,Daniel Jones,Indianapolis Colts,0,,,Minnesota Vikings,0,0,Pre-ETR,5.png
17,9,64,Tyler Shough,QB,New Orleans Saints,MATHOLOGY,Tyler Shough,New Orleans Saints,1,2,1,Atlanta Falcons,0,0,Pre-ETR,5.png
17,8,65,Romeo Doubs,WR,Green Bay Packers,GFORGUMBY,Jaxson Dart,New York Giants,0,,,Minnesota Vikings,1,1,Pre-ETR,5.png
17,7,66,Sam Darnold,QB,Seattle Seahawks,D4VE,Sam Darnold,Seattle Seahawks,1,1,1,Tennessee Titans,0,0,Pre-ETR,5.png
17,6,67,Juwan Johnson,TE,New Orleans Saints,JTBINEGAR2,Dak Prescott,Dallas Cowboys,0,,,Atlanta Falcons,0,0,Pre-ETR,5.png
17,5,68,Jakobi Meyers,WR,Jacksonville Jaguars,KRUTCHES93,Lamar Jackson,Baltimore Ravens,0,,,Arizona Cardinals,0,0,Pre-ETR,5.png
17,4,69,Cooper Kupp,WR,Seattle Seahawks,TBEAR81,Patrick Mahomes,Kansas City Chiefs,0,,,Tennessee Titans,0,0,Pre-ETR,5.png
17,3,70,Trevor Lawrence,QB,Jacksonville Jaguars,PATRICKBARN,Trevor Lawrence,Jacksonville Jaguars,1,0,0,Arizona Cardinals,1,1,Pre-ETR,5.png
17,2,71,Theo Johnson,TE,New York Giants,LEE121503,Drake Maye,New England Patriots,0,,,Detroit Lions,1,1,Pre-ETR,5.png
17,1,72,Harold Fannin,TE,Cleveland Browns,BUSTERSBOYS,Jared Goff,Detroit Lions,0,,,Las Vegas Raiders,0,0,Pre-ETR,5.png
18,1,1,Jonathan Taylor,RB,Indianapolis Colts,VOGEYBERRA8,Drake Maye,New England Patriots,0,,,Kansas City Chiefs,0,0,Pre-ETR,6.png
18,2,2,Jahmyr Gibbs,RB,Detroit Lions,D4VE,Lamar Jackson,Baltimore Ravens,0,,,New York Giants,1,1,Pre-ETR,6.png
18,3,3,Bijan Robinson,RB,Atlanta Falcons,KINGSCHUSTER,Sam Darnold,Seattle Seahawks,0,,,New Orleans Saints,1,1,Pre-ETR,6.png
18,4,4,Jaxon Smith-Njigba,WR,Seattle Seahawks,FANTASYGRIN,Jalen Hurts,Philadelphia Eagles,0,,,Tennessee Titans,0,0,Pre-ETR,6.png
18,5,5,Saquon Barkley,RB,Philadelphia Eagles,KRUTCHES93,Jared Goff,Detroit Lions,0,,,Dallas Cowboys,1,1,Pre-ETR,6.png
18,6,6,Amon-Ra St. Brown,WR,Detroit Lions,GFORGUMBY,Jaxson Dart,New York Giants,0,,,New York Giants,2,1,Pre-ETR,6.png
18,7,7,CeeDee Lamb,WR,Dallas Cowboys,JGFC,Dak Prescott,Dallas Cowboys,1,,,Philadelphia Eagles,1,1,Pre-ETR,6.png
18,8,8,Trey McBride,TE,Arizona Cardinals,NF42,Jacoby Brissett,Arizona Cardinals,1,,,Jacksonville Jaguars,1,1,Pre-ETR,6.png
18,9,9,Javonte Williams,RB,Dallas Cowboys,XCHEERFUL,Daniel Jones,Indianapolis Colts,0,,,Philadelphia Eagles,1,1,Pre-ETR,6.png
18,10,10,Derrick Henry,RB,Baltimore Ravens,PATRICKBARN,Trevor Lawrence,Jacksonville Jaguars,0,,,New York Jets,0,0,Pre-ETR,6.png
18,11,11,TreVeyon Henderson,RB,New England Patriots,RAZOR33,Patrick Mahomes,Kansas City Chiefs,0,,,Cincinnati Bengals,0,0,Pre-ETR,6.png
18,12,12,Rashee Rice,WR,Kansas City Chiefs,GPNGC,Jordan Love,Green Bay Packers,0,,,Indianapolis Colts,0,0,Pre-ETR,6.png
18,12,13,Brock Bowers,TE,Las Vegas Raiders,GPNGC,Jordan Love,Green Bay Packers,0,,,Cleveland Browns,0,0,Pre-ETR,6.png
18,11,14,Justin Jefferson,WR,Minnesota Vikings,RAZOR33,Patrick Mahomes,Kansas City Chiefs,0,,,Green Bay Packers,0,0,Pre-ETR,6.png
18,10,15,Ja'Marr Chase,WR,Cincinnati Bengals,PATRICKBARN,Trevor Lawrence,Jacksonville Jaguars,0,,,New England Patriots,0,0,Pre-ETR,6.png
18,9,16,A.J. Brown,WR,Philadelphia Eagles,XCHEERFUL,Daniel Jones,Indianapolis Colts,0,,,Dallas Cowboys,1,1,Pre-ETR,6.png
18,8,17,Travis Etienne Jr.,RB,Jacksonville Jaguars,NF42,Jacoby Brissett,Arizona Cardinals,0,,,Arizona Cardinals,3,1,Pre-ETR,6.png
18,7,18,DeVonta Smith,WR,Philadelphia Eagles,JGFC,Dak Prescott,Dallas Cowboys,0,,,Dallas Cowboys,2,1,Pre-ETR,6.png
18,6,19,Quinshon Judkins,RB,Cleveland Browns,GFORGUMBY,Jaxson Dart,New York Giants,0,,,Las Vegas Raiders,0,0,Pre-ETR,6.png
18,5,20,Chris Olave,WR,New Orleans Saints,KRUTCHES93,Jared Goff,Detroit Lions,0,,,Atlanta Falcons,0,0,Pre-ETR,6.png
18,4,21,Jalen Hurts,QB,Philadelphia Eagles,FANTASYGRIN,Jalen Hurts,Philadelphia Eagles,1,1,1,Dallas Cowboys,1,1,Pre-ETR,6.png
18,3,22,Tee Higgins,WR,Cincinnati Bengals,KINGSCHUSTER,Sam Darnold,Seattle Seahawks,0,,,New England Patriots,0,0,Pre-ETR,6.png
18,2,23,Lamar Jackson,QB,Baltimore Ravens,D4VE,Lamar Jackson,Baltimore Ravens,1,0,0,New York Jets,0,0,Pre-ETR,6.png
18,1,24,Drake Maye,QB,New England Patriots,VOGEYBERRA8,Drake Maye,New England Patriots,1,1,1,Cincinnati Bengals,0,0,Pre-ETR,6.png
18,1,25,Ashton Jeanty,RB,Las Vegas Raiders,VOGEYBERRA8,Drake Maye,New England Patriots,0,,,Cleveland Browns,0,0,Pre-ETR,6.png
18,2,26,Tyler Warren,TE,Indianapolis Colts,D4VE,Lamar Jackson,Baltimore Ravens,0,,,Kansas City Chiefs,0,0,Pre-ETR,6.png
18,3,27,Chase Brown,RB,Cincinnati Bengals,KINGSCHUSTER,Sam Darnold,Seattle Seahawks,0,,,New England Patriots,0,0,Pre-ETR,6.png
18,4,28,George Pickens,WR,Dallas Cowboys,FANTASYGRIN,Jalen Hurts,Philadelphia Eagles,0,,,Philadelphia Eagles,2,1,Pre-ETR,6.png
18,5,29,Jameson Williams,WR,Detroit Lions,KRUTCHES93,Jared Goff,Detroit Lions,1,,,New York Giants,0,0,Pre-ETR,6.png
18,6,30,Stefon Diggs,WR,New England Patriots,GFORGUMBY,Jaxson Dart,New York Giants,0,,,Cincinnati Bengals,0,0,Pre-ETR,6.png
18,7,31,Dak Prescott,QB,Dallas Cowboys,JGFC,Dak Prescott,Dallas Cowboys,1,1,1,Philadelphia Eagles,1,1,Pre-ETR,6.png
18,8,32,Jaylen Warren,RB,Pittsburgh Steelers,NF42,Jacoby Brissett,Arizona Cardinals,0,,,Chicago Bears,1,1,Pre-ETR,6.png
18,9,33,Emanuel Wilson,RB,Green Bay Packers,XCHEERFUL,Daniel Jones,Indianapolis Colts,0,,,Minnesota Vikings,0,0,Pre-ETR,6.png
18,10,34,Zay Flowers,WR,Baltimore Ravens,PATRICKBARN,Trevor Lawrence,Jacksonville Jaguars,0,,,New York Jets,0,0,Pre-ETR,6.png
18,11,35,Patrick Mahomes,QB,Kansas City Chiefs,RAZOR33,Patrick Mahomes,Kansas City Chiefs,1,1,1,Indianapolis Colts,0,0,Pre-ETR,6.png
18,12,36,Alvin Kamara,RB,New Orleans Saints,GPNGC,Jordan Love,Green Bay Packers,0,,,Atlanta Falcons,0,0,Pre-ETR,6.png
18,12,37,Kenneth Walker III,RB,Seattle Seahawks,GPNGC,Jordan Love,Green Bay Packers,0,,,Tennessee Titans,0,0,Pre-ETR,6.png
18,11,38,Breece Hall,RB,New York Jets,RAZOR33,Patrick Mahomes,Kansas City Chiefs,0,,,Baltimore Ravens,1,1,Pre-ETR,6.png
18,10,39,Travis Kelce,TE,Kansas City Chiefs,PATRICKBARN,Trevor Lawrence,Jacksonville Jaguars,0,,,Indianapolis Colts,0,0,Pre-ETR,6.png
18,9,40,Michael Pittman Jr.,WR,Indianapolis Colts,XCHEERFUL,Daniel Jones,Indianapolis Colts,1,,,Kansas City Chiefs,0,0,Pre-ETR,6.png
18,8,41,Rome Odunze,WR,Chicago Bears,NF42,Jacoby Brissett,Arizona Cardinals,0,,,Pittsburgh Steelers,1,1,Pre-ETR,6.png
18,7,42,Hunter Henry,TE,New England Patriots,JGFC,Dak Prescott,Dallas Cowboys,0,,,Cincinnati Bengals,0,0,Pre-ETR,6.png
18,6,43,D'Andre Swift,RB,Chicago Bears,GFORGUMBY,Jaxson Dart,New York Giants,0,,,Pittsburgh Steelers,0,0,Pre-ETR,6.png
18,5,44,Jared Goff,QB,Detroit Lions,KRUTCHES93,Jared Goff,Detroit Lions,1,1,1,New York Giants,0,0,Pre-ETR,6.png
18,4,45,Dallas Goedert,TE,Philadelphia Eagles,FANTASYGRIN,Jalen Hurts,Philadelphia Eagles,1,,,Dallas Cowboys,1,1,Pre-ETR,6.png
18,3,46,Brian Thomas,WR,Jacksonville Jaguars,KINGSCHUSTER,Sam Darnold,Seattle Seahawks,0,,,Arizona Cardinals,0,0,Pre-ETR,6.png
18,2,47,Wan'Dale Robinson,WR,New York Giants,D4VE,Lamar Jackson,Baltimore Ravens,0,,,Detroit Lions,1,1,Pre-ETR,6.png
18,1,48,DK Metcalf,WR,Pittsburgh Steelers,VOGEYBERRA8,Drake Maye,New England Patriots,0,,,Chicago Bears,0,0,Pre-ETR,6.png
18,1,49,Kyle Pitts,TE,Atlanta Falcons,VOGEYBERRA8,Drake Maye,New England Patriots,0,,,New Orleans Saints,0,0,Pre-ETR,6.png
18,2,50,Aaron Jones,RB,Minnesota Vikings,D4VE,Lamar Jackson,Baltimore Ravens,0,,,Green Bay Packers,0,0,Pre-ETR,6.png
18,3,51,Juwan Johnson,TE,New Orleans Saints,KINGSCHUSTER,Sam Darnold,Seattle Seahawks,0,,,Atlanta Falcons,1,1,Pre-ETR,6.png
18,4,52,David Montgomery,RB,Detroit Lions,FANTASYGRIN,Jalen Hurts,Philadelphia Eagles,0,,,New York Giants,0,0,Pre-ETR,6.png
18,5,53,Jake Ferguson,TE,Dallas Cowboys,KRUTCHES93,Jared Goff,Detroit Lions,0,,,Philadelphia Eagles,1,1,Pre-ETR,6.png
18,6,54,Jaxson Dart,QB,New York Giants,GFORGUMBY,Jaxson Dart,New York Giants,1,1,1,Detroit Lions,1,1,Pre-ETR,6.png
18,7,55,Kenneth Gainwell,RB,Pittsburgh Steelers,JGFC,Dak Prescott,Dallas Cowboys,0,,,Chicago Bears,0,0,Pre-ETR,6.png
18,8,56,Michael Wilson,WR,Arizona Cardinals,NF42,Jacoby Brissett,Arizona Cardinals,1,,,Jacksonville Jaguars,1,1,Pre-ETR,6.png
18,9,57,Daniel Jones,QB,Indianapolis Colts,XCHEERFUL,Daniel Jones,Indianapolis Colts,1,1,1,Kansas City Chiefs,0,0,Pre-ETR,6.png
18,10,58,Darnell Mooney,WR,Atlanta Falcons,PATRICKBARN,Trevor Lawrence,Jacksonville Jaguars,0,,,New Orleans Saints,0,0,Pre-ETR,6.png
18,11,59,Xavier Worthy,WR,Kansas City Chiefs,RAZOR33,Patrick Mahomes,Kansas City Chiefs,1,,,Indianapolis Colts,0,0,Pre-ETR,6.png
18,12,60,Romeo Doubs,WR,Green Bay Packers,GPNGC,Jordan Love,Green Bay Packers,1,,,Minnesota Vikings,0,0,Pre-ETR,6.png
18,12,61,Jordan Love,QB,Green Bay Packers,GPNGC,Jordan Love,Green Bay Packers,1,1,1,Minnesota Vikings,0,0,Pre-ETR,6.png
18,11,62,Mark Andrews,TE,Baltimore Ravens,RAZOR33,Patrick Mahomes,Kansas City Chiefs,0,,,New York Jets,1,1,Pre-ETR,6.png
18,10,63,Trevor Lawrence,QB,Jacksonville Jaguars,PATRICKBARN,Trevor Lawrence,Jacksonville Jaguars,1,0,0,Arizona Cardinals,0,0,Pre-ETR,6.png
18,9,64,Brenton Strange,TE,Jacksonville Jaguars,XCHEERFUL,Daniel Jones,Indianapolis Colts,0,,,Arizona Cardinals,0,0,Pre-ETR,6.png
18,8,65,Jacoby Brissett,QB,Arizona Cardinals,NF42,Jacoby Brissett,Arizona Cardinals,1,2,1,Jacksonville Jaguars,1,1,Pre-ETR,6.png
18,7,66,Josh Jacobs,RB,Green Bay Packers,JGFC,Dak Prescott,Dallas Cowboys,0,,,Minnesota Vikings,0,0,Pre-ETR,6.png
18,6,67,Theo Johnson,TE,New York Giants,GFORGUMBY,Jaxson Dart,New York Giants,1,,,Detroit Lions,1,1,Pre-ETR,6.png
18,5,68,Jordan Addison,WR,Minnesota Vikings,KRUTCHES93,Jared Goff,Detroit Lions,0,,,Green Bay Packers,0,0,Pre-ETR,6.png
18,4,69,Rhamondre Stevenson,RB,New England Patriots,FANTASYGRIN,Jalen Hurts,Philadelphia Eagles,0,,,Cincinnati Bengals,0,0,Pre-ETR,6.png
18,3,70,Sam Darnold,QB,Seattle Seahawks,KINGSCHUSTER,Sam Darnold,Seattle Seahawks,1,0,0,Tennessee Titans,0,0,Pre-ETR,6.png
18,2,71,Marvin Harrison,WR,Arizona Cardinals,D4VE,Lamar Jackson,Baltimore Ravens,0,,,Jacksonville Jaguars,0,0,Pre-ETR,6.png
18,1,72,Kayshon Boutte,WR,New England Patriots,VOGEYBERRA8,Drake Maye,New England Patriots,1,,,Cincinnati Bengals,0,0,Pre-ETR,6.png
19,1,1,Jonathan Taylor,RB,Indianapolis Colts,CGEEEEEE,Drake Maye,New England Patriots,0,,,Kansas City Chiefs,0,0,Pre-ETR,7.jpg
19,2,2,Jahmyr Gibbs,RB,Detroit Lions,D4VE,Jared Goff,Detroit Lions,1,,,New York Giants,0,0,Pre-ETR,7.jpg
19,3,3,Bijan Robinson,RB,Atlanta Falcons,RIPSEWELL,Tyler Shough,New Orleans Saints,0,,,New Orleans Saints,2,1,Pre-ETR,7.jpg
19,4,4,Jaxon Smith-Njigba,WR,Seattle Seahawks,GPNGC,Lamar Jackson,Baltimore Ravens,0,,,Tennessee Titans,0,0,Pre-ETR,7.jpg
19,5,5,Saquon Barkley,RB,Philadelphia Eagles,BUSTERSBOYS,Caleb Williams,Chicago Bears,0,,,Dallas Cowboys,0,0,Pre-ETR,7.jpg
19,6,6,Amon-Ra St. Brown,WR,Detroit Lions,KRUTCHES93,Trevor Lawrence,Jacksonville Jaguars,0,,,New York Giants,0,0,Pre-ETR,7.jpg
19,7,7,Trey McBride,TE,Arizona Cardinals,KINGSCHUSTER,Patrick Mahomes,Kansas City Chiefs,0,,,Jacksonville Jaguars,1,1,Pre-ETR,7.jpg
19,8,8,CeeDee Lamb,WR,Dallas Cowboys,MATHOLOGY,Dak Prescott,Dallas Cowboys,1,,,Philadelphia Eagles,1,1,Pre-ETR,7.jpg
19,9,9,Derrick Henry,RB,Baltimore Ravens,PATRICKBARN,Jalen Hurts,Philadelphia Eagles,0,,,New York Jets,0,0,Pre-ETR,7.jpg
19,10,10,Ja'Marr Chase,WR,Cincinnati Bengals,DRAPP,Jaxson Dart,New York Giants,0,,,New England Patriots,0,0,Pre-ETR,7.jpg
19,11,11,Javonte Williams,RB,Dallas Cowboys,LEE121503,Daniel Jones,Indianapolis Colts,0,,,Philadelphia Eagles,0,0,Pre-ETR,7.jpg
19,12,12,Rashee Rice,WR,Kansas City Chiefs,ASAPTUNA,Jordan Love,Green Bay Packers,0,,,Indianapolis Colts,0,0,Pre-ETR,7.jpg
19,12,13,Brock Bowers,TE,Las Vegas Raiders,ASAPTUNA,Jordan Love,Green Bay Packers,0,,,Cleveland Browns,0,0,Pre-ETR,7.jpg
19,11,14,TreVeyon Henderson,RB,New England Patriots,LEE121503,Daniel Jones,Indianapolis Colts,0,,,Cincinnati Bengals,0,0,Pre-ETR,7.jpg
19,10,15,Ashton Jeanty,RB,Las Vegas Raiders,DRAPP,Jaxson Dart,New York Giants,0,,,Cleveland Browns,0,0,Pre-ETR,7.jpg
19,9,16,Jalen Hurts,QB,Philadelphia Eagles,PATRICKBARN,Jalen Hurts,Philadelphia Eagles,1,0,0,Dallas Cowboys,0,0,Pre-ETR,7.jpg
19,8,17,A.J. Brown,WR,Philadelphia Eagles,MATHOLOGY,Dak Prescott,Dallas Cowboys,0,,,Dallas Cowboys,3,1,Pre-ETR,7.jpg
19,7,18,Travis Etienne Jr.,RB,Jacksonville Jaguars,KINGSCHUSTER,Patrick Mahomes,Kansas City Chiefs,0,,,Arizona Cardinals,1,1,Pre-ETR,7.jpg
19,6,19,Justin Jefferson,WR,Minnesota Vikings,KRUTCHES93,Trevor Lawrence,Jacksonville Jaguars,0,,,Green Bay Packers,0,0,Pre-ETR,7.jpg
19,5,20,Quinshon Judkins,RB,Cleveland Browns,BUSTERSBOYS,Caleb Williams,Chicago Bears,0,,,Las Vegas Raiders,0,0,Pre-ETR,7.jpg
19,4,21,Lamar Jackson,QB,Baltimore Ravens,GPNGC,Lamar Jackson,Baltimore Ravens,1,1,1,New York Jets,0,0,Pre-ETR,7.jpg
19,3,22,Chris Olave,WR,New Orleans Saints,RIPSEWELL,Tyler Shough,New Orleans Saints,1,,,Atlanta Falcons,1,1,Pre-ETR,7.jpg
19,2,23,George Pickens,WR,Dallas Cowboys,D4VE,Jared Goff,Detroit Lions,0,,,Philadelphia Eagles,0,0,Pre-ETR,7.jpg
19,1,24,Stefon Diggs,WR,New England Patriots,CGEEEEEE,Drake Maye,New England Patriots,1,,,Cincinnati Bengals,0,0,Pre-ETR,7.jpg
19,1,25,Drake Maye,QB,New England Patriots,CGEEEEEE,Drake Maye,New England Patriots,1,2,1,Cincinnati Bengals,0,0,Pre-ETR,7.jpg
19,2,26,Tyler Warren,TE,Indianapolis Colts,D4VE,Jared Goff,Detroit Lions,0,,,Kansas City Chiefs,0,0,Pre-ETR,7.jpg
19,3,27,Josh Jacobs,RB,Green Bay Packers,RIPSEWELL,Tyler Shough,New Orleans Saints,0,,,Minnesota Vikings,0,0,Pre-ETR,7.jpg
19,4,28,DeVonta Smith,WR,Philadelphia Eagles,GPNGC,Lamar Jackson,Baltimore Ravens,0,,,Dallas Cowboys,0,0,Pre-ETR,7.jpg
19,5,29,Tee Higgins,WR,Cincinnati Bengals,BUSTERSBOYS,Caleb Williams,Chicago Bears,0,,,New England Patriots,0,0,Pre-ETR,7.jpg
19,6,30,Jameson Williams,WR,Detroit Lions,KRUTCHES93,Trevor Lawrence,Jacksonville Jaguars,0,,,New York Giants,0,0,Pre-ETR,7.jpg
19,7,31,Patrick Mahomes,QB,Kansas City Chiefs,KINGSCHUSTER,Patrick Mahomes,Kansas City Chiefs,1,1,1,Indianapolis Colts,0,0,Pre-ETR,7.jpg
19,8,32,Dak Prescott,QB,Dallas Cowboys,MATHOLOGY,Dak Prescott,Dallas Cowboys,1,2,1,Philadelphia Eagles,1,1,Pre-ETR,7.jpg
19,9,33,Zay Flowers,WR,Baltimore Ravens,PATRICKBARN,Jalen Hurts,Philadelphia Eagles,0,,,New York Jets,0,0,Pre-ETR,7.jpg
19,10,34,Jaylen Warren,RB,Pittsburgh Steelers,DRAPP,Jaxson Dart,New York Giants,0,,,Chicago Bears,0,0,Pre-ETR,7.jpg
19,11,35,Daniel Jones,QB,Indianapolis Colts,LEE121503,Daniel Jones,Indianapolis Colts,1,1,1,Kansas City Chiefs,1,1,Pre-ETR,7.jpg
19,12,36,Chase Brown,RB,Cincinnati Bengals,ASAPTUNA,Jordan Love,Green Bay Packers,0,,,New England Patriots,0,0,Pre-ETR,7.jpg
19,12,37,Kenneth Walker III,RB,Seattle Seahawks,ASAPTUNA,Jordan Love,Green Bay Packers,0,,,Tennessee Titans,0,0,Pre-ETR,7.jpg
19,11,38,Travis Kelce,TE,Kansas City Chiefs,LEE121503,Daniel Jones,Indianapolis Colts,0,,,Indianapolis Colts,2,1,Pre-ETR,7.jpg
19,10,39,Jaxson Dart,QB,New York Giants,DRAPP,Jaxson Dart,New York Giants,1,1,1,Detroit Lions,0,0,Pre-ETR,7.jpg
19,9,40,Emanuel Wilson,RB,Green Bay Packers,PATRICKBARN,Jalen Hurts,Philadelphia Eagles,0,,,Minnesota Vikings,0,0,Pre-ETR,7.jpg
19,8,41,Breece Hall,RB,New York Jets,MATHOLOGY,Dak Prescott,Dallas Cowboys,0,,,Baltimore Ravens,0,0,Pre-ETR,7.jpg
19,7,42,DK Metcalf,WR,Pittsburgh Steelers,KINGSCHUSTER,Patrick Mahomes,Kansas City Chiefs,0,,,Chicago Bears,0,0,Pre-ETR,7.jpg
19,6,43,Hunter Henry,TE,New England Patriots,KRUTCHES93,Trevor Lawrence,Jacksonville Jaguars,0,,,Cincinnati Bengals,0,0,Pre-ETR,7.jpg
19,5,44,Rome Odunze,WR,Chicago Bears,BUSTERSBOYS,Caleb Williams,Chicago Bears,1,,,Pittsburgh Steelers,0,0,Pre-ETR,7.jpg
19,4,45,D'Andre Swift,RB,Chicago Bears,GPNGC,Lamar Jackson,Baltimore Ravens,0,,,Pittsburgh Steelers,0,0,Pre-ETR,7.jpg
19,3,46,Wan'Dale Robinson,WR,New York Giants,RIPSEWELL,Tyler Shough,New Orleans Saints,0,,,Detroit Lions,0,0,Pre-ETR,7.jpg
19,2,47,Aaron Jones,RB,Minnesota Vikings,D4VE,Jared Goff,Detroit Lions,0,,,Green Bay Packers,0,0,Pre-ETR,7.jpg
19,1,48,Juwan Johnson,TE,New Orleans Saints,CGEEEEEE,Drake Maye,New England Patriots,0,,,Atlanta Falcons,0,0,Pre-ETR,7.jpg
19,1,49,Alvin Kamara,RB,New Orleans Saints,CGEEEEEE,Drake Maye,New England Patriots,0,,,Atlanta Falcons,0,0,Pre-ETR,7.jpg
19,2,50,Jared Goff,QB,Detroit Lions,D4VE,Jared Goff,Detroit Lions,1,1,1,New York Giants,0,0,Pre-ETR,7.jpg
19,3,51,Dallas Goedert,TE,Philadelphia Eagles,RIPSEWELL,Tyler Shough,New Orleans Saints,0,,,Dallas Cowboys,0,0,Pre-ETR,7.jpg
19,4,52,David Montgomery,RB,Detroit Lions,GPNGC,Lamar Jackson,Baltimore Ravens,0,,,New York Giants,0,0,Pre-ETR,7.jpg
19,5,53,Caleb Williams,QB,Chicago Bears,BUSTERSBOYS,Caleb Williams,Chicago Bears,1,2,1,Pittsburgh Steelers,0,0,Pre-ETR,7.jpg
19,6,54,Zach Charbonnet,RB,Seattle Seahawks,KRUTCHES93,Trevor Lawrence,Jacksonville Jaguars,0,,,Tennessee Titans,0,0,Pre-ETR,7.jpg
19,7,55,Xavier Worthy,WR,Kansas City Chiefs,KINGSCHUSTER,Patrick Mahomes,Kansas City Chiefs,1,,,Indianapolis Colts,0,0,Pre-ETR,7.jpg
19,8,56,Jake Ferguson,TE,Dallas Cowboys,MATHOLOGY,Dak Prescott,Dallas Cowboys,1,,,Philadelphia Eagles,1,1,Pre-ETR,7.jpg
19,9,57,Kyle Pitts,TE,Atlanta Falcons,PATRICKBARN,Jalen Hurts,Philadelphia Eagles,0,,,New Orleans Saints,0,0,Pre-ETR,7.jpg
19,10,58,Michael Pittman Jr.,WR,Indianapolis Colts,DRAPP,Jaxson Dart,New York Giants,0,,,Kansas City Chiefs,0,0,Pre-ETR,7.jpg
19,11,59,Michael Wilson,WR,Arizona Cardinals,LEE121503,Daniel Jones,Indianapolis Colts,0,,,Jacksonville Jaguars,0,0,Pre-ETR,7.jpg
19,12,60,Romeo Doubs,WR,Green Bay Packers,ASAPTUNA,Jordan Love,Green Bay Packers,1,,,Minnesota Vikings,0,0,Pre-ETR,7.jpg
19,12,61,Jordan Love,QB,Green Bay Packers,ASAPTUNA,Jordan Love,Green Bay Packers,1,1,1,Minnesota Vikings,0,0,Pre-ETR,7.jpg
19,11,62,Alec Pierce,WR,Indianapolis Colts,LEE121503,Daniel Jones,Indianapolis Colts,1,,,Kansas City Chiefs,1,1,Pre-ETR,7.jpg
19,10,63,Theo Johnson,TE,New York Giants,DRAPP,Jaxson Dart,New York Giants,1,,,Detroit Lions,0,0,Pre-ETR,7.jpg
19,9,64,Darnell Mooney,WR,Atlanta Falcons,PATRICKBARN,Jalen Hurts,Philadelphia Eagles,0,,,New Orleans Saints,0,0,Pre-ETR,7.jpg
19,8,65,Rhamondre Stevenson,RB,New England Patriots,MATHOLOGY,Dak Prescott,Dallas Cowboys,0,,,Cincinnati Bengals,0,0,Pre-ETR,7.jpg
19,7,66,Kenneth Gainwell,RB,Pittsburgh Steelers,KINGSCHUSTER,Patrick Mahomes,Kansas City Chiefs,0,,,Chicago Bears,0,0,Pre-ETR,7.jpg
19,6,67,Trevor Lawrence,QB,Jacksonville Jaguars,KRUTCHES93,Trevor Lawrence,Jacksonville Jaguars,1,0,0,Arizona Cardinals,0,0,Pre-ETR,7.jpg
19,5,68,Colston Loveland,TE,Chicago Bears,BUSTERSBOYS,Caleb Williams,Chicago Bears,1,,,Pittsburgh Steelers,0,0,Pre-ETR,7.jpg
19,4,69,Mark Andrews,TE,Baltimore Ravens,GPNGC,Lamar Jackson,Baltimore Ravens,1,,,New York Jets,0,0,Pre-ETR,7.jpg
19,3,70,Tyler Shough,QB,New Orleans Saints,RIPSEWELL,Tyler Shough,New Orleans Saints,1,1,1,Atlanta Falcons,1,1,Pre-ETR,7.jpg
19,2,71,Marvin Harrison,WR,Arizona Cardinals,D4VE,Jared Goff,Detroit Lions,0,,,Jacksonville Jaguars,0,0,Pre-ETR,7.jpg
19,1,72,Kayshon Boutte,WR,New England Patriots,CGEEEEEE,Drake Maye,New England Patriots,1,,,Cincinnati Bengals,0,0,Pre-ETR,7.jpg
20,1,1,Jonathan Taylor,RB,Indianapolis Colts,D4VE,Lamar Jackson,Baltimore Ravens,0,,,Kansas City Chiefs,0,0,Pre-ETR,8.png
20,2,2,Bijan Robinson,RB,Atlanta Falcons,FANTASYGRIN,Drake Maye,New England Patriots,0,,,New Orleans Saints,0,0,Pre-ETR,8.png
20,3,3,Jahmyr Gibbs,RB,Detroit Lions,GPNGC,Patrick Mahomes,Kansas City Chiefs,0,,,New York Giants,0,0,Pre-ETR,8.png
20,4,4,Jaxon Smith-Njigba,WR,Seattle Seahawks,JGFC,Sam Darnold,Seattle Seahawks,1,,,Tennessee Titans,0,0,Pre-ETR,8.png
20,5,5,Saquon Barkley,RB,Philadelphia Eagles,KINGSCHUSTER,Trevor Lawrence,Jacksonville Jaguars,0,,,Dallas Cowboys,0,0,Pre-ETR,8.png
20,6,6,Derrick Henry,RB,Baltimore Ravens,KRUTCHES93,Jalen Hurts,Philadelphia Eagles,0,,,New York Jets,0,0,Pre-ETR,8.png
20,7,7,Amon-Ra St. Brown,WR,Detroit Lions,NF42,Dak Prescott,Dallas Cowboys,0,,,New York Giants,0,0,Pre-ETR,8.png
20,8,8,Trey McBride,TE,Arizona Cardinals,PATRICKBARN,Jared Goff,Detroit Lions,0,,,Jacksonville Jaguars,1,1,Pre-ETR,8.png
20,9,9,TreVeyon Henderson,RB,New England Patriots,FFLINX,Jacoby Brissett,Arizona Cardinals,0,,,Cincinnati Bengals,0,0,Pre-ETR,8.png
20,10,10,Rashee Rice,WR,Kansas City Chiefs,BUSTERSBOYS,Daniel Jones,Indianapolis Colts,0,,,Indianapolis Colts,2,1,Pre-ETR,8.png
20,11,11,CeeDee Lamb,WR,Dallas Cowboys,JTBINEGAR2,Caleb Williams,Chicago Bears,0,,,Philadelphia Eagles,0,0,Pre-ETR,8.png
20,12,12,Ja'Marr Chase,WR,Cincinnati Bengals,VOGEYBERRA8,Jaxson Dart,New York Giants,0,,,New England Patriots,0,0,Pre-ETR,8.png
20,12,13,Javonte Williams,RB,Dallas Cowboys,VOGEYBERRA8,Jaxson Dart,New York Giants,0,,,Philadelphia Eagles,0,0,Pre-ETR,8.png
20,11,14,Brock Bowers,TE,Las Vegas Raiders,JTBINEGAR2,Caleb Williams,Chicago Bears,0,,,Cleveland Browns,0,0,Pre-ETR,8.png
20,10,15,Tyler Warren,TE,Indianapolis Colts,BUSTERSBOYS,Daniel Jones,Indianapolis Colts,1,,,Kansas City Chiefs,1,1,Pre-ETR,8.png
20,9,16,Chris Olave,WR,New Orleans Saints,FFLINX,Jacoby Brissett,Arizona Cardinals,0,,,Atlanta Falcons,0,0,Pre-ETR,8.png
20,8,17,Travis Etienne Jr.,RB,Jacksonville Jaguars,PATRICKBARN,Jared Goff,Detroit Lions,0,,,Arizona Cardinals,1,1,Pre-ETR,8.png
20,7,18,Justin Jefferson,WR,Minnesota Vikings,NF42,Dak Prescott,Dallas Cowboys,0,,,Green Bay Packers,0,0,Pre-ETR,8.png
20,6,19,Jalen Hurts,QB,Philadelphia Eagles,KRUTCHES93,Jalen Hurts,Philadelphia Eagles,1,1,1,Dallas Cowboys,1,1,Pre-ETR,8.png
20,5,20,Tee Higgins,WR,Cincinnati Bengals,KINGSCHUSTER,Trevor Lawrence,Jacksonville Jaguars,0,,,New England Patriots,0,0,Pre-ETR,8.png
20,4,21,A.J. Brown,WR,Philadelphia Eagles,JGFC,Sam Darnold,Seattle Seahawks,0,,,Dallas Cowboys,0,0,Pre-ETR,8.png
20,3,22,DeVonta Smith,WR,Philadelphia Eagles,GPNGC,Patrick Mahomes,Kansas City Chiefs,0,,,Dallas Cowboys,0,0,Pre-ETR,8.png
20,2,23,Chase Brown,RB,Cincinnati Bengals,FANTASYGRIN,Drake Maye,New England Patriots,0,,,New England Patriots,1,1,Pre-ETR,8.png
20,1,24,Lamar Jackson,QB,Baltimore Ravens,D4VE,Lamar Jackson,Baltimore Ravens,1,1,1,New York Jets,0,0,Pre-ETR,8.png
20,1,25,Zay Flowers,WR,Baltimore Ravens,D4VE,Lamar Jackson,Baltimore Ravens,1,,,New York Jets,0,0,Pre-ETR,8.png
20,2,26,Drake Maye,QB,New England Patriots,FANTASYGRIN,Drake Maye,New England Patriots,1,0,0,Cincinnati Bengals,1,1,Pre-ETR,8.png
20,3,27,Patrick Mahomes,QB,Kansas City Chiefs,GPNGC,Patrick Mahomes,Kansas City Chiefs,1,1,1,Indianapolis Colts,0,0,Pre-ETR,8.png
20,4,28,Ashton Jeanty,RB,Las Vegas Raiders,JGFC,Sam Darnold,Seattle Seahawks,0,,,Cleveland Browns,0,0,Pre-ETR,8.png
20,5,29,Quinshon Judkins,RB,Cleveland Browns,KINGSCHUSTER,Trevor Lawrence,Jacksonville Jaguars,0,,,Las Vegas Raiders,0,0,Pre-ETR,8.png
20,6,30,George Pickens,WR,Dallas Cowboys,KRUTCHES93,Jalen Hurts,Philadelphia Eagles,0,,,Philadelphia Eagles,2,1,Pre-ETR,8.png
20,7,31,Stefon Diggs,WR,New England Patriots,NF42,Dak Prescott,Dallas Cowboys,0,,,Cincinnati Bengals,0,0,Pre-ETR,8.png
20,8,32,Jameson Williams,WR,Detroit Lions,PATRICKBARN,Jared Goff,Detroit Lions,1,,,New York Giants,0,0,Pre-ETR,8.png
20,9,33,Michael Wilson,WR,Arizona Cardinals,FFLINX,Jacoby Brissett,Arizona Cardinals,1,,,Jacksonville Jaguars,0,0,Pre-ETR,8.png
20,10,34,Breece Hall,RB,New York Jets,BUSTERSBOYS,Daniel Jones,Indianapolis Colts,0,,,Baltimore Ravens,0,0,Pre-ETR,8.png
20,11,35,D'Andre Swift,RB,Chicago Bears,JTBINEGAR2,Caleb Williams,Chicago Bears,1,,,Pittsburgh Steelers,0,0,Pre-ETR,8.png
20,12,36,Jaxson Dart,QB,New York Giants,VOGEYBERRA8,Jaxson Dart,New York Giants,1,1,1,Detroit Lions,0,0,Pre-ETR,8.png
20,12,37,Kenneth Walker III,RB,Seattle Seahawks,VOGEYBERRA8,Jaxson Dart,New York Giants,0,,,Tennessee Titans,0,0,Pre-ETR,8.png
20,11,38,Michael Pittman Jr.,WR,Indianapolis Colts,JTBINEGAR2,Caleb Williams,Chicago Bears,0,,,Kansas City Chiefs,0,0,Pre-ETR,8.png
20,10,39,Rome Odunze,WR,Chicago Bears,BUSTERSBOYS,Daniel Jones,Indianapolis Colts,0,,,Pittsburgh Steelers,0,0,Pre-ETR,8.png
20,9,40,Aaron Jones,RB,Minnesota Vikings,FFLINX,Jacoby Brissett,Arizona Cardinals,0,,,Green Bay Packers,0,0,Pre-ETR,8.png
20,8,41,Jared Goff,QB,Detroit Lions,PATRICKBARN,Jared Goff,Detroit Lions,1,1,1,New York Giants,0,0,Pre-ETR,8.png
20,7,42,Jaylen Warren,RB,Pittsburgh Steelers,NF42,Dak Prescott,Dallas Cowboys,0,,,Chicago Bears,0,0,Pre-ETR,8.png
20,6,43,Dallas Goedert,TE,Philadelphia Eagles,KRUTCHES93,Jalen Hurts,Philadelphia Eagles,1,,,Dallas Cowboys,1,1,Pre-ETR,8.png
20,5,44,Travis Kelce,TE,Kansas City Chiefs,KINGSCHUSTER,Trevor Lawrence,Jacksonville Jaguars,0,,,Indianapolis Colts,0,0,Pre-ETR,8.png
20,4,45,Hunter Henry,TE,New England Patriots,JGFC,Sam Darnold,Seattle Seahawks,0,,,Cincinnati Bengals,0,0,Pre-ETR,8.png
20,3,46,Josh Jacobs,RB,Green Bay Packers,GPNGC,Patrick Mahomes,Kansas City Chiefs,0,,,Minnesota Vikings,0,0,Pre-ETR,8.png
20,2,47,DK Metcalf,WR,Pittsburgh Steelers,FANTASYGRIN,Drake Maye,New England Patriots,0,,,Chicago Bears,0,0,Pre-ETR,8.png
20,1,48,Emanuel Wilson,RB,Green Bay Packers,D4VE,Lamar Jackson,Baltimore Ravens,0,,,Minnesota Vikings,0,0,Pre-ETR,8.png
20,1,49,Jake Ferguson,TE,Dallas Cowboys,D4VE,Lamar Jackson,Baltimore Ravens,0,,,Philadelphia Eagles,0,0,Pre-ETR,8.png
20,2,50,Jordan Addison,WR,Minnesota Vikings,FANTASYGRIN,Drake Maye,New England Patriots,0,,,Green Bay Packers,0,0,Pre-ETR,8.png
20,3,51,Xavier Worthy,WR,Kansas City Chiefs,GPNGC,Patrick Mahomes,Kansas City Chiefs,1,,,Indianapolis Colts,0,0,Pre-ETR,8.png
20,4,52,Sam Darnold,QB,Seattle Seahawks,JGFC,Sam Darnold,Seattle Seahawks,1,1,1,Tennessee Titans,0,0,Pre-ETR,8.png
20,5,53,Brian Thomas,WR,Jacksonville Jaguars,KINGSCHUSTER,Trevor Lawrence,Jacksonville Jaguars,1,,,Arizona Cardinals,0,0,Pre-ETR,8.png
20,6,54,David Montgomery,RB,Detroit Lions,KRUTCHES93,Jalen Hurts,Philadelphia Eagles,0,,,New York Giants,0,0,Pre-ETR,8.png
20,7,55,Dak Prescott,QB,Dallas Cowboys,NF42,Dak Prescott,Dallas Cowboys,1,0,0,Philadelphia Eagles,0,0,Pre-ETR,8.png
20,8,56,Alvin Kamara,RB,New Orleans Saints,PATRICKBARN,Jared Goff,Detroit Lions,0,,,Atlanta Falcons,1,1,Pre-ETR,8.png
20,9,57,Jacoby Brissett,QB,Arizona Cardinals,FFLINX,Jacoby Brissett,Arizona Cardinals,1,1,1,Jacksonville Jaguars,0,0,Pre-ETR,8.png
20,10,58,Daniel Jones,QB,Indianapolis Colts,BUSTERSBOYS,Daniel Jones,Indianapolis Colts,1,1,1,Kansas City Chiefs,1,1,Pre-ETR,8.png
20,11,59,Rhamondre Stevenson,RB,New England Patriots,JTBINEGAR2,Caleb Williams,Chicago Bears,0,,,Cincinnati Bengals,0,0,Pre-ETR,8.png
20,12,60,Wan'Dale Robinson,WR,New York Giants,VOGEYBERRA8,Jaxson Dart,New York Giants,1,,,Detroit Lions,0,0,Pre-ETR,8.png
20,12,61,Kyle Pitts,TE,Atlanta Falcons,VOGEYBERRA8,Jaxson Dart,New York Giants,0,,,New Orleans Saints,0,0,Pre-ETR,8.png
20,11,62,Caleb Williams,QB,Chicago Bears,JTBINEGAR2,Caleb Williams,Chicago Bears,1,1,1,Pittsburgh Steelers,0,0,Pre-ETR,8.png
20,10,63,Romeo Doubs,WR,Green Bay Packers,BUSTERSBOYS,Daniel Jones,Indianapolis Colts,0,,,Minnesota Vikings,0,0,Pre-ETR,8.png
20,9,64,Juwan Johnson,TE,New Orleans Saints,FFLINX,Jacoby Brissett,Arizona Cardinals,0,,,Atlanta Falcons,0,0,Pre-ETR,8.png
20,8,65,Darnell Mooney,WR,Atlanta Falcons,PATRICKBARN,Jared Goff,Detroit Lions,0,,,New Orleans Saints,1,1,Pre-ETR,8.png
20,7,66,AJ Barner,TE,Seattle Seahawks,NF42,Dak Prescott,Dallas Cowboys,0,,,Tennessee Titans,0,0,Pre-ETR,8.png
20,6,67,Alec Pierce,WR,Indianapolis Colts,KRUTCHES93,Jalen Hurts,Philadelphia Eagles,0,,,Kansas City Chiefs,0,0,Pre-ETR,8.png
20,5,68,Trevor Lawrence,QB,Jacksonville Jaguars,KINGSCHUSTER,Trevor Lawrence,Jacksonville Jaguars,1,1,1,Arizona Cardinals,0,0,Pre-ETR,8.png
20,4,69,Kenneth Gainwell,RB,Pittsburgh Steelers,JGFC,Sam Darnold,Seattle Seahawks,0,,,Chicago Bears,0,0,Pre-ETR,8.png
20,3,70,Colston Loveland,TE,Chicago Bears,GPNGC,Patrick Mahomes,Kansas City Chiefs,0,,,Pittsburgh Steelers,0,0,Pre-ETR,8.png
20,2,71,Mark Andrews,TE,Baltimore Ravens,FANTASYGRIN,Drake Maye,New England Patriots,0,,,New York Jets,0,0,Pre-ETR,8.png
20,1,72,Marvin Harrison,WR,Arizona Cardinals,D4VE,Lamar Jackson,Baltimore Ravens,0,,,Jacksonville Jaguars,0,0,Pre-ETR,8.png
21,1,1,Jonathan Taylor,RB,Indianapolis Colts,DAVIS410,Patrick Mahomes,Kansas City Chiefs,0,,,Kansas City Chiefs,2,1,Pre-ETR,22.jpg
21,2,2,Jahmyr Gibbs,RB,Detroit Lions,BUSTERSBOYS,Trevor Lawrence,Jacksonville Jaguars,0,,,New York Giants,1,1,Pre-ETR,22.jpg
21,3,3,Bijan Robinson,RB,Atlanta Falcons,IAMTHESIMS,Caleb Williams,Chicago Bears,0,,,New Orleans Saints,0,0,Pre-ETR,22.jpg
21,4,4,Jaxon Smith-Njigba,WR,Seattle Seahawks,VOGEYBERRA8,Drake Maye,New England Patriots,0,,,Tennessee Titans,0,0,Pre-ETR,22.jpg
21,5,5,Amon-Ra St. Brown,WR,Detroit Lions,LEXIDOG17,Jared Goff,Detroit Lions,1,,,New York Giants,1,1,Pre-ETR,22.jpg
21,6,6,Saquon Barkley,RB,Philadelphia Eagles,KRUTCHES93,Lamar Jackson,Baltimore Ravens,0,,,Dallas Cowboys,0,0,Pre-ETR,22.jpg
21,7,7,Trey McBride,TE,Arizona Cardinals,NEZ,Tyler Shough,New Orleans Saints,0,,,Jacksonville Jaguars,0,0,Pre-ETR,22.jpg
21,8,8,CeeDee Lamb,WR,Dallas Cowboys,CGEEEEEE,Dak Prescott,Dallas Cowboys,1,,,Philadelphia Eagles,0,0,Pre-ETR,22.jpg
21,9,9,Derrick Henry,RB,Baltimore Ravens,PATMOORE967,Jaxson Dart,New York Giants,0,,,New York Jets,0,0,Pre-ETR,22.jpg
21,10,10,Rashee Rice,WR,Kansas City Chiefs,KCPOLACK,Jacoby Brissett,Arizona Cardinals,0,,,Indianapolis Colts,0,0,Pre-ETR,22.jpg
21,11,11,Jalen Hurts,QB,Philadelphia Eagles,HAWKBERG,Jalen Hurts,Philadelphia Eagles,1,1,1,Dallas Cowboys,0,0,Pre-ETR,22.jpg
21,12,12,Javonte Williams,RB,Dallas Cowboys,JEWISHMCCAF,Daniel Jones,Indianapolis Colts,0,,,Philadelphia Eagles,0,0,Pre-ETR,22.jpg
21,12,13,TreVeyon Henderson,RB,New England Patriots,JEWISHMCCAF,Daniel Jones,Indianapolis Colts,0,,,Cincinnati Bengals,0,0,Pre-ETR,22.jpg
21,11,14,A.J. Brown,WR,Philadelphia Eagles,HAWKBERG,Jalen Hurts,Philadelphia Eagles,1,,,Dallas Cowboys,0,0,Pre-ETR,22.jpg
21,10,15,Tee Higgins,WR,Cincinnati Bengals,KCPOLACK,Jacoby Brissett,Arizona Cardinals,0,,,New England Patriots,1,1,Pre-ETR,22.jpg
21,9,16,Travis Etienne Jr.,RB,Jacksonville Jaguars,PATMOORE967,Jaxson Dart,New York Giants,0,,,Arizona Cardinals,0,0,Pre-ETR,22.jpg
21,8,17,Brock Bowers,TE,Las Vegas Raiders,CGEEEEEE,Dak Prescott,Dallas Cowboys,0,,,Cleveland Browns,0,0,Pre-ETR,22.jpg
21,7,18,Chris Olave,WR,New Orleans Saints,NEZ,Tyler Shough,New Orleans Saints,1,,,Atlanta Falcons,0,0,Pre-ETR,22.jpg
21,6,19,Lamar Jackson,QB,Baltimore Ravens,KRUTCHES93,Lamar Jackson,Baltimore Ravens,1,1,1,New York Jets,0,0,Pre-ETR,22.jpg
21,5,20,Jameson Williams,WR,Detroit Lions,LEXIDOG17,Jared Goff,Detroit Lions,1,,,New York Giants,1,1,Pre-ETR,22.jpg
21,4,21,Drake Maye,QB,New England Patriots,VOGEYBERRA8,Drake Maye,New England Patriots,1,0,0,Cincinnati Bengals,1,1,Pre-ETR,22.jpg
21,3,22,Quinshon Judkins,RB,Cleveland Browns,IAMTHESIMS,Caleb Williams,Chicago Bears,0,,,Las Vegas Raiders,0,0,Pre-ETR,22.jpg
21,2,23,Tyler Warren,TE,Indianapolis Colts,BUSTERSBOYS,Trevor Lawrence,Jacksonville Jaguars,0,,,Kansas City Chiefs,0,0,Pre-ETR,22.jpg
21,1,24,Patrick Mahomes,QB,Kansas City Chiefs,DAVIS410,Patrick Mahomes,Kansas City Chiefs,1,1,1,Indianapolis Colts,2,1,Pre-ETR,22.jpg
21,1,25,Stefon Diggs,WR,New England Patriots,DAVIS410,Patrick Mahomes,Kansas City Chiefs,0,,,Cincinnati Bengals,0,0,Pre-ETR,22.jpg
21,2,26,Justin Jefferson,WR,Minnesota Vikings,BUSTERSBOYS,Trevor Lawrence,Jacksonville Jaguars,0,,,Green Bay Packers,1,1,Pre-ETR,22.jpg
21,3,27,George Pickens,WR,Dallas Cowboys,IAMTHESIMS,Caleb Williams,Chicago Bears,0,,,Philadelphia Eagles,0,0,Pre-ETR,22.jpg
21,4,28,Chase Brown,RB,Cincinnati Bengals,VOGEYBERRA8,Drake Maye,New England Patriots,0,,,New England Patriots,1,1,Pre-ETR,22.jpg
21,5,29,Jared Goff,QB,Detroit Lions,LEXIDOG17,Jared Goff,Detroit Lions,1,2,1,New York Giants,1,1,Pre-ETR,22.jpg
21,6,30,DeVonta Smith,WR,Philadelphia Eagles,KRUTCHES93,Lamar Jackson,Baltimore Ravens,0,,,Dallas Cowboys,0,0,Pre-ETR,22.jpg
21,7,31,Zay Flowers,WR,Baltimore Ravens,NEZ,Tyler Shough,New Orleans Saints,0,,,New York Jets,0,0,Pre-ETR,22.jpg
21,8,32,Jaylen Warren,RB,Pittsburgh Steelers,CGEEEEEE,Dak Prescott,Dallas Cowboys,0,,,Chicago Bears,0,0,Pre-ETR,22.jpg
21,9,33,Jaxson Dart,QB,New York Giants,PATMOORE967,Jaxson Dart,New York Giants,1,1,1,Detroit Lions,0,0,Pre-ETR,22.jpg
21,10,34,Hunter Henry,TE,New England Patriots,KCPOLACK,Jacoby Brissett,Arizona Cardinals,0,,,Cincinnati Bengals,1,1,Pre-ETR,22.jpg
21,11,35,Ashton Jeanty,RB,Las Vegas Raiders,HAWKBERG,Jalen Hurts,Philadelphia Eagles,0,,,Cleveland Browns,0,0,Pre-ETR,22.jpg
21,12,36,Travis Kelce,TE,Kansas City Chiefs,JEWISHMCCAF,Daniel Jones,Indianapolis Colts,0,,,Indianapolis Colts,2,1,Pre-ETR,22.jpg
21,12,37,Rome Odunze,WR,Chicago Bears,JEWISHMCCAF,Daniel Jones,Indianapolis Colts,0,,,Pittsburgh Steelers,0,0,Pre-ETR,22.jpg
21,11,38,Breece Hall,RB,New York Jets,HAWKBERG,Jalen Hurts,Philadelphia Eagles,0,,,Baltimore Ravens,0,0,Pre-ETR,22.jpg
21,10,39,Kenneth Walker III,RB,Seattle Seahawks,KCPOLACK,Jacoby Brissett,Arizona Cardinals,0,,,Tennessee Titans,0,0,Pre-ETR,22.jpg
21,9,40,Dallas Goedert,TE,Philadelphia Eagles,PATMOORE967,Jaxson Dart,New York Giants,0,,,Dallas Cowboys,0,0,Pre-ETR,22.jpg
21,8,41,Dak Prescott,QB,Dallas Cowboys,CGEEEEEE,Dak Prescott,Dallas Cowboys,1,1,1,Philadelphia Eagles,0,0,Pre-ETR,22.jpg
21,7,42,Aaron Jones,RB,Minnesota Vikings,NEZ,Tyler Shough,New Orleans Saints,0,,,Green Bay Packers,0,0,Pre-ETR,22.jpg
21,6,43,D'Andre Swift,RB,Chicago Bears,KRUTCHES93,Lamar Jackson,Baltimore Ravens,0,,,Pittsburgh Steelers,0,0,Pre-ETR,22.jpg
21,5,44,Kyle Pitts,TE,Atlanta Falcons,LEXIDOG17,Jared Goff,Detroit Lions,0,,,New Orleans Saints,1,1,Pre-ETR,22.jpg
21,4,45,Jake Ferguson,TE,Dallas Cowboys,VOGEYBERRA8,Drake Maye,New England Patriots,0,,,Philadelphia Eagles,0,0,Pre-ETR,22.jpg
21,3,46,DK Metcalf,WR,Pittsburgh Steelers,IAMTHESIMS,Caleb Williams,Chicago Bears,0,,,Chicago Bears,2,1,Pre-ETR,22.jpg
21,2,47,Wan'Dale Robinson,WR,New York Giants,BUSTERSBOYS,Trevor Lawrence,Jacksonville Jaguars,0,,,Detroit Lions,1,1,Pre-ETR,22.jpg
21,1,48,Xavier Worthy,WR,Kansas City Chiefs,DAVIS410,Patrick Mahomes,Kansas City Chiefs,1,,,Indianapolis Colts,2,1,Pre-ETR,22.jpg
21,1,49,Michael Pittman Jr.,WR,Indianapolis Colts,DAVIS410,Patrick Mahomes,Kansas City Chiefs,0,,,Kansas City Chiefs,2,1,Pre-ETR,22.jpg
21,2,50,Emanuel Wilson,RB,Green Bay Packers,BUSTERSBOYS,Trevor Lawrence,Jacksonville Jaguars,0,,,Minnesota Vikings,1,1,Pre-ETR,22.jpg
21,3,51,Caleb Williams,QB,Chicago Bears,IAMTHESIMS,Caleb Williams,Chicago Bears,1,1,1,Pittsburgh Steelers,1,1,Pre-ETR,22.jpg
21,4,52,Josh Jacobs,RB,Green Bay Packers,VOGEYBERRA8,Drake Maye,New England Patriots,0,,,Minnesota Vikings,0,0,Pre-ETR,22.jpg
21,5,53,Alvin Kamara,RB,New Orleans Saints,LEXIDOG17,Jared Goff,Detroit Lions,0,,,Atlanta Falcons,1,1,Pre-ETR,22.jpg
21,6,54,Mark Andrews,TE,Baltimore Ravens,KRUTCHES93,Lamar Jackson,Baltimore Ravens,1,,,New York Jets,0,0,Pre-ETR,22.jpg
21,7,55,Tyrone Tracy,RB,New York Giants,NEZ,Tyler Shough,New Orleans Saints,0,,,Detroit Lions,0,0,Pre-ETR,22.jpg
21,8,56,David Montgomery,RB,Detroit Lions,CGEEEEEE,Dak Prescott,Dallas Cowboys,0,,,New York Giants,0,0,Pre-ETR,22.jpg
21,9,57,Romeo Doubs,WR,Green Bay Packers,PATMOORE967,Jaxson Dart,New York Giants,0,,,Minnesota Vikings,0,0,Pre-ETR,22.jpg
21,10,58,Michael Wilson,WR,Arizona Cardinals,KCPOLACK,Jacoby Brissett,Arizona Cardinals,1,,,Jacksonville Jaguars,0,0,Pre-ETR,22.jpg
21,11,59,Marvin Harrison,WR,Arizona Cardinals,HAWKBERG,Jalen Hurts,Philadelphia Eagles,0,,,Jacksonville Jaguars,0,0,Pre-ETR,22.jpg
21,12,60,Daniel Jones,QB,Indianapolis Colts,JEWISHMCCAF,Daniel Jones,Indianapolis Colts,1,1,1,Kansas City Chiefs,1,1,Pre-ETR,22.jpg
21,12,61,Alec Pierce,WR,Indianapolis Colts,JEWISHMCCAF,Daniel Jones,Indianapolis Colts,1,,,Kansas City Chiefs,1,1,Pre-ETR,22.jpg
21,11,62,Juwan Johnson,TE,New Orleans Saints,HAWKBERG,Jalen Hurts,Philadelphia Eagles,0,,,Atlanta Falcons,0,0,Pre-ETR,22.jpg
21,10,63,Jacoby Brissett,QB,Arizona Cardinals,KCPOLACK,Jacoby Brissett,Arizona Cardinals,1,1,1,Jacksonville Jaguars,0,0,Pre-ETR,22.jpg
21,9,64,Darius Slayton,WR,New York Giants,PATMOORE967,Jaxson Dart,New York Giants,1,,,Detroit Lions,0,0,Pre-ETR,22.jpg
21,8,65,Kayshon Boutte,WR,New England Patriots,CGEEEEEE,Dak Prescott,Dallas Cowboys,0,,,Cincinnati Bengals,0,0,Pre-ETR,22.jpg
21,7,66,Tyler Shough,QB,New Orleans Saints,NEZ,Tyler Shough,New Orleans Saints,1,1,1,Atlanta Falcons,0,0,Pre-ETR,22.jpg
21,6,67,Tre Tucker,WR,Las Vegas Raiders,KRUTCHES93,Lamar Jackson,Baltimore Ravens,0,,,Cleveland Browns,0,0,Pre-ETR,22.jpg
21,5,68,Isaiah Hodgins,WR,New York Giants,LEXIDOG17,Jared Goff,Detroit Lions,0,,,Detroit Lions,3,1,Pre-ETR,22.jpg
21,4,69,Brian Thomas,WR,Jacksonville Jaguars,VOGEYBERRA8,Drake Maye,New England Patriots,0,,,Arizona Cardinals,0,0,Pre-ETR,22.jpg
21,3,70,Colston Loveland,TE,Chicago Bears,IAMTHESIMS,Caleb Williams,Chicago Bears,1,,,Pittsburgh Steelers,1,1,Pre-ETR,22.jpg
21,2,71,Trevor Lawrence,QB,Jacksonville Jaguars,BUSTERSBOYS,Trevor Lawrence,Jacksonville Jaguars,1,0,0,Arizona Cardinals,0,0,Pre-ETR,22.jpg
21,1,72,AJ Barner,TE,Seattle Seahawks,DAVIS410,Patrick Mahomes,Kansas City Chiefs,0,,,Tennessee Titans,0,0,Pre-ETR,22.jpg
22,1,1,Jonathan Taylor,RB,Indianapolis Colts,JGFC,Jared Goff,Detroit Lions,0,,,Kansas City Chiefs,0,0,Pre-ETR,23.jpg
22,2,2,Jahmyr Gibbs,RB,Detroit Lions,KRUTCHES93,Drake Maye,New England Patriots,0,,,New York Giants,0,0,Pre-ETR,23.jpg
22,3,3,Bijan Robinson,RB,Atlanta Falcons,HAWKBERG,Lamar Jackson,Baltimore Ravens,0,,,New Orleans Saints,0,0,Pre-ETR,23.jpg
22,4,4,Saquon Barkley,RB,Philadelphia Eagles,CGEEEEEE,Daniel Jones,Indianapolis Colts,0,,,Dallas Cowboys,0,0,Pre-ETR,23.jpg
22,5,5,Amon-Ra St. Brown,WR,Detroit Lions,LEAGUEOFITE,Patrick Mahomes,Kansas City Chiefs,0,,,New York Giants,0,0,Pre-ETR,23.jpg
22,6,6,Jaxon Smith-Njigba,WR,Seattle Seahawks,NEZ,Trevor Lawrence,Jacksonville Jaguars,0,,,Tennessee Titans,0,0,Pre-ETR,23.jpg
22,7,7,Trey McBride,TE,Arizona Cardinals,VOGEYBERRA8,Jacoby Brissett,Arizona Cardinals,1,,,Jacksonville Jaguars,1,1,Pre-ETR,23.jpg
22,8,8,Derrick Henry,RB,Baltimore Ravens,AARONJH22,Sam Darnold,Seattle Seahawks,0,,,New York Jets,0,0,Pre-ETR,23.jpg
22,9,9,CeeDee Lamb,WR,Dallas Cowboys,JASTA29,Dak Prescott,Dallas Cowboys,1,,,Philadelphia Eagles,0,0,Pre-ETR,23.jpg
22,10,10,Jalen Hurts,QB,Philadelphia Eagles,PATRICKBARN,Jalen Hurts,Philadelphia Eagles,1,1,1,Dallas Cowboys,0,0,Pre-ETR,23.jpg
22,11,11,Javonte Williams,RB,Dallas Cowboys,JTBINEGAR2,Jaxson Dart,New York Giants,0,,,Philadelphia Eagles,1,1,Pre-ETR,23.jpg
22,12,12,TreVeyon Henderson,RB,New England Patriots,BUSTERSBOYS,Caleb Williams,Chicago Bears,0,,,Cincinnati Bengals,0,0,Pre-ETR,23.jpg
22,12,13,Rashee Rice,WR,Kansas City Chiefs,BUSTERSBOYS,Caleb Williams,Chicago Bears,0,,,Indianapolis Colts,0,0,Pre-ETR,23.jpg
22,11,14,DeVonta Smith,WR,Philadelphia Eagles,JTBINEGAR2,Jaxson Dart,New York Giants,0,,,Dallas Cowboys,1,1,Pre-ETR,23.jpg
22,10,15,A.J. Brown,WR,Philadelphia Eagles,PATRICKBARN,Jalen Hurts,Philadelphia Eagles,1,,,Dallas Cowboys,0,0,Pre-ETR,23.jpg
22,9,16,Travis Etienne Jr.,RB,Jacksonville Jaguars,JASTA29,Dak Prescott,Dallas Cowboys,0,,,Arizona Cardinals,0,0,Pre-ETR,23.jpg
22,8,17,Tee Higgins,WR,Cincinnati Bengals,AARONJH22,Sam Darnold,Seattle Seahawks,0,,,New England Patriots,0,0,Pre-ETR,23.jpg
22,7,18,Chris Olave,WR,New Orleans Saints,VOGEYBERRA8,Jacoby Brissett,Arizona Cardinals,0,,,Atlanta Falcons,0,0,Pre-ETR,23.jpg
22,6,19,Brock Bowers,TE,Las Vegas Raiders,NEZ,Trevor Lawrence,Jacksonville Jaguars,0,,,Cleveland Browns,0,0,Pre-ETR,23.jpg
22,5,20,Quinshon Judkins,RB,Cleveland Browns,LEAGUEOFITE,Patrick Mahomes,Kansas City Chiefs,0,,,Las Vegas Raiders,0,0,Pre-ETR,23.jpg
22,4,21,Justin Jefferson,WR,Minnesota Vikings,CGEEEEEE,Daniel Jones,Indianapolis Colts,0,,,Green Bay Packers,0,0,Pre-ETR,23.jpg
22,3,22,Lamar Jackson,QB,Baltimore Ravens,HAWKBERG,Lamar Jackson,Baltimore Ravens,1,0,0,New York Jets,0,0,Pre-ETR,23.jpg
22,2,23,Drake Maye,QB,New England Patriots,KRUTCHES93,Drake Maye,New England Patriots,1,2,1,Cincinnati Bengals,0,0,Pre-ETR,23.jpg
22,1,24,George Pickens,WR,Dallas Cowboys,JGFC,Jared Goff,Detroit Lions,0,,,Philadelphia Eagles,1,1,Pre-ETR,23.jpg
22,1,25,Jameson Williams,WR,Detroit Lions,JGFC,Jared Goff,Detroit Lions,1,,,New York Giants,0,0,Pre-ETR,23.jpg
22,2,26,Stefon Diggs,WR,New England Patriots,KRUTCHES93,Drake Maye,New England Patriots,1,,,Cincinnati Bengals,0,0,Pre-ETR,23.jpg
22,3,27,Tyler Warren,TE,Indianapolis Colts,HAWKBERG,Lamar Jackson,Baltimore Ravens,0,,,Kansas City Chiefs,0,0,Pre-ETR,23.jpg
22,4,28,Chase Brown,RB,Cincinnati Bengals,CGEEEEEE,Daniel Jones,Indianapolis Colts,0,,,New England Patriots,0,0,Pre-ETR,23.jpg
22,5,29,Patrick Mahomes,QB,Kansas City Chiefs,LEAGUEOFITE,Patrick Mahomes,Kansas City Chiefs,1,1,1,Indianapolis Colts,0,0,Pre-ETR,23.jpg
22,6,30,Zay Flowers,WR,Baltimore Ravens,NEZ,Trevor Lawrence,Jacksonville Jaguars,0,,,New York Jets,0,0,Pre-ETR,23.jpg
22,7,31,Jaylen Warren,RB,Pittsburgh Steelers,VOGEYBERRA8,Jacoby Brissett,Arizona Cardinals,0,,,Chicago Bears,0,0,Pre-ETR,23.jpg
22,8,32,Travis Kelce,TE,Kansas City Chiefs,AARONJH22,Sam Darnold,Seattle Seahawks,0,,,Indianapolis Colts,0,0,Pre-ETR,23.jpg
22,9,33,Rome Odunze,WR,Chicago Bears,JASTA29,Dak Prescott,Dallas Cowboys,0,,,Pittsburgh Steelers,0,0,Pre-ETR,23.jpg
22,10,34,Kenneth Walker III,RB,Seattle Seahawks,PATRICKBARN,Jalen Hurts,Philadelphia Eagles,0,,,Tennessee Titans,1,1,Pre-ETR,23.jpg
22,11,35,Jaxson Dart,QB,New York Giants,JTBINEGAR2,Jaxson Dart,New York Giants,1,1,1,Detroit Lions,0,0,Pre-ETR,23.jpg
22,12,36,Breece Hall,RB,New York Jets,BUSTERSBOYS,Caleb Williams,Chicago Bears,0,,,Baltimore Ravens,0,0,Pre-ETR,23.jpg
22,12,37,DK Metcalf,WR,Pittsburgh Steelers,BUSTERSBOYS,Caleb Williams,Chicago Bears,0,,,Chicago Bears,1,1,Pre-ETR,23.jpg
22,11,38,D'Andre Swift,RB,Chicago Bears,JTBINEGAR2,Jaxson Dart,New York Giants,0,,,Pittsburgh Steelers,0,0,Pre-ETR,23.jpg
22,10,39,David Montgomery,RB,Detroit Lions,PATRICKBARN,Jalen Hurts,Philadelphia Eagles,0,,,New York Giants,0,0,Pre-ETR,23.jpg
22,9,40,Dak Prescott,QB,Dallas Cowboys,JASTA29,Dak Prescott,Dallas Cowboys,1,2,1,Philadelphia Eagles,0,0,Pre-ETR,23.jpg
22,8,41,Michael Wilson,WR,Arizona Cardinals,AARONJH22,Sam Darnold,Seattle Seahawks,0,,,Jacksonville Jaguars,0,0,Pre-ETR,23.jpg
22,7,42,Aaron Jones,RB,Minnesota Vikings,VOGEYBERRA8,Jacoby Brissett,Arizona Cardinals,0,,,Green Bay Packers,0,0,Pre-ETR,23.jpg
22,6,43,Ashton Jeanty,RB,Las Vegas Raiders,NEZ,Trevor Lawrence,Jacksonville Jaguars,0,,,Cleveland Browns,0,0,Pre-ETR,23.jpg
22,5,44,Xavier Worthy,WR,Kansas City Chiefs,LEAGUEOFITE,Patrick Mahomes,Kansas City Chiefs,1,,,Indianapolis Colts,0,0,Pre-ETR,23.jpg
22,4,45,Michael Pittman Jr.,WR,Indianapolis Colts,CGEEEEEE,Daniel Jones,Indianapolis Colts,1,,,Kansas City Chiefs,0,0,Pre-ETR,23.jpg
22,3,46,Wan'Dale Robinson,WR,New York Giants,HAWKBERG,Lamar Jackson,Baltimore Ravens,0,,,Detroit Lions,0,0,Pre-ETR,23.jpg
22,2,47,Hunter Henry,TE,New England Patriots,KRUTCHES93,Drake Maye,New England Patriots,1,,,Cincinnati Bengals,0,0,Pre-ETR,23.jpg
22,1,48,Dallas Goedert,TE,Philadelphia Eagles,JGFC,Jared Goff,Detroit Lions,0,,,Dallas Cowboys,1,1,Pre-ETR,23.jpg
22,1,49,Jared Goff,QB,Detroit Lions,JGFC,Jared Goff,Detroit Lions,1,1,1,New York Giants,0,0,Pre-ETR,23.jpg
22,2,50,Josh Jacobs,RB,Green Bay Packers,KRUTCHES93,Drake Maye,New England Patriots,0,,,Minnesota Vikings,0,0,Pre-ETR,23.jpg
22,3,51,Marvin Harrison,WR,Arizona Cardinals,HAWKBERG,Lamar Jackson,Baltimore Ravens,0,,,Jacksonville Jaguars,0,0,Pre-ETR,23.jpg
22,4,52,Daniel Jones,QB,Indianapolis Colts,CGEEEEEE,Daniel Jones,Indianapolis Colts,1,1,1,Kansas City Chiefs,0,0,Pre-ETR,23.jpg
22,5,53,Kyle Pitts,TE,Atlanta Falcons,LEAGUEOFITE,Patrick Mahomes,Kansas City Chiefs,0,,,New Orleans Saints,0,0,Pre-ETR,23.jpg
22,6,54,Romeo Doubs,WR,Green Bay Packers,NEZ,Trevor Lawrence,Jacksonville Jaguars,0,,,Minnesota Vikings,0,0,Pre-ETR,23.jpg
22,7,55,Jacoby Brissett,QB,Arizona Cardinals,VOGEYBERRA8,Jacoby Brissett,Arizona Cardinals,1,1,1,Jacksonville Jaguars,1,1,Pre-ETR,23.jpg
22,8,56,Tyrone Tracy,RB,New York Giants,AARONJH22,Sam Darnold,Seattle Seahawks,0,,,Detroit Lions,0,0,Pre-ETR,23.jpg
22,9,57,Emanuel Wilson,RB,Green Bay Packers,JASTA29,Dak Prescott,Dallas Cowboys,0,,,Minnesota Vikings,0,0,Pre-ETR,23.jpg
22,10,58,Darnell Mooney,WR,Atlanta Falcons,PATRICKBARN,Jalen Hurts,Philadelphia Eagles,0,,,New Orleans Saints,0,0,Pre-ETR,23.jpg
22,11,59,Theo Johnson,TE,New York Giants,JTBINEGAR2,Jaxson Dart,New York Giants,1,,,Detroit Lions,0,0,Pre-ETR,23.jpg
22,12,60,Caleb Williams,QB,Chicago Bears,BUSTERSBOYS,Caleb Williams,Chicago Bears,1,0,0,Pittsburgh Steelers,1,1,Pre-ETR,23.jpg
22,12,61,Juwan Johnson,TE,New Orleans Saints,BUSTERSBOYS,Caleb Williams,Chicago Bears,0,,,Atlanta Falcons,0,0,Pre-ETR,23.jpg
22,11,62,Christian Watson,WR,Green Bay Packers,JTBINEGAR2,Jaxson Dart,New York Giants,0,,,Minnesota Vikings,0,0,Pre-ETR,23.jpg
22,10,63,Chig Okonkwo,TE,Tennessee Titans,PATRICKBARN,Jalen Hurts,Philadelphia Eagles,0,,,Seattle Seahawks,1,1,Pre-ETR,23.jpg
22,9,64,Jake Ferguson,TE,Dallas Cowboys,JASTA29,Dak Prescott,Dallas Cowboys,1,,,Philadelphia Eagles,0,0,Pre-ETR,23.jpg
22,8,65,Sam Darnold,QB,Seattle Seahawks,AARONJH22,Sam Darnold,Seattle Seahawks,1,0,0,Tennessee Titans,0,0,Pre-ETR,23.jpg
22,7,66,Brian Thomas,WR,Jacksonville Jaguars,VOGEYBERRA8,Jacoby Brissett,Arizona Cardinals,0,,,Arizona Cardinals,2,1,Pre-ETR,23.jpg
22,6,67,Trevor Lawrence,QB,Jacksonville Jaguars,NEZ,Trevor Lawrence,Jacksonville Jaguars,1,0,0,Arizona Cardinals,0,0,Pre-ETR,23.jpg
22,5,68,Mark Andrews,TE,Baltimore Ravens,LEAGUEOFITE,Patrick Mahomes,Kansas City Chiefs,0,,,New York Jets,0,0,Pre-ETR,23.jpg
22,4,69,Brenton Strange,TE,Jacksonville Jaguars,CGEEEEEE,Daniel Jones,Indianapolis Colts,0,,,Arizona Cardinals,0,0,Pre-ETR,23.jpg
22,3,70,Kenneth Gainwell,RB,Pittsburgh Steelers,HAWKBERG,Lamar Jackson,Baltimore Ravens,0,,,Chicago Bears,0,0,Pre-ETR,23.jpg
22,2,71,Alec Pierce,WR,Indianapolis Colts,KRUTCHES93,Drake Maye,New England Patriots,0,,,Kansas City Chiefs,0,0,Pre-ETR,23.jpg
22,1,72,Alvin Kamara,RB,New Orleans Saints,JGFC,Jared Goff,Detroit Lions,0,,,Atlanta Falcons,0,0,Pre-ETR,23.jpg
23,1,1,Jahmyr Gibbs,RB,Detroit Lions,PATRICKBARN,Drake Maye,New England Patriots,0,,,New York Giants,0,0,Pre-ETR,24.jpg
23,2,2,Jonathan Taylor,RB,Indianapolis Colts,BUSTERSBOYS,Patrick Mahomes,Kansas City Chiefs,0,,,Kansas City Chiefs,2,1,Pre-ETR,24.jpg
23,3,3,Bijan Robinson,RB,Atlanta Falcons,KRUTCHES93,Caleb Williams,Chicago Bears,0,,,New Orleans Saints,1,1,Pre-ETR,24.jpg
23,4,4,Jaxon Smith-Njigba,WR,Seattle Seahawks,STEADY314,Lamar Jackson,Baltimore Ravens,0,,,Tennessee Titans,0,0,Pre-ETR,24.jpg
23,5,5,Amon-Ra St. Brown,WR,Detroit Lions,TUBINIS2121,Jordan Love,Green Bay Packers,0,,,New York Giants,0,0,Pre-ETR,24.jpg
23,6,6,Saquon Barkley,RB,Philadelphia Eagles,ECOXER10,Jared Goff,Detroit Lions,0,,,Dallas Cowboys,0,0,Pre-ETR,24.jpg
23,7,7,Derrick Henry,RB,Baltimore Ravens,JASTA29,Jacoby Brissett,Arizona Cardinals,0,,,New York Jets,0,0,Pre-ETR,24.jpg
23,8,8,CeeDee Lamb,WR,Dallas Cowboys,GOODS,Dak Prescott,Dallas Cowboys,1,,,Philadelphia Eagles,1,1,Pre-ETR,24.jpg
23,9,9,TreVeyon Henderson,RB,New England Patriots,HOOHAMES,Jalen Hurts,Philadelphia Eagles,0,,,Cincinnati Bengals,0,0,Pre-ETR,24.jpg
23,10,10,Trey McBride,TE,Arizona Cardinals,HAWKBERG,Daniel Jones,Indianapolis Colts,0,,,Jacksonville Jaguars,0,0,Pre-ETR,24.jpg
23,11,11,Rashee Rice,WR,Kansas City Chiefs,NEZ,Trevor Lawrence,Jacksonville Jaguars,0,,,Indianapolis Colts,0,0,Pre-ETR,24.jpg
23,12,12,Javonte Williams,RB,Dallas Cowboys,CGEEEEEE,Jaxson Dart,New York Giants,0,,,Philadelphia Eagles,1,1,Pre-ETR,24.jpg
23,12,13,Travis Etienne Jr.,RB,Jacksonville Jaguars,CGEEEEEE,Jaxson Dart,New York Giants,0,,,Arizona Cardinals,0,0,Pre-ETR,24.jpg
23,11,14,Brock Bowers,TE,Las Vegas Raiders,NEZ,Trevor Lawrence,Jacksonville Jaguars,0,,,Cleveland Browns,0,0,Pre-ETR,24.jpg
23,10,15,Tee Higgins,WR,Cincinnati Bengals,HAWKBERG,Daniel Jones,Indianapolis Colts,0,,,New England Patriots,0,0,Pre-ETR,24.jpg
23,9,16,Jalen Hurts,QB,Philadelphia Eagles,HOOHAMES,Jalen Hurts,Philadelphia Eagles,1,0,0,Dallas Cowboys,1,1,Pre-ETR,24.jpg
23,8,17,A.J. Brown,WR,Philadelphia Eagles,GOODS,Dak Prescott,Dallas Cowboys,0,,,Dallas Cowboys,2,1,Pre-ETR,24.jpg
23,7,18,Quinshon Judkins,RB,Cleveland Browns,JASTA29,Jacoby Brissett,Arizona Cardinals,0,,,Las Vegas Raiders,0,0,Pre-ETR,24.jpg
23,6,19,Justin Jefferson,WR,Minnesota Vikings,ECOXER10,Jared Goff,Detroit Lions,0,,,Green Bay Packers,0,0,Pre-ETR,24.jpg
23,5,20,Chase Brown,RB,Cincinnati Bengals,TUBINIS2121,Jordan Love,Green Bay Packers,0,,,New England Patriots,1,1,Pre-ETR,24.jpg
23,4,21,Lamar Jackson,QB,Baltimore Ravens,STEADY314,Lamar Jackson,Baltimore Ravens,1,2,1,New York Jets,0,0,Pre-ETR,24.jpg
23,3,22,George Pickens,WR,Dallas Cowboys,KRUTCHES93,Caleb Williams,Chicago Bears,0,,,Philadelphia Eagles,0,0,Pre-ETR,24.jpg
23,2,23,Tyler Warren,TE,Indianapolis Colts,BUSTERSBOYS,Patrick Mahomes,Kansas City Chiefs,0,,,Kansas City Chiefs,2,1,Pre-ETR,24.jpg
23,1,24,Stefon Diggs,WR,New England Patriots,PATRICKBARN,Drake Maye,New England Patriots,1,,,Cincinnati Bengals,1,1,Pre-ETR,24.jpg
23,1,25,Drake Maye,QB,New England Patriots,PATRICKBARN,Drake Maye,New England Patriots,1,1,1,Cincinnati Bengals,1,1,Pre-ETR,24.jpg
23,2,26,Patrick Mahomes,QB,Kansas City Chiefs,BUSTERSBOYS,Patrick Mahomes,Kansas City Chiefs,1,1,1,Indianapolis Colts,2,1,Pre-ETR,24.jpg
23,3,27,Chris Olave,WR,New Orleans Saints,KRUTCHES93,Caleb Williams,Chicago Bears,0,,,Atlanta Falcons,1,1,Pre-ETR,24.jpg
23,4,28,Zay Flowers,WR,Baltimore Ravens,STEADY314,Lamar Jackson,Baltimore Ravens,1,,,New York Jets,0,0,Pre-ETR,24.jpg
23,5,29,DeVonta Smith,WR,Philadelphia Eagles,TUBINIS2121,Jordan Love,Green Bay Packers,0,,,Dallas Cowboys,0,0,Pre-ETR,24.jpg
23,6,30,Jameson Williams,WR,Detroit Lions,ECOXER10,Jared Goff,Detroit Lions,1,,,New York Giants,0,0,Pre-ETR,24.jpg
23,7,31,Travis Kelce,TE,Kansas City Chiefs,JASTA29,Jacoby Brissett,Arizona Cardinals,0,,,Indianapolis Colts,0,0,Pre-ETR,24.jpg
23,8,32,Dak Prescott,QB,Dallas Cowboys,GOODS,Dak Prescott,Dallas Cowboys,1,1,1,Philadelphia Eagles,1,1,Pre-ETR,24.jpg
23,9,33,Jaylen Warren,RB,Pittsburgh Steelers,HOOHAMES,Jalen Hurts,Philadelphia Eagles,0,,,Chicago Bears,0,0,Pre-ETR,24.jpg
23,10,34,Rome Odunze,WR,Chicago Bears,HAWKBERG,Daniel Jones,Indianapolis Colts,0,,,Pittsburgh Steelers,1,1,Pre-ETR,24.jpg
23,11,35,Kenneth Walker III,RB,Seattle Seahawks,NEZ,Trevor Lawrence,Jacksonville Jaguars,0,,,Tennessee Titans,0,0,Pre-ETR,24.jpg
23,12,36,Jaxson Dart,QB,New York Giants,CGEEEEEE,Jaxson Dart,New York Giants,1,0,0,Detroit Lions,0,0,Pre-ETR,24.jpg
23,12,37,Dallas Goedert,TE,Philadelphia Eagles,CGEEEEEE,Jaxson Dart,New York Giants,0,,,Dallas Cowboys,1,1,Pre-ETR,24.jpg
23,11,38,Aaron Jones,RB,Minnesota Vikings,NEZ,Trevor Lawrence,Jacksonville Jaguars,0,,,Green Bay Packers,0,0,Pre-ETR,24.jpg
23,10,39,Breece Hall,RB,New York Jets,HAWKBERG,Daniel Jones,Indianapolis Colts,0,,,Baltimore Ravens,0,0,Pre-ETR,24.jpg
23,9,40,Jake Ferguson,TE,Dallas Cowboys,HOOHAMES,Jalen Hurts,Philadelphia Eagles,0,,,Philadelphia Eagles,1,1,Pre-ETR,24.jpg
23,8,41,Ashton Jeanty,RB,Las Vegas Raiders,GOODS,Dak Prescott,Dallas Cowboys,0,,,Cleveland Browns,0,0,Pre-ETR,24.jpg
23,7,42,Michael Wilson,WR,Arizona Cardinals,JASTA29,Jacoby Brissett,Arizona Cardinals,1,,,Jacksonville Jaguars,1,1,Pre-ETR,24.jpg
23,6,43,Jared Goff,QB,Detroit Lions,ECOXER10,Jared Goff,Detroit Lions,1,1,1,New York Giants,0,0,Pre-ETR,24.jpg
23,5,44,Hunter Henry,TE,New England Patriots,TUBINIS2121,Jordan Love,Green Bay Packers,0,,,Cincinnati Bengals,1,1,Pre-ETR,24.jpg
23,4,45,D'Andre Swift,RB,Chicago Bears,STEADY314,Lamar Jackson,Baltimore Ravens,0,,,Pittsburgh Steelers,0,0,Pre-ETR,24.jpg
23,3,46,DK Metcalf,WR,Pittsburgh Steelers,KRUTCHES93,Caleb Williams,Chicago Bears,0,,,Chicago Bears,2,1,Pre-ETR,24.jpg
23,2,47,Xavier Worthy,WR,Kansas City Chiefs,BUSTERSBOYS,Patrick Mahomes,Kansas City Chiefs,1,,,Indianapolis Colts,2,1,Pre-ETR,24.jpg
23,1,48,Kyle Pitts,TE,Atlanta Falcons,PATRICKBARN,Drake Maye,New England Patriots,0,,,New Orleans Saints,1,1,Pre-ETR,24.jpg
23,1,49,Alvin Kamara,RB,New Orleans Saints,PATRICKBARN,Drake Maye,New England Patriots,0,,,Atlanta Falcons,1,1,Pre-ETR,24.jpg
23,2,50,David Montgomery,RB,Detroit Lions,BUSTERSBOYS,Patrick Mahomes,Kansas City Chiefs,0,,,New York Giants,0,0,Pre-ETR,24.jpg
23,3,51,Caleb Williams,QB,Chicago Bears,KRUTCHES93,Caleb Williams,Chicago Bears,1,1,1,Pittsburgh Steelers,1,1,Pre-ETR,24.jpg
23,4,52,Mark Andrews,TE,Baltimore Ravens,STEADY314,Lamar Jackson,Baltimore Ravens,1,,,New York Jets,0,0,Pre-ETR,24.jpg
23,5,53,Marvin Harrison,WR,Arizona Cardinals,TUBINIS2121,Jordan Love,Green Bay Packers,0,,,Jacksonville Jaguars,0,0,Pre-ETR,24.jpg
23,6,54,Michael Pittman Jr.,WR,Indianapolis Colts,ECOXER10,Jared Goff,Detroit Lions,0,,,Kansas City Chiefs,0,0,Pre-ETR,24.jpg
23,7,55,Jacoby Brissett,QB,Arizona Cardinals,JASTA29,Jacoby Brissett,Arizona Cardinals,1,1,1,Jacksonville Jaguars,1,1,Pre-ETR,24.jpg
23,8,56,Josh Jacobs,RB,Green Bay Packers,GOODS,Dak Prescott,Dallas Cowboys,0,,,Minnesota Vikings,0,0,Pre-ETR,24.jpg
23,9,57,Christian Watson,WR,Green Bay Packers,HOOHAMES,Jalen Hurts,Philadelphia Eagles,0,,,Minnesota Vikings,1,1,Pre-ETR,24.jpg
23,10,58,Daniel Jones,QB,Indianapolis Colts,HAWKBERG,Daniel Jones,Indianapolis Colts,1,0,0,Kansas City Chiefs,0,0,Pre-ETR,24.jpg
23,11,59,Wan'Dale Robinson,WR,New York Giants,NEZ,Trevor Lawrence,Jacksonville Jaguars,0,,,Detroit Lions,0,0,Pre-ETR,24.jpg
23,12,60,Alec Pierce,WR,Indianapolis Colts,CGEEEEEE,Jaxson Dart,New York Giants,0,,,Kansas City Chiefs,0,0,Pre-ETR,24.jpg
23,12,61,Darnell Mooney,WR,Atlanta Falcons,CGEEEEEE,Jaxson Dart,New York Giants,0,,,New Orleans Saints,0,0,Pre-ETR,24.jpg
23,11,62,Trevor Lawrence,QB,Jacksonville Jaguars,NEZ,Trevor Lawrence,Jacksonville Jaguars,1,0,0,Arizona Cardinals,0,0,Pre-ETR,24.jpg
23,10,63,Kenneth Gainwell,RB,Pittsburgh Steelers,HAWKBERG,Daniel Jones,Indianapolis Colts,0,,,Chicago Bears,1,1,Pre-ETR,24.jpg
23,9,64,Jordan Addison,WR,Minnesota Vikings,HOOHAMES,Jalen Hurts,Philadelphia Eagles,0,,,Green Bay Packers,1,1,Pre-ETR,24.jpg
23,8,65,Juwan Johnson,TE,New Orleans Saints,GOODS,Dak Prescott,Dallas Cowboys,0,,,Atlanta Falcons,0,0,Pre-ETR,24.jpg
23,7,66,Brian Thomas,WR,Jacksonville Jaguars,JASTA29,Jacoby Brissett,Arizona Cardinals,0,,,Arizona Cardinals,2,1,Pre-ETR,24.jpg
23,6,67,Brenton Strange,TE,Jacksonville Jaguars,ECOXER10,Jared Goff,Detroit Lions,0,,,Arizona Cardinals,0,0,Pre-ETR,24.jpg
23,5,68,Jordan Love,QB,Green Bay Packers,TUBINIS2121,Jordan Love,Green Bay Packers,1,0,0,Minnesota Vikings,0,0,Pre-ETR,24.jpg
23,4,69,Jerry Jeudy,WR,Cleveland Browns,STEADY314,Lamar Jackson,Baltimore Ravens,0,,,Las Vegas Raiders,0,0,Pre-ETR,24.jpg
23,3,70,Colston Loveland,TE,Chicago Bears,KRUTCHES93,Caleb Williams,Chicago Bears,1,,,Pittsburgh Steelers,1,1,Pre-ETR,24.jpg
23,2,71,Romeo Doubs,WR,Green Bay Packers,BUSTERSBOYS,Patrick Mahomes,Kansas City Chiefs,0,,,Minnesota Vikings,0,0,Pre-ETR,24.jpg
23,1,72,Andrei Iosivas,WR,Cincinnati Bengals,PATRICKBARN,Drake Maye,New England Patriots,0,,,New England Patriots,2,1,Pre-ETR,24.jpg
24,1,1,Jonathan Taylor,RB,Indianapolis Colts,RAZOR33,Daniel Jones,Indianapolis Colts,1,,,Kansas City Chiefs,0,0,Pre-ETR,25.png
24,2,2,Jahmyr Gibbs,RB,Detroit Lions,VOGEYBERRA8,Drake Maye,New England Patriots,0,,,New York Giants,0,0,Pre-ETR,25.png
24,3,3,Bijan Robinson,RB,Atlanta Falcons,LEAGUEOFITE,Jacoby Brissett,Arizona Cardinals,0,,,New Orleans Saints,0,0,Pre-ETR,25.png
24,4,4,Jaxon Smith-Njigba,WR,Seattle Seahawks,LEE121503,Jaxson Dart,New York Giants,0,,,Tennessee Titans,0,0,Pre-ETR,25.png
24,5,5,Rashee Rice,WR,Kansas City Chiefs,NORMALNORM,Patrick Mahomes,Kansas City Chiefs,1,,,Indianapolis Colts,0,0,Pre-ETR,25.png
24,6,6,Amon-Ra St. Brown,WR,Detroit Lions,BUSTERSBOYS,Caleb Williams,Chicago Bears,0,,,New York Giants,0,0,Pre-ETR,25.png
24,7,7,CeeDee Lamb,WR,Dallas Cowboys,GOODS,Trevor Lawrence,Jacksonville Jaguars,0,,,Philadelphia Eagles,0,0,Pre-ETR,25.png
24,8,8,Derrick Henry,RB,Baltimore Ravens,PATRICKBARN,Jared Goff,Detroit Lions,0,,,New York Jets,0,0,Pre-ETR,25.png
24,9,9,Saquon Barkley,RB,Philadelphia Eagles,HAWKBERG,Lamar Jackson,Baltimore Ravens,0,,,Dallas Cowboys,0,0,Pre-ETR,25.png
24,10,10,Trey McBride,TE,Arizona Cardinals,NEZ,Dak Prescott,Dallas Cowboys,0,,,Jacksonville Jaguars,0,0,Pre-ETR,25.png
24,11,11,Jalen Hurts,QB,Philadelphia Eagles,D4VE,Jalen Hurts,Philadelphia Eagles,1,2,1,Dallas Cowboys,0,0,Pre-ETR,25.png
24,12,12,TreVeyon Henderson,RB,New England Patriots,CUTCUTLER,Joe Flacco,Cincinnati Bengals,0,,,Cincinnati Bengals,2,1,Pre-ETR,25.png
24,12,13,Stefon Diggs,WR,New England Patriots,CUTCUTLER,Joe Flacco,Cincinnati Bengals,0,,,Cincinnati Bengals,2,1,Pre-ETR,25.png
24,11,14,A.J. Brown,WR,Philadelphia Eagles,D4VE,Jalen Hurts,Philadelphia Eagles,1,,,Dallas Cowboys,0,0,Pre-ETR,25.png
24,10,15,Javonte Williams,RB,Dallas Cowboys,NEZ,Dak Prescott,Dallas Cowboys,1,,,Philadelphia Eagles,0,0,Pre-ETR,25.png
24,9,16,Lamar Jackson,QB,Baltimore Ravens,HAWKBERG,Lamar Jackson,Baltimore Ravens,1,1,1,New York Jets,1,1,Pre-ETR,25.png
24,8,17,Brock Bowers,TE,Las Vegas Raiders,PATRICKBARN,Jared Goff,Detroit Lions,0,,,Cleveland Browns,1,1,Pre-ETR,25.png
24,7,18,Chris Olave,WR,New Orleans Saints,GOODS,Trevor Lawrence,Jacksonville Jaguars,0,,,Atlanta Falcons,0,0,Pre-ETR,25.png
24,6,19,Travis Etienne Jr.,RB,Jacksonville Jaguars,BUSTERSBOYS,Caleb Williams,Chicago Bears,0,,,Arizona Cardinals,0,0,Pre-ETR,25.png
24,5,20,Tee Higgins,WR,Cincinnati Bengals,NORMALNORM,Patrick Mahomes,Kansas City Chiefs,0,,,New England Patriots,0,0,Pre-ETR,25.png
24,4,21,Justin Jefferson,WR,Minnesota Vikings,LEE121503,Jaxson Dart,New York Giants,0,,,Green Bay Packers,1,1,Pre-ETR,25.png
24,3,22,Quinshon Judkins,RB,Cleveland Browns,LEAGUEOFITE,Jacoby Brissett,Arizona Cardinals,0,,,Las Vegas Raiders,0,0,Pre-ETR,25.png
24,2,23,George Pickens,WR,Dallas Cowboys,VOGEYBERRA8,Drake Maye,New England Patriots,0,,,Philadelphia Eagles,0,0,Pre-ETR,25.png
24,1,24,DeVonta Smith,WR,Philadelphia Eagles,RAZOR33,Daniel Jones,Indianapolis Colts,0,,,Dallas Cowboys,0,0,Pre-ETR,25.png
24,1,25,Jameson Williams,WR,Detroit Lions,RAZOR33,Daniel Jones,Indianapolis Colts,0,,,New York Giants,0,0,Pre-ETR,25.png
24,2,26,Drake Maye,QB,New England Patriots,VOGEYBERRA8,Drake Maye,New England Patriots,1,1,1,Cincinnati Bengals,0,0,Pre-ETR,25.png
24,3,27,Tyler Warren,TE,Indianapolis Colts,LEAGUEOFITE,Jacoby Brissett,Arizona Cardinals,0,,,Kansas City Chiefs,1,1,Pre-ETR,25.png
24,4,28,Chase Brown,RB,Cincinnati Bengals,LEE121503,Jaxson Dart,New York Giants,0,,,New England Patriots,0,0,Pre-ETR,25.png
24,5,29,Patrick Mahomes,QB,Kansas City Chiefs,NORMALNORM,Patrick Mahomes,Kansas City Chiefs,1,1,1,Indianapolis Colts,0,0,Pre-ETR,25.png
24,6,30,Zay Flowers,WR,Baltimore Ravens,BUSTERSBOYS,Caleb Williams,Chicago Bears,0,,,New York Jets,0,0,Pre-ETR,25.png
24,7,31,Ashton Jeanty,RB,Las Vegas Raiders,GOODS,Trevor Lawrence,Jacksonville Jaguars,0,,,Cleveland Browns,0,0,Pre-ETR,25.png
24,8,32,Kenneth Walker III,RB,Seattle Seahawks,PATRICKBARN,Jared Goff,Detroit Lions,0,,,Tennessee Titans,0,0,Pre-ETR,25.png
24,9,33,Breece Hall,RB,New York Jets,HAWKBERG,Lamar Jackson,Baltimore Ravens,0,,,Baltimore Ravens,2,1,Pre-ETR,25.png
24,10,34,Jaylen Warren,RB,Pittsburgh Steelers,NEZ,Dak Prescott,Dallas Cowboys,0,,,Chicago Bears,0,0,Pre-ETR,25.png
24,11,35,Dallas Goedert,TE,Philadelphia Eagles,D4VE,Jalen Hurts,Philadelphia Eagles,1,,,Dallas Cowboys,0,0,Pre-ETR,25.png
24,12,36,Hunter Henry,TE,New England Patriots,CUTCUTLER,Joe Flacco,Cincinnati Bengals,0,,,Cincinnati Bengals,2,1,Pre-ETR,25.png
24,12,37,D'Andre Swift,RB,Chicago Bears,CUTCUTLER,Joe Flacco,Cincinnati Bengals,0,,,Pittsburgh Steelers,0,0,Pre-ETR,25.png
24,11,38,Aaron Jones,RB,Minnesota Vikings,D4VE,Jalen Hurts,Philadelphia Eagles,0,,,Green Bay Packers,0,0,Pre-ETR,25.png
24,10,39,DK Metcalf,WR,Pittsburgh Steelers,NEZ,Dak Prescott,Dallas Cowboys,0,,,Chicago Bears,0,0,Pre-ETR,25.png
24,9,40,Michael Pittman Jr.,WR,Indianapolis Colts,HAWKBERG,Lamar Jackson,Baltimore Ravens,0,,,Kansas City Chiefs,0,0,Pre-ETR,25.png
24,8,41,Jared Goff,QB,Detroit Lions,PATRICKBARN,Jared Goff,Detroit Lions,1,0,0,New York Giants,1,1,Pre-ETR,25.png
24,7,42,Travis Kelce,TE,Kansas City Chiefs,GOODS,Trevor Lawrence,Jacksonville Jaguars,0,,,Indianapolis Colts,0,0,Pre-ETR,25.png
24,6,43,Rome Odunze,WR,Chicago Bears,BUSTERSBOYS,Caleb Williams,Chicago Bears,1,,,Pittsburgh Steelers,0,0,Pre-ETR,25.png
24,5,44,Jake Ferguson,TE,Dallas Cowboys,NORMALNORM,Patrick Mahomes,Kansas City Chiefs,0,,,Philadelphia Eagles,0,0,Pre-ETR,25.png
24,4,45,Jaxson Dart,QB,New York Giants,LEE121503,Jaxson Dart,New York Giants,1,1,1,Detroit Lions,0,0,Pre-ETR,25.png
24,3,46,Xavier Worthy,WR,Kansas City Chiefs,LEAGUEOFITE,Jacoby Brissett,Arizona Cardinals,0,,,Indianapolis Colts,1,1,Pre-ETR,25.png
24,2,47,Josh Jacobs,RB,Green Bay Packers,VOGEYBERRA8,Drake Maye,New England Patriots,0,,,Minnesota Vikings,0,0,Pre-ETR,25.png
24,1,48,Daniel Jones,QB,Indianapolis Colts,RAZOR33,Daniel Jones,Indianapolis Colts,1,1,1,Kansas City Chiefs,0,0,Pre-ETR,25.png
24,1,49,Alvin Kamara,RB,New Orleans Saints,RAZOR33,Daniel Jones,Indianapolis Colts,0,,,Atlanta Falcons,0,0,Pre-ETR,25.png
24,2,50,Juwan Johnson,TE,New Orleans Saints,VOGEYBERRA8,Drake Maye,New England Patriots,0,,,Atlanta Falcons,0,0,Pre-ETR,25.png
24,3,51,Michael Wilson,WR,Arizona Cardinals,LEAGUEOFITE,Jacoby Brissett,Arizona Cardinals,1,,,Jacksonville Jaguars,0,0,Pre-ETR,25.png
24,4,52,Emanuel Wilson,RB,Green Bay Packers,LEE121503,Jaxson Dart,New York Giants,0,,,Minnesota Vikings,1,1,Pre-ETR,25.png
24,5,53,David Montgomery,RB,Detroit Lions,NORMALNORM,Patrick Mahomes,Kansas City Chiefs,0,,,New York Giants,1,1,Pre-ETR,25.png
24,6,54,Kyle Pitts,TE,Atlanta Falcons,BUSTERSBOYS,Caleb Williams,Chicago Bears,0,,,New Orleans Saints,0,0,Pre-ETR,25.png
24,7,55,Brian Thomas,WR,Jacksonville Jaguars,GOODS,Trevor Lawrence,Jacksonville Jaguars,1,,,Arizona Cardinals,0,0,Pre-ETR,25.png
24,8,56,Wan'Dale Robinson,WR,New York Giants,PATRICKBARN,Jared Goff,Detroit Lions,0,,,Detroit Lions,1,1,Pre-ETR,25.png
24,9,57,Marvin Harrison,WR,Arizona Cardinals,HAWKBERG,Lamar Jackson,Baltimore Ravens,0,,,Jacksonville Jaguars,0,0,Pre-ETR,25.png
24,10,58,Dak Prescott,QB,Dallas Cowboys,NEZ,Dak Prescott,Dallas Cowboys,1,1,1,Philadelphia Eagles,0,0,Pre-ETR,25.png
24,11,59,Rhamondre Stevenson,RB,New England Patriots,D4VE,Jalen Hurts,Philadelphia Eagles,0,,,Cincinnati Bengals,0,0,Pre-ETR,25.png
24,12,60,Joe Flacco,QB,Cincinnati Bengals,CUTCUTLER,Joe Flacco,Cincinnati Bengals,1,1,1,New England Patriots,3,1,Pre-ETR,25.png
24,12,61,Andrei Iosivas,WR,Cincinnati Bengals,CUTCUTLER,Joe Flacco,Cincinnati Bengals,1,,,New England Patriots,3,1,Pre-ETR,25.png
24,11,62,Darnell Mooney,WR,Atlanta Falcons,D4VE,Jalen Hurts,Philadelphia Eagles,0,,,New Orleans Saints,0,0,Pre-ETR,25.png
24,10,63,Christian Watson,WR,Green Bay Packers,NEZ,Dak Prescott,Dallas Cowboys,0,,,Minnesota Vikings,0,0,Pre-ETR,25.png
24,9,64,Mark Andrews,TE,Baltimore Ravens,HAWKBERG,Lamar Jackson,Baltimore Ravens,1,,,New York Jets,1,1,Pre-ETR,25.png
24,8,65,Jerry Jeudy,WR,Cleveland Browns,PATRICKBARN,Jared Goff,Detroit Lions,0,,,Las Vegas Raiders,1,1,Pre-ETR,25.png
24,7,66,Trevor Lawrence,QB,Jacksonville Jaguars,GOODS,Trevor Lawrence,Jacksonville Jaguars,1,1,1,Arizona Cardinals,0,0,Pre-ETR,25.png
24,6,67,Caleb Williams,QB,Chicago Bears,BUSTERSBOYS,Caleb Williams,Chicago Bears,1,1,1,Pittsburgh Steelers,0,0,Pre-ETR,25.png
24,5,68,Tyrone Tracy,RB,New York Giants,NORMALNORM,Patrick Mahomes,Kansas City Chiefs,0,,,Detroit Lions,1,1,Pre-ETR,25.png
24,4,69,Theo Johnson,TE,New York Giants,LEE121503,Jaxson Dart,New York Giants,1,,,Detroit Lions,0,0,Pre-ETR,25.png
24,3,70,Jacoby Brissett,QB,Arizona Cardinals,LEAGUEOFITE,Jacoby Brissett,Arizona Cardinals,1,1,1,Jacksonville Jaguars,0,0,Pre-ETR,25.png
24,2,71,Kayshon Boutte,WR,New England Patriots,VOGEYBERRA8,Drake Maye,New England Patriots,1,,,Cincinnati Bengals,0,0,Pre-ETR,25.png
24,1,72,Colston Loveland,TE,Chicago Bears,RAZOR33,Daniel Jones,Indianapolis Colts,0,,,Pittsburgh Steelers,0,0,Pre-ETR,25.png
25,1,1,Jonathan Taylor,RB,Indianapolis Colts,DABK,Jaxson Dart,New York Giants,0,,,Kansas City Chiefs,0,0,Pre-ETR,26.png
25,2,2,Jahmyr Gibbs,RB,Detroit Lions,PATRICKBARN,Jared Goff,Detroit Lions,1,,,New York Giants,0,0,Pre-ETR,26.png
25,3,3,Bijan Robinson,RB,Atlanta Falcons,LEE121503,Tyler Shough,New Orleans Saints,0,,,New Orleans Saints,3,1,Pre-ETR,26.png
25,4,4,Jaxon Smith-Njigba,WR,Seattle Seahawks,BUSTERSBOYS,Drake Maye,New England Patriots,0,,,Tennessee Titans,0,0,Pre-ETR,26.png
25,5,5,Saquon Barkley,RB,Philadelphia Eagles,GPNGC,Dak Prescott,Dallas Cowboys,0,,,Dallas Cowboys,2,1,Pre-ETR,26.png
25,6,6,Amon-Ra St. Brown,WR,Detroit Lions,D4VE,Lamar Jackson,Baltimore Ravens,0,,,New York Giants,1,1,Pre-ETR,26.png
25,7,7,CeeDee Lamb,WR,Dallas Cowboys,TUBINIS2121,Patrick Mahomes,Kansas City Chiefs,0,,,Philadelphia Eagles,1,1,Pre-ETR,26.png
25,8,8,Derrick Henry,RB,Baltimore Ravens,JASTA29,Caleb Williams,Chicago Bears,0,,,New York Jets,1,1,Pre-ETR,26.png
25,9,9,Trey McBride,TE,Arizona Cardinals,CHADCANDLES,Sam Darnold,Seattle Seahawks,0,,,Jacksonville Jaguars,1,1,Pre-ETR,26.png
25,10,10,Rashee Rice,WR,Kansas City Chiefs,MARIOSOLAR,Daniel Jones,Indianapolis Colts,0,,,Indianapolis Colts,2,1,Pre-ETR,26.png
25,11,11,Javonte Williams,RB,Dallas Cowboys,NEZ,Trevor Lawrence,Jacksonville Jaguars,0,,,Philadelphia Eagles,0,0,Pre-ETR,26.png
25,12,12,Jalen Hurts,QB,Philadelphia Eagles,VOGEYBERRA8,Jalen Hurts,Philadelphia Eagles,1,1,1,Dallas Cowboys,0,0,Pre-ETR,26.png
25,12,13,A.J. Brown,WR,Philadelphia Eagles,VOGEYBERRA8,Jalen Hurts,Philadelphia Eagles,1,,,Dallas Cowboys,0,0,Pre-ETR,26.png
25,11,14,Brock Bowers,TE,Las Vegas Raiders,NEZ,Trevor Lawrence,Jacksonville Jaguars,0,,,Cleveland Browns,0,0,Pre-ETR,26.png
25,10,15,TreVeyon Henderson,RB,New England Patriots,MARIOSOLAR,Daniel Jones,Indianapolis Colts,0,,,Cincinnati Bengals,0,0,Pre-ETR,26.png
25,9,16,Travis Etienne Jr.,RB,Jacksonville Jaguars,CHADCANDLES,Sam Darnold,Seattle Seahawks,0,,,Arizona Cardinals,1,1,Pre-ETR,26.png
25,8,17,Tee Higgins,WR,Cincinnati Bengals,JASTA29,Caleb Williams,Chicago Bears,0,,,New England Patriots,0,0,Pre-ETR,26.png
25,7,18,DeVonta Smith,WR,Philadelphia Eagles,TUBINIS2121,Patrick Mahomes,Kansas City Chiefs,0,,,Dallas Cowboys,1,1,Pre-ETR,26.png
25,6,19,Lamar Jackson,QB,Baltimore Ravens,D4VE,Lamar Jackson,Baltimore Ravens,1,0,0,New York Jets,0,0,Pre-ETR,26.png
25,5,20,Justin Jefferson,WR,Minnesota Vikings,GPNGC,Dak Prescott,Dallas Cowboys,0,,,Green Bay Packers,1,1,Pre-ETR,26.png
25,4,21,Drake Maye,QB,New England Patriots,BUSTERSBOYS,Drake Maye,New England Patriots,1,0,0,Cincinnati Bengals,0,0,Pre-ETR,26.png
25,3,22,Chris Olave,WR,New Orleans Saints,LEE121503,Tyler Shough,New Orleans Saints,1,,,Atlanta Falcons,1,1,Pre-ETR,26.png
25,2,23,Tyler Warren,TE,Indianapolis Colts,PATRICKBARN,Jared Goff,Detroit Lions,0,,,Kansas City Chiefs,0,0,Pre-ETR,26.png
25,1,24,George Pickens,WR,Dallas Cowboys,DABK,Jaxson Dart,New York Giants,0,,,Philadelphia Eagles,1,1,Pre-ETR,26.png
25,1,25,Chase Brown,RB,Cincinnati Bengals,DABK,Jaxson Dart,New York Giants,0,,,New England Patriots,0,0,Pre-ETR,26.png
25,2,26,Jameson Williams,WR,Detroit Lions,PATRICKBARN,Jared Goff,Detroit Lions,1,,,New York Giants,0,0,Pre-ETR,26.png
25,3,27,Quinshon Judkins,RB,Cleveland Browns,LEE121503,Tyler Shough,New Orleans Saints,0,,,Las Vegas Raiders,0,0,Pre-ETR,26.png
25,4,28,Zay Flowers,WR,Baltimore Ravens,BUSTERSBOYS,Drake Maye,New England Patriots,0,,,New York Jets,0,0,Pre-ETR,26.png
25,5,29,Kenneth Walker III,RB,Seattle Seahawks,GPNGC,Dak Prescott,Dallas Cowboys,0,,,Tennessee Titans,0,0,Pre-ETR,26.png
25,6,30,Stefon Diggs,WR,New England Patriots,D4VE,Lamar Jackson,Baltimore Ravens,0,,,Cincinnati Bengals,0,0,Pre-ETR,26.png
25,7,31,Patrick Mahomes,QB,Kansas City Chiefs,TUBINIS2121,Patrick Mahomes,Kansas City Chiefs,1,1,1,Indianapolis Colts,0,0,Pre-ETR,26.png
25,8,32,Rome Odunze,WR,Chicago Bears,JASTA29,Caleb Williams,Chicago Bears,1,,,Pittsburgh Steelers,0,0,Pre-ETR,26.png
25,9,33,DK Metcalf,WR,Pittsburgh Steelers,CHADCANDLES,Sam Darnold,Seattle Seahawks,0,,,Chicago Bears,0,0,Pre-ETR,26.png
25,10,34,Ashton Jeanty,RB,Las Vegas Raiders,MARIOSOLAR,Daniel Jones,Indianapolis Colts,0,,,Cleveland Browns,0,0,Pre-ETR,26.png
25,11,35,Jaylen Warren,RB,Pittsburgh Steelers,NEZ,Trevor Lawrence,Jacksonville Jaguars,0,,,Chicago Bears,0,0,Pre-ETR,26.png
25,12,36,Travis Kelce,TE,Kansas City Chiefs,VOGEYBERRA8,Jalen Hurts,Philadelphia Eagles,0,,,Indianapolis Colts,0,0,Pre-ETR,26.png
25,12,37,Aaron Jones,RB,Minnesota Vikings,VOGEYBERRA8,Jalen Hurts,Philadelphia Eagles,0,,,Green Bay Packers,0,0,Pre-ETR,26.png
25,11,38,Michael Pittman Jr.,WR,Indianapolis Colts,NEZ,Trevor Lawrence,Jacksonville Jaguars,0,,,Kansas City Chiefs,0,0,Pre-ETR,26.png
25,10,39,Daniel Jones,QB,Indianapolis Colts,MARIOSOLAR,Daniel Jones,Indianapolis Colts,1,1,1,Kansas City Chiefs,1,1,Pre-ETR,26.png
25,9,40,Emanuel Wilson,RB,Green Bay Packers,CHADCANDLES,Sam Darnold,Seattle Seahawks,0,,,Minnesota Vikings,0,0,Pre-ETR,26.png
25,8,41,Breece Hall,RB,New York Jets,JASTA29,Caleb Williams,Chicago Bears,0,,,Baltimore Ravens,1,1,Pre-ETR,26.png
25,7,42,Hunter Henry,TE,New England Patriots,TUBINIS2121,Patrick Mahomes,Kansas City Chiefs,0,,,Cincinnati Bengals,0,0,Pre-ETR,26.png
25,6,43,D'Andre Swift,RB,Chicago Bears,D4VE,Lamar Jackson,Baltimore Ravens,0,,,Pittsburgh Steelers,0,0,Pre-ETR,26.png
25,5,44,Dak Prescott,QB,Dallas Cowboys,GPNGC,Dak Prescott,Dallas Cowboys,1,1,1,Philadelphia Eagles,1,1,Pre-ETR,26.png
25,4,45,David Montgomery,RB,Detroit Lions,BUSTERSBOYS,Drake Maye,New England Patriots,0,,,New York Giants,0,0,Pre-ETR,26.png
25,3,46,Michael Wilson,WR,Arizona Cardinals,LEE121503,Tyler Shough,New Orleans Saints,0,,,Jacksonville Jaguars,0,0,Pre-ETR,26.png
25,2,47,Jared Goff,QB,Detroit Lions,PATRICKBARN,Jared Goff,Detroit Lions,1,2,1,New York Giants,0,0,Pre-ETR,26.png
25,1,48,Jaxson Dart,QB,New York Giants,DABK,Jaxson Dart,New York Giants,1,0,0,Detroit Lions,0,0,Pre-ETR,26.png
25,1,49,Dallas Goedert,TE,Philadelphia Eagles,DABK,Jaxson Dart,New York Giants,0,,,Dallas Cowboys,1,1,Pre-ETR,26.png
25,2,50,Alvin Kamara,RB,New Orleans Saints,PATRICKBARN,Jared Goff,Detroit Lions,0,,,Atlanta Falcons,1,1,Pre-ETR,26.png
25,3,51,Juwan Johnson,TE,New Orleans Saints,LEE121503,Tyler Shough,New Orleans Saints,1,,,Atlanta Falcons,1,1,Pre-ETR,26.png
25,4,52,Kenneth Gainwell,RB,Pittsburgh Steelers,BUSTERSBOYS,Drake Maye,New England Patriots,0,,,Chicago Bears,0,0,Pre-ETR,26.png
25,5,53,Jake Ferguson,TE,Dallas Cowboys,GPNGC,Dak Prescott,Dallas Cowboys,1,,,Philadelphia Eagles,1,1,Pre-ETR,26.png
25,6,54,Josh Jacobs,RB,Green Bay Packers,D4VE,Lamar Jackson,Baltimore Ravens,0,,,Minnesota Vikings,0,0,Pre-ETR,26.png
25,7,55,Xavier Worthy,WR,Kansas City Chiefs,TUBINIS2121,Patrick Mahomes,Kansas City Chiefs,1,,,Indianapolis Colts,0,0,Pre-ETR,26.png
25,8,56,Kyle Pitts,TE,Atlanta Falcons,JASTA29,Caleb Williams,Chicago Bears,0,,,New Orleans Saints,0,0,Pre-ETR,26.png
25,9,57,Sam Darnold,QB,Seattle Seahawks,CHADCANDLES,Sam Darnold,Seattle Seahawks,1,1,1,Tennessee Titans,0,0,Pre-ETR,26.png
25,10,58,Alec Pierce,WR,Indianapolis Colts,MARIOSOLAR,Daniel Jones,Indianapolis Colts,1,,,Kansas City Chiefs,1,1,Pre-ETR,26.png
25,11,59,Wan'Dale Robinson,WR,New York Giants,NEZ,Trevor Lawrence,Jacksonville Jaguars,0,,,Detroit Lions,0,0,Pre-ETR,26.png
25,12,60,Marvin Harrison,WR,Arizona Cardinals,VOGEYBERRA8,Jalen Hurts,Philadelphia Eagles,0,,,Jacksonville Jaguars,0,0,Pre-ETR,26.png
25,12,61,Rhamondre Stevenson,RB,New England Patriots,VOGEYBERRA8,Jalen Hurts,Philadelphia Eagles,0,,,Cincinnati Bengals,0,0,Pre-ETR,26.png
25,11,62,Trevor Lawrence,QB,Jacksonville Jaguars,NEZ,Trevor Lawrence,Jacksonville Jaguars,1,0,0,Arizona Cardinals,0,0,Pre-ETR,26.png
25,10,63,Mark Andrews,TE,Baltimore Ravens,MARIOSOLAR,Daniel Jones,Indianapolis Colts,0,,,New York Jets,0,0,Pre-ETR,26.png
25,9,64,Rashid Shaheed,WR,Seattle Seahawks,CHADCANDLES,Sam Darnold,Seattle Seahawks,1,,,Tennessee Titans,0,0,Pre-ETR,26.png
25,8,65,Caleb Williams,QB,Chicago Bears,JASTA29,Caleb Williams,Chicago Bears,1,1,1,Pittsburgh Steelers,0,0,Pre-ETR,26.png
25,7,66,Tyrone Tracy,RB,New York Giants,TUBINIS2121,Patrick Mahomes,Kansas City Chiefs,0,,,Detroit Lions,0,0,Pre-ETR,26.png
25,6,67,Theo Johnson,TE,New York Giants,D4VE,Lamar Jackson,Baltimore Ravens,0,,,Detroit Lions,1,1,Pre-ETR,26.png
25,5,68,Romeo Doubs,WR,Green Bay Packers,GPNGC,Dak Prescott,Dallas Cowboys,0,,,Minnesota Vikings,1,1,Pre-ETR,26.png
25,4,69,Harold Fannin,TE,Cleveland Browns,BUSTERSBOYS,Drake Maye,New England Patriots,0,,,Las Vegas Raiders,0,0,Pre-ETR,26.png
25,3,70,Tyler Shough,QB,New Orleans Saints,LEE121503,Tyler Shough,New Orleans Saints,1,2,1,Atlanta Falcons,1,1,Pre-ETR,26.png
25,2,71,Darnell Mooney,WR,Atlanta Falcons,PATRICKBARN,Jared Goff,Detroit Lions,0,,,New Orleans Saints,1,1,Pre-ETR,26.png
25,1,72,Brian Thomas,WR,Jacksonville Jaguars,DABK,Jaxson Dart,New York Giants,0,,,Arizona Cardinals,0,0,Pre-ETR,26.png
26,1,1,Jonathan Taylor,RB,Indianapolis Colts,ROTOHEATCRA,Patrick Mahomes,Kansas City Chiefs,0,,,Kansas City Chiefs,2,1,Pre-ETR,27.jpg
26,2,2,Jahmyr Gibbs,RB,Detroit Lions,LENKEITH,Jacoby Brissett,Arizona Cardinals,0,,,New York Giants,1,1,Pre-ETR,27.jpg
26,3,3,Bijan Robinson,RB,Atlanta Falcons,LEE121503,Dak Prescott,Dallas Cowboys,0,,,New Orleans Saints,0,0,Pre-ETR,27.jpg
26,4,4,Saquon Barkley,RB,Philadelphia Eagles,AHODANIEL,Trevor Lawrence,Jacksonville Jaguars,0,,,Dallas Cowboys,0,0,Pre-ETR,27.jpg
26,5,5,Jaxon Smith-Njigba,WR,Seattle Seahawks,CGEEEEEE,Drake Maye,New England Patriots,0,,,Tennessee Titans,0,0,Pre-ETR,27.jpg
26,6,6,Amon-Ra St. Brown,WR,Detroit Lions,D4VE,Lamar Jackson,Baltimore Ravens,0,,,New York Giants,0,0,Pre-ETR,27.jpg
26,7,7,Derrick Henry,RB,Baltimore Ravens,ASAPTUNA,Daniel Jones,Indianapolis Colts,0,,,New York Jets,1,1,Pre-ETR,27.jpg
26,8,8,Trey McBride,TE,Arizona Cardinals,BUSTERSBOYS,Jared Goff,Detroit Lions,0,,,Jacksonville Jaguars,0,0,Pre-ETR,27.jpg
26,9,9,CeeDee Lamb,WR,Dallas Cowboys,HOTSIZAUCE,Jaxson Dart,New York Giants,0,,,Philadelphia Eagles,0,0,Pre-ETR,27.jpg
26,10,10,Rashee Rice,WR,Kansas City Chiefs,NEZ,Jordan Love,Green Bay Packers,0,,,Indianapolis Colts,0,0,Pre-ETR,27.jpg
26,11,11,Jalen Hurts,QB,Philadelphia Eagles,DREWDD7,Jalen Hurts,Philadelphia Eagles,1,1,1,Dallas Cowboys,0,0,Pre-ETR,27.jpg
26,12,12,Travis Etienne Jr.,RB,Jacksonville Jaguars,RAZOR33,Sam Darnold,Seattle Seahawks,0,,,Arizona Cardinals,0,0,Pre-ETR,27.jpg
26,12,13,Justin Jefferson,WR,Minnesota Vikings,RAZOR33,Sam Darnold,Seattle Seahawks,0,,,Green Bay Packers,0,0,Pre-ETR,27.jpg
26,11,14,A.J. Brown,WR,Philadelphia Eagles,DREWDD7,Jalen Hurts,Philadelphia Eagles,1,,,Dallas Cowboys,0,0,Pre-ETR,27.jpg
26,10,15,Javonte Williams,RB,Dallas Cowboys,NEZ,Jordan Love,Green Bay Packers,0,,,Philadelphia Eagles,0,0,Pre-ETR,27.jpg
26,9,16,Tee Higgins,WR,Cincinnati Bengals,HOTSIZAUCE,Jaxson Dart,New York Giants,0,,,New England Patriots,0,0,Pre-ETR,27.jpg
26,8,17,TreVeyon Henderson,RB,New England Patriots,BUSTERSBOYS,Jared Goff,Detroit Lions,0,,,Cincinnati Bengals,0,0,Pre-ETR,27.jpg
26,7,18,Brock Bowers,TE,Las Vegas Raiders,ASAPTUNA,Daniel Jones,Indianapolis Colts,0,,,Cleveland Browns,0,0,Pre-ETR,27.jpg
26,6,19,Lamar Jackson,QB,Baltimore Ravens,D4VE,Lamar Jackson,Baltimore Ravens,1,1,1,New York Jets,0,0,Pre-ETR,27.jpg
26,5,20,Drake Maye,QB,New England Patriots,CGEEEEEE,Drake Maye,New England Patriots,1,1,1,Cincinnati Bengals,0,0,Pre-ETR,27.jpg
26,4,21,DeVonta Smith,WR,Philadelphia Eagles,AHODANIEL,Trevor Lawrence,Jacksonville Jaguars,0,,,Dallas Cowboys,0,0,Pre-ETR,27.jpg
26,3,22,Quinshon Judkins,RB,Cleveland Browns,LEE121503,Dak Prescott,Dallas Cowboys,0,,,Las Vegas Raiders,0,0,Pre-ETR,27.jpg
26,2,23,Tyler Warren,TE,Indianapolis Colts,LENKEITH,Jacoby Brissett,Arizona Cardinals,0,,,Kansas City Chiefs,0,0,Pre-ETR,27.jpg
26,1,24,Patrick Mahomes,QB,Kansas City Chiefs,ROTOHEATCRA,Patrick Mahomes,Kansas City Chiefs,1,1,1,Indianapolis Colts,1,1,Pre-ETR,27.jpg
26,1,25,Chase Brown,RB,Cincinnati Bengals,ROTOHEATCRA,Patrick Mahomes,Kansas City Chiefs,0,,,New England Patriots,0,0,Pre-ETR,27.jpg
26,2,26,Chris Olave,WR,New Orleans Saints,LENKEITH,Jacoby Brissett,Arizona Cardinals,0,,,Atlanta Falcons,0,0,Pre-ETR,27.jpg
26,3,27,Jameson Williams,WR,Detroit Lions,LEE121503,Dak Prescott,Dallas Cowboys,0,,,New York Giants,0,0,Pre-ETR,27.jpg
26,4,28,Stefon Diggs,WR,New England Patriots,AHODANIEL,Trevor Lawrence,Jacksonville Jaguars,0,,,Cincinnati Bengals,0,0,Pre-ETR,27.jpg
26,5,29,George Pickens,WR,Dallas Cowboys,CGEEEEEE,Drake Maye,New England Patriots,0,,,Philadelphia Eagles,0,0,Pre-ETR,27.jpg
26,6,30,Kenneth Walker III,RB,Seattle Seahawks,D4VE,Lamar Jackson,Baltimore Ravens,0,,,Tennessee Titans,0,0,Pre-ETR,27.jpg
26,7,31,Breece Hall,RB,New York Jets,ASAPTUNA,Daniel Jones,Indianapolis Colts,0,,,Baltimore Ravens,1,1,Pre-ETR,27.jpg
26,8,32,Zay Flowers,WR,Baltimore Ravens,BUSTERSBOYS,Jared Goff,Detroit Lions,0,,,New York Jets,0,0,Pre-ETR,27.jpg
26,9,33,Ashton Jeanty,RB,Las Vegas Raiders,HOTSIZAUCE,Jaxson Dart,New York Giants,0,,,Cleveland Browns,0,0,Pre-ETR,27.jpg
26,10,34,Jaylen Warren,RB,Pittsburgh Steelers,NEZ,Jordan Love,Green Bay Packers,0,,,Chicago Bears,0,0,Pre-ETR,27.jpg
26,11,35,Travis Kelce,TE,Kansas City Chiefs,DREWDD7,Jalen Hurts,Philadelphia Eagles,0,,,Indianapolis Colts,0,0,Pre-ETR,27.jpg
26,12,36,Alvin Kamara,RB,New Orleans Saints,RAZOR33,Sam Darnold,Seattle Seahawks,0,,,Atlanta Falcons,0,0,Pre-ETR,27.jpg
26,12,37,Dallas Goedert,TE,Philadelphia Eagles,RAZOR33,Sam Darnold,Seattle Seahawks,0,,,Dallas Cowboys,0,0,Pre-ETR,27.jpg
26,11,38,Rome Odunze,WR,Chicago Bears,DREWDD7,Jalen Hurts,Philadelphia Eagles,0,,,Pittsburgh Steelers,0,0,Pre-ETR,27.jpg
26,10,39,Hunter Henry,TE,New England Patriots,NEZ,Jordan Love,Green Bay Packers,0,,,Cincinnati Bengals,0,0,Pre-ETR,27.jpg
26,9,40,DK Metcalf,WR,Pittsburgh Steelers,HOTSIZAUCE,Jaxson Dart,New York Giants,0,,,Chicago Bears,0,0,Pre-ETR,27.jpg
26,8,41,Jared Goff,QB,Detroit Lions,BUSTERSBOYS,Jared Goff,Detroit Lions,1,1,1,New York Giants,0,0,Pre-ETR,27.jpg
26,7,42,Michael Pittman Jr.,WR,Indianapolis Colts,ASAPTUNA,Daniel Jones,Indianapolis Colts,1,,,Kansas City Chiefs,0,0,Pre-ETR,27.jpg
26,6,43,Aaron Jones,RB,Minnesota Vikings,D4VE,Lamar Jackson,Baltimore Ravens,0,,,Green Bay Packers,0,0,Pre-ETR,27.jpg
26,5,44,Josh Jacobs,RB,Green Bay Packers,CGEEEEEE,Drake Maye,New England Patriots,0,,,Minnesota Vikings,0,0,Pre-ETR,27.jpg
26,4,45,D'Andre Swift,RB,Chicago Bears,AHODANIEL,Trevor Lawrence,Jacksonville Jaguars,0,,,Pittsburgh Steelers,0,0,Pre-ETR,27.jpg
26,3,46,Jake Ferguson,TE,Dallas Cowboys,LEE121503,Dak Prescott,Dallas Cowboys,1,,,Philadelphia Eagles,0,0,Pre-ETR,27.jpg
26,2,47,Wan'Dale Robinson,WR,New York Giants,LENKEITH,Jacoby Brissett,Arizona Cardinals,0,,,Detroit Lions,1,1,Pre-ETR,27.jpg
26,1,48,Xavier Worthy,WR,Kansas City Chiefs,ROTOHEATCRA,Patrick Mahomes,Kansas City Chiefs,1,,,Indianapolis Colts,1,1,Pre-ETR,27.jpg
26,1,49,Jordan Addison,WR,Minnesota Vikings,ROTOHEATCRA,Patrick Mahomes,Kansas City Chiefs,0,,,Green Bay Packers,0,0,Pre-ETR,27.jpg
26,2,50,Emanuel Wilson,RB,Green Bay Packers,LENKEITH,Jacoby Brissett,Arizona Cardinals,0,,,Minnesota Vikings,0,0,Pre-ETR,27.jpg
26,3,51,Dak Prescott,QB,Dallas Cowboys,LEE121503,Dak Prescott,Dallas Cowboys,1,1,1,Philadelphia Eagles,0,0,Pre-ETR,27.jpg
26,4,52,Trevor Lawrence,QB,Jacksonville Jaguars,AHODANIEL,Trevor Lawrence,Jacksonville Jaguars,1,0,0,Arizona Cardinals,0,0,Pre-ETR,27.jpg
26,5,53,Juwan Johnson,TE,New Orleans Saints,CGEEEEEE,Drake Maye,New England Patriots,0,,,Atlanta Falcons,0,0,Pre-ETR,27.jpg
26,6,54,Mark Andrews,TE,Baltimore Ravens,D4VE,Lamar Jackson,Baltimore Ravens,1,,,New York Jets,0,0,Pre-ETR,27.jpg
26,7,55,Daniel Jones,QB,Indianapolis Colts,ASAPTUNA,Daniel Jones,Indianapolis Colts,1,1,1,Kansas City Chiefs,0,0,Pre-ETR,27.jpg
26,8,56,David Montgomery,RB,Detroit Lions,BUSTERSBOYS,Jared Goff,Detroit Lions,1,,,New York Giants,0,0,Pre-ETR,27.jpg
26,9,57,Jaxson Dart,QB,New York Giants,HOTSIZAUCE,Jaxson Dart,New York Giants,1,1,1,Detroit Lions,0,0,Pre-ETR,27.jpg
26,10,58,Christian Watson,WR,Green Bay Packers,NEZ,Jordan Love,Green Bay Packers,1,,,Minnesota Vikings,0,0,Pre-ETR,27.jpg
26,11,59,Brian Thomas,WR,Jacksonville Jaguars,DREWDD7,Jalen Hurts,Philadelphia Eagles,0,,,Arizona Cardinals,0,0,Pre-ETR,27.jpg
26,12,60,Alec Pierce,WR,Indianapolis Colts,RAZOR33,Sam Darnold,Seattle Seahawks,0,,,Kansas City Chiefs,0,0,Pre-ETR,27.jpg
26,12,61,Sam Darnold,QB,Seattle Seahawks,RAZOR33,Sam Darnold,Seattle Seahawks,1,0,0,Tennessee Titans,0,0,Pre-ETR,27.jpg
26,11,62,Zach Charbonnet,RB,Seattle Seahawks,DREWDD7,Jalen Hurts,Philadelphia Eagles,0,,,Tennessee Titans,0,0,Pre-ETR,27.jpg
26,10,63,Jordan Love,QB,Green Bay Packers,NEZ,Jordan Love,Green Bay Packers,1,1,1,Minnesota Vikings,0,0,Pre-ETR,27.jpg
26,9,64,Theo Johnson,TE,New York Giants,HOTSIZAUCE,Jaxson Dart,New York Giants,1,,,Detroit Lions,0,0,Pre-ETR,27.jpg
26,8,65,Michael Wilson,WR,Arizona Cardinals,BUSTERSBOYS,Jared Goff,Detroit Lions,0,,,Jacksonville Jaguars,0,0,Pre-ETR,27.jpg
26,7,66,Darnell Mooney,WR,Atlanta Falcons,ASAPTUNA,Daniel Jones,Indianapolis Colts,0,,,New Orleans Saints,0,0,Pre-ETR,27.jpg
26,6,67,Marvin Harrison,WR,Arizona Cardinals,D4VE,Lamar Jackson,Baltimore Ravens,0,,,Jacksonville Jaguars,0,0,Pre-ETR,27.jpg
26,5,68,Kayshon Boutte,WR,New England Patriots,CGEEEEEE,Drake Maye,New England Patriots,1,,,Cincinnati Bengals,0,0,Pre-ETR,27.jpg
26,4,69,Kyle Pitts,TE,Atlanta Falcons,AHODANIEL,Trevor Lawrence,Jacksonville Jaguars,0,,,New Orleans Saints,0,0,Pre-ETR,27.jpg
26,3,70,Andrei Iosivas,WR,Cincinnati Bengals,LEE121503,Dak Prescott,Dallas Cowboys,0,,,New England Patriots,0,0,Pre-ETR,27.jpg
26,2,71,Jacoby Brissett,QB,Arizona Cardinals,LENKEITH,Jacoby Brissett,Arizona Cardinals,1,0,0,Jacksonville Jaguars,0,0,Pre-ETR,27.jpg
26,1,72,Brenton Strange,TE,Jacksonville Jaguars,ROTOHEATCRA,Patrick Mahomes,Kansas City Chiefs,0,,,Arizona Cardinals,0,0,Pre-ETR,27.jpg
27,1,1,Jonathan Taylor,RB,Indianapolis Colts,GPNGC,Patrick Mahomes,Kansas City Chiefs,0,,,Kansas City Chiefs,2,1,Pre-ETR,28.png
27,2,2,Jahmyr Gibbs,RB,Detroit Lions,VOGEYBERRA8,Drake Maye,New England Patriots,0,,,New York Giants,0,0,Pre-ETR,28.png
27,3,3,Bijan Robinson,RB,Atlanta Falcons,BUSTERSBOYS,Daniel Jones,Indianapolis Colts,0,,,New Orleans Saints,0,0,Pre-ETR,28.png
27,4,4,Amon-Ra St. Brown,WR,Detroit Lions,HOTSIZAUCE,Jacoby Brissett,Arizona Cardinals,0,,,New York Giants,0,0,Pre-ETR,28.png
27,5,5,Jaxon Smith-Njigba,WR,Seattle Seahawks,RAZOR33,Sam Darnold,Seattle Seahawks,1,,,Tennessee Titans,0,0,Pre-ETR,28.png
27,6,6,Saquon Barkley,RB,Philadelphia Eagles,JGFC,Joe Flacco,Cincinnati Bengals,0,,,Dallas Cowboys,0,0,Pre-ETR,28.png
27,7,7,Derrick Henry,RB,Baltimore Ravens,PATRICKBARN,Trevor Lawrence,Jacksonville Jaguars,0,,,New York Jets,0,0,Pre-ETR,28.png
27,8,8,Trey McBride,TE,Arizona Cardinals,LEE121503,Lamar Jackson,Baltimore Ravens,0,,,Jacksonville Jaguars,0,0,Pre-ETR,28.png
27,9,9,CeeDee Lamb,WR,Dallas Cowboys,NEZ,Dak Prescott,Dallas Cowboys,1,,,Philadelphia Eagles,0,0,Pre-ETR,28.png
27,10,10,Rashee Rice,WR,Kansas City Chiefs,LENKEITH,Jaxson Dart,New York Giants,0,,,Indianapolis Colts,0,0,Pre-ETR,28.png
27,11,11,Javonte Williams,RB,Dallas Cowboys,JASTA29,Jared Goff,Detroit Lions,0,,,Philadelphia Eagles,0,0,Pre-ETR,28.png
27,12,12,Jalen Hurts,QB,Philadelphia Eagles,THEASSET,Jalen Hurts,Philadelphia Eagles,1,0,0,Dallas Cowboys,0,0,Pre-ETR,28.png
27,12,13,TreVeyon Henderson,RB,New England Patriots,THEASSET,Jalen Hurts,Philadelphia Eagles,0,,,Cincinnati Bengals,0,0,Pre-ETR,28.png
27,11,14,Jameson Williams,WR,Detroit Lions,JASTA29,Jared Goff,Detroit Lions,1,,,New York Giants,0,0,Pre-ETR,28.png
27,10,15,Travis Etienne Jr.,RB,Jacksonville Jaguars,LENKEITH,Jaxson Dart,New York Giants,0,,,Arizona Cardinals,0,0,Pre-ETR,28.png
27,9,16,Brock Bowers,TE,Las Vegas Raiders,NEZ,Dak Prescott,Dallas Cowboys,0,,,Cleveland Browns,0,0,Pre-ETR,28.png
27,8,17,Lamar Jackson,QB,Baltimore Ravens,LEE121503,Lamar Jackson,Baltimore Ravens,1,0,0,New York Jets,1,1,Pre-ETR,28.png
27,7,18,A.J. Brown,WR,Philadelphia Eagles,PATRICKBARN,Trevor Lawrence,Jacksonville Jaguars,0,,,Dallas Cowboys,0,0,Pre-ETR,28.png
27,6,19,Tee Higgins,WR,Cincinnati Bengals,JGFC,Joe Flacco,Cincinnati Bengals,1,,,New England Patriots,2,1,Pre-ETR,28.png
27,5,20,Justin Jefferson,WR,Minnesota Vikings,RAZOR33,Sam Darnold,Seattle Seahawks,0,,,Green Bay Packers,0,0,Pre-ETR,28.png
27,4,21,George Pickens,WR,Dallas Cowboys,HOTSIZAUCE,Jacoby Brissett,Arizona Cardinals,0,,,Philadelphia Eagles,0,0,Pre-ETR,28.png
27,3,22,Tyler Warren,TE,Indianapolis Colts,BUSTERSBOYS,Daniel Jones,Indianapolis Colts,1,,,Kansas City Chiefs,0,0,Pre-ETR,28.png
27,2,23,Drake Maye,QB,New England Patriots,VOGEYBERRA8,Drake Maye,New England Patriots,1,0,0,Cincinnati Bengals,0,0,Pre-ETR,28.png
27,1,24,Patrick Mahomes,QB,Kansas City Chiefs,GPNGC,Patrick Mahomes,Kansas City Chiefs,1,1,1,Indianapolis Colts,1,1,Pre-ETR,28.png
27,1,25,DeVonta Smith,WR,Philadelphia Eagles,GPNGC,Patrick Mahomes,Kansas City Chiefs,0,,,Dallas Cowboys,0,0,Pre-ETR,28.png
27,2,26,Chris Olave,WR,New Orleans Saints,VOGEYBERRA8,Drake Maye,New England Patriots,0,,,Atlanta Falcons,0,0,Pre-ETR,28.png
27,3,27,Quinshon Judkins,RB,Cleveland Browns,BUSTERSBOYS,Daniel Jones,Indianapolis Colts,0,,,Las Vegas Raiders,0,0,Pre-ETR,28.png
27,4,28,Stefon Diggs,WR,New England Patriots,HOTSIZAUCE,Jacoby Brissett,Arizona Cardinals,0,,,Cincinnati Bengals,0,0,Pre-ETR,28.png
27,5,29,Chase Brown,RB,Cincinnati Bengals,RAZOR33,Sam Darnold,Seattle Seahawks,0,,,New England Patriots,0,0,Pre-ETR,28.png
27,6,30,Zay Flowers,WR,Baltimore Ravens,JGFC,Joe Flacco,Cincinnati Bengals,0,,,New York Jets,0,0,Pre-ETR,28.png
27,7,31,Travis Kelce,TE,Kansas City Chiefs,PATRICKBARN,Trevor Lawrence,Jacksonville Jaguars,0,,,Indianapolis Colts,0,0,Pre-ETR,28.png
27,8,32,Ashton Jeanty,RB,Las Vegas Raiders,LEE121503,Lamar Jackson,Baltimore Ravens,0,,,Cleveland Browns,0,0,Pre-ETR,28.png
27,9,33,Jaylen Warren,RB,Pittsburgh Steelers,NEZ,Dak Prescott,Dallas Cowboys,0,,,Chicago Bears,0,0,Pre-ETR,28.png
27,10,34,Rome Odunze,WR,Chicago Bears,LENKEITH,Jaxson Dart,New York Giants,0,,,Pittsburgh Steelers,1,1,Pre-ETR,28.png
27,11,35,Kenneth Walker III,RB,Seattle Seahawks,JASTA29,Jared Goff,Detroit Lions,0,,,Tennessee Titans,0,0,Pre-ETR,28.png
27,12,36,Josh Jacobs,RB,Green Bay Packers,THEASSET,Jalen Hurts,Philadelphia Eagles,0,,,Minnesota Vikings,0,0,Pre-ETR,28.png
27,12,37,DK Metcalf,WR,Pittsburgh Steelers,THEASSET,Jalen Hurts,Philadelphia Eagles,0,,,Chicago Bears,0,0,Pre-ETR,28.png
27,11,38,Jared Goff,QB,Detroit Lions,JASTA29,Jared Goff,Detroit Lions,1,1,1,New York Giants,0,0,Pre-ETR,28.png
27,10,39,Jaxson Dart,QB,New York Giants,LENKEITH,Jaxson Dart,New York Giants,1,1,1,Detroit Lions,0,0,Pre-ETR,28.png
27,9,40,Dak Prescott,QB,Dallas Cowboys,NEZ,Dak Prescott,Dallas Cowboys,1,1,1,Philadelphia Eagles,0,0,Pre-ETR,28.png
27,8,41,Breece Hall,RB,New York Jets,LEE121503,Lamar Jackson,Baltimore Ravens,0,,,Baltimore Ravens,1,1,Pre-ETR,28.png
27,7,42,David Montgomery,RB,Detroit Lions,PATRICKBARN,Trevor Lawrence,Jacksonville Jaguars,0,,,New York Giants,0,0,Pre-ETR,28.png
27,6,43,Hunter Henry,TE,New England Patriots,JGFC,Joe Flacco,Cincinnati Bengals,0,,,Cincinnati Bengals,2,1,Pre-ETR,28.png
27,5,44,Alvin Kamara,RB,New Orleans Saints,RAZOR33,Sam Darnold,Seattle Seahawks,0,,,Atlanta Falcons,0,0,Pre-ETR,28.png
27,4,45,D'Andre Swift,RB,Chicago Bears,HOTSIZAUCE,Jacoby Brissett,Arizona Cardinals,0,,,Pittsburgh Steelers,0,0,Pre-ETR,28.png
27,3,46,Michael Pittman Jr.,WR,Indianapolis Colts,BUSTERSBOYS,Daniel Jones,Indianapolis Colts,1,,,Kansas City Chiefs,0,0,Pre-ETR,28.png
27,2,47,Dallas Goedert,TE,Philadelphia Eagles,VOGEYBERRA8,Drake Maye,New England Patriots,0,,,Dallas Cowboys,0,0,Pre-ETR,28.png
27,1,48,Aaron Jones,RB,Minnesota Vikings,GPNGC,Patrick Mahomes,Kansas City Chiefs,0,,,Green Bay Packers,0,0,Pre-ETR,28.png
27,1,49,Xavier Worthy,WR,Kansas City Chiefs,GPNGC,Patrick Mahomes,Kansas City Chiefs,1,,,Indianapolis Colts,1,1,Pre-ETR,28.png
27,2,50,Emanuel Wilson,RB,Green Bay Packers,VOGEYBERRA8,Drake Maye,New England Patriots,0,,,Minnesota Vikings,1,1,Pre-ETR,28.png
27,3,51,Daniel Jones,QB,Indianapolis Colts,BUSTERSBOYS,Daniel Jones,Indianapolis Colts,1,2,1,Kansas City Chiefs,0,0,Pre-ETR,28.png
27,4,52,Jacoby Brissett,QB,Arizona Cardinals,HOTSIZAUCE,Jacoby Brissett,Arizona Cardinals,1,0,0,Jacksonville Jaguars,0,0,Pre-ETR,28.png
27,5,53,Jake Ferguson,TE,Dallas Cowboys,RAZOR33,Sam Darnold,Seattle Seahawks,0,,,Philadelphia Eagles,0,0,Pre-ETR,28.png
27,6,54,Rhamondre Stevenson,RB,New England Patriots,JGFC,Joe Flacco,Cincinnati Bengals,0,,,Cincinnati Bengals,2,1,Pre-ETR,28.png
27,7,55,Michael Wilson,WR,Arizona Cardinals,PATRICKBARN,Trevor Lawrence,Jacksonville Jaguars,0,,,Jacksonville Jaguars,1,1,Pre-ETR,28.png
27,8,56,Wan'Dale Robinson,WR,New York Giants,LEE121503,Lamar Jackson,Baltimore Ravens,0,,,Detroit Lions,0,0,Pre-ETR,28.png
27,9,57,Brian Thomas,WR,Jacksonville Jaguars,NEZ,Dak Prescott,Dallas Cowboys,0,,,Arizona Cardinals,0,0,Pre-ETR,28.png
27,10,58,Theo Johnson,TE,New York Giants,LENKEITH,Jaxson Dart,New York Giants,1,,,Detroit Lions,0,0,Pre-ETR,28.png
27,11,59,Kyle Pitts,TE,Atlanta Falcons,JASTA29,Jared Goff,Detroit Lions,0,,,New Orleans Saints,0,0,Pre-ETR,28.png
27,12,60,Marvin Harrison,WR,Arizona Cardinals,THEASSET,Jalen Hurts,Philadelphia Eagles,0,,,Jacksonville Jaguars,0,0,Pre-ETR,28.png
27,12,61,Mark Andrews,TE,Baltimore Ravens,THEASSET,Jalen Hurts,Philadelphia Eagles,0,,,New York Jets,0,0,Pre-ETR,28.png
27,11,62,Christian Watson,WR,Green Bay Packers,JASTA29,Jared Goff,Detroit Lions,0,,,Minnesota Vikings,0,0,Pre-ETR,28.png
27,10,63,Kenneth Gainwell,RB,Pittsburgh Steelers,LENKEITH,Jaxson Dart,New York Giants,0,,,Chicago Bears,1,1,Pre-ETR,28.png
27,9,64,Zach Charbonnet,RB,Seattle Seahawks,NEZ,Dak Prescott,Dallas Cowboys,0,,,Tennessee Titans,0,0,Pre-ETR,28.png
27,8,65,Darnell Mooney,WR,Atlanta Falcons,LEE121503,Lamar Jackson,Baltimore Ravens,0,,,New Orleans Saints,0,0,Pre-ETR,28.png
27,7,66,Trevor Lawrence,QB,Jacksonville Jaguars,PATRICKBARN,Trevor Lawrence,Jacksonville Jaguars,1,0,0,Arizona Cardinals,1,1,Pre-ETR,28.png
27,6,67,Joe Flacco,QB,Cincinnati Bengals,JGFC,Joe Flacco,Cincinnati Bengals,1,1,1,New England Patriots,2,1,Pre-ETR,28.png
27,5,68,Sam Darnold,QB,Seattle Seahawks,RAZOR33,Sam Darnold,Seattle Seahawks,1,1,1,Tennessee Titans,0,0,Pre-ETR,28.png
27,4,69,Juwan Johnson,TE,New Orleans Saints,HOTSIZAUCE,Jacoby Brissett,Arizona Cardinals,0,,,Atlanta Falcons,0,0,Pre-ETR,28.png
27,3,70,Romeo Doubs,WR,Green Bay Packers,BUSTERSBOYS,Daniel Jones,Indianapolis Colts,0,,,Minnesota Vikings,0,0,Pre-ETR,28.png
27,2,71,Jordan Addison,WR,Minnesota Vikings,VOGEYBERRA8,Drake Maye,New England Patriots,0,,,Green Bay Packers,1,1,Pre-ETR,28.png
27,1,72,AJ Barner,TE,Seattle Seahawks,GPNGC,Patrick Mahomes,Kansas City Chiefs,0,,,Tennessee Titans,0,0,Pre-ETR,28.png
28,1,1,Jonathan Taylor,RB,Indianapolis Colts,JEWISHMCCAF,Jaxson Dart,New York Giants,0,,,Kansas City Chiefs,0,0,Pre-ETR,29.png
28,2,2,Jahmyr Gibbs,RB,Detroit Lions,GABRAINOS,Dak Prescott,Dallas Cowboys,0,,,New York Giants,0,0,Pre-ETR,29.png
28,3,3,Bijan Robinson,RB,Atlanta Falcons,LEE121503,Daniel Jones,Indianapolis Colts,0,,,New Orleans Saints,0,0,Pre-ETR,29.png
28,4,4,CeeDee Lamb,WR,Dallas Cowboys,PIRI24,Trevor Lawrence,Jacksonville Jaguars,0,,,Philadelphia Eagles,0,0,Pre-ETR,29.png
28,5,5,Saquon Barkley,RB,Philadelphia Eagles,ASAPTUNA,Jacoby Brissett,Arizona Cardinals,0,,,Dallas Cowboys,0,0,Pre-ETR,29.png
28,6,6,Amon-Ra St. Brown,WR,Detroit Lions,PATRICKBARN,Jared Goff,Detroit Lions,1,,,New York Giants,1,1,Pre-ETR,29.png
28,7,7,Jaxon Smith-Njigba,WR,Seattle Seahawks,DEEBZ59,Drake Maye,New England Patriots,0,,,Tennessee Titans,0,0,Pre-ETR,29.png
28,8,8,Derrick Henry,RB,Baltimore Ravens,WILLMAKEWAR,Tyler Shough,New Orleans Saints,0,,,New York Jets,0,0,Pre-ETR,29.png
28,9,9,Jalen Hurts,QB,Philadelphia Eagles,FFLINX,Jalen Hurts,Philadelphia Eagles,1,1,1,Dallas Cowboys,0,0,Pre-ETR,29.png
28,10,10,Trey McBride,TE,Arizona Cardinals,LENKEITH,Patrick Mahomes,Kansas City Chiefs,0,,,Jacksonville Jaguars,0,0,Pre-ETR,29.png
28,11,11,Rashee Rice,WR,Kansas City Chiefs,INGELX,Caleb Williams,Chicago Bears,0,,,Indianapolis Colts,0,0,Pre-ETR,29.png
28,12,12,Travis Etienne Jr.,RB,Jacksonville Jaguars,BUSTERSBOYS,Lamar Jackson,Baltimore Ravens,0,,,Arizona Cardinals,0,0,Pre-ETR,29.png
28,12,13,Lamar Jackson,QB,Baltimore Ravens,BUSTERSBOYS,Lamar Jackson,Baltimore Ravens,1,1,1,New York Jets,0,0,Pre-ETR,29.png
28,11,14,Javonte Williams,RB,Dallas Cowboys,INGELX,Caleb Williams,Chicago Bears,0,,,Philadelphia Eagles,0,0,Pre-ETR,29.png
28,10,15,A.J. Brown,WR,Philadelphia Eagles,LENKEITH,Patrick Mahomes,Kansas City Chiefs,0,,,Dallas Cowboys,0,0,Pre-ETR,29.png
28,9,16,TreVeyon Henderson,RB,New England Patriots,FFLINX,Jalen Hurts,Philadelphia Eagles,0,,,Cincinnati Bengals,0,0,Pre-ETR,29.png
28,8,17,DeVonta Smith,WR,Philadelphia Eagles,WILLMAKEWAR,Tyler Shough,New Orleans Saints,0,,,Dallas Cowboys,0,0,Pre-ETR,29.png
28,7,18,Drake Maye,QB,New England Patriots,DEEBZ59,Drake Maye,New England Patriots,1,0,0,Cincinnati Bengals,0,0,Pre-ETR,29.png
28,6,19,Jameson Williams,WR,Detroit Lions,PATRICKBARN,Jared Goff,Detroit Lions,1,,,New York Giants,1,1,Pre-ETR,29.png
28,5,20,Brock Bowers,TE,Las Vegas Raiders,ASAPTUNA,Jacoby Brissett,Arizona Cardinals,0,,,Cleveland Browns,1,1,Pre-ETR,29.png
28,4,21,Tee Higgins,WR,Cincinnati Bengals,PIRI24,Trevor Lawrence,Jacksonville Jaguars,0,,,New England Patriots,1,1,Pre-ETR,29.png
28,3,22,Justin Jefferson,WR,Minnesota Vikings,LEE121503,Daniel Jones,Indianapolis Colts,0,,,Green Bay Packers,1,1,Pre-ETR,29.png
28,2,23,Chris Olave,WR,New Orleans Saints,GABRAINOS,Dak Prescott,Dallas Cowboys,0,,,Atlanta Falcons,1,1,Pre-ETR,29.png
28,1,24,George Pickens,WR,Dallas Cowboys,JEWISHMCCAF,Jaxson Dart,New York Giants,0,,,Philadelphia Eagles,0,0,Pre-ETR,29.png
28,1,25,Stefon Diggs,WR,New England Patriots,JEWISHMCCAF,Jaxson Dart,New York Giants,0,,,Cincinnati Bengals,0,0,Pre-ETR,29.png
28,2,26,Zay Flowers,WR,Baltimore Ravens,GABRAINOS,Dak Prescott,Dallas Cowboys,0,,,New York Jets,0,0,Pre-ETR,29.png
28,3,27,Tyler Warren,TE,Indianapolis Colts,LEE121503,Daniel Jones,Indianapolis Colts,1,,,Kansas City Chiefs,0,0,Pre-ETR,29.png
28,4,28,Chase Brown,RB,Cincinnati Bengals,PIRI24,Trevor Lawrence,Jacksonville Jaguars,0,,,New England Patriots,1,1,Pre-ETR,29.png
28,5,29,Quinshon Judkins,RB,Cleveland Browns,ASAPTUNA,Jacoby Brissett,Arizona Cardinals,0,,,Las Vegas Raiders,1,1,Pre-ETR,29.png
28,6,30,Kenneth Walker III,RB,Seattle Seahawks,PATRICKBARN,Jared Goff,Detroit Lions,0,,,Tennessee Titans,0,0,Pre-ETR,29.png
28,7,31,Breece Hall,RB,New York Jets,DEEBZ59,Drake Maye,New England Patriots,0,,,Baltimore Ravens,0,0,Pre-ETR,29.png
28,8,32,Travis Kelce,TE,Kansas City Chiefs,WILLMAKEWAR,Tyler Shough,New Orleans Saints,0,,,Indianapolis Colts,1,1,Pre-ETR,29.png
28,9,33,D'Andre Swift,RB,Chicago Bears,FFLINX,Jalen Hurts,Philadelphia Eagles,0,,,Pittsburgh Steelers,0,0,Pre-ETR,29.png
28,10,34,Patrick Mahomes,QB,Kansas City Chiefs,LENKEITH,Patrick Mahomes,Kansas City Chiefs,1,0,0,Indianapolis Colts,0,0,Pre-ETR,29.png
28,11,35,Jaylen Warren,RB,Pittsburgh Steelers,INGELX,Caleb Williams,Chicago Bears,0,,,Chicago Bears,1,1,Pre-ETR,29.png
28,12,36,Rome Odunze,WR,Chicago Bears,BUSTERSBOYS,Lamar Jackson,Baltimore Ravens,0,,,Pittsburgh Steelers,1,1,Pre-ETR,29.png
28,12,37,DK Metcalf,WR,Pittsburgh Steelers,BUSTERSBOYS,Lamar Jackson,Baltimore Ravens,0,,,Chicago Bears,1,1,Pre-ETR,29.png
28,11,38,Wan'Dale Robinson,WR,New York Giants,INGELX,Caleb Williams,Chicago Bears,0,,,Detroit Lions,0,0,Pre-ETR,29.png
28,10,39,Aaron Jones,RB,Minnesota Vikings,LENKEITH,Patrick Mahomes,Kansas City Chiefs,0,,,Green Bay Packers,1,1,Pre-ETR,29.png
28,9,40,Dallas Goedert,TE,Philadelphia Eagles,FFLINX,Jalen Hurts,Philadelphia Eagles,1,,,Dallas Cowboys,0,0,Pre-ETR,29.png
28,8,41,Alvin Kamara,RB,New Orleans Saints,WILLMAKEWAR,Tyler Shough,New Orleans Saints,1,,,Atlanta Falcons,0,0,Pre-ETR,29.png
28,7,42,Jake Ferguson,TE,Dallas Cowboys,DEEBZ59,Drake Maye,New England Patriots,0,,,Philadelphia Eagles,0,0,Pre-ETR,29.png
28,6,43,Jared Goff,QB,Detroit Lions,PATRICKBARN,Jared Goff,Detroit Lions,1,3,1,New York Giants,1,1,Pre-ETR,29.png
28,5,44,Michael Pittman Jr.,WR,Indianapolis Colts,ASAPTUNA,Jacoby Brissett,Arizona Cardinals,0,,,Kansas City Chiefs,1,1,Pre-ETR,29.png
28,4,45,Ashton Jeanty,RB,Las Vegas Raiders,PIRI24,Trevor Lawrence,Jacksonville Jaguars,0,,,Cleveland Browns,0,0,Pre-ETR,29.png
28,3,46,Josh Jacobs,RB,Green Bay Packers,LEE121503,Daniel Jones,Indianapolis Colts,0,,,Minnesota Vikings,1,1,Pre-ETR,29.png
28,2,47,Dak Prescott,QB,Dallas Cowboys,GABRAINOS,Dak Prescott,Dallas Cowboys,1,0,0,Philadelphia Eagles,0,0,Pre-ETR,29.png
28,1,48,Jaxson Dart,QB,New York Giants,JEWISHMCCAF,Jaxson Dart,New York Giants,1,0,0,Detroit Lions,0,0,Pre-ETR,29.png
28,1,49,Emanuel Wilson,RB,Green Bay Packers,JEWISHMCCAF,Jaxson Dart,New York Giants,0,,,Minnesota Vikings,0,0,Pre-ETR,29.png
28,2,50,Kyle Pitts,TE,Atlanta Falcons,GABRAINOS,Dak Prescott,Dallas Cowboys,0,,,New Orleans Saints,1,1,Pre-ETR,29.png
28,3,51,Daniel Jones,QB,Indianapolis Colts,LEE121503,Daniel Jones,Indianapolis Colts,1,1,1,Kansas City Chiefs,0,0,Pre-ETR,29.png
28,4,52,Hunter Henry,TE,New England Patriots,PIRI24,Trevor Lawrence,Jacksonville Jaguars,0,,,Cincinnati Bengals,2,1,Pre-ETR,29.png
28,5,53,Xavier Worthy,WR,Kansas City Chiefs,ASAPTUNA,Jacoby Brissett,Arizona Cardinals,0,,,Indianapolis Colts,1,1,Pre-ETR,29.png
28,6,54,David Montgomery,RB,Detroit Lions,PATRICKBARN,Jared Goff,Detroit Lions,1,,,New York Giants,1,1,Pre-ETR,29.png
28,7,55,Michael Wilson,WR,Arizona Cardinals,DEEBZ59,Drake Maye,New England Patriots,0,,,Jacksonville Jaguars,0,0,Pre-ETR,29.png
28,8,56,Alec Pierce,WR,Indianapolis Colts,WILLMAKEWAR,Tyler Shough,New Orleans Saints,0,,,Kansas City Chiefs,1,1,Pre-ETR,29.png
28,9,57,Jordan Addison,WR,Minnesota Vikings,FFLINX,Jalen Hurts,Philadelphia Eagles,0,,,Green Bay Packers,0,0,Pre-ETR,29.png
28,10,58,Rhamondre Stevenson,RB,New England Patriots,LENKEITH,Patrick Mahomes,Kansas City Chiefs,0,,,Cincinnati Bengals,0,0,Pre-ETR,29.png
28,11,59,Juwan Johnson,TE,New Orleans Saints,INGELX,Caleb Williams,Chicago Bears,0,,,Atlanta Falcons,0,0,Pre-ETR,29.png
28,12,60,Mark Andrews,TE,Baltimore Ravens,BUSTERSBOYS,Lamar Jackson,Baltimore Ravens,1,,,New York Jets,0,0,Pre-ETR,29.png
28,12,61,Romeo Doubs,WR,Green Bay Packers,BUSTERSBOYS,Lamar Jackson,Baltimore Ravens,0,,,Minnesota Vikings,0,0,Pre-ETR,29.png
28,11,62,Caleb Williams,QB,Chicago Bears,INGELX,Caleb Williams,Chicago Bears,1,0,0,Pittsburgh Steelers,1,1,Pre-ETR,29.png
28,10,63,Christian Watson,WR,Green Bay Packers,LENKEITH,Patrick Mahomes,Kansas City Chiefs,0,,,Minnesota Vikings,1,1,Pre-ETR,29.png
28,9,64,Darnell Mooney,WR,Atlanta Falcons,FFLINX,Jalen Hurts,Philadelphia Eagles,0,,,New Orleans Saints,0,0,Pre-ETR,29.png
28,8,65,Tyler Shough,QB,New Orleans Saints,WILLMAKEWAR,Tyler Shough,New Orleans Saints,1,1,1,Atlanta Falcons,0,0,Pre-ETR,29.png
28,7,66,Marvin Harrison,WR,Arizona Cardinals,DEEBZ59,Drake Maye,New England Patriots,0,,,Jacksonville Jaguars,0,0,Pre-ETR,29.png
28,6,67,Theo Johnson,TE,New York Giants,PATRICKBARN,Jared Goff,Detroit Lions,0,,,Detroit Lions,4,1,Pre-ETR,29.png
28,5,68,Jacoby Brissett,QB,Arizona Cardinals,ASAPTUNA,Jacoby Brissett,Arizona Cardinals,1,0,0,Jacksonville Jaguars,0,0,Pre-ETR,29.png
28,4,69,Trevor Lawrence,QB,Jacksonville Jaguars,PIRI24,Trevor Lawrence,Jacksonville Jaguars,1,0,0,Arizona Cardinals,0,0,Pre-ETR,29.png
28,3,70,Darius Slayton,WR,New York Giants,LEE121503,Daniel Jones,Indianapolis Colts,0,,,Detroit Lions,0,0,Pre-ETR,29.png
28,2,71,Zach Charbonnet,RB,Seattle Seahawks,GABRAINOS,Dak Prescott,Dallas Cowboys,0,,,Tennessee Titans,0,0,Pre-ETR,29.png
28,1,72,AJ Barner,TE,Seattle Seahawks,JEWISHMCCAF,Jaxson Dart,New York Giants,0,,,Tennessee Titans,0,0,Pre-ETR,29.png
29,1,1,Jonathan Taylor,RB,Indianapolis Colts,GABRAINOS,Trevor Lawrence,Jacksonville Jaguars,0,,,Kansas City Chiefs,0,0,Pre-ETR,30.png
29,2,2,Jahmyr Gibbs,RB,Detroit Lions,WILLMAKEWAR,Dak Prescott,Dallas Cowboys,0,,,New York Giants,1,1,Pre-ETR,30.png
29,3,3,CeeDee Lamb,WR,Dallas Cowboys,RAZOR33,Daniel Jones,Indianapolis Colts,0,,,Philadelphia Eagles,1,1,Pre-ETR,30.png
29,4,4,Bijan Robinson,RB,Atlanta Falcons,HOTSIZAUCE,Drake Maye,New England Patriots,0,,,New Orleans Saints,0,0,Pre-ETR,30.png
29,5,5,Jaxon Smith-Njigba,WR,Seattle Seahawks,NEZ,Jordan Love,Green Bay Packers,0,,,Tennessee Titans,0,0,Pre-ETR,30.png
29,6,6,Saquon Barkley,RB,Philadelphia Eagles,DREAMINGOFS,Lamar Jackson,Baltimore Ravens,0,,,Dallas Cowboys,0,0,Pre-ETR,30.png
29,7,7,Trey McBride,TE,Arizona Cardinals,INGELX,Jacoby Brissett,Arizona Cardinals,1,,,Jacksonville Jaguars,0,0,Pre-ETR,30.png
29,8,8,Amon-Ra St. Brown,WR,Detroit Lions,LENKEITH,Jalen Hurts,Philadelphia Eagles,0,,,New York Giants,1,1,Pre-ETR,30.png
29,9,9,Derrick Henry,RB,Baltimore Ravens,BUSTERSBOYS,Patrick Mahomes,Kansas City Chiefs,0,,,New York Jets,0,0,Pre-ETR,30.png
29,10,10,Rashee Rice,WR,Kansas City Chiefs,LEE121503,Caleb Williams,Chicago Bears,0,,,Indianapolis Colts,0,0,Pre-ETR,30.png
29,11,11,Travis Etienne Jr.,RB,Jacksonville Jaguars,CHADCANDLES,Jared Goff,Detroit Lions,0,,,Arizona Cardinals,0,0,Pre-ETR,30.png
29,12,12,TreVeyon Henderson,RB,New England Patriots,XCHEERFUL,Jaxson Dart,New York Giants,0,,,Cincinnati Bengals,0,0,Pre-ETR,30.png
29,12,13,Brock Bowers,TE,Las Vegas Raiders,XCHEERFUL,Jaxson Dart,New York Giants,0,,,Cleveland Browns,0,0,Pre-ETR,30.png
29,11,14,A.J. Brown,WR,Philadelphia Eagles,CHADCANDLES,Jared Goff,Detroit Lions,0,,,Dallas Cowboys,0,0,Pre-ETR,30.png
29,10,15,Javonte Williams,RB,Dallas Cowboys,LEE121503,Caleb Williams,Chicago Bears,0,,,Philadelphia Eagles,0,0,Pre-ETR,30.png
29,9,16,Tee Higgins,WR,Cincinnati Bengals,BUSTERSBOYS,Patrick Mahomes,Kansas City Chiefs,0,,,New England Patriots,0,0,Pre-ETR,30.png
29,8,17,Jalen Hurts,QB,Philadelphia Eagles,LENKEITH,Jalen Hurts,Philadelphia Eagles,1,0,0,Dallas Cowboys,0,0,Pre-ETR,30.png
29,7,18,Chris Olave,WR,New Orleans Saints,INGELX,Jacoby Brissett,Arizona Cardinals,0,,,Atlanta Falcons,0,0,Pre-ETR,30.png
29,6,19,Lamar Jackson,QB,Baltimore Ravens,DREAMINGOFS,Lamar Jackson,Baltimore Ravens,1,0,0,New York Jets,0,0,Pre-ETR,30.png
29,5,20,Justin Jefferson,WR,Minnesota Vikings,NEZ,Jordan Love,Green Bay Packers,0,,,Green Bay Packers,2,1,Pre-ETR,30.png
29,4,21,Drake Maye,QB,New England Patriots,HOTSIZAUCE,Drake Maye,New England Patriots,1,1,1,Cincinnati Bengals,0,0,Pre-ETR,30.png
29,3,22,DeVonta Smith,WR,Philadelphia Eagles,RAZOR33,Daniel Jones,Indianapolis Colts,0,,,Dallas Cowboys,1,1,Pre-ETR,30.png
29,2,23,George Pickens,WR,Dallas Cowboys,WILLMAKEWAR,Dak Prescott,Dallas Cowboys,1,,,Philadelphia Eagles,1,1,Pre-ETR,30.png
29,1,24,Stefon Diggs,WR,New England Patriots,GABRAINOS,Trevor Lawrence,Jacksonville Jaguars,0,,,Cincinnati Bengals,0,0,Pre-ETR,30.png
29,1,25,Jameson Williams,WR,Detroit Lions,GABRAINOS,Trevor Lawrence,Jacksonville Jaguars,0,,,New York Giants,0,0,Pre-ETR,30.png
29,2,26,Zay Flowers,WR,Baltimore Ravens,WILLMAKEWAR,Dak Prescott,Dallas Cowboys,0,,,New York Jets,0,0,Pre-ETR,30.png
29,3,27,Chase Brown,RB,Cincinnati Bengals,RAZOR33,Daniel Jones,Indianapolis Colts,0,,,New England Patriots,0,0,Pre-ETR,30.png
29,4,28,Tyler Warren,TE,Indianapolis Colts,HOTSIZAUCE,Drake Maye,New England Patriots,0,,,Kansas City Chiefs,0,0,Pre-ETR,30.png
29,5,29,Jaylen Warren,RB,Pittsburgh Steelers,NEZ,Jordan Love,Green Bay Packers,0,,,Chicago Bears,0,0,Pre-ETR,30.png
29,6,30,Quinshon Judkins,RB,Cleveland Browns,DREAMINGOFS,Lamar Jackson,Baltimore Ravens,0,,,Las Vegas Raiders,0,0,Pre-ETR,30.png
29,7,31,Breece Hall,RB,New York Jets,INGELX,Jacoby Brissett,Arizona Cardinals,0,,,Baltimore Ravens,0,0,Pre-ETR,30.png
29,8,32,Travis Kelce,TE,Kansas City Chiefs,LENKEITH,Jalen Hurts,Philadelphia Eagles,0,,,Indianapolis Colts,0,0,Pre-ETR,30.png
29,9,33,Patrick Mahomes,QB,Kansas City Chiefs,BUSTERSBOYS,Patrick Mahomes,Kansas City Chiefs,1,0,0,Indianapolis Colts,0,0,Pre-ETR,30.png
29,10,34,Rome Odunze,WR,Chicago Bears,LEE121503,Caleb Williams,Chicago Bears,1,,,Pittsburgh Steelers,0,0,Pre-ETR,30.png
29,11,35,Jared Goff,QB,Detroit Lions,CHADCANDLES,Jared Goff,Detroit Lions,1,0,0,New York Giants,1,1,Pre-ETR,30.png
29,12,36,Jaxson Dart,QB,New York Giants,XCHEERFUL,Jaxson Dart,New York Giants,1,0,0,Detroit Lions,0,0,Pre-ETR,30.png
29,12,37,Ashton Jeanty,RB,Las Vegas Raiders,XCHEERFUL,Jaxson Dart,New York Giants,0,,,Cleveland Browns,0,0,Pre-ETR,30.png
29,11,38,Hunter Henry,TE,New England Patriots,CHADCANDLES,Jared Goff,Detroit Lions,0,,,Cincinnati Bengals,0,0,Pre-ETR,30.png
29,10,39,Kenneth Walker III,RB,Seattle Seahawks,LEE121503,Caleb Williams,Chicago Bears,0,,,Tennessee Titans,0,0,Pre-ETR,30.png
29,9,40,DK Metcalf,WR,Pittsburgh Steelers,BUSTERSBOYS,Patrick Mahomes,Kansas City Chiefs,0,,,Chicago Bears,0,0,Pre-ETR,30.png
29,8,41,D'Andre Swift,RB,Chicago Bears,LENKEITH,Jalen Hurts,Philadelphia Eagles,0,,,Pittsburgh Steelers,0,0,Pre-ETR,30.png
29,7,42,Xavier Worthy,WR,Kansas City Chiefs,INGELX,Jacoby Brissett,Arizona Cardinals,0,,,Indianapolis Colts,0,0,Pre-ETR,30.png
29,6,43,Alec Pierce,WR,Indianapolis Colts,DREAMINGOFS,Lamar Jackson,Baltimore Ravens,0,,,Kansas City Chiefs,0,0,Pre-ETR,30.png
29,5,44,Jake Ferguson,TE,Dallas Cowboys,NEZ,Jordan Love,Green Bay Packers,0,,,Philadelphia Eagles,0,0,Pre-ETR,30.png
29,4,45,Michael Pittman Jr.,WR,Indianapolis Colts,HOTSIZAUCE,Drake Maye,New England Patriots,0,,,Kansas City Chiefs,0,0,Pre-ETR,30.png
29,3,46,Alvin Kamara,RB,New Orleans Saints,RAZOR33,Daniel Jones,Indianapolis Colts,0,,,Atlanta Falcons,0,0,Pre-ETR,30.png
29,2,47,Dallas Goedert,TE,Philadelphia Eagles,WILLMAKEWAR,Dak Prescott,Dallas Cowboys,0,,,Dallas Cowboys,2,1,Pre-ETR,30.png
29,1,48,Michael Wilson,WR,Arizona Cardinals,GABRAINOS,Trevor Lawrence,Jacksonville Jaguars,0,,,Jacksonville Jaguars,2,1,Pre-ETR,30.png
29,1,49,Trevor Lawrence,QB,Jacksonville Jaguars,GABRAINOS,Trevor Lawrence,Jacksonville Jaguars,1,1,1,Arizona Cardinals,1,1,Pre-ETR,30.png
29,2,50,Dak Prescott,QB,Dallas Cowboys,WILLMAKEWAR,Dak Prescott,Dallas Cowboys,1,1,1,Philadelphia Eagles,1,1,Pre-ETR,30.png
29,3,51,Daniel Jones,QB,Indianapolis Colts,RAZOR33,Daniel Jones,Indianapolis Colts,1,0,0,Kansas City Chiefs,0,0,Pre-ETR,30.png
29,4,52,Josh Jacobs,RB,Green Bay Packers,HOTSIZAUCE,Drake Maye,New England Patriots,0,,,Minnesota Vikings,0,0,Pre-ETR,30.png
29,5,53,Emanuel Wilson,RB,Green Bay Packers,NEZ,Jordan Love,Green Bay Packers,1,,,Minnesota Vikings,1,1,Pre-ETR,30.png
29,6,54,Kyle Pitts,TE,Atlanta Falcons,DREAMINGOFS,Lamar Jackson,Baltimore Ravens,0,,,New Orleans Saints,0,0,Pre-ETR,30.png
29,7,55,Aaron Jones,RB,Minnesota Vikings,INGELX,Jacoby Brissett,Arizona Cardinals,0,,,Green Bay Packers,0,0,Pre-ETR,30.png
29,8,56,David Montgomery,RB,Detroit Lions,LENKEITH,Jalen Hurts,Philadelphia Eagles,0,,,New York Giants,1,1,Pre-ETR,30.png
29,9,57,Juwan Johnson,TE,New Orleans Saints,BUSTERSBOYS,Patrick Mahomes,Kansas City Chiefs,0,,,Atlanta Falcons,1,1,Pre-ETR,30.png
29,10,58,Caleb Williams,QB,Chicago Bears,LEE121503,Caleb Williams,Chicago Bears,1,1,1,Pittsburgh Steelers,0,0,Pre-ETR,30.png
29,11,59,Wan'Dale Robinson,WR,New York Giants,CHADCANDLES,Jared Goff,Detroit Lions,0,,,Detroit Lions,1,1,Pre-ETR,30.png
29,12,60,Brian Thomas,WR,Jacksonville Jaguars,XCHEERFUL,Jaxson Dart,New York Giants,0,,,Arizona Cardinals,1,1,Pre-ETR,30.png
29,12,61,Marvin Harrison,WR,Arizona Cardinals,XCHEERFUL,Jaxson Dart,New York Giants,0,,,Jacksonville Jaguars,1,1,Pre-ETR,30.png
29,11,62,Kenneth Gainwell,RB,Pittsburgh Steelers,CHADCANDLES,Jared Goff,Detroit Lions,0,,,Chicago Bears,0,0,Pre-ETR,30.png
29,10,63,Mark Andrews,TE,Baltimore Ravens,LEE121503,Caleb Williams,Chicago Bears,0,,,New York Jets,0,0,Pre-ETR,30.png
29,9,64,Darnell Mooney,WR,Atlanta Falcons,BUSTERSBOYS,Patrick Mahomes,Kansas City Chiefs,0,,,New Orleans Saints,1,1,Pre-ETR,30.png
29,8,65,Darius Slayton,WR,New York Giants,LENKEITH,Jalen Hurts,Philadelphia Eagles,0,,,Detroit Lions,2,1,Pre-ETR,30.png
29,7,66,Jacoby Brissett,QB,Arizona Cardinals,INGELX,Jacoby Brissett,Arizona Cardinals,1,1,1,Jacksonville Jaguars,0,0,Pre-ETR,30.png
29,6,67,Romeo Doubs,WR,Green Bay Packers,DREAMINGOFS,Lamar Jackson,Baltimore Ravens,0,,,Minnesota Vikings,0,0,Pre-ETR,30.png
29,5,68,Jordan Love,QB,Green Bay Packers,NEZ,Jordan Love,Green Bay Packers,1,1,1,Minnesota Vikings,1,1,Pre-ETR,30.png
29,4,69,Kayshon Boutte,WR,New England Patriots,HOTSIZAUCE,Drake Maye,New England Patriots,1,,,Cincinnati Bengals,0,0,Pre-ETR,30.png
29,3,70,Colston Loveland,TE,Chicago Bears,RAZOR33,Daniel Jones,Indianapolis Colts,0,,,Pittsburgh Steelers,0,0,Pre-ETR,30.png
29,2,71,Tyrone Tracy,RB,New York Giants,WILLMAKEWAR,Dak Prescott,Dallas Cowboys,0,,,Detroit Lions,1,1,Pre-ETR,30.png
29,1,72,Brenton Strange,TE,Jacksonville Jaguars,GABRAINOS,Trevor Lawrence,Jacksonville Jaguars,1,,,Arizona Cardinals,1,1,Pre-ETR,30.png
30,1,1,Jahmyr Gibbs,RB,Detroit Lions,NARDEAUX,Sam Darnold,Seattle Seahawks,0,,,New York Giants,0,0,Pre-ETR,31.png
30,2,2,Jonathan Taylor,RB,Indianapolis Colts,NEZ,Tyler Shough,New Orleans Saints,0,,,Kansas City Chiefs,0,0,Pre-ETR,31.png
30,3,3,Bijan Robinson,RB,Atlanta Falcons,LEE121503,Jaxson Dart,New York Giants,0,,,New Orleans Saints,0,0,Pre-ETR,31.png
30,4,4,Jaxon Smith-Njigba,WR,Seattle Seahawks,INGELX,Jared Goff,Detroit Lions,0,,,Tennessee Titans,0,0,Pre-ETR,31.png
30,5,5,Amon-Ra St. Brown,WR,Detroit Lions,LENKEITH,Patrick Mahomes,Kansas City Chiefs,0,,,New York Giants,0,0,Pre-ETR,31.png
30,6,6,CeeDee Lamb,WR,Dallas Cowboys,XCHEERFUL,Dak Prescott,Dallas Cowboys,1,,,Philadelphia Eagles,0,0,Pre-ETR,31.png
30,7,7,Saquon Barkley,RB,Philadelphia Eagles,BUSTERSBOYS,Caleb Williams,Chicago Bears,0,,,Dallas Cowboys,0,0,Pre-ETR,31.png
30,8,8,TreVeyon Henderson,RB,New England Patriots,SHOCKTRAUM,Trevor Lawrence,Jacksonville Jaguars,0,,,Cincinnati Bengals,1,1,Pre-ETR,31.png
30,9,9,Derrick Henry,RB,Baltimore Ravens,NOAHPETRO23,Lamar Jackson,Baltimore Ravens,1,,,New York Jets,0,0,Pre-ETR,31.png
30,10,10,Trey McBride,TE,Arizona Cardinals,PATRICKBARN,Jalen Hurts,Philadelphia Eagles,0,,,Jacksonville Jaguars,0,0,Pre-ETR,31.png
30,11,11,Drake Maye,QB,New England Patriots,BEACHBUM803,Drake Maye,New England Patriots,1,1,1,Cincinnati Bengals,1,1,Pre-ETR,31.png
30,12,12,Rashee Rice,WR,Kansas City Chiefs,MATHOLOGY,Daniel Jones,Indianapolis Colts,0,,,Indianapolis Colts,1,1,Pre-ETR,31.png
30,12,13,Brock Bowers,TE,Las Vegas Raiders,MATHOLOGY,Daniel Jones,Indianapolis Colts,0,,,Cleveland Browns,0,0,Pre-ETR,31.png
30,11,14,Tee Higgins,WR,Cincinnati Bengals,BEACHBUM803,Drake Maye,New England Patriots,0,,,New England Patriots,2,1,Pre-ETR,31.png
30,10,15,Jalen Hurts,QB,Philadelphia Eagles,PATRICKBARN,Jalen Hurts,Philadelphia Eagles,1,0,0,Dallas Cowboys,0,0,Pre-ETR,31.png
30,9,16,Lamar Jackson,QB,Baltimore Ravens,NOAHPETRO23,Lamar Jackson,Baltimore Ravens,1,1,1,New York Jets,0,0,Pre-ETR,31.png
30,8,17,Travis Etienne Jr.,RB,Jacksonville Jaguars,SHOCKTRAUM,Trevor Lawrence,Jacksonville Jaguars,1,,,Arizona Cardinals,1,1,Pre-ETR,31.png
30,7,18,Tyler Warren,TE,Indianapolis Colts,BUSTERSBOYS,Caleb Williams,Chicago Bears,0,,,Kansas City Chiefs,0,0,Pre-ETR,31.png
30,6,19,Justin Jefferson,WR,Minnesota Vikings,XCHEERFUL,Dak Prescott,Dallas Cowboys,0,,,Green Bay Packers,1,1,Pre-ETR,31.png
30,5,20,A.J. Brown,WR,Philadelphia Eagles,LENKEITH,Patrick Mahomes,Kansas City Chiefs,0,,,Dallas Cowboys,0,0,Pre-ETR,31.png
30,4,21,Javonte Williams,RB,Dallas Cowboys,INGELX,Jared Goff,Detroit Lions,0,,,Philadelphia Eagles,1,1,Pre-ETR,31.png
30,3,22,George Pickens,WR,Dallas Cowboys,LEE121503,Jaxson Dart,New York Giants,0,,,Philadelphia Eagles,0,0,Pre-ETR,31.png
30,2,23,Chris Olave,WR,New Orleans Saints,NEZ,Tyler Shough,New Orleans Saints,1,,,Atlanta Falcons,0,0,Pre-ETR,31.png
30,1,24,Jameson Williams,WR,Detroit Lions,NARDEAUX,Sam Darnold,Seattle Seahawks,0,,,New York Giants,0,0,Pre-ETR,31.png
30,1,25,Travis Kelce,TE,Kansas City Chiefs,NARDEAUX,Sam Darnold,Seattle Seahawks,0,,,Indianapolis Colts,1,1,Pre-ETR,31.png
30,2,26,Stefon Diggs,WR,New England Patriots,NEZ,Tyler Shough,New Orleans Saints,0,,,Cincinnati Bengals,0,0,Pre-ETR,31.png
30,3,27,Chase Brown,RB,Cincinnati Bengals,LEE121503,Jaxson Dart,New York Giants,0,,,New England Patriots,0,0,Pre-ETR,31.png
30,4,28,DeVonta Smith,WR,Philadelphia Eagles,INGELX,Jared Goff,Detroit Lions,0,,,Dallas Cowboys,1,1,Pre-ETR,31.png
30,5,29,Patrick Mahomes,QB,Kansas City Chiefs,LENKEITH,Patrick Mahomes,Kansas City Chiefs,1,1,1,Indianapolis Colts,0,0,Pre-ETR,31.png
30,6,30,Jaylen Warren,RB,Pittsburgh Steelers,XCHEERFUL,Dak Prescott,Dallas Cowboys,0,,,Chicago Bears,0,0,Pre-ETR,31.png
30,7,31,Quinshon Judkins,RB,Cleveland Browns,BUSTERSBOYS,Caleb Williams,Chicago Bears,0,,,Las Vegas Raiders,0,0,Pre-ETR,31.png
30,8,32,Michael Wilson,WR,Arizona Cardinals,SHOCKTRAUM,Trevor Lawrence,Jacksonville Jaguars,0,,,Jacksonville Jaguars,2,1,Pre-ETR,31.png
30,9,33,Kenneth Walker III,RB,Seattle Seahawks,NOAHPETRO23,Lamar Jackson,Baltimore Ravens,0,,,Tennessee Titans,0,0,Pre-ETR,31.png
30,10,34,Zay Flowers,WR,Baltimore Ravens,PATRICKBARN,Jalen Hurts,Philadelphia Eagles,0,,,New York Jets,0,0,Pre-ETR,31.png
30,11,35,Breece Hall,RB,New York Jets,BEACHBUM803,Drake Maye,New England Patriots,0,,,Baltimore Ravens,0,0,Pre-ETR,31.png
30,12,36,Ashton Jeanty,RB,Las Vegas Raiders,MATHOLOGY,Daniel Jones,Indianapolis Colts,0,,,Cleveland Browns,0,0,Pre-ETR,31.png
30,12,37,DK Metcalf,WR,Pittsburgh Steelers,MATHOLOGY,Daniel Jones,Indianapolis Colts,0,,,Chicago Bears,0,0,Pre-ETR,31.png
30,11,38,Hunter Henry,TE,New England Patriots,BEACHBUM803,Drake Maye,New England Patriots,1,,,Cincinnati Bengals,1,1,Pre-ETR,31.png
30,10,39,Alvin Kamara,RB,New Orleans Saints,PATRICKBARN,Jalen Hurts,Philadelphia Eagles,0,,,Atlanta Falcons,0,0,Pre-ETR,31.png
30,9,40,Dallas Goedert,TE,Philadelphia Eagles,NOAHPETRO23,Lamar Jackson,Baltimore Ravens,0,,,Dallas Cowboys,0,0,Pre-ETR,31.png
30,8,41,Jake Ferguson,TE,Dallas Cowboys,SHOCKTRAUM,Trevor Lawrence,Jacksonville Jaguars,0,,,Philadelphia Eagles,0,0,Pre-ETR,31.png
30,7,42,Rome Odunze,WR,Chicago Bears,BUSTERSBOYS,Caleb Williams,Chicago Bears,1,,,Pittsburgh Steelers,0,0,Pre-ETR,31.png
30,6,43,Dak Prescott,QB,Dallas Cowboys,XCHEERFUL,Dak Prescott,Dallas Cowboys,1,1,1,Philadelphia Eagles,0,0,Pre-ETR,31.png
30,5,44,D'Andre Swift,RB,Chicago Bears,LENKEITH,Patrick Mahomes,Kansas City Chiefs,0,,,Pittsburgh Steelers,0,0,Pre-ETR,31.png
30,4,45,Jared Goff,QB,Detroit Lions,INGELX,Jared Goff,Detroit Lions,1,0,0,New York Giants,1,1,Pre-ETR,31.png
30,3,46,Jaxson Dart,QB,New York Giants,LEE121503,Jaxson Dart,New York Giants,1,0,0,Detroit Lions,0,0,Pre-ETR,31.png
30,2,47,Emanuel Wilson,RB,Green Bay Packers,NEZ,Tyler Shough,New Orleans Saints,0,,,Minnesota Vikings,0,0,Pre-ETR,31.png
30,1,48,Sam Darnold,QB,Seattle Seahawks,NARDEAUX,Sam Darnold,Seattle Seahawks,1,0,0,Tennessee Titans,0,0,Pre-ETR,31.png
30,1,49,Alec Pierce,WR,Indianapolis Colts,NARDEAUX,Sam Darnold,Seattle Seahawks,0,,,Kansas City Chiefs,1,1,Pre-ETR,31.png
30,2,50,Juwan Johnson,TE,New Orleans Saints,NEZ,Tyler Shough,New Orleans Saints,1,,,Atlanta Falcons,0,0,Pre-ETR,31.png
30,3,51,Michael Pittman Jr.,WR,Indianapolis Colts,LEE121503,Jaxson Dart,New York Giants,0,,,Kansas City Chiefs,0,0,Pre-ETR,31.png
30,4,52,Aaron Jones,RB,Minnesota Vikings,INGELX,Jared Goff,Detroit Lions,0,,,Green Bay Packers,0,0,Pre-ETR,31.png
30,5,53,Xavier Worthy,WR,Kansas City Chiefs,LENKEITH,Patrick Mahomes,Kansas City Chiefs,1,,,Indianapolis Colts,0,0,Pre-ETR,31.png
30,6,54,Josh Jacobs,RB,Green Bay Packers,XCHEERFUL,Dak Prescott,Dallas Cowboys,0,,,Minnesota Vikings,1,1,Pre-ETR,31.png
30,7,55,Caleb Williams,QB,Chicago Bears,BUSTERSBOYS,Caleb Williams,Chicago Bears,1,1,1,Pittsburgh Steelers,0,0,Pre-ETR,31.png
30,8,56,Trevor Lawrence,QB,Jacksonville Jaguars,SHOCKTRAUM,Trevor Lawrence,Jacksonville Jaguars,1,1,1,Arizona Cardinals,1,1,Pre-ETR,31.png
30,9,57,Darnell Mooney,WR,Atlanta Falcons,NOAHPETRO23,Lamar Jackson,Baltimore Ravens,0,,,New Orleans Saints,0,0,Pre-ETR,31.png
30,10,58,David Montgomery,RB,Detroit Lions,PATRICKBARN,Jalen Hurts,Philadelphia Eagles,0,,,New York Giants,1,1,Pre-ETR,31.png
30,11,59,Christian Watson,WR,Green Bay Packers,BEACHBUM803,Drake Maye,New England Patriots,0,,,Minnesota Vikings,0,0,Pre-ETR,31.png
30,12,60,Daniel Jones,QB,Indianapolis Colts,MATHOLOGY,Daniel Jones,Indianapolis Colts,1,0,0,Kansas City Chiefs,1,1,Pre-ETR,31.png
30,12,61,Kenneth Gainwell,RB,Pittsburgh Steelers,MATHOLOGY,Daniel Jones,Indianapolis Colts,0,,,Chicago Bears,0,0,Pre-ETR,31.png
30,11,62,Zach Charbonnet,RB,Seattle Seahawks,BEACHBUM803,Drake Maye,New England Patriots,0,,,Tennessee Titans,0,0,Pre-ETR,31.png
30,10,63,Wan'Dale Robinson,WR,New York Giants,PATRICKBARN,Jalen Hurts,Philadelphia Eagles,0,,,Detroit Lions,1,1,Pre-ETR,31.png
30,9,64,Jerry Jeudy,WR,Cleveland Browns,NOAHPETRO23,Lamar Jackson,Baltimore Ravens,0,,,Las Vegas Raiders,0,0,Pre-ETR,31.png
30,8,65,Andrei Iosivas,WR,Cincinnati Bengals,SHOCKTRAUM,Trevor Lawrence,Jacksonville Jaguars,0,,,New England Patriots,1,1,Pre-ETR,31.png
30,7,66,Romeo Doubs,WR,Green Bay Packers,BUSTERSBOYS,Caleb Williams,Chicago Bears,0,,,Minnesota Vikings,0,0,Pre-ETR,31.png
30,6,67,Mark Andrews,TE,Baltimore Ravens,XCHEERFUL,Dak Prescott,Dallas Cowboys,0,,,New York Jets,0,0,Pre-ETR,31.png
30,5,68,Kyle Pitts,TE,Atlanta Falcons,LENKEITH,Patrick Mahomes,Kansas City Chiefs,0,,,New Orleans Saints,0,0,Pre-ETR,31.png
30,4,69,Theo Johnson,TE,New York Giants,INGELX,Jared Goff,Detroit Lions,0,,,Detroit Lions,1,1,Pre-ETR,31.png
30,3,70,Harold Fannin,TE,Cleveland Browns,LEE121503,Jaxson Dart,New York Giants,0,,,Las Vegas Raiders,0,0,Pre-ETR,31.png
30,2,71,Tyler Shough,QB,New Orleans Saints,NEZ,Tyler Shough,New Orleans Saints,1,2,1,Atlanta Falcons,0,0,Pre-ETR,31.png
30,1,72,Kayshon Boutte,WR,New England Patriots,NARDEAUX,Sam Darnold,Seattle Seahawks,0,,,Cincinnati Bengals,0,0,Pre-ETR,31.png
31,1,1,Jonathan Taylor,RB,Indianapolis Colts,JGFC,Trevor Lawrence,Jacksonville Jaguars,0,,,Kansas City Chiefs,0,0,Pre-ETR,32.png
31,2,2,Jahmyr Gibbs,RB,Detroit Lions,INGELX,Joe Flacco,Cincinnati Bengals,0,,,New York Giants,1,1,Pre-ETR,32.png
31,3,3,Saquon Barkley,RB,Philadelphia Eagles,LEE121503,Daniel Jones,Indianapolis Colts,0,,,Dallas Cowboys,1,1,Pre-ETR,32.png
31,4,4,Bijan Robinson,RB,Atlanta Falcons,PATRICKBARN,Jared Goff,Detroit Lions,0,,,New Orleans Saints,1,1,Pre-ETR,32.png
31,5,5,Derrick Henry,RB,Baltimore Ravens,NOAHPETRO23,Caleb Williams,Chicago Bears,0,,,New York Jets,0,0,Pre-ETR,32.png
31,6,6,CeeDee Lamb,WR,Dallas Cowboys,PIRI24,Dak Prescott,Dallas Cowboys,1,,,Philadelphia Eagles,1,1,Pre-ETR,32.png
31,7,7,Jaxon Smith-Njigba,WR,Seattle Seahawks,CUTCUTLER,Drake Maye,New England Patriots,0,,,Tennessee Titans,0,0,Pre-ETR,32.png
31,8,8,Trey McBride,TE,Arizona Cardinals,NEZ,Jacoby Brissett,Arizona Cardinals,1,,,Jacksonville Jaguars,1,1,Pre-ETR,32.png
31,9,9,Amon-Ra St. Brown,WR,Detroit Lions,RAZOR33,Patrick Mahomes,Kansas City Chiefs,0,,,New York Giants,0,0,Pre-ETR,32.png
31,10,10,Jalen Hurts,QB,Philadelphia Eagles,STEADY314,Jalen Hurts,Philadelphia Eagles,1,1,1,Dallas Cowboys,0,0,Pre-ETR,32.png
31,11,11,TreVeyon Henderson,RB,New England Patriots,ECOXER10,Lamar Jackson,Baltimore Ravens,0,,,Cincinnati Bengals,0,0,Pre-ETR,32.png
31,12,12,Rashee Rice,WR,Kansas City Chiefs,LENKEITH,Jaxson Dart,New York Giants,0,,,Indianapolis Colts,0,0,Pre-ETR,32.png
31,12,13,Brock Bowers,TE,Las Vegas Raiders,LENKEITH,Jaxson Dart,New York Giants,0,,,Cleveland Browns,0,0,Pre-ETR,32.png
31,11,14,Lamar Jackson,QB,Baltimore Ravens,ECOXER10,Lamar Jackson,Baltimore Ravens,1,0,0,New York Jets,0,0,Pre-ETR,32.png
31,10,15,Travis Etienne Jr.,RB,Jacksonville Jaguars,STEADY314,Jalen Hurts,Philadelphia Eagles,0,,,Arizona Cardinals,0,0,Pre-ETR,32.png
31,9,16,Javonte Williams,RB,Dallas Cowboys,RAZOR33,Patrick Mahomes,Kansas City Chiefs,0,,,Philadelphia Eagles,0,0,Pre-ETR,32.png
31,8,17,A.J. Brown,WR,Philadelphia Eagles,NEZ,Jacoby Brissett,Arizona Cardinals,0,,,Dallas Cowboys,0,0,Pre-ETR,32.png
31,7,18,Drake Maye,QB,New England Patriots,CUTCUTLER,Drake Maye,New England Patriots,1,1,1,Cincinnati Bengals,0,0,Pre-ETR,32.png
31,6,19,DeVonta Smith,WR,Philadelphia Eagles,PIRI24,Dak Prescott,Dallas Cowboys,0,,,Dallas Cowboys,3,1,Pre-ETR,32.png
31,5,20,Chris Olave,WR,New Orleans Saints,NOAHPETRO23,Caleb Williams,Chicago Bears,0,,,Atlanta Falcons,1,1,Pre-ETR,32.png
31,4,21,Justin Jefferson,WR,Minnesota Vikings,PATRICKBARN,Jared Goff,Detroit Lions,0,,,Green Bay Packers,0,0,Pre-ETR,32.png
31,3,22,George Pickens,WR,Dallas Cowboys,LEE121503,Daniel Jones,Indianapolis Colts,0,,,Philadelphia Eagles,1,1,Pre-ETR,32.png
31,2,23,Tee Higgins,WR,Cincinnati Bengals,INGELX,Joe Flacco,Cincinnati Bengals,1,,,New England Patriots,0,0,Pre-ETR,32.png
31,1,24,Stefon Diggs,WR,New England Patriots,JGFC,Trevor Lawrence,Jacksonville Jaguars,0,,,Cincinnati Bengals,0,0,Pre-ETR,32.png
31,1,25,Jameson Williams,WR,Detroit Lions,JGFC,Trevor Lawrence,Jacksonville Jaguars,0,,,New York Giants,0,0,Pre-ETR,32.png
31,2,26,Chase Brown,RB,Cincinnati Bengals,INGELX,Joe Flacco,Cincinnati Bengals,1,,,New England Patriots,0,0,Pre-ETR,32.png
31,3,27,Tyler Warren,TE,Indianapolis Colts,LEE121503,Daniel Jones,Indianapolis Colts,1,,,Kansas City Chiefs,0,0,Pre-ETR,32.png
31,4,28,Quinshon Judkins,RB,Cleveland Browns,PATRICKBARN,Jared Goff,Detroit Lions,0,,,Las Vegas Raiders,0,0,Pre-ETR,32.png
31,5,29,Rome Odunze,WR,Chicago Bears,NOAHPETRO23,Caleb Williams,Chicago Bears,1,,,Pittsburgh Steelers,0,0,Pre-ETR,32.png
31,6,30,Breece Hall,RB,New York Jets,PIRI24,Dak Prescott,Dallas Cowboys,0,,,Baltimore Ravens,0,0,Pre-ETR,32.png
31,7,31,Hunter Henry,TE,New England Patriots,CUTCUTLER,Drake Maye,New England Patriots,1,,,Cincinnati Bengals,0,0,Pre-ETR,32.png
31,8,32,Zay Flowers,WR,Baltimore Ravens,NEZ,Jacoby Brissett,Arizona Cardinals,0,,,New York Jets,0,0,Pre-ETR,32.png
31,9,33,Patrick Mahomes,QB,Kansas City Chiefs,RAZOR33,Patrick Mahomes,Kansas City Chiefs,1,1,1,Indianapolis Colts,0,0,Pre-ETR,32.png
31,10,34,Dallas Goedert,TE,Philadelphia Eagles,STEADY314,Jalen Hurts,Philadelphia Eagles,1,,,Dallas Cowboys,0,0,Pre-ETR,32.png
31,11,35,Kenneth Walker III,RB,Seattle Seahawks,ECOXER10,Lamar Jackson,Baltimore Ravens,0,,,Tennessee Titans,0,0,Pre-ETR,32.png
31,12,36,Jaylen Warren,RB,Pittsburgh Steelers,LENKEITH,Jaxson Dart,New York Giants,0,,,Chicago Bears,0,0,Pre-ETR,32.png
31,12,37,Jaxson Dart,QB,New York Giants,LENKEITH,Jaxson Dart,New York Giants,1,1,1,Detroit Lions,0,0,Pre-ETR,32.png
31,11,38,Travis Kelce,TE,Kansas City Chiefs,ECOXER10,Lamar Jackson,Baltimore Ravens,0,,,Indianapolis Colts,1,1,Pre-ETR,32.png
31,10,39,DK Metcalf,WR,Pittsburgh Steelers,STEADY314,Jalen Hurts,Philadelphia Eagles,0,,,Chicago Bears,0,0,Pre-ETR,32.png
31,9,40,Ashton Jeanty,RB,Las Vegas Raiders,RAZOR33,Patrick Mahomes,Kansas City Chiefs,0,,,Cleveland Browns,0,0,Pre-ETR,32.png
31,8,41,Aaron Jones,RB,Minnesota Vikings,NEZ,Jacoby Brissett,Arizona Cardinals,0,,,Green Bay Packers,0,0,Pre-ETR,32.png
31,7,42,Michael Wilson,WR,Arizona Cardinals,CUTCUTLER,Drake Maye,New England Patriots,0,,,Jacksonville Jaguars,0,0,Pre-ETR,32.png
31,6,43,Dak Prescott,QB,Dallas Cowboys,PIRI24,Dak Prescott,Dallas Cowboys,1,2,1,Philadelphia Eagles,1,1,Pre-ETR,32.png
31,5,44,Kyle Pitts,TE,Atlanta Falcons,NOAHPETRO23,Caleb Williams,Chicago Bears,0,,,New Orleans Saints,1,1,Pre-ETR,32.png
31,4,45,Jared Goff,QB,Detroit Lions,PATRICKBARN,Jared Goff,Detroit Lions,1,0,0,New York Giants,0,0,Pre-ETR,32.png
31,3,46,Josh Jacobs,RB,Green Bay Packers,LEE121503,Daniel Jones,Indianapolis Colts,0,,,Minnesota Vikings,0,0,Pre-ETR,32.png
31,2,47,Wan'Dale Robinson,WR,New York Giants,INGELX,Joe Flacco,Cincinnati Bengals,0,,,Detroit Lions,1,1,Pre-ETR,32.png
31,1,48,Emanuel Wilson,RB,Green Bay Packers,JGFC,Trevor Lawrence,Jacksonville Jaguars,0,,,Minnesota Vikings,0,0,Pre-ETR,32.png
31,1,49,Trevor Lawrence,QB,Jacksonville Jaguars,JGFC,Trevor Lawrence,Jacksonville Jaguars,1,1,1,Arizona Cardinals,0,0,Pre-ETR,32.png
31,2,50,Juwan Johnson,TE,New Orleans Saints,INGELX,Joe Flacco,Cincinnati Bengals,0,,,Atlanta Falcons,0,0,Pre-ETR,32.png
31,3,51,Daniel Jones,QB,Indianapolis Colts,LEE121503,Daniel Jones,Indianapolis Colts,1,1,1,Kansas City Chiefs,0,0,Pre-ETR,32.png
31,4,52,Darnell Mooney,WR,Atlanta Falcons,PATRICKBARN,Jared Goff,Detroit Lions,0,,,New Orleans Saints,1,1,Pre-ETR,32.png
31,5,53,Alec Pierce,WR,Indianapolis Colts,NOAHPETRO23,Caleb Williams,Chicago Bears,0,,,Kansas City Chiefs,0,0,Pre-ETR,32.png
31,6,54,D'Andre Swift,RB,Chicago Bears,PIRI24,Dak Prescott,Dallas Cowboys,0,,,Pittsburgh Steelers,0,0,Pre-ETR,32.png
31,7,55,Alvin Kamara,RB,New Orleans Saints,CUTCUTLER,Drake Maye,New England Patriots,0,,,Atlanta Falcons,0,0,Pre-ETR,32.png
31,8,56,Brian Thomas,WR,Jacksonville Jaguars,NEZ,Jacoby Brissett,Arizona Cardinals,0,,,Arizona Cardinals,2,1,Pre-ETR,32.png
31,9,57,Xavier Worthy,WR,Kansas City Chiefs,RAZOR33,Patrick Mahomes,Kansas City Chiefs,1,,,Indianapolis Colts,0,0,Pre-ETR,32.png
31,10,58,David Montgomery,RB,Detroit Lions,STEADY314,Jalen Hurts,Philadelphia Eagles,0,,,New York Giants,0,0,Pre-ETR,32.png
31,11,59,Michael Pittman Jr.,WR,Indianapolis Colts,ECOXER10,Lamar Jackson,Baltimore Ravens,0,,,Kansas City Chiefs,1,1,Pre-ETR,32.png
31,12,60,Rhamondre Stevenson,RB,New England Patriots,LENKEITH,Jaxson Dart,New York Giants,0,,,Cincinnati Bengals,0,0,Pre-ETR,32.png
31,12,61,Darius Slayton,WR,New York Giants,LENKEITH,Jaxson Dart,New York Giants,1,,,Detroit Lions,0,0,Pre-ETR,32.png
31,11,62,Jordan Addison,WR,Minnesota Vikings,ECOXER10,Lamar Jackson,Baltimore Ravens,0,,,Green Bay Packers,0,0,Pre-ETR,32.png
31,10,63,Rashid Shaheed,WR,Seattle Seahawks,STEADY314,Jalen Hurts,Philadelphia Eagles,0,,,Tennessee Titans,0,0,Pre-ETR,32.png
31,9,64,Colston Loveland,TE,Chicago Bears,RAZOR33,Patrick Mahomes,Kansas City Chiefs,0,,,Pittsburgh Steelers,0,0,Pre-ETR,32.png
31,8,65,Jacoby Brissett,QB,Arizona Cardinals,NEZ,Jacoby Brissett,Arizona Cardinals,1,1,1,Jacksonville Jaguars,1,1,Pre-ETR,32.png
31,7,66,Kenneth Gainwell,RB,Pittsburgh Steelers,CUTCUTLER,Drake Maye,New England Patriots,0,,,Chicago Bears,0,0,Pre-ETR,32.png
31,6,67,Jake Ferguson,TE,Dallas Cowboys,PIRI24,Dak Prescott,Dallas Cowboys,1,,,Philadelphia Eagles,1,1,Pre-ETR,32.png
31,5,68,Caleb Williams,QB,Chicago Bears,NOAHPETRO23,Caleb Williams,Chicago Bears,1,1,1,Pittsburgh Steelers,0,0,Pre-ETR,32.png
31,4,69,Taysom Hill,TE,New Orleans Saints,PATRICKBARN,Jared Goff,Detroit Lions,0,,,Atlanta Falcons,2,1,Pre-ETR,32.png
31,3,70,Marvin Harrison,WR,Arizona Cardinals,LEE121503,Daniel Jones,Indianapolis Colts,0,,,Jacksonville Jaguars,0,0,Pre-ETR,32.png
31,2,71,Joe Flacco,QB,Cincinnati Bengals,INGELX,Joe Flacco,Cincinnati Bengals,1,2,1,New England Patriots,0,0,Pre-ETR,32.png
31,1,72,Brenton Strange,TE,Jacksonville Jaguars,JGFC,Trevor Lawrence,Jacksonville Jaguars,1,,,Arizona Cardinals,0,0,Pre-ETR,32.png
32,1,1,Jahmyr Gibbs,RB,Detroit Lions,VOGEYBERRA8,Jaxson Dart,New York Giants,0,,,New York Giants,2,1,Pre-ETR,33.png
32,2,2,Bijan Robinson,RB,Atlanta Falcons,GAVINHOPEW,Caleb Williams,Chicago Bears,0,,,New Orleans Saints,0,0,Pre-ETR,33.png
32,3,3,Jaxon Smith-Njigba,WR,Seattle Seahawks,INGELX,Jared Goff,Detroit Lions,0,,,Tennessee Titans,0,0,Pre-ETR,33.png
32,4,4,Jonathan Taylor,RB,Indianapolis Colts,JGFC,Patrick Mahomes,Kansas City Chiefs,0,,,Kansas City Chiefs,2,1,Pre-ETR,33.png
32,5,5,Amon-Ra St. Brown,WR,Detroit Lions,LENKEITH,Lamar Jackson,Baltimore Ravens,0,,,New York Giants,0,0,Pre-ETR,33.png
32,6,6,Saquon Barkley,RB,Philadelphia Eagles,JASTA29,Drake Maye,New England Patriots,0,,,Dallas Cowboys,1,1,Pre-ETR,33.png
32,7,7,Derrick Henry,RB,Baltimore Ravens,NEZ,Trevor Lawrence,Jacksonville Jaguars,0,,,New York Jets,0,0,Pre-ETR,33.png
32,8,8,Trey McBride,TE,Arizona Cardinals,PATRICKBARN,Sam Darnold,Seattle Seahawks,0,,,Jacksonville Jaguars,0,0,Pre-ETR,33.png
32,9,9,CeeDee Lamb,WR,Dallas Cowboys,WOLHAIKSONG,Jalen Hurts,Philadelphia Eagles,0,,,Philadelphia Eagles,2,1,Pre-ETR,33.png
32,10,10,Rashee Rice,WR,Kansas City Chiefs,DABK,Jacoby Brissett,Arizona Cardinals,0,,,Indianapolis Colts,0,0,Pre-ETR,33.png
32,11,11,TreVeyon Henderson,RB,New England Patriots,LEE121503,Dak Prescott,Dallas Cowboys,0,,,Cincinnati Bengals,0,0,Pre-ETR,33.png
32,12,12,Tee Higgins,WR,Cincinnati Bengals,MATHOLOGY,Daniel Jones,Indianapolis Colts,0,,,New England Patriots,0,0,Pre-ETR,33.png
32,12,13,Travis Etienne Jr.,RB,Jacksonville Jaguars,MATHOLOGY,Daniel Jones,Indianapolis Colts,0,,,Arizona Cardinals,0,0,Pre-ETR,33.png
32,11,14,Javonte Williams,RB,Dallas Cowboys,LEE121503,Dak Prescott,Dallas Cowboys,1,,,Philadelphia Eagles,0,0,Pre-ETR,33.png
32,10,15,Brock Bowers,TE,Las Vegas Raiders,DABK,Jacoby Brissett,Arizona Cardinals,0,,,Cleveland Browns,0,0,Pre-ETR,33.png
32,9,16,Jalen Hurts,QB,Philadelphia Eagles,WOLHAIKSONG,Jalen Hurts,Philadelphia Eagles,1,1,1,Dallas Cowboys,1,1,Pre-ETR,33.png
32,8,17,A.J. Brown,WR,Philadelphia Eagles,PATRICKBARN,Sam Darnold,Seattle Seahawks,0,,,Dallas Cowboys,0,0,Pre-ETR,33.png
32,7,18,Chris Olave,WR,New Orleans Saints,NEZ,Trevor Lawrence,Jacksonville Jaguars,0,,,Atlanta Falcons,0,0,Pre-ETR,33.png
32,6,19,Drake Maye,QB,New England Patriots,JASTA29,Drake Maye,New England Patriots,1,1,1,Cincinnati Bengals,0,0,Pre-ETR,33.png
32,5,20,Lamar Jackson,QB,Baltimore Ravens,LENKEITH,Lamar Jackson,Baltimore Ravens,1,2,1,New York Jets,0,0,Pre-ETR,33.png
32,4,21,DeVonta Smith,WR,Philadelphia Eagles,JGFC,Patrick Mahomes,Kansas City Chiefs,0,,,Dallas Cowboys,0,0,Pre-ETR,33.png
32,3,22,Jameson Williams,WR,Detroit Lions,INGELX,Jared Goff,Detroit Lions,1,,,New York Giants,0,0,Pre-ETR,33.png
32,2,23,Stefon Diggs,WR,New England Patriots,GAVINHOPEW,Caleb Williams,Chicago Bears,0,,,Cincinnati Bengals,0,0,Pre-ETR,33.png
32,1,24,Justin Jefferson,WR,Minnesota Vikings,VOGEYBERRA8,Jaxson Dart,New York Giants,0,,,Green Bay Packers,1,1,Pre-ETR,33.png
32,1,25,George Pickens,WR,Dallas Cowboys,VOGEYBERRA8,Jaxson Dart,New York Giants,0,,,Philadelphia Eagles,0,0,Pre-ETR,33.png
32,2,26,Rome Odunze,WR,Chicago Bears,GAVINHOPEW,Caleb Williams,Chicago Bears,1,,,Pittsburgh Steelers,0,0,Pre-ETR,33.png
32,3,27,Chase Brown,RB,Cincinnati Bengals,INGELX,Jared Goff,Detroit Lions,0,,,New England Patriots,0,0,Pre-ETR,33.png
32,4,28,Patrick Mahomes,QB,Kansas City Chiefs,JGFC,Patrick Mahomes,Kansas City Chiefs,1,1,1,Indianapolis Colts,1,1,Pre-ETR,33.png
32,5,29,Zay Flowers,WR,Baltimore Ravens,LENKEITH,Lamar Jackson,Baltimore Ravens,1,,,New York Jets,0,0,Pre-ETR,33.png
32,6,30,Ashton Jeanty,RB,Las Vegas Raiders,JASTA29,Drake Maye,New England Patriots,0,,,Cleveland Browns,0,0,Pre-ETR,33.png
32,7,31,Kenneth Walker III,RB,Seattle Seahawks,NEZ,Trevor Lawrence,Jacksonville Jaguars,0,,,Tennessee Titans,0,0,Pre-ETR,33.png
32,8,32,Quinshon Judkins,RB,Cleveland Browns,PATRICKBARN,Sam Darnold,Seattle Seahawks,0,,,Las Vegas Raiders,0,0,Pre-ETR,33.png
32,9,33,Breece Hall,RB,New York Jets,WOLHAIKSONG,Jalen Hurts,Philadelphia Eagles,0,,,Baltimore Ravens,0,0,Pre-ETR,33.png
32,10,34,DK Metcalf,WR,Pittsburgh Steelers,DABK,Jacoby Brissett,Arizona Cardinals,0,,,Chicago Bears,0,0,Pre-ETR,33.png
32,11,35,Tyler Warren,TE,Indianapolis Colts,LEE121503,Dak Prescott,Dallas Cowboys,0,,,Kansas City Chiefs,0,0,Pre-ETR,33.png
32,12,36,Travis Kelce,TE,Kansas City Chiefs,MATHOLOGY,Daniel Jones,Indianapolis Colts,0,,,Indianapolis Colts,2,1,Pre-ETR,33.png
32,12,37,Michael Pittman Jr.,WR,Indianapolis Colts,MATHOLOGY,Daniel Jones,Indianapolis Colts,1,,,Kansas City Chiefs,1,1,Pre-ETR,33.png
32,11,38,Dak Prescott,QB,Dallas Cowboys,LEE121503,Dak Prescott,Dallas Cowboys,1,1,1,Philadelphia Eagles,0,0,Pre-ETR,33.png
32,10,39,Aaron Jones,RB,Minnesota Vikings,DABK,Jacoby Brissett,Arizona Cardinals,0,,,Green Bay Packers,0,0,Pre-ETR,33.png
32,9,40,Dallas Goedert,TE,Philadelphia Eagles,WOLHAIKSONG,Jalen Hurts,Philadelphia Eagles,1,,,Dallas Cowboys,1,1,Pre-ETR,33.png
32,8,41,Alvin Kamara,RB,New Orleans Saints,PATRICKBARN,Sam Darnold,Seattle Seahawks,0,,,Atlanta Falcons,0,0,Pre-ETR,33.png
32,7,42,Hunter Henry,TE,New England Patriots,NEZ,Trevor Lawrence,Jacksonville Jaguars,0,,,Cincinnati Bengals,0,0,Pre-ETR,33.png
32,6,43,Michael Wilson,WR,Arizona Cardinals,JASTA29,Drake Maye,New England Patriots,0,,,Jacksonville Jaguars,0,0,Pre-ETR,33.png
32,5,44,Jaylen Warren,RB,Pittsburgh Steelers,LENKEITH,Lamar Jackson,Baltimore Ravens,0,,,Chicago Bears,0,0,Pre-ETR,33.png
32,4,45,Josh Jacobs,RB,Green Bay Packers,JGFC,Patrick Mahomes,Kansas City Chiefs,0,,,Minnesota Vikings,0,0,Pre-ETR,33.png
32,3,46,Jared Goff,QB,Detroit Lions,INGELX,Jared Goff,Detroit Lions,1,1,1,New York Giants,0,0,Pre-ETR,33.png
32,2,47,Caleb Williams,QB,Chicago Bears,GAVINHOPEW,Caleb Williams,Chicago Bears,1,2,1,Pittsburgh Steelers,0,0,Pre-ETR,33.png
32,1,48,Jaxson Dart,QB,New York Giants,VOGEYBERRA8,Jaxson Dart,New York Giants,1,1,1,Detroit Lions,1,1,Pre-ETR,33.png
32,1,49,Emanuel Wilson,RB,Green Bay Packers,VOGEYBERRA8,Jaxson Dart,New York Giants,0,,,Minnesota Vikings,1,1,Pre-ETR,33.png
32,2,50,Colston Loveland,TE,Chicago Bears,GAVINHOPEW,Caleb Williams,Chicago Bears,1,,,Pittsburgh Steelers,0,0,Pre-ETR,33.png
32,3,51,D'Andre Swift,RB,Chicago Bears,INGELX,Jared Goff,Detroit Lions,0,,,Pittsburgh Steelers,0,0,Pre-ETR,33.png
32,4,52,Xavier Worthy,WR,Kansas City Chiefs,JGFC,Patrick Mahomes,Kansas City Chiefs,1,,,Indianapolis Colts,1,1,Pre-ETR,33.png
32,5,53,David Montgomery,RB,Detroit Lions,LENKEITH,Lamar Jackson,Baltimore Ravens,0,,,New York Giants,0,0,Pre-ETR,33.png
32,6,54,Jake Ferguson,TE,Dallas Cowboys,JASTA29,Drake Maye,New England Patriots,0,,,Philadelphia Eagles,1,1,Pre-ETR,33.png
32,7,55,Trevor Lawrence,QB,Jacksonville Jaguars,NEZ,Trevor Lawrence,Jacksonville Jaguars,1,1,1,Arizona Cardinals,0,0,Pre-ETR,33.png
32,8,56,Wan'Dale Robinson,WR,New York Giants,PATRICKBARN,Sam Darnold,Seattle Seahawks,0,,,Detroit Lions,0,0,Pre-ETR,33.png
32,9,57,Christian Watson,WR,Green Bay Packers,WOLHAIKSONG,Jalen Hurts,Philadelphia Eagles,0,,,Minnesota Vikings,0,0,Pre-ETR,33.png
32,10,58,Darnell Mooney,WR,Atlanta Falcons,DABK,Jacoby Brissett,Arizona Cardinals,0,,,New Orleans Saints,0,0,Pre-ETR,33.png
32,11,59,Darius Slayton,WR,New York Giants,LEE121503,Dak Prescott,Dallas Cowboys,0,,,Detroit Lions,0,0,Pre-ETR,33.png
32,12,60,Daniel Jones,QB,Indianapolis Colts,MATHOLOGY,Daniel Jones,Indianapolis Colts,1,1,1,Kansas City Chiefs,1,1,Pre-ETR,33.png
32,12,61,Kenneth Gainwell,RB,Pittsburgh Steelers,MATHOLOGY,Daniel Jones,Indianapolis Colts,0,,,Chicago Bears,0,0,Pre-ETR,33.png
32,11,62,Alec Pierce,WR,Indianapolis Colts,LEE121503,Dak Prescott,Dallas Cowboys,0,,,Kansas City Chiefs,0,0,Pre-ETR,33.png
32,10,63,Jacoby Brissett,QB,Arizona Cardinals,DABK,Jacoby Brissett,Arizona Cardinals,1,0,0,Jacksonville Jaguars,0,0,Pre-ETR,33.png
32,9,64,Tyrone Tracy,RB,New York Giants,WOLHAIKSONG,Jalen Hurts,Philadelphia Eagles,0,,,Detroit Lions,0,0,Pre-ETR,33.png
32,8,65,Sam Darnold,QB,Seattle Seahawks,PATRICKBARN,Sam Darnold,Seattle Seahawks,1,0,0,Tennessee Titans,0,0,Pre-ETR,33.png
32,7,66,Brian Thomas,WR,Jacksonville Jaguars,NEZ,Trevor Lawrence,Jacksonville Jaguars,1,,,Arizona Cardinals,0,0,Pre-ETR,33.png
32,6,67,Kayshon Boutte,WR,New England Patriots,JASTA29,Drake Maye,New England Patriots,1,,,Cincinnati Bengals,0,0,Pre-ETR,33.png
32,5,68,Mark Andrews,TE,Baltimore Ravens,LENKEITH,Lamar Jackson,Baltimore Ravens,1,,,New York Jets,0,0,Pre-ETR,33.png
32,4,69,Kyle Pitts,TE,Atlanta Falcons,JGFC,Patrick Mahomes,Kansas City Chiefs,0,,,New Orleans Saints,0,0,Pre-ETR,33.png
32,3,70,Juwan Johnson,TE,New Orleans Saints,INGELX,Jared Goff,Detroit Lions,0,,,Atlanta Falcons,0,0,Pre-ETR,33.png
32,2,71,Isaiah Hodgins,WR,New York Giants,GAVINHOPEW,Caleb Williams,Chicago Bears,0,,,Detroit Lions,0,0,Pre-ETR,33.png
32,1,72,Theo Johnson,TE,New York Giants,VOGEYBERRA8,Jaxson Dart,New York Giants,1,,,Detroit Lions,1,1,Pre-ETR,33.png
33,1,1,Jonathan Taylor,RB,Indianapolis Colts,LEE121503,Tyler Shough,New Orleans Saints,0,,,Kansas City Chiefs,0,0,Pre-ETR,34.png
33,2,2,Jahmyr Gibbs,RB,Detroit Lions,JORLAND50,Caleb Williams,Chicago Bears,0,,,New York Giants,0,0,Pre-ETR,34.png
33,3,3,Bijan Robinson,RB,Atlanta Falcons,ASAPTUNA,Patrick Mahomes,Kansas City Chiefs,0,,,New Orleans Saints,1,1,Pre-ETR,34.png
33,4,4,Jaxon Smith-Njigba,WR,Seattle Seahawks,INGELX,Jared Goff,Detroit Lions,0,,,Tennessee Titans,0,0,Pre-ETR,34.png
33,5,5,Saquon Barkley,RB,Philadelphia Eagles,JGFC,Dak Prescott,Dallas Cowboys,0,,,Dallas Cowboys,2,1,Pre-ETR,34.png
33,6,6,Trey McBride,TE,Arizona Cardinals,RANDERS,Lamar Jackson,Baltimore Ravens,0,,,Jacksonville Jaguars,1,1,Pre-ETR,34.png
33,7,7,Amon-Ra St. Brown,WR,Detroit Lions,PATRICKBARN,Jalen Hurts,Philadelphia Eagles,0,,,New York Giants,0,0,Pre-ETR,34.png
33,8,8,Derrick Henry,RB,Baltimore Ravens,PLAYERQ,Trevor Lawrence,Jacksonville Jaguars,0,,,New York Jets,0,0,Pre-ETR,34.png
33,9,9,CeeDee Lamb,WR,Dallas Cowboys,NEZ,Daniel Jones,Indianapolis Colts,0,,,Philadelphia Eagles,0,0,Pre-ETR,34.png
33,10,10,TreVeyon Henderson,RB,New England Patriots,FFLINX,Jacoby Brissett,Arizona Cardinals,0,,,Cincinnati Bengals,0,0,Pre-ETR,34.png
33,11,11,Rashee Rice,WR,Kansas City Chiefs,LENKEITH,Jaxson Dart,New York Giants,0,,,Indianapolis Colts,0,0,Pre-ETR,34.png
33,12,12,Drake Maye,QB,New England Patriots,HOCKEYHOOLI,Drake Maye,New England Patriots,1,0,0,Cincinnati Bengals,0,0,Pre-ETR,34.png
33,12,13,Brock Bowers,TE,Las Vegas Raiders,HOCKEYHOOLI,Drake Maye,New England Patriots,0,,,Cleveland Browns,0,0,Pre-ETR,34.png
33,11,14,A.J. Brown,WR,Philadelphia Eagles,LENKEITH,Jaxson Dart,New York Giants,0,,,Dallas Cowboys,0,0,Pre-ETR,34.png
33,10,15,Travis Etienne Jr.,RB,Jacksonville Jaguars,FFLINX,Jacoby Brissett,Arizona Cardinals,0,,,Arizona Cardinals,2,1,Pre-ETR,34.png
33,9,16,Javonte Williams,RB,Dallas Cowboys,NEZ,Daniel Jones,Indianapolis Colts,0,,,Philadelphia Eagles,0,0,Pre-ETR,34.png
33,8,17,Tee Higgins,WR,Cincinnati Bengals,PLAYERQ,Trevor Lawrence,Jacksonville Jaguars,0,,,New England Patriots,1,1,Pre-ETR,34.png
33,7,18,Jalen Hurts,QB,Philadelphia Eagles,PATRICKBARN,Jalen Hurts,Philadelphia Eagles,1,0,0,Dallas Cowboys,0,0,Pre-ETR,34.png
33,6,19,Lamar Jackson,QB,Baltimore Ravens,RANDERS,Lamar Jackson,Baltimore Ravens,1,0,0,New York Jets,0,0,Pre-ETR,34.png
33,5,20,George Pickens,WR,Dallas Cowboys,JGFC,Dak Prescott,Dallas Cowboys,1,,,Philadelphia Eagles,1,1,Pre-ETR,34.png
33,4,21,Jameson Williams,WR,Detroit Lions,INGELX,Jared Goff,Detroit Lions,1,,,New York Giants,0,0,Pre-ETR,34.png
33,3,22,Chris Olave,WR,New Orleans Saints,ASAPTUNA,Patrick Mahomes,Kansas City Chiefs,0,,,Atlanta Falcons,1,1,Pre-ETR,34.png
33,2,23,Justin Jefferson,WR,Minnesota Vikings,JORLAND50,Caleb Williams,Chicago Bears,0,,,Green Bay Packers,0,0,Pre-ETR,34.png
33,1,24,DeVonta Smith,WR,Philadelphia Eagles,LEE121503,Tyler Shough,New Orleans Saints,0,,,Dallas Cowboys,0,0,Pre-ETR,34.png
33,1,25,Chase Brown,RB,Cincinnati Bengals,LEE121503,Tyler Shough,New Orleans Saints,0,,,New England Patriots,0,0,Pre-ETR,34.png
33,2,26,Quinshon Judkins,RB,Cleveland Browns,JORLAND50,Caleb Williams,Chicago Bears,0,,,Las Vegas Raiders,0,0,Pre-ETR,34.png
33,3,27,Patrick Mahomes,QB,Kansas City Chiefs,ASAPTUNA,Patrick Mahomes,Kansas City Chiefs,1,1,1,Indianapolis Colts,0,0,Pre-ETR,34.png
33,4,28,Breece Hall,RB,New York Jets,INGELX,Jared Goff,Detroit Lions,0,,,Baltimore Ravens,0,0,Pre-ETR,34.png
33,5,29,Dak Prescott,QB,Dallas Cowboys,JGFC,Dak Prescott,Dallas Cowboys,1,1,1,Philadelphia Eagles,1,1,Pre-ETR,34.png
33,6,30,Stefon Diggs,WR,New England Patriots,RANDERS,Lamar Jackson,Baltimore Ravens,0,,,Cincinnati Bengals,0,0,Pre-ETR,34.png
33,7,31,Tyler Warren,TE,Indianapolis Colts,PATRICKBARN,Jalen Hurts,Philadelphia Eagles,0,,,Kansas City Chiefs,0,0,Pre-ETR,34.png
33,8,32,Kenneth Walker III,RB,Seattle Seahawks,PLAYERQ,Trevor Lawrence,Jacksonville Jaguars,0,,,Tennessee Titans,0,0,Pre-ETR,34.png
33,9,33,Zay Flowers,WR,Baltimore Ravens,NEZ,Daniel Jones,Indianapolis Colts,0,,,New York Jets,0,0,Pre-ETR,34.png
33,10,34,Travis Kelce,TE,Kansas City Chiefs,FFLINX,Jacoby Brissett,Arizona Cardinals,0,,,Indianapolis Colts,0,0,Pre-ETR,34.png
33,11,35,Jaylen Warren,RB,Pittsburgh Steelers,LENKEITH,Jaxson Dart,New York Giants,0,,,Chicago Bears,0,0,Pre-ETR,34.png
33,12,36,Rome Odunze,WR,Chicago Bears,HOCKEYHOOLI,Drake Maye,New England Patriots,0,,,Pittsburgh Steelers,0,0,Pre-ETR,34.png
33,12,37,Josh Jacobs,RB,Green Bay Packers,HOCKEYHOOLI,Drake Maye,New England Patriots,0,,,Minnesota Vikings,1,1,Pre-ETR,34.png
33,11,38,Jaxson Dart,QB,New York Giants,LENKEITH,Jaxson Dart,New York Giants,1,1,1,Detroit Lions,0,0,Pre-ETR,34.png
33,10,39,Michael Wilson,WR,Arizona Cardinals,FFLINX,Jacoby Brissett,Arizona Cardinals,1,,,Jacksonville Jaguars,1,1,Pre-ETR,34.png
33,9,40,Aaron Jones,RB,Minnesota Vikings,NEZ,Daniel Jones,Indianapolis Colts,0,,,Green Bay Packers,0,0,Pre-ETR,34.png
33,8,41,Hunter Henry,TE,New England Patriots,PLAYERQ,Trevor Lawrence,Jacksonville Jaguars,0,,,Cincinnati Bengals,1,1,Pre-ETR,34.png
33,7,42,Ashton Jeanty,RB,Las Vegas Raiders,PATRICKBARN,Jalen Hurts,Philadelphia Eagles,0,,,Cleveland Browns,0,0,Pre-ETR,34.png
33,6,43,DK Metcalf,WR,Pittsburgh Steelers,RANDERS,Lamar Jackson,Baltimore Ravens,0,,,Chicago Bears,0,0,Pre-ETR,34.png
33,5,44,Michael Pittman Jr.,WR,Indianapolis Colts,JGFC,Dak Prescott,Dallas Cowboys,0,,,Kansas City Chiefs,0,0,Pre-ETR,34.png
33,4,45,Jared Goff,QB,Detroit Lions,INGELX,Jared Goff,Detroit Lions,1,1,1,New York Giants,0,0,Pre-ETR,34.png
33,3,46,Xavier Worthy,WR,Kansas City Chiefs,ASAPTUNA,Patrick Mahomes,Kansas City Chiefs,1,,,Indianapolis Colts,0,0,Pre-ETR,34.png
33,2,47,Dallas Goedert,TE,Philadelphia Eagles,JORLAND50,Caleb Williams,Chicago Bears,0,,,Dallas Cowboys,0,0,Pre-ETR,34.png
33,1,48,Juwan Johnson,TE,New Orleans Saints,LEE121503,Tyler Shough,New Orleans Saints,1,,,Atlanta Falcons,1,1,Pre-ETR,34.png
33,1,49,Darnell Mooney,WR,Atlanta Falcons,LEE121503,Tyler Shough,New Orleans Saints,0,,,New Orleans Saints,2,1,Pre-ETR,34.png
33,2,50,Caleb Williams,QB,Chicago Bears,JORLAND50,Caleb Williams,Chicago Bears,1,1,1,Pittsburgh Steelers,0,0,Pre-ETR,34.png
33,3,51,D'Andre Swift,RB,Chicago Bears,ASAPTUNA,Patrick Mahomes,Kansas City Chiefs,0,,,Pittsburgh Steelers,0,0,Pre-ETR,34.png
33,4,52,Jake Ferguson,TE,Dallas Cowboys,INGELX,Jared Goff,Detroit Lions,0,,,Philadelphia Eagles,0,0,Pre-ETR,34.png
33,5,53,Emanuel Wilson,RB,Green Bay Packers,JGFC,Dak Prescott,Dallas Cowboys,0,,,Minnesota Vikings,0,0,Pre-ETR,34.png
33,6,54,David Montgomery,RB,Detroit Lions,RANDERS,Lamar Jackson,Baltimore Ravens,0,,,New York Giants,0,0,Pre-ETR,34.png
33,7,55,Alvin Kamara,RB,New Orleans Saints,PATRICKBARN,Jalen Hurts,Philadelphia Eagles,0,,,Atlanta Falcons,0,0,Pre-ETR,34.png
33,8,56,Jakobi Meyers,WR,Jacksonville Jaguars,PLAYERQ,Trevor Lawrence,Jacksonville Jaguars,1,,,Arizona Cardinals,0,0,Pre-ETR,34.png
33,9,57,Daniel Jones,QB,Indianapolis Colts,NEZ,Daniel Jones,Indianapolis Colts,1,0,0,Kansas City Chiefs,0,0,Pre-ETR,34.png
33,10,58,Wan'Dale Robinson,WR,New York Giants,FFLINX,Jacoby Brissett,Arizona Cardinals,0,,,Detroit Lions,0,0,Pre-ETR,34.png
33,11,59,Rhamondre Stevenson,RB,New England Patriots,LENKEITH,Jaxson Dart,New York Giants,0,,,Cincinnati Bengals,0,0,Pre-ETR,34.png
33,12,60,Jordan Addison,WR,Minnesota Vikings,HOCKEYHOOLI,Drake Maye,New England Patriots,0,,,Green Bay Packers,1,1,Pre-ETR,34.png
33,12,61,Tyrone Tracy,RB,New York Giants,HOCKEYHOOLI,Drake Maye,New England Patriots,0,,,Detroit Lions,0,0,Pre-ETR,34.png
33,11,62,Theo Johnson,TE,New York Giants,LENKEITH,Jaxson Dart,New York Giants,1,,,Detroit Lions,0,0,Pre-ETR,34.png
33,10,63,Jacoby Brissett,QB,Arizona Cardinals,FFLINX,Jacoby Brissett,Arizona Cardinals,1,1,1,Jacksonville Jaguars,1,1,Pre-ETR,34.png
33,9,64,Kyle Pitts,TE,Atlanta Falcons,NEZ,Daniel Jones,Indianapolis Colts,0,,,New Orleans Saints,0,0,Pre-ETR,34.png
33,8,65,Trevor Lawrence,QB,Jacksonville Jaguars,PLAYERQ,Trevor Lawrence,Jacksonville Jaguars,1,1,1,Arizona Cardinals,0,0,Pre-ETR,34.png
33,7,66,Marvin Harrison,WR,Arizona Cardinals,PATRICKBARN,Jalen Hurts,Philadelphia Eagles,0,,,Jacksonville Jaguars,0,0,Pre-ETR,34.png
33,6,67,Brian Thomas,WR,Jacksonville Jaguars,RANDERS,Lamar Jackson,Baltimore Ravens,0,,,Arizona Cardinals,1,1,Pre-ETR,34.png
33,5,68,Mark Andrews,TE,Baltimore Ravens,JGFC,Dak Prescott,Dallas Cowboys,0,,,New York Jets,0,0,Pre-ETR,34.png
33,4,69,Bhayshul Tuten,RB,Jacksonville Jaguars,INGELX,Jared Goff,Detroit Lions,0,,,Arizona Cardinals,0,0,Pre-ETR,34.png
33,3,70,Noah Fant,TE,Cincinnati Bengals,ASAPTUNA,Patrick Mahomes,Kansas City Chiefs,0,,,New England Patriots,0,0,Pre-ETR,34.png
33,2,71,Luther Burden,WR,Chicago Bears,JORLAND50,Caleb Williams,Chicago Bears,1,,,Pittsburgh Steelers,0,0,Pre-ETR,34.png
33,1,72,Tyler Shough,QB,New Orleans Saints,LEE121503,Tyler Shough,New Orleans Saints,1,1,1,Atlanta Falcons,1,1,Pre-ETR,34.png
34,1,1,Jahmyr Gibbs,RB,Detroit Lions,RANDERS,Patrick Mahomes,Kansas City Chiefs,0,,,New York Giants,0,0,Pre-ETR,35.png
34,2,2,Jonathan Taylor,RB,Indianapolis Colts,INGELX,Sam Darnold,Seattle Seahawks,0,,,Kansas City Chiefs,0,0,Pre-ETR,35.png
34,3,3,Bijan Robinson,RB,Atlanta Falcons,LENKEITH,Jared Goff,Detroit Lions,0,,,New Orleans Saints,0,0,Pre-ETR,35.png
34,4,4,Jaxon Smith-Njigba,WR,Seattle Seahawks,RIPSEWELL,Drake Maye,New England Patriots,0,,,Tennessee Titans,0,0,Pre-ETR,35.png
34,5,5,Saquon Barkley,RB,Philadelphia Eagles,LEE121503,Dak Prescott,Dallas Cowboys,0,,,Dallas Cowboys,1,1,Pre-ETR,35.png
34,6,6,Derrick Henry,RB,Baltimore Ravens,D4VE,Daniel Jones,Indianapolis Colts,0,,,New York Jets,0,0,Pre-ETR,35.png
34,7,7,Trey McBride,TE,Arizona Cardinals,NEZ,Jacoby Brissett,Arizona Cardinals,1,,,Jacksonville Jaguars,0,0,Pre-ETR,35.png
34,8,8,Amon-Ra St. Brown,WR,Detroit Lions,JORLAND50,Geno Smith,Las Vegas Raiders,0,,,New York Giants,0,0,Pre-ETR,35.png
34,9,9,CeeDee Lamb,WR,Dallas Cowboys,PIRI24,Caleb Williams,Chicago Bears,0,,,Philadelphia Eagles,0,0,Pre-ETR,35.png
34,10,10,TreVeyon Henderson,RB,New England Patriots,PATRICKBARN,Lamar Jackson,Baltimore Ravens,0,,,Cincinnati Bengals,0,0,Pre-ETR,35.png
34,11,11,Rashee Rice,WR,Kansas City Chiefs,VOGEYBERRA8,Jaxson Dart,New York Giants,0,,,Indianapolis Colts,0,0,Pre-ETR,35.png
34,12,12,Jalen Hurts,QB,Philadelphia Eagles,FLATTYLER83,Jalen Hurts,Philadelphia Eagles,1,2,1,Dallas Cowboys,0,0,Pre-ETR,35.png
34,12,13,A.J. Brown,WR,Philadelphia Eagles,FLATTYLER83,Jalen Hurts,Philadelphia Eagles,1,,,Dallas Cowboys,0,0,Pre-ETR,35.png
34,11,14,Tee Higgins,WR,Cincinnati Bengals,VOGEYBERRA8,Jaxson Dart,New York Giants,0,,,New England Patriots,1,1,Pre-ETR,35.png
34,10,15,Lamar Jackson,QB,Baltimore Ravens,PATRICKBARN,Lamar Jackson,Baltimore Ravens,1,0,0,New York Jets,0,0,Pre-ETR,35.png
34,9,16,Javonte Williams,RB,Dallas Cowboys,PIRI24,Caleb Williams,Chicago Bears,0,,,Philadelphia Eagles,0,0,Pre-ETR,35.png
34,8,17,Brock Bowers,TE,Las Vegas Raiders,JORLAND50,Geno Smith,Las Vegas Raiders,1,,,Cleveland Browns,0,0,Pre-ETR,35.png
34,7,18,Chris Olave,WR,New Orleans Saints,NEZ,Jacoby Brissett,Arizona Cardinals,0,,,Atlanta Falcons,0,0,Pre-ETR,35.png
34,6,19,Tyler Warren,TE,Indianapolis Colts,D4VE,Daniel Jones,Indianapolis Colts,1,,,Kansas City Chiefs,0,0,Pre-ETR,35.png
34,5,20,Travis Etienne Jr.,RB,Jacksonville Jaguars,LEE121503,Dak Prescott,Dallas Cowboys,0,,,Arizona Cardinals,0,0,Pre-ETR,35.png
34,4,21,Drake Maye,QB,New England Patriots,RIPSEWELL,Drake Maye,New England Patriots,1,1,1,Cincinnati Bengals,0,0,Pre-ETR,35.png
34,3,22,George Pickens,WR,Dallas Cowboys,LENKEITH,Jared Goff,Detroit Lions,0,,,Philadelphia Eagles,0,0,Pre-ETR,35.png
34,2,23,Jameson Williams,WR,Detroit Lions,INGELX,Sam Darnold,Seattle Seahawks,0,,,New York Giants,0,0,Pre-ETR,35.png
34,1,24,Justin Jefferson,WR,Minnesota Vikings,RANDERS,Patrick Mahomes,Kansas City Chiefs,0,,,Green Bay Packers,1,1,Pre-ETR,35.png
34,1,25,Patrick Mahomes,QB,Kansas City Chiefs,RANDERS,Patrick Mahomes,Kansas City Chiefs,1,1,1,Indianapolis Colts,0,0,Pre-ETR,35.png
34,2,26,DeVonta Smith,WR,Philadelphia Eagles,INGELX,Sam Darnold,Seattle Seahawks,0,,,Dallas Cowboys,0,0,Pre-ETR,35.png
34,3,27,Quinshon Judkins,RB,Cleveland Browns,LENKEITH,Jared Goff,Detroit Lions,0,,,Las Vegas Raiders,0,0,Pre-ETR,35.png
34,4,28,Stefon Diggs,WR,New England Patriots,RIPSEWELL,Drake Maye,New England Patriots,1,,,Cincinnati Bengals,0,0,Pre-ETR,35.png
34,5,29,Rome Odunze,WR,Chicago Bears,LEE121503,Dak Prescott,Dallas Cowboys,0,,,Pittsburgh Steelers,0,0,Pre-ETR,35.png
34,6,30,Kenneth Walker III,RB,Seattle Seahawks,D4VE,Daniel Jones,Indianapolis Colts,0,,,Tennessee Titans,0,0,Pre-ETR,35.png
34,7,31,Zay Flowers,WR,Baltimore Ravens,NEZ,Jacoby Brissett,Arizona Cardinals,0,,,New York Jets,0,0,Pre-ETR,35.png
34,8,32,Chase Brown,RB,Cincinnati Bengals,JORLAND50,Geno Smith,Las Vegas Raiders,0,,,New England Patriots,0,0,Pre-ETR,35.png
34,9,33,Breece Hall,RB,New York Jets,PIRI24,Caleb Williams,Chicago Bears,0,,,Baltimore Ravens,0,0,Pre-ETR,35.png
34,10,34,Travis Kelce,TE,Kansas City Chiefs,PATRICKBARN,Lamar Jackson,Baltimore Ravens,0,,,Indianapolis Colts,0,0,Pre-ETR,35.png
34,11,35,Jaylen Warren,RB,Pittsburgh Steelers,VOGEYBERRA8,Jaxson Dart,New York Giants,0,,,Chicago Bears,0,0,Pre-ETR,35.png
34,12,36,Dallas Goedert,TE,Philadelphia Eagles,FLATTYLER83,Jalen Hurts,Philadelphia Eagles,1,,,Dallas Cowboys,0,0,Pre-ETR,35.png
34,12,37,Michael Pittman Jr.,WR,Indianapolis Colts,FLATTYLER83,Jalen Hurts,Philadelphia Eagles,0,,,Kansas City Chiefs,0,0,Pre-ETR,35.png
34,11,38,Jaxson Dart,QB,New York Giants,VOGEYBERRA8,Jaxson Dart,New York Giants,1,1,1,Detroit Lions,0,0,Pre-ETR,35.png
34,10,39,DK Metcalf,WR,Pittsburgh Steelers,PATRICKBARN,Lamar Jackson,Baltimore Ravens,0,,,Chicago Bears,0,0,Pre-ETR,35.png
34,9,40,Michael Wilson,WR,Arizona Cardinals,PIRI24,Caleb Williams,Chicago Bears,0,,,Jacksonville Jaguars,0,0,Pre-ETR,35.png
34,8,41,Ashton Jeanty,RB,Las Vegas Raiders,JORLAND50,Geno Smith,Las Vegas Raiders,1,,,Cleveland Browns,0,0,Pre-ETR,35.png
34,7,42,Aaron Jones,RB,Minnesota Vikings,NEZ,Jacoby Brissett,Arizona Cardinals,0,,,Green Bay Packers,0,0,Pre-ETR,35.png
34,6,43,Daniel Jones,QB,Indianapolis Colts,D4VE,Daniel Jones,Indianapolis Colts,1,1,1,Kansas City Chiefs,0,0,Pre-ETR,35.png
34,5,44,Dak Prescott,QB,Dallas Cowboys,LEE121503,Dak Prescott,Dallas Cowboys,1,0,0,Philadelphia Eagles,1,1,Pre-ETR,35.png
34,4,45,Josh Jacobs,RB,Green Bay Packers,RIPSEWELL,Drake Maye,New England Patriots,0,,,Minnesota Vikings,0,0,Pre-ETR,35.png
34,3,46,Jared Goff,QB,Detroit Lions,LENKEITH,Jared Goff,Detroit Lions,1,0,0,New York Giants,0,0,Pre-ETR,35.png
34,2,47,D'Andre Swift,RB,Chicago Bears,INGELX,Sam Darnold,Seattle Seahawks,0,,,Pittsburgh Steelers,0,0,Pre-ETR,35.png
34,1,48,Xavier Worthy,WR,Kansas City Chiefs,RANDERS,Patrick Mahomes,Kansas City Chiefs,1,,,Indianapolis Colts,0,0,Pre-ETR,35.png
34,1,49,Emanuel Wilson,RB,Green Bay Packers,RANDERS,Patrick Mahomes,Kansas City Chiefs,0,,,Minnesota Vikings,1,1,Pre-ETR,35.png
34,2,50,Hunter Henry,TE,New England Patriots,INGELX,Sam Darnold,Seattle Seahawks,0,,,Cincinnati Bengals,0,0,Pre-ETR,35.png
34,3,51,Jake Ferguson,TE,Dallas Cowboys,LENKEITH,Jared Goff,Detroit Lions,0,,,Philadelphia Eagles,0,0,Pre-ETR,35.png
34,4,52,David Montgomery,RB,Detroit Lions,RIPSEWELL,Drake Maye,New England Patriots,0,,,New York Giants,0,0,Pre-ETR,35.png
34,5,53,Juwan Johnson,TE,New Orleans Saints,LEE121503,Dak Prescott,Dallas Cowboys,0,,,Atlanta Falcons,0,0,Pre-ETR,35.png
34,6,54,Wan'Dale Robinson,WR,New York Giants,D4VE,Daniel Jones,Indianapolis Colts,0,,,Detroit Lions,0,0,Pre-ETR,35.png
34,7,55,Zach Charbonnet,RB,Seattle Seahawks,NEZ,Jacoby Brissett,Arizona Cardinals,0,,,Tennessee Titans,0,0,Pre-ETR,35.png
34,8,56,Alec Pierce,WR,Indianapolis Colts,JORLAND50,Geno Smith,Las Vegas Raiders,0,,,Kansas City Chiefs,0,0,Pre-ETR,35.png
34,9,57,Kyle Pitts,TE,Atlanta Falcons,PIRI24,Caleb Williams,Chicago Bears,0,,,New Orleans Saints,0,0,Pre-ETR,35.png
34,10,58,Alvin Kamara,RB,New Orleans Saints,PATRICKBARN,Lamar Jackson,Baltimore Ravens,0,,,Atlanta Falcons,1,1,Pre-ETR,35.png
34,11,59,Rhamondre Stevenson,RB,New England Patriots,VOGEYBERRA8,Jaxson Dart,New York Giants,0,,,Cincinnati Bengals,1,1,Pre-ETR,35.png
34,12,60,Kenneth Gainwell,RB,Pittsburgh Steelers,FLATTYLER83,Jalen Hurts,Philadelphia Eagles,0,,,Chicago Bears,0,0,Pre-ETR,35.png
34,12,61,Darius Slayton,WR,New York Giants,FLATTYLER83,Jalen Hurts,Philadelphia Eagles,0,,,Detroit Lions,0,0,Pre-ETR,35.png
34,11,62,Theo Johnson,TE,New York Giants,VOGEYBERRA8,Jaxson Dart,New York Giants,1,,,Detroit Lions,0,0,Pre-ETR,35.png
34,10,63,Darnell Mooney,WR,Atlanta Falcons,PATRICKBARN,Lamar Jackson,Baltimore Ravens,0,,,New Orleans Saints,1,1,Pre-ETR,35.png
34,9,64,Caleb Williams,QB,Chicago Bears,PIRI24,Caleb Williams,Chicago Bears,1,0,0,Pittsburgh Steelers,0,0,Pre-ETR,35.png
34,8,65,Geno Smith,QB,Las Vegas Raiders,JORLAND50,Geno Smith,Las Vegas Raiders,1,2,1,Cleveland Browns,0,0,Pre-ETR,35.png
34,7,66,Jacoby Brissett,QB,Arizona Cardinals,NEZ,Jacoby Brissett,Arizona Cardinals,1,1,1,Jacksonville Jaguars,0,0,Pre-ETR,35.png
34,6,67,Marvin Harrison,WR,Arizona Cardinals,D4VE,Daniel Jones,Indianapolis Colts,0,,,Jacksonville Jaguars,0,0,Pre-ETR,35.png
34,5,68,Christian Watson,WR,Green Bay Packers,LEE121503,Dak Prescott,Dallas Cowboys,0,,,Minnesota Vikings,0,0,Pre-ETR,35.png
34,4,69,Mark Andrews,TE,Baltimore Ravens,RIPSEWELL,Drake Maye,New England Patriots,0,,,New York Jets,0,0,Pre-ETR,35.png
34,3,70,Romeo Doubs,WR,Green Bay Packers,LENKEITH,Jared Goff,Detroit Lions,0,,,Minnesota Vikings,0,0,Pre-ETR,35.png
34,2,71,Sam Darnold,QB,Seattle Seahawks,INGELX,Sam Darnold,Seattle Seahawks,1,0,0,Tennessee Titans,0,0,Pre-ETR,35.png
34,1,72,Harold Fannin,TE,Cleveland Browns,RANDERS,Patrick Mahomes,Kansas City Chiefs,0,,,Las Vegas Raiders,0,0,Pre-ETR,35.png
35,1,1,Jonathan Taylor,RB,Indianapolis Colts,LENKEITH,Patrick Mahomes,Kansas City Chiefs,0,,,Kansas City Chiefs,2,1,Pre-ETR,36.png
35,2,2,Jahmyr Gibbs,RB,Detroit Lions,LEE121503,Caleb Williams,Chicago Bears,0,,,New York Giants,0,0,Pre-ETR,36.png
35,3,3,Bijan Robinson,RB,Atlanta Falcons,RIPSEWELL,Trevor Lawrence,Jacksonville Jaguars,0,,,New Orleans Saints,0,0,Pre-ETR,36.png
35,4,4,Jaxon Smith-Njigba,WR,Seattle Seahawks,D4VE,Sam Darnold,Seattle Seahawks,1,,,Tennessee Titans,0,0,Pre-ETR,36.png
35,5,5,Saquon Barkley,RB,Philadelphia Eagles,NEZ,Drake Maye,New England Patriots,0,,,Dallas Cowboys,0,0,Pre-ETR,36.png
35,6,6,CeeDee Lamb,WR,Dallas Cowboys,DREAMINGOFS,Dak Prescott,Dallas Cowboys,1,,,Philadelphia Eagles,0,0,Pre-ETR,36.png
35,7,7,Amon-Ra St. Brown,WR,Detroit Lions,PIRI24,Lamar Jackson,Baltimore Ravens,0,,,New York Giants,1,1,Pre-ETR,36.png
35,8,8,Trey McBride,TE,Arizona Cardinals,ASAPTUNA,Jalen Hurts,Philadelphia Eagles,0,,,Jacksonville Jaguars,1,1,Pre-ETR,36.png
35,9,9,Derrick Henry,RB,Baltimore Ravens,PATRICKBARN,Jared Goff,Detroit Lions,0,,,New York Jets,0,0,Pre-ETR,36.png
35,10,10,Rashee Rice,WR,Kansas City Chiefs,JORLAND50,Daniel Jones,Indianapolis Colts,0,,,Indianapolis Colts,1,1,Pre-ETR,36.png
35,11,11,Brock Bowers,TE,Las Vegas Raiders,INGELX,Jaxson Dart,New York Giants,0,,,Cleveland Browns,0,0,Pre-ETR,36.png
35,12,12,Chris Olave,WR,New Orleans Saints,KCPOLACK,Jacoby Brissett,Arizona Cardinals,0,,,Atlanta Falcons,1,1,Pre-ETR,36.png
35,12,13,Jameson Williams,WR,Detroit Lions,KCPOLACK,Jacoby Brissett,Arizona Cardinals,0,,,New York Giants,0,0,Pre-ETR,36.png
35,11,14,Tee Higgins,WR,Cincinnati Bengals,INGELX,Jaxson Dart,New York Giants,0,,,New England Patriots,1,1,Pre-ETR,36.png
35,10,15,Javonte Williams,RB,Dallas Cowboys,JORLAND50,Daniel Jones,Indianapolis Colts,0,,,Philadelphia Eagles,0,0,Pre-ETR,36.png
35,9,16,TreVeyon Henderson,RB,New England Patriots,PATRICKBARN,Jared Goff,Detroit Lions,0,,,Cincinnati Bengals,0,0,Pre-ETR,36.png
35,8,17,Jalen Hurts,QB,Philadelphia Eagles,ASAPTUNA,Jalen Hurts,Philadelphia Eagles,1,0,0,Dallas Cowboys,0,0,Pre-ETR,36.png
35,7,18,Lamar Jackson,QB,Baltimore Ravens,PIRI24,Lamar Jackson,Baltimore Ravens,1,0,0,New York Jets,0,0,Pre-ETR,36.png
35,6,19,George Pickens,WR,Dallas Cowboys,DREAMINGOFS,Dak Prescott,Dallas Cowboys,1,,,Philadelphia Eagles,0,0,Pre-ETR,36.png
35,5,20,Drake Maye,QB,New England Patriots,NEZ,Drake Maye,New England Patriots,1,1,1,Cincinnati Bengals,0,0,Pre-ETR,36.png
35,4,21,Travis Etienne Jr.,RB,Jacksonville Jaguars,D4VE,Sam Darnold,Seattle Seahawks,0,,,Arizona Cardinals,0,0,Pre-ETR,36.png
35,3,22,Quinshon Judkins,RB,Cleveland Browns,RIPSEWELL,Trevor Lawrence,Jacksonville Jaguars,0,,,Las Vegas Raiders,0,0,Pre-ETR,36.png
35,2,23,A.J. Brown,WR,Philadelphia Eagles,LEE121503,Caleb Williams,Chicago Bears,0,,,Dallas Cowboys,0,0,Pre-ETR,36.png
35,1,24,Patrick Mahomes,QB,Kansas City Chiefs,LENKEITH,Patrick Mahomes,Kansas City Chiefs,1,1,1,Indianapolis Colts,2,1,Pre-ETR,36.png
35,1,25,Travis Kelce,TE,Kansas City Chiefs,LENKEITH,Patrick Mahomes,Kansas City Chiefs,1,,,Indianapolis Colts,2,1,Pre-ETR,36.png
35,2,26,Justin Jefferson,WR,Minnesota Vikings,LEE121503,Caleb Williams,Chicago Bears,0,,,Green Bay Packers,0,0,Pre-ETR,36.png
35,3,27,Tyler Warren,TE,Indianapolis Colts,RIPSEWELL,Trevor Lawrence,Jacksonville Jaguars,0,,,Kansas City Chiefs,1,1,Pre-ETR,36.png
35,4,28,DeVonta Smith,WR,Philadelphia Eagles,D4VE,Sam Darnold,Seattle Seahawks,0,,,Dallas Cowboys,1,1,Pre-ETR,36.png
35,5,29,Stefon Diggs,WR,New England Patriots,NEZ,Drake Maye,New England Patriots,1,,,Cincinnati Bengals,0,0,Pre-ETR,36.png
35,6,30,Dak Prescott,QB,Dallas Cowboys,DREAMINGOFS,Dak Prescott,Dallas Cowboys,1,2,1,Philadelphia Eagles,0,0,Pre-ETR,36.png
35,7,31,Chase Brown,RB,Cincinnati Bengals,PIRI24,Lamar Jackson,Baltimore Ravens,0,,,New England Patriots,0,0,Pre-ETR,36.png
35,8,32,Zay Flowers,WR,Baltimore Ravens,ASAPTUNA,Jalen Hurts,Philadelphia Eagles,0,,,New York Jets,0,0,Pre-ETR,36.png
35,9,33,Jared Goff,QB,Detroit Lions,PATRICKBARN,Jared Goff,Detroit Lions,1,0,0,New York Giants,0,0,Pre-ETR,36.png
35,10,34,Breece Hall,RB,New York Jets,JORLAND50,Daniel Jones,Indianapolis Colts,0,,,Baltimore Ravens,1,1,Pre-ETR,36.png
35,11,35,Kenneth Walker III,RB,Seattle Seahawks,INGELX,Jaxson Dart,New York Giants,0,,,Tennessee Titans,0,0,Pre-ETR,36.png
35,12,36,David Montgomery,RB,Detroit Lions,KCPOLACK,Jacoby Brissett,Arizona Cardinals,0,,,New York Giants,0,0,Pre-ETR,36.png
35,12,37,D'Andre Swift,RB,Chicago Bears,KCPOLACK,Jacoby Brissett,Arizona Cardinals,0,,,Pittsburgh Steelers,0,0,Pre-ETR,36.png
35,11,38,Jaxson Dart,QB,New York Giants,INGELX,Jaxson Dart,New York Giants,1,0,0,Detroit Lions,0,0,Pre-ETR,36.png
35,10,39,Daniel Jones,QB,Indianapolis Colts,JORLAND50,Daniel Jones,Indianapolis Colts,1,0,0,Kansas City Chiefs,1,1,Pre-ETR,36.png
35,9,40,Hunter Henry,TE,New England Patriots,PATRICKBARN,Jared Goff,Detroit Lions,0,,,Cincinnati Bengals,0,0,Pre-ETR,36.png
35,8,41,Ashton Jeanty,RB,Las Vegas Raiders,ASAPTUNA,Jalen Hurts,Philadelphia Eagles,0,,,Cleveland Browns,0,0,Pre-ETR,36.png
35,7,42,Jaylen Warren,RB,Pittsburgh Steelers,PIRI24,Lamar Jackson,Baltimore Ravens,0,,,Chicago Bears,1,1,Pre-ETR,36.png
35,6,43,Michael Wilson,WR,Arizona Cardinals,DREAMINGOFS,Dak Prescott,Dallas Cowboys,0,,,Jacksonville Jaguars,0,0,Pre-ETR,36.png
35,5,44,DK Metcalf,WR,Pittsburgh Steelers,NEZ,Drake Maye,New England Patriots,0,,,Chicago Bears,0,0,Pre-ETR,36.png
35,4,45,Aaron Jones,RB,Minnesota Vikings,D4VE,Sam Darnold,Seattle Seahawks,0,,,Green Bay Packers,0,0,Pre-ETR,36.png
35,3,46,Xavier Worthy,WR,Kansas City Chiefs,RIPSEWELL,Trevor Lawrence,Jacksonville Jaguars,0,,,Indianapolis Colts,1,1,Pre-ETR,36.png
35,2,47,Rome Odunze,WR,Chicago Bears,LEE121503,Caleb Williams,Chicago Bears,1,,,Pittsburgh Steelers,0,0,Pre-ETR,36.png
35,1,48,Emanuel Wilson,RB,Green Bay Packers,LENKEITH,Patrick Mahomes,Kansas City Chiefs,0,,,Minnesota Vikings,0,0,Pre-ETR,36.png
35,1,49,Alec Pierce,WR,Indianapolis Colts,LENKEITH,Patrick Mahomes,Kansas City Chiefs,0,,,Kansas City Chiefs,2,1,Pre-ETR,36.png
35,2,50,Caleb Williams,QB,Chicago Bears,LEE121503,Caleb Williams,Chicago Bears,1,1,1,Pittsburgh Steelers,0,0,Pre-ETR,36.png
35,3,51,Trevor Lawrence,QB,Jacksonville Jaguars,RIPSEWELL,Trevor Lawrence,Jacksonville Jaguars,1,1,1,Arizona Cardinals,0,0,Pre-ETR,36.png
35,4,52,Jake Ferguson,TE,Dallas Cowboys,D4VE,Sam Darnold,Seattle Seahawks,0,,,Philadelphia Eagles,1,1,Pre-ETR,36.png
35,5,53,Dallas Goedert,TE,Philadelphia Eagles,NEZ,Drake Maye,New England Patriots,0,,,Dallas Cowboys,0,0,Pre-ETR,36.png
35,6,54,Josh Jacobs,RB,Green Bay Packers,DREAMINGOFS,Dak Prescott,Dallas Cowboys,0,,,Minnesota Vikings,0,0,Pre-ETR,36.png
35,7,55,Wan'Dale Robinson,WR,New York Giants,PIRI24,Lamar Jackson,Baltimore Ravens,0,,,Detroit Lions,1,1,Pre-ETR,36.png
35,8,56,Michael Pittman Jr.,WR,Indianapolis Colts,ASAPTUNA,Jalen Hurts,Philadelphia Eagles,0,,,Kansas City Chiefs,0,0,Pre-ETR,36.png
35,9,57,Michael Wilson,WR,Arizona Cardinals,PATRICKBARN,Jared Goff,Detroit Lions,0,,,Jacksonville Jaguars,0,0,Pre-ETR,36.png
35,10,58,Mark Andrews,TE,Baltimore Ravens,JORLAND50,Daniel Jones,Indianapolis Colts,0,,,New York Jets,1,1,Pre-ETR,36.png
35,11,59,Alvin Kamara,RB,New Orleans Saints,INGELX,Jaxson Dart,New York Giants,0,,,Atlanta Falcons,0,0,Pre-ETR,36.png
35,12,60,Kyle Pitts,TE,Atlanta Falcons,KCPOLACK,Jacoby Brissett,Arizona Cardinals,0,,,New Orleans Saints,1,1,Pre-ETR,36.png
35,12,61,Jacoby Brissett,QB,Arizona Cardinals,KCPOLACK,Jacoby Brissett,Arizona Cardinals,1,0,0,Jacksonville Jaguars,0,0,Pre-ETR,36.png
35,11,62,Kayshon Boutte,WR,New England Patriots,INGELX,Jaxson Dart,New York Giants,0,,,Cincinnati Bengals,1,1,Pre-ETR,36.png
35,10,63,Christian Watson,WR,Green Bay Packers,JORLAND50,Daniel Jones,Indianapolis Colts,0,,,Minnesota Vikings,0,0,Pre-ETR,36.png
35,9,64,Darnell Mooney,WR,Atlanta Falcons,PATRICKBARN,Jared Goff,Detroit Lions,0,,,New Orleans Saints,0,0,Pre-ETR,36.png
35,8,65,Jakobi Meyers,WR,Jacksonville Jaguars,ASAPTUNA,Jalen Hurts,Philadelphia Eagles,0,,,Arizona Cardinals,1,1,Pre-ETR,36.png
35,7,66,Colston Loveland,TE,Chicago Bears,PIRI24,Lamar Jackson,Baltimore Ravens,0,,,Pittsburgh Steelers,1,1,Pre-ETR,36.png
35,6,67,Juwan Johnson,TE,New Orleans Saints,DREAMINGOFS,Dak Prescott,Dallas Cowboys,0,,,Atlanta Falcons,0,0,Pre-ETR,36.png
35,5,68,Zach Charbonnet,RB,Seattle Seahawks,NEZ,Drake Maye,New England Patriots,0,,,Tennessee Titans,0,0,Pre-ETR,36.png
35,4,69,Sam Darnold,QB,Seattle Seahawks,D4VE,Sam Darnold,Seattle Seahawks,1,1,1,Tennessee Titans,0,0,Pre-ETR,36.png
35,3,70,Brian Thomas,WR,Jacksonville Jaguars,RIPSEWELL,Trevor Lawrence,Jacksonville Jaguars,1,,,Arizona Cardinals,0,0,Pre-ETR,36.png
35,2,71,AJ Barner,TE,Seattle Seahawks,LEE121503,Caleb Williams,Chicago Bears,0,,,Tennessee Titans,0,0,Pre-ETR,36.png
35,1,72,Rashid Shaheed,WR,Seattle Seahawks,LENKEITH,Patrick Mahomes,Kansas City Chiefs,0,,,Tennessee Titans,0,0,Pre-ETR,36.png
36,1,1,Jonathan Taylor,RB,Indianapolis Colts,ALBOOGIE78,Patrick Mahomes,Kansas City Chiefs,0,,,Kansas City Chiefs,1,1,Pre-ETR,37.png
36,2,2,Bijan Robinson,RB,Atlanta Falcons,RANDERS,Drake Maye,New England Patriots,0,,,New Orleans Saints,0,0,Pre-ETR,37.png
36,3,3,Jahmyr Gibbs,RB,Detroit Lions,CHADCANDLES,J.J. McCarthy,Minnesota Vikings,0,,,New York Giants,0,0,Pre-ETR,37.png
36,4,4,Jaxon Smith-Njigba,WR,Seattle Seahawks,LENKEITH,Sam Darnold,Seattle Seahawks,1,,,Tennessee Titans,0,0,Pre-ETR,37.png
36,5,5,Amon-Ra St. Brown,WR,Detroit Lions,BUSTERSBOYS,Jacoby Brissett,Arizona Cardinals,0,,,New York Giants,0,0,Pre-ETR,37.png
36,6,6,Derrick Henry,RB,Baltimore Ravens,LEE121503,Jalen Hurts,Philadelphia Eagles,0,,,New York Jets,0,0,Pre-ETR,37.png
36,7,7,Saquon Barkley,RB,Philadelphia Eagles,____,Jared Goff,Detroit Lions,0,,,Dallas Cowboys,0,0,Pre-ETR,37.png
36,8,8,CeeDee Lamb,WR,Dallas Cowboys,JGFC,Dak Prescott,Dallas Cowboys,1,,,Philadelphia Eagles,1,1,Pre-ETR,37.png
36,9,9,Trey McBride,TE,Arizona Cardinals,PIRI24,Lamar Jackson,Baltimore Ravens,0,,,Jacksonville Jaguars,0,0,Pre-ETR,37.png
36,10,10,Rashee Rice,WR,Kansas City Chiefs,HAWKBERG,Daniel Jones,Indianapolis Colts,0,,,Indianapolis Colts,3,1,Pre-ETR,37.png
36,11,11,TreVeyon Henderson,RB,New England Patriots,KREAR72,Caleb Williams,Chicago Bears,0,,,Cincinnati Bengals,0,0,Pre-ETR,37.png
36,12,12,Javonte Williams,RB,Dallas Cowboys,NEZ,Jaxson Dart,New York Giants,0,,,Philadelphia Eagles,0,0,Pre-ETR,37.png
36,12,13,Brock Bowers,TE,Las Vegas Raiders,NEZ,Jaxson Dart,New York Giants,0,,,Cleveland Browns,0,0,Pre-ETR,37.png
36,11,14,Travis Etienne Jr.,RB,Jacksonville Jaguars,KREAR72,Caleb Williams,Chicago Bears,0,,,Arizona Cardinals,0,0,Pre-ETR,37.png
36,10,15,Tyler Warren,TE,Indianapolis Colts,HAWKBERG,Daniel Jones,Indianapolis Colts,1,,,Kansas City Chiefs,1,1,Pre-ETR,37.png
36,9,16,Lamar Jackson,QB,Baltimore Ravens,PIRI24,Lamar Jackson,Baltimore Ravens,1,0,0,New York Jets,0,0,Pre-ETR,37.png
36,8,17,A.J. Brown,WR,Philadelphia Eagles,JGFC,Dak Prescott,Dallas Cowboys,0,,,Dallas Cowboys,2,1,Pre-ETR,37.png
36,7,18,Chris Olave,WR,New Orleans Saints,____,Jared Goff,Detroit Lions,0,,,Atlanta Falcons,0,0,Pre-ETR,37.png
36,6,19,Jalen Hurts,QB,Philadelphia Eagles,LEE121503,Jalen Hurts,Philadelphia Eagles,1,1,1,Dallas Cowboys,0,0,Pre-ETR,37.png
36,5,20,Tee Higgins,WR,Cincinnati Bengals,BUSTERSBOYS,Jacoby Brissett,Arizona Cardinals,0,,,New England Patriots,0,0,Pre-ETR,37.png
36,4,21,George Pickens,WR,Dallas Cowboys,LENKEITH,Sam Darnold,Seattle Seahawks,0,,,Philadelphia Eagles,0,0,Pre-ETR,37.png
36,3,22,Justin Jefferson,WR,Minnesota Vikings,CHADCANDLES,J.J. McCarthy,Minnesota Vikings,1,,,Green Bay Packers,0,0,Pre-ETR,37.png
36,2,23,Drake Maye,QB,New England Patriots,RANDERS,Drake Maye,New England Patriots,1,1,1,Cincinnati Bengals,0,0,Pre-ETR,37.png
36,1,24,Jameson Williams,WR,Detroit Lions,ALBOOGIE78,Patrick Mahomes,Kansas City Chiefs,0,,,New York Giants,0,0,Pre-ETR,37.png
36,1,25,Patrick Mahomes,QB,Kansas City Chiefs,ALBOOGIE78,Patrick Mahomes,Kansas City Chiefs,1,0,0,Indianapolis Colts,1,1,Pre-ETR,37.png
36,2,26,Stefon Diggs,WR,New England Patriots,RANDERS,Drake Maye,New England Patriots,1,,,Cincinnati Bengals,0,0,Pre-ETR,37.png
36,3,27,DeVonta Smith,WR,Philadelphia Eagles,CHADCANDLES,J.J. McCarthy,Minnesota Vikings,0,,,Dallas Cowboys,0,0,Pre-ETR,37.png
36,4,28,Travis Kelce,TE,Kansas City Chiefs,LENKEITH,Sam Darnold,Seattle Seahawks,0,,,Indianapolis Colts,0,0,Pre-ETR,37.png
36,5,29,Quinshon Judkins,RB,Cleveland Browns,BUSTERSBOYS,Jacoby Brissett,Arizona Cardinals,0,,,Las Vegas Raiders,0,0,Pre-ETR,37.png
36,6,30,Kenneth Walker III,RB,Seattle Seahawks,LEE121503,Jalen Hurts,Philadelphia Eagles,0,,,Tennessee Titans,0,0,Pre-ETR,37.png
36,7,31,Zay Flowers,WR,Baltimore Ravens,____,Jared Goff,Detroit Lions,0,,,New York Jets,0,0,Pre-ETR,37.png
36,8,32,Ashton Jeanty,RB,Las Vegas Raiders,JGFC,Dak Prescott,Dallas Cowboys,0,,,Cleveland Browns,0,0,Pre-ETR,37.png
36,9,33,Chase Brown,RB,Cincinnati Bengals,PIRI24,Lamar Jackson,Baltimore Ravens,0,,,New England Patriots,0,0,Pre-ETR,37.png
36,10,34,Aaron Jones,RB,Minnesota Vikings,HAWKBERG,Daniel Jones,Indianapolis Colts,0,,,Green Bay Packers,0,0,Pre-ETR,37.png
36,11,35,DK Metcalf,WR,Pittsburgh Steelers,KREAR72,Caleb Williams,Chicago Bears,0,,,Chicago Bears,2,1,Pre-ETR,37.png
36,12,36,Jaylen Warren,RB,Pittsburgh Steelers,NEZ,Jaxson Dart,New York Giants,0,,,Chicago Bears,0,0,Pre-ETR,37.png
36,12,37,Jaxson Dart,QB,New York Giants,NEZ,Jaxson Dart,New York Giants,1,0,0,Detroit Lions,0,0,Pre-ETR,37.png
36,11,38,Rome Odunze,WR,Chicago Bears,KREAR72,Caleb Williams,Chicago Bears,1,,,Pittsburgh Steelers,1,1,Pre-ETR,37.png
36,10,39,Breece Hall,RB,New York Jets,HAWKBERG,Daniel Jones,Indianapolis Colts,0,,,Baltimore Ravens,0,0,Pre-ETR,37.png
36,9,40,D'Andre Swift,RB,Chicago Bears,PIRI24,Lamar Jackson,Baltimore Ravens,0,,,Pittsburgh Steelers,0,0,Pre-ETR,37.png
36,8,41,Dak Prescott,QB,Dallas Cowboys,JGFC,Dak Prescott,Dallas Cowboys,1,1,1,Philadelphia Eagles,1,1,Pre-ETR,37.png
36,7,42,Jared Goff,QB,Detroit Lions,____,Jared Goff,Detroit Lions,1,1,1,New York Giants,0,0,Pre-ETR,37.png
36,6,43,Dallas Goedert,TE,Philadelphia Eagles,LEE121503,Jalen Hurts,Philadelphia Eagles,1,,,Dallas Cowboys,0,0,Pre-ETR,37.png
36,5,44,Emanuel Wilson,RB,Green Bay Packers,BUSTERSBOYS,Jacoby Brissett,Arizona Cardinals,0,,,Minnesota Vikings,0,0,Pre-ETR,37.png
36,4,45,David Montgomery,RB,Detroit Lions,LENKEITH,Sam Darnold,Seattle Seahawks,0,,,New York Giants,0,0,Pre-ETR,37.png
36,3,46,Hunter Henry,TE,New England Patriots,CHADCANDLES,J.J. McCarthy,Minnesota Vikings,0,,,Cincinnati Bengals,0,0,Pre-ETR,37.png
36,2,47,Xavier Worthy,WR,Kansas City Chiefs,RANDERS,Drake Maye,New England Patriots,0,,,Indianapolis Colts,1,1,Pre-ETR,37.png
36,1,48,Marvin Harrison,WR,Arizona Cardinals,ALBOOGIE78,Patrick Mahomes,Kansas City Chiefs,0,,,Jacksonville Jaguars,0,0,Pre-ETR,37.png
36,1,49,Jake Ferguson,TE,Dallas Cowboys,ALBOOGIE78,Patrick Mahomes,Kansas City Chiefs,0,,,Philadelphia Eagles,0,0,Pre-ETR,37.png
36,2,50,Michael Pittman Jr.,WR,Indianapolis Colts,RANDERS,Drake Maye,New England Patriots,0,,,Kansas City Chiefs,1,1,Pre-ETR,37.png
36,3,51,Alvin Kamara,RB,New Orleans Saints,CHADCANDLES,J.J. McCarthy,Minnesota Vikings,0,,,Atlanta Falcons,0,0,Pre-ETR,37.png
36,4,52,Josh Jacobs,RB,Green Bay Packers,LENKEITH,Sam Darnold,Seattle Seahawks,0,,,Minnesota Vikings,0,0,Pre-ETR,37.png
36,5,53,Kyle Pitts,TE,Atlanta Falcons,BUSTERSBOYS,Jacoby Brissett,Arizona Cardinals,0,,,New Orleans Saints,0,0,Pre-ETR,37.png
36,6,54,Michael Wilson,WR,Arizona Cardinals,LEE121503,Jalen Hurts,Philadelphia Eagles,0,,,Jacksonville Jaguars,0,0,Pre-ETR,37.png
36,7,55,Rhamondre Stevenson,RB,New England Patriots,____,Jared Goff,Detroit Lions,0,,,Cincinnati Bengals,0,0,Pre-ETR,37.png
36,8,56,Juwan Johnson,TE,New Orleans Saints,JGFC,Dak Prescott,Dallas Cowboys,0,,,Atlanta Falcons,0,0,Pre-ETR,37.png
36,9,57,Wan'Dale Robinson,WR,New York Giants,PIRI24,Lamar Jackson,Baltimore Ravens,0,,,Detroit Lions,0,0,Pre-ETR,37.png
36,10,58,Daniel Jones,QB,Indianapolis Colts,HAWKBERG,Daniel Jones,Indianapolis Colts,1,2,1,Kansas City Chiefs,1,1,Pre-ETR,37.png
36,11,59,Caleb Williams,QB,Chicago Bears,KREAR72,Caleb Williams,Chicago Bears,1,1,1,Pittsburgh Steelers,1,1,Pre-ETR,37.png
36,12,60,Romeo Doubs,WR,Green Bay Packers,NEZ,Jaxson Dart,New York Giants,0,,,Minnesota Vikings,0,0,Pre-ETR,37.png
36,12,61,Brian Thomas,WR,Jacksonville Jaguars,NEZ,Jaxson Dart,New York Giants,0,,,Arizona Cardinals,0,0,Pre-ETR,37.png
36,11,62,AJ Barner,TE,Seattle Seahawks,KREAR72,Caleb Williams,Chicago Bears,0,,,Tennessee Titans,0,0,Pre-ETR,37.png
36,10,63,Alec Pierce,WR,Indianapolis Colts,HAWKBERG,Daniel Jones,Indianapolis Colts,1,,,Kansas City Chiefs,1,1,Pre-ETR,37.png
36,9,64,Darnell Mooney,WR,Atlanta Falcons,PIRI24,Lamar Jackson,Baltimore Ravens,0,,,New Orleans Saints,0,0,Pre-ETR,37.png
36,8,65,Kenneth Gainwell,RB,Pittsburgh Steelers,JGFC,Dak Prescott,Dallas Cowboys,0,,,Chicago Bears,0,0,Pre-ETR,37.png
36,7,66,Brock Wright,TE,Detroit Lions,____,Jared Goff,Detroit Lions,1,,,New York Giants,0,0,Pre-ETR,37.png
36,6,67,Kayshon Boutte,WR,New England Patriots,LEE121503,Jalen Hurts,Philadelphia Eagles,0,,,Cincinnati Bengals,0,0,Pre-ETR,37.png
36,5,68,Jacoby Brissett,QB,Arizona Cardinals,BUSTERSBOYS,Jacoby Brissett,Arizona Cardinals,1,0,0,Jacksonville Jaguars,0,0,Pre-ETR,37.png
36,4,69,Sam Darnold,QB,Seattle Seahawks,LENKEITH,Sam Darnold,Seattle Seahawks,1,1,1,Tennessee Titans,0,0,Pre-ETR,37.png
36,3,70,J.J. McCarthy,QB,Minnesota Vikings,CHADCANDLES,J.J. McCarthy,Minnesota Vikings,1,1,1,Green Bay Packers,0,0,Pre-ETR,37.png
36,2,71,Theo Johnson,TE,New York Giants,RANDERS,Drake Maye,New England Patriots,0,,,Detroit Lions,0,0,Pre-ETR,37.png
36,1,72,Zach Charbonnet,RB,Seattle Seahawks,ALBOOGIE78,Patrick Mahomes,Kansas City Chiefs,0,,,Tennessee Titans,0,0,Pre-ETR,37.png
37,1,1,Jahmyr Gibbs,RB,Detroit Lions,INGELX,Jordan Love,Green Bay Packers,0,,,New York Giants,0,0,Pre-ETR,38.jpg
37,2,2,Jonathan Taylor,RB,Indianapolis Colts,BUSTERSBOYS,Trevor Lawrence,Jacksonville Jaguars,0,,,Kansas City Chiefs,0,0,Pre-ETR,38.jpg
37,3,3,Bijan Robinson,RB,Atlanta Falcons,JORLAND50,Daniel Jones,Indianapolis Colts,0,,,New Orleans Saints,0,0,Pre-ETR,38.jpg
37,4,4,Saquon Barkley,RB,Philadelphia Eagles,DREAMINGOFS,Jacoby Brissett,Arizona Cardinals,0,,,Dallas Cowboys,1,1,Pre-ETR,38.jpg
37,5,5,Jaxon Smith-Njigba,WR,Seattle Seahawks,D4VE,Patrick Mahomes,Kansas City Chiefs,0,,,Tennessee Titans,0,0,Pre-ETR,38.jpg
37,6,6,Trey McBride,TE,Arizona Cardinals,NEZ,Lamar Jackson,Baltimore Ravens,0,,,Jacksonville Jaguars,0,0,Pre-ETR,38.jpg
37,7,7,Amon-Ra St. Brown,WR,Detroit Lions,KOBEGOAT2424,Dak Prescott,Dallas Cowboys,0,,,New York Giants,0,0,Pre-ETR,38.jpg
37,8,8,Derrick Henry,RB,Baltimore Ravens,CGEEEEEE,Jaxson Dart,New York Giants,0,,,New York Jets,0,0,Pre-ETR,38.jpg
37,9,9,CeeDee Lamb,WR,Dallas Cowboys,LENKEITH,Caleb Williams,Chicago Bears,0,,,Philadelphia Eagles,0,0,Pre-ETR,38.jpg
37,10,10,Rashee Rice,WR,Kansas City Chiefs,RANDERS,Drake Maye,New England Patriots,0,,,Indianapolis Colts,1,1,Pre-ETR,38.jpg
37,11,11,TreVeyon Henderson,RB,New England Patriots,LEE121503,Jared Goff,Detroit Lions,0,,,Cincinnati Bengals,1,1,Pre-ETR,38.jpg
37,12,12,Jalen Hurts,QB,Philadelphia Eagles,GOODS,Jalen Hurts,Philadelphia Eagles,1,1,1,Dallas Cowboys,0,0,Pre-ETR,38.jpg
37,12,13,A.J. Brown,WR,Philadelphia Eagles,GOODS,Jalen Hurts,Philadelphia Eagles,1,,,Dallas Cowboys,0,0,Pre-ETR,38.jpg
37,11,14,Tee Higgins,WR,Cincinnati Bengals,LEE121503,Jared Goff,Detroit Lions,0,,,New England Patriots,1,1,Pre-ETR,38.jpg
37,10,15,Drake Maye,QB,New England Patriots,RANDERS,Drake Maye,New England Patriots,1,0,0,Cincinnati Bengals,0,0,Pre-ETR,38.jpg
37,9,16,Brock Bowers,TE,Las Vegas Raiders,LENKEITH,Caleb Williams,Chicago Bears,0,,,Cleveland Browns,0,0,Pre-ETR,38.jpg
37,8,17,Travis Etienne Jr.,RB,Jacksonville Jaguars,CGEEEEEE,Jaxson Dart,New York Giants,0,,,Arizona Cardinals,0,0,Pre-ETR,38.jpg
37,7,18,Javonte Williams,RB,Dallas Cowboys,KOBEGOAT2424,Dak Prescott,Dallas Cowboys,1,,,Philadelphia Eagles,0,0,Pre-ETR,38.jpg
37,6,19,Lamar Jackson,QB,Baltimore Ravens,NEZ,Lamar Jackson,Baltimore Ravens,1,0,0,New York Jets,0,0,Pre-ETR,38.jpg
37,5,20,Chris Olave,WR,New Orleans Saints,D4VE,Patrick Mahomes,Kansas City Chiefs,0,,,Atlanta Falcons,0,0,Pre-ETR,38.jpg
37,4,21,George Pickens,WR,Dallas Cowboys,DREAMINGOFS,Jacoby Brissett,Arizona Cardinals,0,,,Philadelphia Eagles,1,1,Pre-ETR,38.jpg
37,3,22,DeVonta Smith,WR,Philadelphia Eagles,JORLAND50,Daniel Jones,Indianapolis Colts,0,,,Dallas Cowboys,0,0,Pre-ETR,38.jpg
37,2,23,Justin Jefferson,WR,Minnesota Vikings,BUSTERSBOYS,Trevor Lawrence,Jacksonville Jaguars,0,,,Green Bay Packers,0,0,Pre-ETR,38.jpg
37,1,24,Jameson Williams,WR,Detroit Lions,INGELX,Jordan Love,Green Bay Packers,0,,,New York Giants,0,0,Pre-ETR,38.jpg
37,1,25,Kenneth Walker III,RB,Seattle Seahawks,INGELX,Jordan Love,Green Bay Packers,0,,,Tennessee Titans,0,0,Pre-ETR,38.jpg
37,2,26,Quinshon Judkins,RB,Cleveland Browns,BUSTERSBOYS,Trevor Lawrence,Jacksonville Jaguars,0,,,Las Vegas Raiders,0,0,Pre-ETR,38.jpg
37,3,27,Tyler Warren,TE,Indianapolis Colts,JORLAND50,Daniel Jones,Indianapolis Colts,1,,,Kansas City Chiefs,0,0,Pre-ETR,38.jpg
37,4,28,Chase Brown,RB,Cincinnati Bengals,DREAMINGOFS,Jacoby Brissett,Arizona Cardinals,0,,,New England Patriots,0,0,Pre-ETR,38.jpg
37,5,29,Patrick Mahomes,QB,Kansas City Chiefs,D4VE,Patrick Mahomes,Kansas City Chiefs,1,0,0,Indianapolis Colts,0,0,Pre-ETR,38.jpg
37,6,30,Stefon Diggs,WR,New England Patriots,NEZ,Lamar Jackson,Baltimore Ravens,0,,,Cincinnati Bengals,0,0,Pre-ETR,38.jpg
37,7,31,Ashton Jeanty,RB,Las Vegas Raiders,KOBEGOAT2424,Dak Prescott,Dallas Cowboys,0,,,Cleveland Browns,0,0,Pre-ETR,38.jpg
37,8,32,Zay Flowers,WR,Baltimore Ravens,CGEEEEEE,Jaxson Dart,New York Giants,0,,,New York Jets,0,0,Pre-ETR,38.jpg
37,9,33,Jaylen Warren,RB,Pittsburgh Steelers,LENKEITH,Caleb Williams,Chicago Bears,0,,,Chicago Bears,1,1,Pre-ETR,38.jpg
37,10,34,Breece Hall,RB,New York Jets,RANDERS,Drake Maye,New England Patriots,0,,,Baltimore Ravens,0,0,Pre-ETR,38.jpg
37,11,35,DK Metcalf,WR,Pittsburgh Steelers,LEE121503,Jared Goff,Detroit Lions,0,,,Chicago Bears,0,0,Pre-ETR,38.jpg
37,12,36,Rome Odunze,WR,Chicago Bears,GOODS,Jalen Hurts,Philadelphia Eagles,0,,,Pittsburgh Steelers,1,1,Pre-ETR,38.jpg
37,12,37,Travis Kelce,TE,Kansas City Chiefs,GOODS,Jalen Hurts,Philadelphia Eagles,0,,,Indianapolis Colts,0,0,Pre-ETR,38.jpg
37,11,38,Jared Goff,QB,Detroit Lions,LEE121503,Jared Goff,Detroit Lions,1,0,0,New York Giants,0,0,Pre-ETR,38.jpg
37,10,39,Michael Pittman Jr.,WR,Indianapolis Colts,RANDERS,Drake Maye,New England Patriots,0,,,Kansas City Chiefs,1,1,Pre-ETR,38.jpg
37,9,40,Aaron Jones,RB,Minnesota Vikings,LENKEITH,Caleb Williams,Chicago Bears,0,,,Green Bay Packers,0,0,Pre-ETR,38.jpg
37,8,41,Jaxson Dart,QB,New York Giants,CGEEEEEE,Jaxson Dart,New York Giants,1,1,1,Detroit Lions,0,0,Pre-ETR,38.jpg
37,7,42,Dak Prescott,QB,Dallas Cowboys,KOBEGOAT2424,Dak Prescott,Dallas Cowboys,1,1,1,Philadelphia Eagles,0,0,Pre-ETR,38.jpg
37,6,43,Emanuel Wilson,RB,Green Bay Packers,NEZ,Lamar Jackson,Baltimore Ravens,0,,,Minnesota Vikings,0,0,Pre-ETR,38.jpg
37,5,44,D'Andre Swift,RB,Chicago Bears,D4VE,Patrick Mahomes,Kansas City Chiefs,0,,,Pittsburgh Steelers,0,0,Pre-ETR,38.jpg
37,4,45,Marvin Harrison,WR,Arizona Cardinals,DREAMINGOFS,Jacoby Brissett,Arizona Cardinals,1,,,Jacksonville Jaguars,1,1,Pre-ETR,38.jpg
37,3,46,Daniel Jones,QB,Indianapolis Colts,JORLAND50,Daniel Jones,Indianapolis Colts,1,1,1,Kansas City Chiefs,0,0,Pre-ETR,38.jpg
37,2,47,Kyle Pitts,TE,Atlanta Falcons,BUSTERSBOYS,Trevor Lawrence,Jacksonville Jaguars,0,,,New Orleans Saints,0,0,Pre-ETR,38.jpg
37,1,48,Xavier Worthy,WR,Kansas City Chiefs,INGELX,Jordan Love,Green Bay Packers,0,,,Indianapolis Colts,0,0,Pre-ETR,38.jpg
37,1,49,Hunter Henry,TE,New England Patriots,INGELX,Jordan Love,Green Bay Packers,0,,,Cincinnati Bengals,0,0,Pre-ETR,38.jpg
37,2,50,Wan'Dale Robinson,WR,New York Giants,BUSTERSBOYS,Trevor Lawrence,Jacksonville Jaguars,0,,,Detroit Lions,0,0,Pre-ETR,38.jpg
37,3,51,David Montgomery,RB,Detroit Lions,JORLAND50,Daniel Jones,Indianapolis Colts,0,,,New York Giants,0,0,Pre-ETR,38.jpg
37,4,52,Jacoby Brissett,QB,Arizona Cardinals,DREAMINGOFS,Jacoby Brissett,Arizona Cardinals,1,1,1,Jacksonville Jaguars,1,1,Pre-ETR,38.jpg
37,5,53,Dallas Goedert,TE,Philadelphia Eagles,D4VE,Patrick Mahomes,Kansas City Chiefs,0,,,Dallas Cowboys,0,0,Pre-ETR,38.jpg
37,6,54,Romeo Doubs,WR,Green Bay Packers,NEZ,Lamar Jackson,Baltimore Ravens,0,,,Minnesota Vikings,0,0,Pre-ETR,38.jpg
37,7,55,Michael Wilson,WR,Arizona Cardinals,KOBEGOAT2424,Dak Prescott,Dallas Cowboys,0,,,Jacksonville Jaguars,0,0,Pre-ETR,38.jpg
37,8,56,Kayshon Boutte,WR,New England Patriots,CGEEEEEE,Jaxson Dart,New York Giants,0,,,Cincinnati Bengals,0,0,Pre-ETR,38.jpg
37,9,57,Alec Pierce,WR,Indianapolis Colts,LENKEITH,Caleb Williams,Chicago Bears,0,,,Kansas City Chiefs,0,0,Pre-ETR,38.jpg
37,10,58,Jake Ferguson,TE,Dallas Cowboys,RANDERS,Drake Maye,New England Patriots,0,,,Philadelphia Eagles,0,0,Pre-ETR,38.jpg
37,11,59,Emanuel Wilson,RB,Green Bay Packers,LEE121503,Jared Goff,Detroit Lions,0,,,Minnesota Vikings,0,0,Pre-ETR,38.jpg
37,12,60,Brian Thomas,WR,Jacksonville Jaguars,GOODS,Jalen Hurts,Philadelphia Eagles,0,,,Arizona Cardinals,0,0,Pre-ETR,38.jpg
37,12,61,Kenneth Gainwell,RB,Pittsburgh Steelers,GOODS,Jalen Hurts,Philadelphia Eagles,0,,,Chicago Bears,1,1,Pre-ETR,38.jpg
37,11,62,Juwan Johnson,TE,New Orleans Saints,LEE121503,Jared Goff,Detroit Lions,0,,,Atlanta Falcons,0,0,Pre-ETR,38.jpg
37,10,63,Jordan Addison,WR,Minnesota Vikings,RANDERS,Drake Maye,New England Patriots,0,,,Green Bay Packers,0,0,Pre-ETR,38.jpg
37,9,64,Caleb Williams,QB,Chicago Bears,LENKEITH,Caleb Williams,Chicago Bears,1,0,0,Pittsburgh Steelers,1,1,Pre-ETR,38.jpg
37,8,65,Theo Johnson,TE,New York Giants,CGEEEEEE,Jaxson Dart,New York Giants,1,,,Detroit Lions,0,0,Pre-ETR,38.jpg
37,7,66,Mark Andrews,TE,Baltimore Ravens,KOBEGOAT2424,Dak Prescott,Dallas Cowboys,0,,,New York Jets,0,0,Pre-ETR,38.jpg
37,6,67,Tyrone Tracy,RB,New York Giants,NEZ,Lamar Jackson,Baltimore Ravens,0,,,Detroit Lions,0,0,Pre-ETR,38.jpg
37,5,68,Alvin Kamara,RB,New Orleans Saints,D4VE,Patrick Mahomes,Kansas City Chiefs,0,,,Atlanta Falcons,0,0,Pre-ETR,38.jpg
37,4,69,Brenton Strange,TE,Jacksonville Jaguars,DREAMINGOFS,Jacoby Brissett,Arizona Cardinals,0,,,Arizona Cardinals,2,1,Pre-ETR,38.jpg
37,3,70,Darnell Mooney,WR,Atlanta Falcons,JORLAND50,Daniel Jones,Indianapolis Colts,0,,,New Orleans Saints,0,0,Pre-ETR,38.jpg
37,2,71,Trevor Lawrence,QB,Jacksonville Jaguars,BUSTERSBOYS,Trevor Lawrence,Jacksonville Jaguars,1,0,0,Arizona Cardinals,0,0,Pre-ETR,38.jpg
37,1,72,Jordan Love,QB,Green Bay Packers,INGELX,Jordan Love,Green Bay Packers,1,0,0,Minnesota Vikings,0,0,Pre-ETR,38.jpg
38,1,1,Jonathan Taylor,RB,Indianapolis Colts,THEELITE1,Patrick Mahomes,Kansas City Chiefs,0,,,Kansas City Chiefs,1,1,Pre-ETR,39.jpg
38,2,2,Jahmyr Gibbs,RB,Detroit Lions,HAWKBERG,Caleb Williams,Chicago Bears,0,,,New York Giants,0,0,Pre-ETR,39.jpg
38,3,3,Bijan Robinson,RB,Atlanta Falcons,INGELX,Jared Goff,Detroit Lions,0,,,New Orleans Saints,1,1,Pre-ETR,39.jpg
38,4,4,Trey McBride,TE,Arizona Cardinals,RANDERS,J.J. McCarthy,Minnesota Vikings,0,,,Jacksonville Jaguars,0,0,Pre-ETR,39.jpg
38,5,5,Jaxon Smith-Njigba,WR,Seattle Seahawks,NEZ,Lamar Jackson,Baltimore Ravens,0,,,Tennessee Titans,0,0,Pre-ETR,39.jpg
38,6,6,Amon-Ra St. Brown,WR,Detroit Lions,LENKEITH,Daniel Jones,Indianapolis Colts,0,,,New York Giants,0,0,Pre-ETR,39.jpg
38,7,7,Saquon Barkley,RB,Philadelphia Eagles,RAZOR33,Sam Darnold,Seattle Seahawks,0,,,Dallas Cowboys,1,1,Pre-ETR,39.jpg
38,8,8,Derrick Henry,RB,Baltimore Ravens,D4VE,Jaxson Dart,New York Giants,0,,,New York Jets,0,0,Pre-ETR,39.jpg
38,9,9,CeeDee Lamb,WR,Dallas Cowboys,CGEEEEEE,Dak Prescott,Dallas Cowboys,1,,,Philadelphia Eagles,0,0,Pre-ETR,39.jpg
38,10,10,Jalen Hurts,QB,Philadelphia Eagles,JORLAND50,Jalen Hurts,Philadelphia Eagles,1,0,0,Dallas Cowboys,1,1,Pre-ETR,39.jpg
38,11,11,Rashee Rice,WR,Kansas City Chiefs,JGFC,Trevor Lawrence,Jacksonville Jaguars,0,,,Indianapolis Colts,0,0,Pre-ETR,39.jpg
38,12,12,TreVeyon Henderson,RB,New England Patriots,ALBOOGIE78,Drake Maye,New England Patriots,1,,,Cincinnati Bengals,0,0,Pre-ETR,39.jpg
38,12,13,Drake Maye,QB,New England Patriots,ALBOOGIE78,Drake Maye,New England Patriots,1,2,1,Cincinnati Bengals,0,0,Pre-ETR,39.jpg
38,11,14,A.J. Brown,WR,Philadelphia Eagles,JGFC,Trevor Lawrence,Jacksonville Jaguars,0,,,Dallas Cowboys,0,0,Pre-ETR,39.jpg
38,10,15,Javonte Williams,RB,Dallas Cowboys,JORLAND50,Jalen Hurts,Philadelphia Eagles,0,,,Philadelphia Eagles,1,1,Pre-ETR,39.jpg
38,9,16,Travis Etienne Jr.,RB,Jacksonville Jaguars,CGEEEEEE,Dak Prescott,Dallas Cowboys,0,,,Arizona Cardinals,0,0,Pre-ETR,39.jpg
38,8,17,Brock Bowers,TE,Las Vegas Raiders,D4VE,Jaxson Dart,New York Giants,0,,,Cleveland Browns,0,0,Pre-ETR,39.jpg
38,7,18,Tee Higgins,WR,Cincinnati Bengals,RAZOR33,Sam Darnold,Seattle Seahawks,0,,,New England Patriots,0,0,Pre-ETR,39.jpg
38,6,19,DeVonta Smith,WR,Philadelphia Eagles,LENKEITH,Daniel Jones,Indianapolis Colts,0,,,Dallas Cowboys,0,0,Pre-ETR,39.jpg
38,5,20,Lamar Jackson,QB,Baltimore Ravens,NEZ,Lamar Jackson,Baltimore Ravens,1,1,1,New York Jets,0,0,Pre-ETR,39.jpg
38,4,21,Justin Jefferson,WR,Minnesota Vikings,RANDERS,J.J. McCarthy,Minnesota Vikings,1,,,Green Bay Packers,1,1,Pre-ETR,39.jpg
38,3,22,Chris Olave,WR,New Orleans Saints,INGELX,Jared Goff,Detroit Lions,0,,,Atlanta Falcons,1,1,Pre-ETR,39.jpg
38,2,23,Jameson Williams,WR,Detroit Lions,HAWKBERG,Caleb Williams,Chicago Bears,0,,,New York Giants,0,0,Pre-ETR,39.jpg
38,1,24,George Pickens,WR,Dallas Cowboys,THEELITE1,Patrick Mahomes,Kansas City Chiefs,0,,,Philadelphia Eagles,0,0,Pre-ETR,39.jpg
38,1,25,Patrick Mahomes,QB,Kansas City Chiefs,THEELITE1,Patrick Mahomes,Kansas City Chiefs,1,0,0,Indianapolis Colts,1,1,Pre-ETR,39.jpg
38,2,26,Kenneth Walker III,RB,Seattle Seahawks,HAWKBERG,Caleb Williams,Chicago Bears,0,,,Tennessee Titans,0,0,Pre-ETR,39.jpg
38,3,27,Chase Brown,RB,Cincinnati Bengals,INGELX,Jared Goff,Detroit Lions,0,,,New England Patriots,0,0,Pre-ETR,39.jpg
38,4,28,Breece Hall,RB,New York Jets,RANDERS,J.J. McCarthy,Minnesota Vikings,0,,,Baltimore Ravens,0,0,Pre-ETR,39.jpg
38,5,29,Zay Flowers,WR,Baltimore Ravens,NEZ,Lamar Jackson,Baltimore Ravens,1,,,New York Jets,0,0,Pre-ETR,39.jpg
38,6,30,Tyler Warren,TE,Indianapolis Colts,LENKEITH,Daniel Jones,Indianapolis Colts,1,,,Kansas City Chiefs,0,0,Pre-ETR,39.jpg
38,7,31,Quinshon Judkins,RB,Cleveland Browns,RAZOR33,Sam Darnold,Seattle Seahawks,0,,,Las Vegas Raiders,0,0,Pre-ETR,39.jpg
38,8,32,Stefon Diggs,WR,New England Patriots,D4VE,Jaxson Dart,New York Giants,0,,,Cincinnati Bengals,0,0,Pre-ETR,39.jpg
38,9,33,Jaylen Warren,RB,Pittsburgh Steelers,CGEEEEEE,Dak Prescott,Dallas Cowboys,0,,,Chicago Bears,0,0,Pre-ETR,39.jpg
38,10,34,Travis Kelce,TE,Kansas City Chiefs,JORLAND50,Jalen Hurts,Philadelphia Eagles,0,,,Indianapolis Colts,1,1,Pre-ETR,39.jpg
38,11,35,Ashton Jeanty,RB,Las Vegas Raiders,JGFC,Trevor Lawrence,Jacksonville Jaguars,0,,,Cleveland Browns,0,0,Pre-ETR,39.jpg
38,12,36,D'Andre Swift,RB,Chicago Bears,ALBOOGIE78,Drake Maye,New England Patriots,0,,,Pittsburgh Steelers,0,0,Pre-ETR,39.jpg
38,12,37,Dallas Goedert,TE,Philadelphia Eagles,ALBOOGIE78,Drake Maye,New England Patriots,0,,,Dallas Cowboys,0,0,Pre-ETR,39.jpg
38,11,38,Josh Jacobs,RB,Green Bay Packers,JGFC,Trevor Lawrence,Jacksonville Jaguars,0,,,Minnesota Vikings,0,0,Pre-ETR,39.jpg
38,10,39,Michael Pittman Jr.,WR,Indianapolis Colts,JORLAND50,Jalen Hurts,Philadelphia Eagles,0,,,Kansas City Chiefs,1,1,Pre-ETR,39.jpg
38,9,40,Dak Prescott,QB,Dallas Cowboys,CGEEEEEE,Dak Prescott,Dallas Cowboys,1,1,1,Philadelphia Eagles,0,0,Pre-ETR,39.jpg
38,8,41,Jaxson Dart,QB,New York Giants,D4VE,Jaxson Dart,New York Giants,1,0,0,Detroit Lions,1,1,Pre-ETR,39.jpg
38,7,42,Jake Ferguson,TE,Dallas Cowboys,RAZOR33,Sam Darnold,Seattle Seahawks,0,,,Philadelphia Eagles,1,1,Pre-ETR,39.jpg
38,6,43,Aaron Jones,RB,Minnesota Vikings,LENKEITH,Daniel Jones,Indianapolis Colts,0,,,Green Bay Packers,0,0,Pre-ETR,39.jpg
38,5,44,Hunter Henry,TE,New England Patriots,NEZ,Lamar Jackson,Baltimore Ravens,0,,,Cincinnati Bengals,0,0,Pre-ETR,39.jpg
38,4,45,Rome Odunze,WR,Chicago Bears,RANDERS,J.J. McCarthy,Minnesota Vikings,0,,,Pittsburgh Steelers,0,0,Pre-ETR,39.jpg
38,3,46,Jared Goff,QB,Detroit Lions,INGELX,Jared Goff,Detroit Lions,1,1,1,New York Giants,1,1,Pre-ETR,39.jpg
38,2,47,DK Metcalf,WR,Pittsburgh Steelers,HAWKBERG,Caleb Williams,Chicago Bears,0,,,Chicago Bears,2,1,Pre-ETR,39.jpg
38,1,48,Michael Wilson,WR,Arizona Cardinals,THEELITE1,Patrick Mahomes,Kansas City Chiefs,0,,,Jacksonville Jaguars,1,1,Pre-ETR,39.jpg
38,1,49,Kyle Pitts,TE,Atlanta Falcons,THEELITE1,Patrick Mahomes,Kansas City Chiefs,0,,,New Orleans Saints,0,0,Pre-ETR,39.jpg
38,2,50,Caleb Williams,QB,Chicago Bears,HAWKBERG,Caleb Williams,Chicago Bears,1,1,1,Pittsburgh Steelers,1,1,Pre-ETR,39.jpg
38,3,51,Wan'Dale Robinson,WR,New York Giants,INGELX,Jared Goff,Detroit Lions,0,,,Detroit Lions,2,1,Pre-ETR,39.jpg
38,4,52,Emanuel Wilson,RB,Green Bay Packers,RANDERS,J.J. McCarthy,Minnesota Vikings,0,,,Minnesota Vikings,2,1,Pre-ETR,39.jpg
38,5,53,Tyrone Tracy,RB,New York Giants,NEZ,Lamar Jackson,Baltimore Ravens,0,,,Detroit Lions,0,0,Pre-ETR,39.jpg
38,6,54,Daniel Jones,QB,Indianapolis Colts,LENKEITH,Daniel Jones,Indianapolis Colts,1,1,1,Kansas City Chiefs,0,0,Pre-ETR,39.jpg
38,7,55,Sam Darnold,QB,Seattle Seahawks,RAZOR33,Sam Darnold,Seattle Seahawks,1,1,1,Tennessee Titans,0,0,Pre-ETR,39.jpg
38,8,56,David Montgomery,RB,Detroit Lions,D4VE,Jaxson Dart,New York Giants,0,,,New York Giants,1,1,Pre-ETR,39.jpg
38,9,57,Juwan Johnson,TE,New Orleans Saints,CGEEEEEE,Dak Prescott,Dallas Cowboys,0,,,Atlanta Falcons,0,0,Pre-ETR,39.jpg
38,10,58,Jordan Addison,WR,Minnesota Vikings,JORLAND50,Jalen Hurts,Philadelphia Eagles,0,,,Green Bay Packers,1,1,Pre-ETR,39.jpg
38,11,59,Trevor Lawrence,QB,Jacksonville Jaguars,JGFC,Trevor Lawrence,Jacksonville Jaguars,1,0,0,Arizona Cardinals,0,0,Pre-ETR,39.jpg
38,12,60,Marvin Harrison,WR,Arizona Cardinals,ALBOOGIE78,Drake Maye,New England Patriots,0,,,Jacksonville Jaguars,0,0,Pre-ETR,39.jpg
38,12,61,Kayshon Boutte,WR,New England Patriots,ALBOOGIE78,Drake Maye,New England Patriots,1,,,Cincinnati Bengals,0,0,Pre-ETR,39.jpg
38,11,62,Mark Andrews,TE,Baltimore Ravens,JGFC,Trevor Lawrence,Jacksonville Jaguars,0,,,New York Jets,0,0,Pre-ETR,39.jpg
38,10,63,Christian Watson,WR,Green Bay Packers,JORLAND50,Jalen Hurts,Philadelphia Eagles,0,,,Minnesota Vikings,1,1,Pre-ETR,39.jpg
38,9,64,Alec Pierce,WR,Indianapolis Colts,CGEEEEEE,Dak Prescott,Dallas Cowboys,0,,,Kansas City Chiefs,0,0,Pre-ETR,39.jpg
38,8,65,Xavier Worthy,WR,Kansas City Chiefs,D4VE,Jaxson Dart,New York Giants,0,,,Indianapolis Colts,0,0,Pre-ETR,39.jpg
38,7,66,Rashid Shaheed,WR,Seattle Seahawks,RAZOR33,Sam Darnold,Seattle Seahawks,1,,,Tennessee Titans,0,0,Pre-ETR,39.jpg
38,6,67,Alvin Kamara,RB,New Orleans Saints,LENKEITH,Daniel Jones,Indianapolis Colts,0,,,Atlanta Falcons,0,0,Pre-ETR,39.jpg
38,5,68,Zach Charbonnet,RB,Seattle Seahawks,NEZ,Lamar Jackson,Baltimore Ravens,0,,,Tennessee Titans,0,0,Pre-ETR,39.jpg
38,4,69,J.J. McCarthy,QB,Minnesota Vikings,RANDERS,J.J. McCarthy,Minnesota Vikings,1,1,1,Green Bay Packers,1,1,Pre-ETR,39.jpg
38,3,70,Brock Wright,TE,Detroit Lions,INGELX,Jared Goff,Detroit Lions,1,,,New York Giants,1,1,Pre-ETR,39.jpg
38,2,71,Colston Loveland,TE,Chicago Bears,HAWKBERG,Caleb Williams,Chicago Bears,1,,,Pittsburgh Steelers,1,1,Pre-ETR,39.jpg
38,1,72,Jakobi Meyers,WR,Jacksonville Jaguars,THEELITE1,Patrick Mahomes,Kansas City Chiefs,0,,,Arizona Cardinals,1,1,Pre-ETR,39.jpg
39,1,1,Jahmyr Gibbs,RB,Detroit Lions,RUCKUSS47,Daniel Jones,Indianapolis Colts,0,,,New York Giants,0,0,Pre-ETR,40.png
39,2,2,Jonathan Taylor,RB,Indianapolis Colts,GOAZCARDS,Drake Maye,New England Patriots,0,,,Kansas City Chiefs,0,0,Pre-ETR,40.png
39,3,3,Bijan Robinson,RB,Atlanta Falcons,INGELX,Jared Goff,Detroit Lions,0,,,New Orleans Saints,0,0,Pre-ETR,40.png
39,4,4,Jaxon Smith-Njigba,WR,Seattle Seahawks,ROOKIE,Tyler Shough,New Orleans Saints,0,,,Tennessee Titans,0,0,Pre-ETR,40.png
39,5,5,Amon-Ra St. Brown,WR,Detroit Lions,BUNK2003,Sam Darnold,Seattle Seahawks,0,,,New York Giants,0,0,Pre-ETR,40.png
39,6,6,Saquon Barkley,RB,Philadelphia Eagles,BUSTERSBOYS,Lamar Jackson,Baltimore Ravens,0,,,Dallas Cowboys,0,0,Pre-ETR,40.png
39,7,7,Trey McBride,TE,Arizona Cardinals,DRAPP,Jaxson Dart,New York Giants,0,,,Jacksonville Jaguars,0,0,Pre-ETR,40.png
39,8,8,Derrick Henry,RB,Baltimore Ravens,WDUNCS,Patrick Mahomes,Kansas City Chiefs,0,,,New York Jets,0,0,Pre-ETR,40.png
39,9,9,CeeDee Lamb,WR,Dallas Cowboys,LEE121503,Dak Prescott,Dallas Cowboys,1,,,Philadelphia Eagles,0,0,Pre-ETR,40.png
39,10,10,Rashee Rice,WR,Kansas City Chiefs,ALBOOGIE78,Jalen Hurts,Philadelphia Eagles,0,,,Indianapolis Colts,0,0,Pre-ETR,40.png
39,11,11,TreVeyon Henderson,RB,New England Patriots,FANTASYGRIN,Caleb Williams,Chicago Bears,0,,,Cincinnati Bengals,0,0,Pre-ETR,40.png
39,12,12,Travis Etienne Jr.,RB,Jacksonville Jaguars,LENKEITH,Jacoby Brissett,Arizona Cardinals,0,,,Arizona Cardinals,1,1,Pre-ETR,40.png
39,12,13,Brock Bowers,TE,Las Vegas Raiders,LENKEITH,Jacoby Brissett,Arizona Cardinals,0,,,Cleveland Browns,0,0,Pre-ETR,40.png
39,11,14,A.J. Brown,WR,Philadelphia Eagles,FANTASYGRIN,Caleb Williams,Chicago Bears,0,,,Dallas Cowboys,0,0,Pre-ETR,40.png
39,10,15,Jalen Hurts,QB,Philadelphia Eagles,ALBOOGIE78,Jalen Hurts,Philadelphia Eagles,1,0,0,Dallas Cowboys,0,0,Pre-ETR,40.png
39,9,16,Javonte Williams,RB,Dallas Cowboys,LEE121503,Dak Prescott,Dallas Cowboys,1,,,Philadelphia Eagles,0,0,Pre-ETR,40.png
39,8,17,Quinshon Judkins,RB,Cleveland Browns,WDUNCS,Patrick Mahomes,Kansas City Chiefs,0,,,Las Vegas Raiders,0,0,Pre-ETR,40.png
39,7,18,Justin Jefferson,WR,Minnesota Vikings,DRAPP,Jaxson Dart,New York Giants,0,,,Green Bay Packers,1,1,Pre-ETR,40.png
39,6,19,Lamar Jackson,QB,Baltimore Ravens,BUSTERSBOYS,Lamar Jackson,Baltimore Ravens,1,1,1,New York Jets,0,0,Pre-ETR,40.png
39,5,20,Chase Brown,RB,Cincinnati Bengals,BUNK2003,Sam Darnold,Seattle Seahawks,0,,,New England Patriots,0,0,Pre-ETR,40.png
39,4,21,Ashton Jeanty,RB,Las Vegas Raiders,ROOKIE,Tyler Shough,New Orleans Saints,0,,,Cleveland Browns,0,0,Pre-ETR,40.png
39,3,22,Tee Higgins,WR,Cincinnati Bengals,INGELX,Jared Goff,Detroit Lions,0,,,New England Patriots,1,1,Pre-ETR,40.png
39,2,23,Drake Maye,QB,New England Patriots,GOAZCARDS,Drake Maye,New England Patriots,1,0,0,Cincinnati Bengals,0,0,Pre-ETR,40.png
39,1,24,Tyler Warren,TE,Indianapolis Colts,RUCKUSS47,Daniel Jones,Indianapolis Colts,1,,,Kansas City Chiefs,0,0,Pre-ETR,40.png
39,1,25,Stefon Diggs,WR,New England Patriots,RUCKUSS47,Daniel Jones,Indianapolis Colts,0,,,Cincinnati Bengals,0,0,Pre-ETR,40.png
39,2,26,George Pickens,WR,Dallas Cowboys,GOAZCARDS,Drake Maye,New England Patriots,0,,,Philadelphia Eagles,0,0,Pre-ETR,40.png
39,3,27,Kenneth Walker III,RB,Seattle Seahawks,INGELX,Jared Goff,Detroit Lions,0,,,Tennessee Titans,0,0,Pre-ETR,40.png
39,4,28,Chris Olave,WR,New Orleans Saints,ROOKIE,Tyler Shough,New Orleans Saints,1,,,Atlanta Falcons,0,0,Pre-ETR,40.png
39,5,29,DeVonta Smith,WR,Philadelphia Eagles,BUNK2003,Sam Darnold,Seattle Seahawks,0,,,Dallas Cowboys,0,0,Pre-ETR,40.png
39,6,30,Zay Flowers,WR,Baltimore Ravens,BUSTERSBOYS,Lamar Jackson,Baltimore Ravens,1,,,New York Jets,0,0,Pre-ETR,40.png
39,7,31,Breece Hall,RB,New York Jets,DRAPP,Jaxson Dart,New York Giants,0,,,Baltimore Ravens,0,0,Pre-ETR,40.png
39,8,32,Patrick Mahomes,QB,Kansas City Chiefs,WDUNCS,Patrick Mahomes,Kansas City Chiefs,1,1,1,Indianapolis Colts,0,0,Pre-ETR,40.png
39,9,33,Jameson Williams,WR,Detroit Lions,LEE121503,Dak Prescott,Dallas Cowboys,0,,,New York Giants,0,0,Pre-ETR,40.png
39,10,34,Jaylen Warren,RB,Pittsburgh Steelers,ALBOOGIE78,Jalen Hurts,Philadelphia Eagles,0,,,Chicago Bears,0,0,Pre-ETR,40.png
39,11,35,Rome Odunze,WR,Chicago Bears,FANTASYGRIN,Caleb Williams,Chicago Bears,1,,,Pittsburgh Steelers,1,1,Pre-ETR,40.png
39,12,36,DK Metcalf,WR,Pittsburgh Steelers,LENKEITH,Jacoby Brissett,Arizona Cardinals,0,,,Chicago Bears,1,1,Pre-ETR,40.png
39,12,37,D'Andre Swift,RB,Chicago Bears,LENKEITH,Jacoby Brissett,Arizona Cardinals,0,,,Pittsburgh Steelers,1,1,Pre-ETR,40.png
39,11,38,Travis Kelce,TE,Kansas City Chiefs,FANTASYGRIN,Caleb Williams,Chicago Bears,0,,,Indianapolis Colts,0,0,Pre-ETR,40.png
39,10,39,Aaron Jones,RB,Minnesota Vikings,ALBOOGIE78,Jalen Hurts,Philadelphia Eagles,0,,,Green Bay Packers,0,0,Pre-ETR,40.png
39,9,40,Dak Prescott,QB,Dallas Cowboys,LEE121503,Dak Prescott,Dallas Cowboys,1,3,1,Philadelphia Eagles,0,0,Pre-ETR,40.png
39,8,41,Xavier Worthy,WR,Kansas City Chiefs,WDUNCS,Patrick Mahomes,Kansas City Chiefs,1,,,Indianapolis Colts,0,0,Pre-ETR,40.png
39,7,42,Emanuel Wilson,RB,Green Bay Packers,DRAPP,Jaxson Dart,New York Giants,0,,,Minnesota Vikings,1,1,Pre-ETR,40.png
39,6,43,Wan'Dale Robinson,WR,New York Giants,BUSTERSBOYS,Lamar Jackson,Baltimore Ravens,0,,,Detroit Lions,0,0,Pre-ETR,40.png
39,5,44,Sam Darnold,QB,Seattle Seahawks,BUNK2003,Sam Darnold,Seattle Seahawks,1,0,0,Tennessee Titans,0,0,Pre-ETR,40.png
39,4,45,Michael Pittman Jr.,WR,Indianapolis Colts,ROOKIE,Tyler Shough,New Orleans Saints,0,,,Kansas City Chiefs,0,0,Pre-ETR,40.png
39,3,46,Jared Goff,QB,Detroit Lions,INGELX,Jared Goff,Detroit Lions,1,0,0,New York Giants,0,0,Pre-ETR,40.png
39,2,47,Michael Wilson,WR,Arizona Cardinals,GOAZCARDS,Drake Maye,New England Patriots,0,,,Jacksonville Jaguars,0,0,Pre-ETR,40.png
39,1,48,Daniel Jones,QB,Indianapolis Colts,RUCKUSS47,Daniel Jones,Indianapolis Colts,1,2,1,Kansas City Chiefs,0,0,Pre-ETR,40.png
39,1,49,Alec Pierce,WR,Indianapolis Colts,RUCKUSS47,Daniel Jones,Indianapolis Colts,1,,,Kansas City Chiefs,0,0,Pre-ETR,40.png
39,2,50,Josh Jacobs,RB,Green Bay Packers,GOAZCARDS,Drake Maye,New England Patriots,0,,,Minnesota Vikings,0,0,Pre-ETR,40.png
39,3,51,Hunter Henry,TE,New England Patriots,INGELX,Jared Goff,Detroit Lions,0,,,Cincinnati Bengals,1,1,Pre-ETR,40.png
39,4,52,Dallas Goedert,TE,Philadelphia Eagles,ROOKIE,Tyler Shough,New Orleans Saints,0,,,Dallas Cowboys,0,0,Pre-ETR,40.png
39,5,53,David Montgomery,RB,Detroit Lions,BUNK2003,Sam Darnold,Seattle Seahawks,0,,,New York Giants,0,0,Pre-ETR,40.png
39,6,54,Kyle Pitts,TE,Atlanta Falcons,BUSTERSBOYS,Lamar Jackson,Baltimore Ravens,0,,,New Orleans Saints,0,0,Pre-ETR,40.png
39,7,55,Jaxson Dart,QB,New York Giants,DRAPP,Jaxson Dart,New York Giants,1,0,0,Detroit Lions,0,0,Pre-ETR,40.png
39,8,56,Brian Thomas,WR,Jacksonville Jaguars,WDUNCS,Patrick Mahomes,Kansas City Chiefs,0,,,Arizona Cardinals,0,0,Pre-ETR,40.png
39,9,57,Alvin Kamara,RB,New Orleans Saints,LEE121503,Dak Prescott,Dallas Cowboys,0,,,Atlanta Falcons,0,0,Pre-ETR,40.png
39,10,58,Darnell Mooney,WR,Atlanta Falcons,ALBOOGIE78,Jalen Hurts,Philadelphia Eagles,0,,,New Orleans Saints,1,1,Pre-ETR,40.png
39,11,59,Caleb Williams,QB,Chicago Bears,FANTASYGRIN,Caleb Williams,Chicago Bears,1,1,1,Pittsburgh Steelers,1,1,Pre-ETR,40.png
39,12,60,Jacoby Brissett,QB,Arizona Cardinals,LENKEITH,Jacoby Brissett,Arizona Cardinals,1,0,0,Jacksonville Jaguars,1,1,Pre-ETR,40.png
39,12,61,Romeo Doubs,WR,Green Bay Packers,LENKEITH,Jacoby Brissett,Arizona Cardinals,0,,,Minnesota Vikings,0,0,Pre-ETR,40.png
39,11,62,Kenneth Gainwell,RB,Pittsburgh Steelers,FANTASYGRIN,Caleb Williams,Chicago Bears,0,,,Chicago Bears,2,1,Pre-ETR,40.png
39,10,63,Juwan Johnson,TE,New Orleans Saints,ALBOOGIE78,Jalen Hurts,Philadelphia Eagles,0,,,Atlanta Falcons,1,1,Pre-ETR,40.png
39,9,64,Jake Ferguson,TE,Dallas Cowboys,LEE121503,Dak Prescott,Dallas Cowboys,1,,,Philadelphia Eagles,0,0,Pre-ETR,40.png
39,8,65,Colston Loveland,TE,Chicago Bears,WDUNCS,Patrick Mahomes,Kansas City Chiefs,0,,,Pittsburgh Steelers,0,0,Pre-ETR,40.png
39,7,66,Marvin Harrison,WR,Arizona Cardinals,DRAPP,Jaxson Dart,New York Giants,0,,,Jacksonville Jaguars,0,0,Pre-ETR,40.png
39,6,67,Christian Watson,WR,Green Bay Packers,BUSTERSBOYS,Lamar Jackson,Baltimore Ravens,0,,,Minnesota Vikings,0,0,Pre-ETR,40.png
39,5,68,Mark Andrews,TE,Baltimore Ravens,BUNK2003,Sam Darnold,Seattle Seahawks,0,,,New York Jets,0,0,Pre-ETR,40.png
39,4,69,Tyler Shough,QB,New Orleans Saints,ROOKIE,Tyler Shough,New Orleans Saints,1,1,1,Atlanta Falcons,0,0,Pre-ETR,40.png
39,3,70,Jordan Addison,WR,Minnesota Vikings,INGELX,Jared Goff,Detroit Lions,0,,,Green Bay Packers,0,0,Pre-ETR,40.png
39,2,71,Harold Fannin,TE,Cleveland Browns,GOAZCARDS,Drake Maye,New England Patriots,0,,,Las Vegas Raiders,0,0,Pre-ETR,40.png
39,1,72,Rhamondre Stevenson,RB,New England Patriots,RUCKUSS47,Daniel Jones,Indianapolis Colts,0,,,Cincinnati Bengals,0,0,Pre-ETR,40.png
40,1,1,Jonathan Taylor,RB,Indianapolis Colts,JWILLZY,Tyler Shough,New Orleans Saints,0,,,Kansas City Chiefs,0,0,Pre-ETR,41.png
40,2,2,Jahmyr Gibbs,RB,Detroit Lions,JEWISHMCCAF,Jaxson Dart,New York Giants,0,,,New York Giants,1,1,Pre-ETR,41.png
40,3,3,Bijan Robinson,RB,Atlanta Falcons,BUSTERSBOYS,Caleb Williams,Chicago Bears,0,,,New Orleans Saints,0,0,Pre-ETR,41.png
40,4,4,Saquon Barkley,RB,Philadelphia Eagles,GABRAINOS,Drake Maye,New England Patriots,0,,,Dallas Cowboys,0,0,Pre-ETR,41.png
40,5,5,Jaxon Smith-Njigba,WR,Seattle Seahawks,GOAZCARDS,Lamar Jackson,Baltimore Ravens,0,,,Tennessee Titans,0,0,Pre-ETR,41.png
40,6,6,Amon-Ra St. Brown,WR,Detroit Lions,ACE2217,Jared Goff,Detroit Lions,1,,,New York Giants,1,1,Pre-ETR,41.png
40,7,7,Derrick Henry,RB,Baltimore Ravens,LEE121503,Jalen Hurts,Philadelphia Eagles,0,,,New York Jets,0,0,Pre-ETR,41.png
40,8,8,CeeDee Lamb,WR,Dallas Cowboys,COMOESTAS,Dak Prescott,Dallas Cowboys,1,,,Philadelphia Eagles,0,0,Pre-ETR,41.png
40,9,9,Rashee Rice,WR,Kansas City Chiefs,TUBINIS2121,Daniel Jones,Indianapolis Colts,0,,,Indianapolis Colts,1,1,Pre-ETR,41.png
40,10,10,Trey McBride,TE,Arizona Cardinals,KRUTCHES93,Trevor Lawrence,Jacksonville Jaguars,0,,,Jacksonville Jaguars,1,1,Pre-ETR,41.png
40,11,11,TreVeyon Henderson,RB,New England Patriots,KURUC711,Jacoby Brissett,Arizona Cardinals,0,,,Cincinnati Bengals,1,1,Pre-ETR,41.png
40,12,12,Patrick Mahomes,QB,Kansas City Chiefs,STEADY314,Patrick Mahomes,Kansas City Chiefs,1,1,1,Indianapolis Colts,1,1,Pre-ETR,41.png
40,12,13,A.J. Brown,WR,Philadelphia Eagles,STEADY314,Patrick Mahomes,Kansas City Chiefs,0,,,Dallas Cowboys,0,0,Pre-ETR,41.png
40,11,14,Tee Higgins,WR,Cincinnati Bengals,KURUC711,Jacoby Brissett,Arizona Cardinals,0,,,New England Patriots,1,1,Pre-ETR,41.png
40,10,15,Javonte Williams,RB,Dallas Cowboys,KRUTCHES93,Trevor Lawrence,Jacksonville Jaguars,0,,,Philadelphia Eagles,0,0,Pre-ETR,41.png
40,9,16,Brock Bowers,TE,Las Vegas Raiders,TUBINIS2121,Daniel Jones,Indianapolis Colts,0,,,Cleveland Browns,0,0,Pre-ETR,41.png
40,8,17,Travis Etienne Jr.,RB,Jacksonville Jaguars,COMOESTAS,Dak Prescott,Dallas Cowboys,0,,,Arizona Cardinals,0,0,Pre-ETR,41.png
40,7,18,Jalen Hurts,QB,Philadelphia Eagles,LEE121503,Jalen Hurts,Philadelphia Eagles,1,0,0,Dallas Cowboys,0,0,Pre-ETR,41.png
40,6,19,Stefon Diggs,WR,New England Patriots,ACE2217,Jared Goff,Detroit Lions,0,,,Cincinnati Bengals,0,0,Pre-ETR,41.png
40,5,20,Lamar Jackson,QB,Baltimore Ravens,GOAZCARDS,Lamar Jackson,Baltimore Ravens,1,0,0,New York Jets,0,0,Pre-ETR,41.png
40,4,21,Drake Maye,QB,New England Patriots,GABRAINOS,Drake Maye,New England Patriots,1,1,1,Cincinnati Bengals,0,0,Pre-ETR,41.png
40,3,22,Tyler Warren,TE,Indianapolis Colts,BUSTERSBOYS,Caleb Williams,Chicago Bears,0,,,Kansas City Chiefs,0,0,Pre-ETR,41.png
40,2,23,Justin Jefferson,WR,Minnesota Vikings,JEWISHMCCAF,Jaxson Dart,New York Giants,0,,,Green Bay Packers,0,0,Pre-ETR,41.png
40,1,24,Chris Olave,WR,New Orleans Saints,JWILLZY,Tyler Shough,New Orleans Saints,1,,,Atlanta Falcons,0,0,Pre-ETR,41.png
40,1,25,Breece Hall,RB,New York Jets,JWILLZY,Tyler Shough,New Orleans Saints,0,,,Baltimore Ravens,0,0,Pre-ETR,41.png
40,2,26,George Pickens,WR,Dallas Cowboys,JEWISHMCCAF,Jaxson Dart,New York Giants,0,,,Philadelphia Eagles,0,0,Pre-ETR,41.png
40,3,27,Zay Flowers,WR,Baltimore Ravens,BUSTERSBOYS,Caleb Williams,Chicago Bears,0,,,New York Jets,0,0,Pre-ETR,41.png
40,4,28,Jameson Williams,WR,Detroit Lions,GABRAINOS,Drake Maye,New England Patriots,0,,,New York Giants,0,0,Pre-ETR,41.png
40,5,29,Kenneth Walker III,RB,Seattle Seahawks,GOAZCARDS,Lamar Jackson,Baltimore Ravens,0,,,Tennessee Titans,0,0,Pre-ETR,41.png
40,6,30,DeVonta Smith,WR,Philadelphia Eagles,ACE2217,Jared Goff,Detroit Lions,0,,,Dallas Cowboys,0,0,Pre-ETR,41.png
40,7,31,Chase Brown,RB,Cincinnati Bengals,LEE121503,Jalen Hurts,Philadelphia Eagles,0,,,New England Patriots,0,0,Pre-ETR,41.png
40,8,32,Quinshon Judkins,RB,Cleveland Browns,COMOESTAS,Dak Prescott,Dallas Cowboys,0,,,Las Vegas Raiders,0,0,Pre-ETR,41.png
40,9,33,Ashton Jeanty,RB,Las Vegas Raiders,TUBINIS2121,Daniel Jones,Indianapolis Colts,0,,,Cleveland Browns,0,0,Pre-ETR,41.png
40,10,34,Jaylen Warren,RB,Pittsburgh Steelers,KRUTCHES93,Trevor Lawrence,Jacksonville Jaguars,0,,,Chicago Bears,0,0,Pre-ETR,41.png
40,11,35,Travis Kelce,TE,Kansas City Chiefs,KURUC711,Jacoby Brissett,Arizona Cardinals,0,,,Indianapolis Colts,0,0,Pre-ETR,41.png
40,12,36,Xavier Worthy,WR,Kansas City Chiefs,STEADY314,Patrick Mahomes,Kansas City Chiefs,1,,,Indianapolis Colts,1,1,Pre-ETR,41.png
40,12,37,David Montgomery,RB,Detroit Lions,STEADY314,Patrick Mahomes,Kansas City Chiefs,0,,,New York Giants,0,0,Pre-ETR,41.png
40,11,38,Rome Odunze,WR,Chicago Bears,KURUC711,Jacoby Brissett,Arizona Cardinals,0,,,Pittsburgh Steelers,0,0,Pre-ETR,41.png
40,10,39,Wan'Dale Robinson,WR,New York Giants,KRUTCHES93,Trevor Lawrence,Jacksonville Jaguars,0,,,Detroit Lions,0,0,Pre-ETR,41.png
40,9,40,DK Metcalf,WR,Pittsburgh Steelers,TUBINIS2121,Daniel Jones,Indianapolis Colts,0,,,Chicago Bears,0,0,Pre-ETR,41.png
40,8,41,Dak Prescott,QB,Dallas Cowboys,COMOESTAS,Dak Prescott,Dallas Cowboys,1,2,1,Philadelphia Eagles,0,0,Pre-ETR,41.png
40,7,42,Michael Pittman Jr.,WR,Indianapolis Colts,LEE121503,Jalen Hurts,Philadelphia Eagles,0,,,Kansas City Chiefs,0,0,Pre-ETR,41.png
40,6,43,Jared Goff,QB,Detroit Lions,ACE2217,Jared Goff,Detroit Lions,1,1,1,New York Giants,1,1,Pre-ETR,41.png
40,5,44,Josh Jacobs,RB,Green Bay Packers,GOAZCARDS,Lamar Jackson,Baltimore Ravens,0,,,Minnesota Vikings,0,0,Pre-ETR,41.png
40,4,45,Hunter Henry,TE,New England Patriots,GABRAINOS,Drake Maye,New England Patriots,1,,,Cincinnati Bengals,0,0,Pre-ETR,41.png
40,3,46,Aaron Jones,RB,Minnesota Vikings,BUSTERSBOYS,Caleb Williams,Chicago Bears,0,,,Green Bay Packers,1,1,Pre-ETR,41.png
40,2,47,Jaxson Dart,QB,New York Giants,JEWISHMCCAF,Jaxson Dart,New York Giants,1,0,0,Detroit Lions,1,1,Pre-ETR,41.png
40,1,48,Dallas Goedert,TE,Philadelphia Eagles,JWILLZY,Tyler Shough,New Orleans Saints,0,,,Dallas Cowboys,0,0,Pre-ETR,41.png
40,1,49,Michael Wilson,WR,Arizona Cardinals,JWILLZY,Tyler Shough,New Orleans Saints,0,,,Jacksonville Jaguars,0,0,Pre-ETR,41.png
40,2,50,D'Andre Swift,RB,Chicago Bears,JEWISHMCCAF,Jaxson Dart,New York Giants,0,,,Pittsburgh Steelers,0,0,Pre-ETR,41.png
40,3,51,Caleb Williams,QB,Chicago Bears,BUSTERSBOYS,Caleb Williams,Chicago Bears,1,0,0,Pittsburgh Steelers,0,0,Pre-ETR,41.png
40,4,52,Alvin Kamara,RB,New Orleans Saints,GABRAINOS,Drake Maye,New England Patriots,0,,,Atlanta Falcons,1,1,Pre-ETR,41.png
40,5,53,Juwan Johnson,TE,New Orleans Saints,GOAZCARDS,Lamar Jackson,Baltimore Ravens,0,,,Atlanta Falcons,0,0,Pre-ETR,41.png
40,6,54,Kenneth Gainwell,RB,Pittsburgh Steelers,ACE2217,Jared Goff,Detroit Lions,0,,,Chicago Bears,0,0,Pre-ETR,41.png
40,7,55,Kyle Pitts,TE,Atlanta Falcons,LEE121503,Jalen Hurts,Philadelphia Eagles,0,,,New Orleans Saints,0,0,Pre-ETR,41.png
40,8,56,Jake Ferguson,TE,Dallas Cowboys,COMOESTAS,Dak Prescott,Dallas Cowboys,1,,,Philadelphia Eagles,0,0,Pre-ETR,41.png
40,9,57,Emanuel Wilson,RB,Green Bay Packers,TUBINIS2121,Daniel Jones,Indianapolis Colts,0,,,Minnesota Vikings,0,0,Pre-ETR,41.png
40,10,58,Marvin Harrison,WR,Arizona Cardinals,KRUTCHES93,Trevor Lawrence,Jacksonville Jaguars,0,,,Jacksonville Jaguars,1,1,Pre-ETR,41.png
40,11,59,Jacoby Brissett,QB,Arizona Cardinals,KURUC711,Jacoby Brissett,Arizona Cardinals,1,0,0,Jacksonville Jaguars,0,0,Pre-ETR,41.png
40,12,60,Alec Pierce,WR,Indianapolis Colts,STEADY314,Patrick Mahomes,Kansas City Chiefs,0,,,Kansas City Chiefs,2,1,Pre-ETR,41.png
40,12,61,Mark Andrews,TE,Baltimore Ravens,STEADY314,Patrick Mahomes,Kansas City Chiefs,0,,,New York Jets,0,0,Pre-ETR,41.png
40,11,62,Zach Charbonnet,RB,Seattle Seahawks,KURUC711,Jacoby Brissett,Arizona Cardinals,0,,,Tennessee Titans,0,0,Pre-ETR,41.png
40,10,63,Trevor Lawrence,QB,Jacksonville Jaguars,KRUTCHES93,Trevor Lawrence,Jacksonville Jaguars,1,0,0,Arizona Cardinals,2,1,Pre-ETR,41.png
40,9,64,Daniel Jones,QB,Indianapolis Colts,TUBINIS2121,Daniel Jones,Indianapolis Colts,1,0,0,Kansas City Chiefs,1,1,Pre-ETR,41.png
40,8,65,Romeo Doubs,WR,Green Bay Packers,COMOESTAS,Dak Prescott,Dallas Cowboys,0,,,Minnesota Vikings,0,0,Pre-ETR,41.png
40,7,66,Brian Thomas,WR,Jacksonville Jaguars,LEE121503,Jalen Hurts,Philadelphia Eagles,0,,,Arizona Cardinals,0,0,Pre-ETR,41.png
40,6,67,Theo Johnson,TE,New York Giants,ACE2217,Jared Goff,Detroit Lions,0,,,Detroit Lions,2,1,Pre-ETR,41.png
40,5,68,Jakobi Meyers,WR,Jacksonville Jaguars,GOAZCARDS,Lamar Jackson,Baltimore Ravens,0,,,Arizona Cardinals,0,0,Pre-ETR,41.png
40,4,69,Darnell Mooney,WR,Atlanta Falcons,GABRAINOS,Drake Maye,New England Patriots,0,,,New Orleans Saints,1,1,Pre-ETR,41.png
40,3,70,Christian Watson,WR,Green Bay Packers,BUSTERSBOYS,Caleb Williams,Chicago Bears,0,,,Minnesota Vikings,1,1,Pre-ETR,41.png
40,2,71,AJ Barner,TE,Seattle Seahawks,JEWISHMCCAF,Jaxson Dart,New York Giants,0,,,Tennessee Titans,0,0,Pre-ETR,41.png
40,1,72,Tyler Shough,QB,New Orleans Saints,JWILLZY,Tyler Shough,New Orleans Saints,1,1,1,Atlanta Falcons,0,0,Pre-ETR,41.png
41,1,1,Jahmyr Gibbs,RB,Detroit Lions,JEWISHMCCAF,Dak Prescott,Dallas Cowboys,0,,,New York Giants,0,0,Pre-ETR,42.jpg
41,2,2,Jonathan Taylor,RB,Indianapolis Colts,CHRIS,Patrick Mahomes,Kansas City Chiefs,0,,,Kansas City Chiefs,1,1,Pre-ETR,42.jpg
41,3,3,Bijan Robinson,RB,Atlanta Falcons,RANDERS,Caleb Williams,Chicago Bears,0,,,New Orleans Saints,1,1,Pre-ETR,42.jpg
41,4,4,Jaxon Smith-Njigba,WR,Seattle Seahawks,INGELX,Jared Goff,Detroit Lions,0,,,Tennessee Titans,0,0,Pre-ETR,42.jpg
41,5,5,Amon-Ra St. Brown,WR,Detroit Lions,GFORGUMBY,Daniel Jones,Indianapolis Colts,0,,,New York Giants,1,1,Pre-ETR,42.jpg
41,6,6,Saquon Barkley,RB,Philadelphia Eagles,HETT711,Lamar Jackson,Baltimore Ravens,0,,,Dallas Cowboys,0,0,Pre-ETR,42.jpg
41,7,7,Trey McBride,TE,Arizona Cardinals,TUBINIS2121,Jacoby Brissett,Arizona Cardinals,1,,,Jacksonville Jaguars,1,1,Pre-ETR,42.jpg
41,8,8,Derrick Henry,RB,Baltimore Ravens,KRUTCHES93,Trevor Lawrence,Jacksonville Jaguars,0,,,New York Jets,0,0,Pre-ETR,42.jpg
41,9,9,CeeDee Lamb,WR,Dallas Cowboys,CGEEEEEE,Jalen Hurts,Philadelphia Eagles,0,,,Philadelphia Eagles,2,1,Pre-ETR,42.jpg
41,10,10,Rashee Rice,WR,Kansas City Chiefs,KURUC711,Tyrod Taylor,New York Jets,0,,,Indianapolis Colts,0,0,Pre-ETR,42.jpg
41,11,11,TreVeyon Henderson,RB,New England Patriots,LENKEITH,Jaxson Dart,New York Giants,0,,,Cincinnati Bengals,0,0,Pre-ETR,42.jpg
41,12,12,Drake Maye,QB,New England Patriots,EVISH12,Drake Maye,New England Patriots,1,0,0,Cincinnati Bengals,1,1,Pre-ETR,42.jpg
41,12,13,Tee Higgins,WR,Cincinnati Bengals,EVISH12,Drake Maye,New England Patriots,0,,,New England Patriots,1,1,Pre-ETR,42.jpg
41,11,14,A.J. Brown,WR,Philadelphia Eagles,LENKEITH,Jaxson Dart,New York Giants,0,,,Dallas Cowboys,1,1,Pre-ETR,42.jpg
41,10,15,Brock Bowers,TE,Las Vegas Raiders,KURUC711,Tyrod Taylor,New York Jets,0,,,Cleveland Browns,0,0,Pre-ETR,42.jpg
41,9,16,Jalen Hurts,QB,Philadelphia Eagles,CGEEEEEE,Jalen Hurts,Philadelphia Eagles,1,1,1,Dallas Cowboys,1,1,Pre-ETR,42.jpg
41,8,17,Javonte Williams,RB,Dallas Cowboys,KRUTCHES93,Trevor Lawrence,Jacksonville Jaguars,0,,,Philadelphia Eagles,0,0,Pre-ETR,42.jpg
41,7,18,Travis Etienne Jr.,RB,Jacksonville Jaguars,TUBINIS2121,Jacoby Brissett,Arizona Cardinals,0,,,Arizona Cardinals,2,1,Pre-ETR,42.jpg
41,6,19,Lamar Jackson,QB,Baltimore Ravens,HETT711,Lamar Jackson,Baltimore Ravens,1,1,1,New York Jets,0,0,Pre-ETR,42.jpg
41,5,20,Justin Jefferson,WR,Minnesota Vikings,GFORGUMBY,Daniel Jones,Indianapolis Colts,0,,,Green Bay Packers,1,1,Pre-ETR,42.jpg
41,4,21,Jameson Williams,WR,Detroit Lions,INGELX,Jared Goff,Detroit Lions,1,,,New York Giants,1,1,Pre-ETR,42.jpg
41,3,22,Chris Olave,WR,New Orleans Saints,RANDERS,Caleb Williams,Chicago Bears,0,,,Atlanta Falcons,1,1,Pre-ETR,42.jpg
41,2,23,Patrick Mahomes,QB,Kansas City Chiefs,CHRIS,Patrick Mahomes,Kansas City Chiefs,1,0,0,Indianapolis Colts,2,1,Pre-ETR,42.jpg
41,1,24,George Pickens,WR,Dallas Cowboys,JEWISHMCCAF,Dak Prescott,Dallas Cowboys,1,,,Philadelphia Eagles,0,0,Pre-ETR,42.jpg
41,1,25,Tyler Warren,TE,Indianapolis Colts,JEWISHMCCAF,Dak Prescott,Dallas Cowboys,0,,,Kansas City Chiefs,0,0,Pre-ETR,42.jpg
41,2,26,Quinshon Judkins,RB,Cleveland Browns,CHRIS,Patrick Mahomes,Kansas City Chiefs,0,,,Las Vegas Raiders,0,0,Pre-ETR,42.jpg
41,3,27,Stefon Diggs,WR,New England Patriots,RANDERS,Caleb Williams,Chicago Bears,0,,,Cincinnati Bengals,0,0,Pre-ETR,42.jpg
41,4,28,Chase Brown,RB,Cincinnati Bengals,INGELX,Jared Goff,Detroit Lions,0,,,New England Patriots,0,0,Pre-ETR,42.jpg
41,5,29,Travis Kelce,TE,Kansas City Chiefs,GFORGUMBY,Daniel Jones,Indianapolis Colts,0,,,Indianapolis Colts,1,1,Pre-ETR,42.jpg
41,6,30,Zay Flowers,WR,Baltimore Ravens,HETT711,Lamar Jackson,Baltimore Ravens,1,,,New York Jets,0,0,Pre-ETR,42.jpg
41,7,31,DeVonta Smith,WR,Philadelphia Eagles,TUBINIS2121,Jacoby Brissett,Arizona Cardinals,0,,,Dallas Cowboys,0,0,Pre-ETR,42.jpg
41,8,32,Rome Odunze,WR,Chicago Bears,KRUTCHES93,Trevor Lawrence,Jacksonville Jaguars,0,,,Pittsburgh Steelers,1,1,Pre-ETR,42.jpg
41,9,33,Breece Hall,RB,New York Jets,CGEEEEEE,Jalen Hurts,Philadelphia Eagles,0,,,Baltimore Ravens,0,0,Pre-ETR,42.jpg
41,10,34,Kenneth Walker III,RB,Seattle Seahawks,KURUC711,Tyrod Taylor,New York Jets,0,,,Tennessee Titans,0,0,Pre-ETR,42.jpg
41,11,35,Jaylen Warren,RB,Pittsburgh Steelers,LENKEITH,Jaxson Dart,New York Giants,0,,,Chicago Bears,0,0,Pre-ETR,42.jpg
41,12,36,Ashton Jeanty,RB,Las Vegas Raiders,EVISH12,Drake Maye,New England Patriots,0,,,Cleveland Browns,0,0,Pre-ETR,42.jpg
41,12,37,D'Andre Swift,RB,Chicago Bears,EVISH12,Drake Maye,New England Patriots,0,,,Pittsburgh Steelers,0,0,Pre-ETR,42.jpg
41,11,38,Jaxson Dart,QB,New York Giants,LENKEITH,Jaxson Dart,New York Giants,1,1,1,Detroit Lions,0,0,Pre-ETR,42.jpg
41,10,39,Aaron Jones,RB,Minnesota Vikings,KURUC711,Tyrod Taylor,New York Jets,0,,,Green Bay Packers,0,0,Pre-ETR,42.jpg
41,9,40,Dallas Goedert,TE,Philadelphia Eagles,CGEEEEEE,Jalen Hurts,Philadelphia Eagles,1,,,Dallas Cowboys,1,1,Pre-ETR,42.jpg
41,8,41,DK Metcalf,WR,Pittsburgh Steelers,KRUTCHES93,Trevor Lawrence,Jacksonville Jaguars,0,,,Chicago Bears,1,1,Pre-ETR,42.jpg
41,7,42,David Montgomery,RB,Detroit Lions,TUBINIS2121,Jacoby Brissett,Arizona Cardinals,0,,,New York Giants,0,0,Pre-ETR,42.jpg
41,6,43,Wan'Dale Robinson,WR,New York Giants,HETT711,Lamar Jackson,Baltimore Ravens,0,,,Detroit Lions,0,0,Pre-ETR,42.jpg
41,5,44,Emanuel Wilson,RB,Green Bay Packers,GFORGUMBY,Daniel Jones,Indianapolis Colts,0,,,Minnesota Vikings,1,1,Pre-ETR,42.jpg
41,4,45,Jared Goff,QB,Detroit Lions,INGELX,Jared Goff,Detroit Lions,1,1,1,New York Giants,1,1,Pre-ETR,42.jpg
41,3,46,Xavier Worthy,WR,Kansas City Chiefs,RANDERS,Caleb Williams,Chicago Bears,0,,,Indianapolis Colts,0,0,Pre-ETR,42.jpg
41,2,47,Michael Pittman Jr.,WR,Indianapolis Colts,CHRIS,Patrick Mahomes,Kansas City Chiefs,0,,,Kansas City Chiefs,1,1,Pre-ETR,42.jpg
41,1,48,Dak Prescott,QB,Dallas Cowboys,JEWISHMCCAF,Dak Prescott,Dallas Cowboys,1,1,1,Philadelphia Eagles,0,0,Pre-ETR,42.jpg
41,1,49,Alvin Kamara,RB,New Orleans Saints,JEWISHMCCAF,Dak Prescott,Dallas Cowboys,0,,,Atlanta Falcons,0,0,Pre-ETR,42.jpg
41,2,50,Hunter Henry,TE,New England Patriots,CHRIS,Patrick Mahomes,Kansas City Chiefs,0,,,Cincinnati Bengals,0,0,Pre-ETR,42.jpg
41,3,51,Caleb Williams,QB,Chicago Bears,RANDERS,Caleb Williams,Chicago Bears,1,1,1,Pittsburgh Steelers,0,0,Pre-ETR,42.jpg
41,4,52,Josh Jacobs,RB,Green Bay Packers,INGELX,Jared Goff,Detroit Lions,0,,,Minnesota Vikings,0,0,Pre-ETR,42.jpg
41,5,53,Daniel Jones,QB,Indianapolis Colts,GFORGUMBY,Daniel Jones,Indianapolis Colts,1,0,0,Kansas City Chiefs,1,1,Pre-ETR,42.jpg
41,6,54,Kyle Pitts,TE,Atlanta Falcons,HETT711,Lamar Jackson,Baltimore Ravens,0,,,New Orleans Saints,0,0,Pre-ETR,42.jpg
41,7,55,Jacoby Brissett,QB,Arizona Cardinals,TUBINIS2121,Jacoby Brissett,Arizona Cardinals,1,1,1,Jacksonville Jaguars,1,1,Pre-ETR,42.jpg
41,8,56,Trevor Lawrence,QB,Jacksonville Jaguars,KRUTCHES93,Trevor Lawrence,Jacksonville Jaguars,1,1,1,Arizona Cardinals,0,0,Pre-ETR,42.jpg
41,9,57,Michael Wilson,WR,Arizona Cardinals,CGEEEEEE,Jalen Hurts,Philadelphia Eagles,0,,,Jacksonville Jaguars,0,0,Pre-ETR,42.jpg
41,10,58,Marvin Harrison,WR,Arizona Cardinals,KURUC711,Tyrod Taylor,New York Jets,0,,,Jacksonville Jaguars,0,0,Pre-ETR,42.jpg
41,11,59,Jake Ferguson,TE,Dallas Cowboys,LENKEITH,Jaxson Dart,New York Giants,0,,,Philadelphia Eagles,1,1,Pre-ETR,42.jpg
41,12,60,Alec Pierce,WR,Indianapolis Colts,EVISH12,Drake Maye,New England Patriots,0,,,Kansas City Chiefs,0,0,Pre-ETR,42.jpg
41,12,61,Juwan Johnson,TE,New Orleans Saints,EVISH12,Drake Maye,New England Patriots,0,,,Atlanta Falcons,0,0,Pre-ETR,42.jpg
41,11,62,Darius Slayton,WR,New York Giants,LENKEITH,Jaxson Dart,New York Giants,1,,,Detroit Lions,0,0,Pre-ETR,42.jpg
41,10,63,Tyrod Taylor,QB,New York Jets,KURUC711,Tyrod Taylor,New York Jets,1,0,0,Baltimore Ravens,0,0,Pre-ETR,42.jpg
41,9,64,Christian Watson,WR,Green Bay Packers,CGEEEEEE,Jalen Hurts,Philadelphia Eagles,0,,,Minnesota Vikings,0,0,Pre-ETR,42.jpg
41,8,65,Brenton Strange,TE,Jacksonville Jaguars,KRUTCHES93,Trevor Lawrence,Jacksonville Jaguars,1,,,Arizona Cardinals,0,0,Pre-ETR,42.jpg
41,7,66,Darnell Mooney,WR,Atlanta Falcons,TUBINIS2121,Jacoby Brissett,Arizona Cardinals,0,,,New Orleans Saints,0,0,Pre-ETR,42.jpg
41,6,67,Jordan Addison,WR,Minnesota Vikings,HETT711,Lamar Jackson,Baltimore Ravens,0,,,Green Bay Packers,0,0,Pre-ETR,42.jpg
41,5,68,Tyrone Tracy,RB,New York Giants,GFORGUMBY,Daniel Jones,Indianapolis Colts,0,,,Detroit Lions,1,1,Pre-ETR,42.jpg
41,4,69,Theo Johnson,TE,New York Giants,INGELX,Jared Goff,Detroit Lions,0,,,Detroit Lions,2,1,Pre-ETR,42.jpg
41,3,70,Colston Loveland,TE,Chicago Bears,RANDERS,Caleb Williams,Chicago Bears,1,,,Pittsburgh Steelers,0,0,Pre-ETR,42.jpg
41,2,71,Romeo Doubs,WR,Green Bay Packers,CHRIS,Patrick Mahomes,Kansas City Chiefs,0,,,Minnesota Vikings,0,0,Pre-ETR,42.jpg
41,1,72,Brian Thomas,WR,Jacksonville Jaguars,JEWISHMCCAF,Dak Prescott,Dallas Cowboys,0,,,Arizona Cardinals,0,0,Pre-ETR,42.jpg
42,1,1,Jonathan Taylor,RB,Indianapolis Colts,HETT711,Kirk Cousins,Atlanta Falcons,0,,,Kansas City Chiefs,0,0,Pre-ETR,43.jpg
42,2,2,Bijan Robinson,RB,Atlanta Falcons,INGELX,Jaxson Dart,New York Giants,0,,,New Orleans Saints,0,0,Pre-ETR,43.jpg
42,3,3,Jahmyr Gibbs,RB,Detroit Lions,KREAR72,Jared Goff,Detroit Lions,1,,,New York Giants,1,1,Pre-ETR,43.jpg
42,4,4,Saquon Barkley,RB,Philadelphia Eagles,CRBLAKE2,Patrick Mahomes,Kansas City Chiefs,0,,,Dallas Cowboys,0,0,Pre-ETR,43.jpg
42,5,5,Jaxon Smith-Njigba,WR,Seattle Seahawks,CGEEEEEE,Sam Darnold,Seattle Seahawks,1,,,Tennessee Titans,0,0,Pre-ETR,43.jpg
42,6,6,Amon-Ra St. Brown,WR,Detroit Lions,JEWISHMCCAF,Lamar Jackson,Baltimore Ravens,0,,,New York Giants,0,0,Pre-ETR,43.jpg
42,7,7,Trey McBride,TE,Arizona Cardinals,RANDERS,Trevor Lawrence,Jacksonville Jaguars,0,,,Jacksonville Jaguars,2,1,Pre-ETR,43.jpg
42,8,8,Derrick Henry,RB,Baltimore Ravens,TUBINIS2121,Daniel Jones,Indianapolis Colts,0,,,New York Jets,0,0,Pre-ETR,43.jpg
42,9,9,Rashee Rice,WR,Kansas City Chiefs,KRUTCHES93,Drake Maye,New England Patriots,0,,,Indianapolis Colts,0,0,Pre-ETR,43.jpg
42,10,10,CeeDee Lamb,WR,Dallas Cowboys,GFORGUMBY,Dak Prescott,Dallas Cowboys,1,,,Philadelphia Eagles,0,0,Pre-ETR,43.jpg
42,11,11,Javonte Williams,RB,Dallas Cowboys,PIRI24,Caleb Williams,Chicago Bears,0,,,Philadelphia Eagles,1,1,Pre-ETR,43.jpg
42,12,12,Jalen Hurts,QB,Philadelphia Eagles,CHRIS,Jalen Hurts,Philadelphia Eagles,1,0,0,Dallas Cowboys,0,0,Pre-ETR,43.jpg
42,12,13,Brock Bowers,TE,Las Vegas Raiders,CHRIS,Jalen Hurts,Philadelphia Eagles,0,,,Cleveland Browns,0,0,Pre-ETR,43.jpg
42,11,14,TreVeyon Henderson,RB,New England Patriots,PIRI24,Caleb Williams,Chicago Bears,0,,,Cincinnati Bengals,0,0,Pre-ETR,43.jpg
42,10,15,Tee Higgins,WR,Cincinnati Bengals,GFORGUMBY,Dak Prescott,Dallas Cowboys,0,,,New England Patriots,0,0,Pre-ETR,43.jpg
42,9,16,Drake Maye,QB,New England Patriots,KRUTCHES93,Drake Maye,New England Patriots,1,1,1,Cincinnati Bengals,0,0,Pre-ETR,43.jpg
42,8,17,Travis Etienne Jr.,RB,Jacksonville Jaguars,TUBINIS2121,Daniel Jones,Indianapolis Colts,0,,,Arizona Cardinals,1,1,Pre-ETR,43.jpg
42,7,18,Justin Jefferson,WR,Minnesota Vikings,RANDERS,Trevor Lawrence,Jacksonville Jaguars,0,,,Green Bay Packers,0,0,Pre-ETR,43.jpg
42,6,19,Lamar Jackson,QB,Baltimore Ravens,JEWISHMCCAF,Lamar Jackson,Baltimore Ravens,1,0,0,New York Jets,1,1,Pre-ETR,43.jpg
42,5,20,A.J. Brown,WR,Philadelphia Eagles,CGEEEEEE,Sam Darnold,Seattle Seahawks,0,,,Dallas Cowboys,0,0,Pre-ETR,43.jpg
42,4,21,Chris Olave,WR,New Orleans Saints,CRBLAKE2,Patrick Mahomes,Kansas City Chiefs,0,,,Atlanta Falcons,0,0,Pre-ETR,43.jpg
42,3,22,Jameson Williams,WR,Detroit Lions,KREAR72,Jared Goff,Detroit Lions,1,,,New York Giants,1,1,Pre-ETR,43.jpg
42,2,23,George Pickens,WR,Dallas Cowboys,INGELX,Jaxson Dart,New York Giants,0,,,Philadelphia Eagles,1,1,Pre-ETR,43.jpg
42,1,24,Chase Brown,RB,Cincinnati Bengals,HETT711,Kirk Cousins,Atlanta Falcons,0,,,New England Patriots,0,0,Pre-ETR,43.jpg
42,1,25,Zay Flowers,WR,Baltimore Ravens,HETT711,Kirk Cousins,Atlanta Falcons,0,,,New York Jets,0,0,Pre-ETR,43.jpg
42,2,26,DeVonta Smith,WR,Philadelphia Eagles,INGELX,Jaxson Dart,New York Giants,0,,,Dallas Cowboys,1,1,Pre-ETR,43.jpg
42,3,27,Stefon Diggs,WR,New England Patriots,KREAR72,Jared Goff,Detroit Lions,0,,,Cincinnati Bengals,0,0,Pre-ETR,43.jpg
42,4,28,Patrick Mahomes,QB,Kansas City Chiefs,CRBLAKE2,Patrick Mahomes,Kansas City Chiefs,1,1,1,Indianapolis Colts,1,1,Pre-ETR,43.jpg
42,5,29,Quinshon Judkins,RB,Cleveland Browns,CGEEEEEE,Sam Darnold,Seattle Seahawks,0,,,Las Vegas Raiders,0,0,Pre-ETR,43.jpg
42,6,30,Breece Hall,RB,New York Jets,JEWISHMCCAF,Lamar Jackson,Baltimore Ravens,0,,,Baltimore Ravens,1,1,Pre-ETR,43.jpg
42,7,31,Tyler Warren,TE,Indianapolis Colts,RANDERS,Trevor Lawrence,Jacksonville Jaguars,0,,,Kansas City Chiefs,0,0,Pre-ETR,43.jpg
42,8,32,Travis Kelce,TE,Kansas City Chiefs,TUBINIS2121,Daniel Jones,Indianapolis Colts,0,,,Indianapolis Colts,2,1,Pre-ETR,43.jpg
42,9,33,Jaylen Warren,RB,Pittsburgh Steelers,KRUTCHES93,Drake Maye,New England Patriots,0,,,Chicago Bears,0,0,Pre-ETR,43.jpg
42,10,34,Ashton Jeanty,RB,Las Vegas Raiders,GFORGUMBY,Dak Prescott,Dallas Cowboys,0,,,Cleveland Browns,0,0,Pre-ETR,43.jpg
42,11,35,DK Metcalf,WR,Pittsburgh Steelers,PIRI24,Caleb Williams,Chicago Bears,0,,,Chicago Bears,2,1,Pre-ETR,43.jpg
42,12,36,Rome Odunze,WR,Chicago Bears,CHRIS,Jalen Hurts,Philadelphia Eagles,0,,,Pittsburgh Steelers,0,0,Pre-ETR,43.jpg
42,12,37,Wan'Dale Robinson,WR,New York Giants,CHRIS,Jalen Hurts,Philadelphia Eagles,0,,,Detroit Lions,0,0,Pre-ETR,43.jpg
42,11,38,Dallas Goedert,TE,Philadelphia Eagles,PIRI24,Caleb Williams,Chicago Bears,0,,,Dallas Cowboys,1,1,Pre-ETR,43.jpg
42,10,39,Dak Prescott,QB,Dallas Cowboys,GFORGUMBY,Dak Prescott,Dallas Cowboys,1,1,1,Philadelphia Eagles,0,0,Pre-ETR,43.jpg
42,9,40,Hunter Henry,TE,New England Patriots,KRUTCHES93,Drake Maye,New England Patriots,1,,,Cincinnati Bengals,0,0,Pre-ETR,43.jpg
42,8,41,Daniel Jones,QB,Indianapolis Colts,TUBINIS2121,Daniel Jones,Indianapolis Colts,1,1,1,Kansas City Chiefs,1,1,Pre-ETR,43.jpg
42,7,42,Kenneth Walker III,RB,Seattle Seahawks,RANDERS,Trevor Lawrence,Jacksonville Jaguars,0,,,Tennessee Titans,0,0,Pre-ETR,43.jpg
42,6,43,Jake Ferguson,TE,Dallas Cowboys,JEWISHMCCAF,Lamar Jackson,Baltimore Ravens,0,,,Philadelphia Eagles,0,0,Pre-ETR,43.jpg
42,5,44,Aaron Jones,RB,Minnesota Vikings,CGEEEEEE,Sam Darnold,Seattle Seahawks,0,,,Green Bay Packers,0,0,Pre-ETR,43.jpg
42,4,45,Xavier Worthy,WR,Kansas City Chiefs,CRBLAKE2,Patrick Mahomes,Kansas City Chiefs,1,,,Indianapolis Colts,1,1,Pre-ETR,43.jpg
42,3,46,D'Andre Swift,RB,Chicago Bears,KREAR72,Jared Goff,Detroit Lions,0,,,Pittsburgh Steelers,0,0,Pre-ETR,43.jpg
42,2,47,Jaxson Dart,QB,New York Giants,INGELX,Jaxson Dart,New York Giants,1,0,0,Detroit Lions,1,1,Pre-ETR,43.jpg
42,1,48,Kyle Pitts,TE,Atlanta Falcons,HETT711,Kirk Cousins,Atlanta Falcons,1,,,New Orleans Saints,0,0,Pre-ETR,43.jpg
42,1,49,Darnell Mooney,WR,Atlanta Falcons,HETT711,Kirk Cousins,Atlanta Falcons,1,,,New Orleans Saints,0,0,Pre-ETR,43.jpg
42,2,50,Emanuel Wilson,RB,Green Bay Packers,INGELX,Jaxson Dart,New York Giants,0,,,Minnesota Vikings,0,0,Pre-ETR,43.jpg
42,3,51,Jared Goff,QB,Detroit Lions,KREAR72,Jared Goff,Detroit Lions,1,2,1,New York Giants,1,1,Pre-ETR,43.jpg
42,4,52,Michael Pittman Jr.,WR,Indianapolis Colts,CRBLAKE2,Patrick Mahomes,Kansas City Chiefs,0,,,Kansas City Chiefs,2,1,Pre-ETR,43.jpg
42,5,53,Sam Darnold,QB,Seattle Seahawks,CGEEEEEE,Sam Darnold,Seattle Seahawks,1,1,1,Tennessee Titans,0,0,Pre-ETR,43.jpg
42,6,54,Michael Wilson,WR,Arizona Cardinals,JEWISHMCCAF,Lamar Jackson,Baltimore Ravens,0,,,Jacksonville Jaguars,0,0,Pre-ETR,43.jpg
42,7,55,Brian Thomas,WR,Jacksonville Jaguars,RANDERS,Trevor Lawrence,Jacksonville Jaguars,1,,,Arizona Cardinals,1,1,Pre-ETR,43.jpg
42,8,56,Marvin Harrison,WR,Arizona Cardinals,TUBINIS2121,Daniel Jones,Indianapolis Colts,0,,,Jacksonville Jaguars,1,1,Pre-ETR,43.jpg
42,9,57,Josh Jacobs,RB,Green Bay Packers,KRUTCHES93,Drake Maye,New England Patriots,0,,,Minnesota Vikings,0,0,Pre-ETR,43.jpg
42,10,58,David Montgomery,RB,Detroit Lions,GFORGUMBY,Dak Prescott,Dallas Cowboys,0,,,New York Giants,0,0,Pre-ETR,43.jpg
42,11,59,Luther Burden,WR,Chicago Bears,PIRI24,Caleb Williams,Chicago Bears,1,,,Pittsburgh Steelers,1,1,Pre-ETR,43.jpg
42,12,60,Alvin Kamara,RB,New Orleans Saints,CHRIS,Jalen Hurts,Philadelphia Eagles,0,,,Atlanta Falcons,0,0,Pre-ETR,43.jpg
42,12,61,Tyrone Tracy,RB,New York Giants,CHRIS,Jalen Hurts,Philadelphia Eagles,0,,,Detroit Lions,0,0,Pre-ETR,43.jpg
42,11,62,Caleb Williams,QB,Chicago Bears,PIRI24,Caleb Williams,Chicago Bears,1,1,1,Pittsburgh Steelers,1,1,Pre-ETR,43.jpg
42,10,63,Mark Andrews,TE,Baltimore Ravens,GFORGUMBY,Dak Prescott,Dallas Cowboys,0,,,New York Jets,0,0,Pre-ETR,43.jpg
42,9,64,Romeo Doubs,WR,Green Bay Packers,KRUTCHES93,Drake Maye,New England Patriots,0,,,Minnesota Vikings,0,0,Pre-ETR,43.jpg
42,8,65,Alec Pierce,WR,Indianapolis Colts,TUBINIS2121,Daniel Jones,Indianapolis Colts,1,,,Kansas City Chiefs,1,1,Pre-ETR,43.jpg
42,7,66,Trevor Lawrence,QB,Jacksonville Jaguars,RANDERS,Trevor Lawrence,Jacksonville Jaguars,1,1,1,Arizona Cardinals,1,1,Pre-ETR,43.jpg
42,6,67,Zach Charbonnet,RB,Seattle Seahawks,JEWISHMCCAF,Lamar Jackson,Baltimore Ravens,0,,,Tennessee Titans,0,0,Pre-ETR,43.jpg
42,5,68,Juwan Johnson,TE,New Orleans Saints,CGEEEEEE,Sam Darnold,Seattle Seahawks,0,,,Atlanta Falcons,0,0,Pre-ETR,43.jpg
42,4,69,Brenton Strange,TE,Jacksonville Jaguars,CRBLAKE2,Patrick Mahomes,Kansas City Chiefs,0,,,Arizona Cardinals,0,0,Pre-ETR,43.jpg
42,3,70,Theo Johnson,TE,New York Giants,KREAR72,Jared Goff,Detroit Lions,0,,,Detroit Lions,3,1,Pre-ETR,43.jpg
42,2,71,Brock Wright,TE,Detroit Lions,INGELX,Jaxson Dart,New York Giants,0,,,New York Giants,1,1,Pre-ETR,43.jpg
42,1,72,Kirk Cousins,QB,Atlanta Falcons,HETT711,Kirk Cousins,Atlanta Falcons,1,2,1,New Orleans Saints,0,0,Pre-ETR,43.jpg
43,1,1,Jonathan Taylor,RB,Indianapolis Colts,JEWISHMCCAF,Trevor Lawrence,Jacksonville Jaguars,0,,,Kansas City Chiefs,0,0,Pre-ETR,44.jpg
43,2,2,Bijan Robinson,RB,Atlanta Falcons,INGELX,Caleb Williams,Chicago Bears,0,,,New Orleans Saints,0,0,Pre-ETR,44.jpg
43,3,3,Jahmyr Gibbs,RB,Detroit Lions,CRBLAKE2,Jaxson Dart,New York Giants,0,,,New York Giants,1,1,Pre-ETR,44.jpg
43,4,4,Jaxon Smith-Njigba,WR,Seattle Seahawks,IRONRAM8,Sam Darnold,Seattle Seahawks,1,,,Tennessee Titans,0,0,Pre-ETR,44.jpg
43,5,5,Saquon Barkley,RB,Philadelphia Eagles,CGEEEEEE,Jared Goff,Detroit Lions,0,,,Dallas Cowboys,1,1,Pre-ETR,44.jpg
43,6,6,Amon-Ra St. Brown,WR,Detroit Lions,LENKEITH,Lamar Jackson,Baltimore Ravens,0,,,New York Giants,0,0,Pre-ETR,44.jpg
43,7,7,CeeDee Lamb,WR,Dallas Cowboys,GOATHOPGRO,Dak Prescott,Dallas Cowboys,1,,,Philadelphia Eagles,1,1,Pre-ETR,44.jpg
43,8,8,Trey McBride,TE,Arizona Cardinals,RANDERS,Drake Maye,New England Patriots,0,,,Jacksonville Jaguars,1,1,Pre-ETR,44.jpg
43,9,9,Derrick Henry,RB,Baltimore Ravens,KRUTCHES93,Jacoby Brissett,Arizona Cardinals,0,,,New York Jets,0,0,Pre-ETR,44.jpg
43,10,10,Rashee Rice,WR,Kansas City Chiefs,GFORGUMBY,Patrick Mahomes,Kansas City Chiefs,1,,,Indianapolis Colts,0,0,Pre-ETR,44.jpg
43,11,11,TreVeyon Henderson,RB,New England Patriots,ROOKIE,Daniel Jones,Indianapolis Colts,0,,,Cincinnati Bengals,1,1,Pre-ETR,44.jpg
43,12,12,Travis Etienne Jr.,RB,Jacksonville Jaguars,GABRAINOS,Jalen Hurts,Philadelphia Eagles,0,,,Arizona Cardinals,0,0,Pre-ETR,44.jpg
43,12,13,Jalen Hurts,QB,Philadelphia Eagles,GABRAINOS,Jalen Hurts,Philadelphia Eagles,1,0,0,Dallas Cowboys,0,0,Pre-ETR,44.jpg
43,11,14,Tee Higgins,WR,Cincinnati Bengals,ROOKIE,Daniel Jones,Indianapolis Colts,0,,,New England Patriots,1,1,Pre-ETR,44.jpg
43,10,15,Javonte Williams,RB,Dallas Cowboys,GFORGUMBY,Patrick Mahomes,Kansas City Chiefs,0,,,Philadelphia Eagles,0,0,Pre-ETR,44.jpg
43,9,16,Brock Bowers,TE,Las Vegas Raiders,KRUTCHES93,Jacoby Brissett,Arizona Cardinals,0,,,Cleveland Browns,0,0,Pre-ETR,44.jpg
43,8,17,Drake Maye,QB,New England Patriots,RANDERS,Drake Maye,New England Patriots,1,0,0,Cincinnati Bengals,0,0,Pre-ETR,44.jpg
43,7,18,A.J. Brown,WR,Philadelphia Eagles,GOATHOPGRO,Dak Prescott,Dallas Cowboys,0,,,Dallas Cowboys,2,1,Pre-ETR,44.jpg
43,6,19,Lamar Jackson,QB,Baltimore Ravens,LENKEITH,Lamar Jackson,Baltimore Ravens,1,2,1,New York Jets,0,0,Pre-ETR,44.jpg
43,5,20,Justin Jefferson,WR,Minnesota Vikings,CGEEEEEE,Jared Goff,Detroit Lions,0,,,Green Bay Packers,0,0,Pre-ETR,44.jpg
43,4,21,Chris Olave,WR,New Orleans Saints,IRONRAM8,Sam Darnold,Seattle Seahawks,0,,,Atlanta Falcons,0,0,Pre-ETR,44.jpg
43,3,22,Tyler Warren,TE,Indianapolis Colts,CRBLAKE2,Jaxson Dart,New York Giants,0,,,Kansas City Chiefs,1,1,Pre-ETR,44.jpg
43,2,23,Jameson Williams,WR,Detroit Lions,INGELX,Caleb Williams,Chicago Bears,0,,,New York Giants,0,0,Pre-ETR,44.jpg
43,1,24,George Pickens,WR,Dallas Cowboys,JEWISHMCCAF,Trevor Lawrence,Jacksonville Jaguars,0,,,Philadelphia Eagles,2,1,Pre-ETR,44.jpg
43,1,25,DeVonta Smith,WR,Philadelphia Eagles,JEWISHMCCAF,Trevor Lawrence,Jacksonville Jaguars,0,,,Dallas Cowboys,1,1,Pre-ETR,44.jpg
43,2,26,Kenneth Walker III,RB,Seattle Seahawks,INGELX,Caleb Williams,Chicago Bears,0,,,Tennessee Titans,0,0,Pre-ETR,44.jpg
43,3,27,Jaxson Dart,QB,New York Giants,CRBLAKE2,Jaxson Dart,New York Giants,1,0,0,Detroit Lions,1,1,Pre-ETR,44.jpg
43,4,28,Stefon Diggs,WR,New England Patriots,IRONRAM8,Sam Darnold,Seattle Seahawks,0,,,Cincinnati Bengals,0,0,Pre-ETR,44.jpg
43,5,29,Chase Brown,RB,Cincinnati Bengals,CGEEEEEE,Jared Goff,Detroit Lions,0,,,New England Patriots,1,1,Pre-ETR,44.jpg
43,6,30,Zay Flowers,WR,Baltimore Ravens,LENKEITH,Lamar Jackson,Baltimore Ravens,1,,,New York Jets,0,0,Pre-ETR,44.jpg
43,7,31,Quinshon Judkins,RB,Cleveland Browns,GOATHOPGRO,Dak Prescott,Dallas Cowboys,0,,,Las Vegas Raiders,0,0,Pre-ETR,44.jpg
43,8,32,Breece Hall,RB,New York Jets,RANDERS,Drake Maye,New England Patriots,0,,,Baltimore Ravens,0,0,Pre-ETR,44.jpg
43,9,33,DK Metcalf,WR,Pittsburgh Steelers,KRUTCHES93,Jacoby Brissett,Arizona Cardinals,0,,,Chicago Bears,1,1,Pre-ETR,44.jpg
43,10,34,Patrick Mahomes,QB,Kansas City Chiefs,GFORGUMBY,Patrick Mahomes,Kansas City Chiefs,1,1,1,Indianapolis Colts,0,0,Pre-ETR,44.jpg
43,11,35,Ashton Jeanty,RB,Las Vegas Raiders,ROOKIE,Daniel Jones,Indianapolis Colts,0,,,Cleveland Browns,0,0,Pre-ETR,44.jpg
43,12,36,Travis Kelce,TE,Kansas City Chiefs,GABRAINOS,Jalen Hurts,Philadelphia Eagles,0,,,Indianapolis Colts,1,1,Pre-ETR,44.jpg
43,12,37,Rome Odunze,WR,Chicago Bears,GABRAINOS,Jalen Hurts,Philadelphia Eagles,0,,,Pittsburgh Steelers,1,1,Pre-ETR,44.jpg
43,11,38,Michael Pittman Jr.,WR,Indianapolis Colts,ROOKIE,Daniel Jones,Indianapolis Colts,1,,,Kansas City Chiefs,0,0,Pre-ETR,44.jpg
43,10,39,Aaron Jones,RB,Minnesota Vikings,GFORGUMBY,Patrick Mahomes,Kansas City Chiefs,0,,,Green Bay Packers,0,0,Pre-ETR,44.jpg
43,9,40,D'Andre Swift,RB,Chicago Bears,KRUTCHES93,Jacoby Brissett,Arizona Cardinals,0,,,Pittsburgh Steelers,1,1,Pre-ETR,44.jpg
43,8,41,David Montgomery,RB,Detroit Lions,RANDERS,Drake Maye,New England Patriots,0,,,New York Giants,1,1,Pre-ETR,44.jpg
43,7,42,Dak Prescott,QB,Dallas Cowboys,GOATHOPGRO,Dak Prescott,Dallas Cowboys,1,1,1,Philadelphia Eagles,1,1,Pre-ETR,44.jpg
43,6,43,Jaylen Warren,RB,Pittsburgh Steelers,LENKEITH,Lamar Jackson,Baltimore Ravens,0,,,Chicago Bears,0,0,Pre-ETR,44.jpg
43,5,44,Jared Goff,QB,Detroit Lions,CGEEEEEE,Jared Goff,Detroit Lions,1,0,0,New York Giants,0,0,Pre-ETR,44.jpg
43,4,45,Emanuel Wilson,RB,Green Bay Packers,IRONRAM8,Sam Darnold,Seattle Seahawks,0,,,Minnesota Vikings,0,0,Pre-ETR,44.jpg
43,3,46,Michael Wilson,WR,Arizona Cardinals,CRBLAKE2,Jaxson Dart,New York Giants,0,,,Jacksonville Jaguars,0,0,Pre-ETR,44.jpg
43,2,47,Hunter Henry,TE,New England Patriots,INGELX,Caleb Williams,Chicago Bears,0,,,Cincinnati Bengals,0,0,Pre-ETR,44.jpg
43,1,48,Alvin Kamara,RB,New Orleans Saints,JEWISHMCCAF,Trevor Lawrence,Jacksonville Jaguars,0,,,Atlanta Falcons,0,0,Pre-ETR,44.jpg
43,1,49,Dallas Goedert,TE,Philadelphia Eagles,JEWISHMCCAF,Trevor Lawrence,Jacksonville Jaguars,0,,,Dallas Cowboys,1,1,Pre-ETR,44.jpg
43,2,50,Caleb Williams,QB,Chicago Bears,INGELX,Caleb Williams,Chicago Bears,1,1,1,Pittsburgh Steelers,0,0,Pre-ETR,44.jpg
43,3,51,Xavier Worthy,WR,Kansas City Chiefs,CRBLAKE2,Jaxson Dart,New York Giants,0,,,Indianapolis Colts,1,1,Pre-ETR,44.jpg
43,4,52,Sam Darnold,QB,Seattle Seahawks,IRONRAM8,Sam Darnold,Seattle Seahawks,1,2,1,Tennessee Titans,0,0,Pre-ETR,44.jpg
43,5,53,Jake Ferguson,TE,Dallas Cowboys,CGEEEEEE,Jared Goff,Detroit Lions,0,,,Philadelphia Eagles,1,1,Pre-ETR,44.jpg
43,6,54,Rhamondre Stevenson,RB,New England Patriots,LENKEITH,Lamar Jackson,Baltimore Ravens,0,,,Cincinnati Bengals,0,0,Pre-ETR,44.jpg
43,7,55,Josh Jacobs,RB,Green Bay Packers,GOATHOPGRO,Dak Prescott,Dallas Cowboys,0,,,Minnesota Vikings,0,0,Pre-ETR,44.jpg
43,8,56,Wan'Dale Robinson,WR,New York Giants,RANDERS,Drake Maye,New England Patriots,0,,,Detroit Lions,1,1,Pre-ETR,44.jpg
43,9,57,Marvin Harrison,WR,Arizona Cardinals,KRUTCHES93,Jacoby Brissett,Arizona Cardinals,1,,,Jacksonville Jaguars,0,0,Pre-ETR,44.jpg
43,10,58,Darnell Mooney,WR,Atlanta Falcons,GFORGUMBY,Patrick Mahomes,Kansas City Chiefs,0,,,New Orleans Saints,1,1,Pre-ETR,44.jpg
43,11,59,Daniel Jones,QB,Indianapolis Colts,ROOKIE,Daniel Jones,Indianapolis Colts,1,1,1,Kansas City Chiefs,0,0,Pre-ETR,44.jpg
43,12,60,Kenneth Gainwell,RB,Pittsburgh Steelers,GABRAINOS,Jalen Hurts,Philadelphia Eagles,0,,,Chicago Bears,1,1,Pre-ETR,44.jpg
43,12,61,Alec Pierce,WR,Indianapolis Colts,GABRAINOS,Jalen Hurts,Philadelphia Eagles,0,,,Kansas City Chiefs,1,1,Pre-ETR,44.jpg
43,11,62,Theo Johnson,TE,New York Giants,ROOKIE,Daniel Jones,Indianapolis Colts,0,,,Detroit Lions,0,0,Pre-ETR,44.jpg
43,10,63,Juwan Johnson,TE,New Orleans Saints,GFORGUMBY,Patrick Mahomes,Kansas City Chiefs,0,,,Atlanta Falcons,1,1,Pre-ETR,44.jpg
43,9,64,Jacoby Brissett,QB,Arizona Cardinals,KRUTCHES93,Jacoby Brissett,Arizona Cardinals,1,1,1,Jacksonville Jaguars,0,0,Pre-ETR,44.jpg
43,8,65,Brian Thomas,WR,Jacksonville Jaguars,RANDERS,Drake Maye,New England Patriots,0,,,Arizona Cardinals,1,1,Pre-ETR,44.jpg
43,7,66,Kyle Pitts,TE,Atlanta Falcons,GOATHOPGRO,Dak Prescott,Dallas Cowboys,0,,,New Orleans Saints,0,0,Pre-ETR,44.jpg
43,6,67,Mark Andrews,TE,Baltimore Ravens,LENKEITH,Lamar Jackson,Baltimore Ravens,1,,,New York Jets,0,0,Pre-ETR,44.jpg
43,5,68,Kayshon Boutte,WR,New England Patriots,CGEEEEEE,Jared Goff,Detroit Lions,0,,,Cincinnati Bengals,1,1,Pre-ETR,44.jpg
43,4,69,AJ Barner,TE,Seattle Seahawks,IRONRAM8,Sam Darnold,Seattle Seahawks,1,,,Tennessee Titans,0,0,Pre-ETR,44.jpg
43,3,70,Christian Watson,WR,Green Bay Packers,CRBLAKE2,Jaxson Dart,New York Giants,0,,,Minnesota Vikings,0,0,Pre-ETR,44.jpg
43,2,71,Luther Burden,WR,Chicago Bears,INGELX,Caleb Williams,Chicago Bears,1,,,Pittsburgh Steelers,0,0,Pre-ETR,44.jpg
43,1,72,Trevor Lawrence,QB,Jacksonville Jaguars,JEWISHMCCAF,Trevor Lawrence,Jacksonville Jaguars,1,0,0,Arizona Cardinals,0,0,Pre-ETR,44.jpg
44,1,1,Jahmyr Gibbs,RB,Detroit Lions,CGEEEEEE,Dak Prescott,Dallas Cowboys,0,,,New York Giants,0,0,Pre-ETR,45.jpg
44,2,2,Jonathan Taylor,RB,Indianapolis Colts,MARIOSOLAR,Patrick Mahomes,Kansas City Chiefs,0,,,Kansas City Chiefs,1,1,Pre-ETR,45.jpg
44,3,3,Bijan Robinson,RB,Atlanta Falcons,OHVA216,Sam Darnold,Seattle Seahawks,0,,,New Orleans Saints,0,0,Pre-ETR,45.jpg
44,4,4,Saquon Barkley,RB,Philadelphia Eagles,JGFC,Jared Goff,Detroit Lions,0,,,Dallas Cowboys,0,0,Pre-ETR,45.jpg
44,5,5,Jaxon Smith-Njigba,WR,Seattle Seahawks,JEWISHMCCAF,Jalen Hurts,Philadelphia Eagles,0,,,Tennessee Titans,0,0,Pre-ETR,45.jpg
44,6,6,Amon-Ra St. Brown,WR,Detroit Lions,BEATNGU,Trevor Lawrence,Jacksonville Jaguars,0,,,New York Giants,0,0,Pre-ETR,45.jpg
44,7,7,Trey McBride,TE,Arizona Cardinals,KRUTCHES93,Jacoby Brissett,Arizona Cardinals,1,,,Jacksonville Jaguars,0,0,Pre-ETR,45.jpg
44,8,8,Derrick Henry,RB,Baltimore Ravens,GFORGUMBY,Daniel Jones,Indianapolis Colts,0,,,New York Jets,0,0,Pre-ETR,45.jpg
44,9,9,CeeDee Lamb,WR,Dallas Cowboys,PIRI24,Lamar Jackson,Baltimore Ravens,0,,,Philadelphia Eagles,0,0,Pre-ETR,45.jpg
44,10,10,Rashee Rice,WR,Kansas City Chiefs,HETT711,Caleb Williams,Chicago Bears,0,,,Indianapolis Colts,0,0,Pre-ETR,45.jpg
44,11,11,TreVeyon Henderson,RB,New England Patriots,LEE121503,Drake Maye,New England Patriots,1,,,Cincinnati Bengals,1,1,Pre-ETR,45.jpg
44,12,12,Travis Etienne Jr.,RB,Jacksonville Jaguars,TUBINIS2121,Jaxson Dart,New York Giants,0,,,Arizona Cardinals,1,1,Pre-ETR,45.jpg
44,12,13,Brock Bowers,TE,Las Vegas Raiders,TUBINIS2121,Jaxson Dart,New York Giants,0,,,Cleveland Browns,0,0,Pre-ETR,45.jpg
44,11,14,Drake Maye,QB,New England Patriots,LEE121503,Drake Maye,New England Patriots,1,1,1,Cincinnati Bengals,1,1,Pre-ETR,45.jpg
44,10,15,Chase Brown,RB,Cincinnati Bengals,HETT711,Caleb Williams,Chicago Bears,0,,,New England Patriots,0,0,Pre-ETR,45.jpg
44,9,16,Lamar Jackson,QB,Baltimore Ravens,PIRI24,Lamar Jackson,Baltimore Ravens,1,1,1,New York Jets,1,1,Pre-ETR,45.jpg
44,8,17,Javonte Williams,RB,Dallas Cowboys,GFORGUMBY,Daniel Jones,Indianapolis Colts,0,,,Philadelphia Eagles,0,0,Pre-ETR,45.jpg
44,7,18,Tee Higgins,WR,Cincinnati Bengals,KRUTCHES93,Jacoby Brissett,Arizona Cardinals,0,,,New England Patriots,1,1,Pre-ETR,45.jpg
44,6,19,Chris Olave,WR,New Orleans Saints,BEATNGU,Trevor Lawrence,Jacksonville Jaguars,0,,,Atlanta Falcons,0,0,Pre-ETR,45.jpg
44,5,20,Jalen Hurts,QB,Philadelphia Eagles,JEWISHMCCAF,Jalen Hurts,Philadelphia Eagles,1,0,0,Dallas Cowboys,1,1,Pre-ETR,45.jpg
44,4,21,Jameson Williams,WR,Detroit Lions,JGFC,Jared Goff,Detroit Lions,1,,,New York Giants,0,0,Pre-ETR,45.jpg
44,3,22,A.J. Brown,WR,Philadelphia Eagles,OHVA216,Sam Darnold,Seattle Seahawks,0,,,Dallas Cowboys,0,0,Pre-ETR,45.jpg
44,2,23,DeVonta Smith,WR,Philadelphia Eagles,MARIOSOLAR,Patrick Mahomes,Kansas City Chiefs,0,,,Dallas Cowboys,0,0,Pre-ETR,45.jpg
44,1,24,Justin Jefferson,WR,Minnesota Vikings,CGEEEEEE,Dak Prescott,Dallas Cowboys,0,,,Green Bay Packers,1,1,Pre-ETR,45.jpg
44,1,25,George Pickens,WR,Dallas Cowboys,CGEEEEEE,Dak Prescott,Dallas Cowboys,1,,,Philadelphia Eagles,0,0,Pre-ETR,45.jpg
44,2,26,Patrick Mahomes,QB,Kansas City Chiefs,MARIOSOLAR,Patrick Mahomes,Kansas City Chiefs,1,0,0,Indianapolis Colts,1,1,Pre-ETR,45.jpg
44,3,27,Tyler Warren,TE,Indianapolis Colts,OHVA216,Sam Darnold,Seattle Seahawks,0,,,Kansas City Chiefs,0,0,Pre-ETR,45.jpg
44,4,28,Travis Kelce,TE,Kansas City Chiefs,JGFC,Jared Goff,Detroit Lions,0,,,Indianapolis Colts,1,1,Pre-ETR,45.jpg
44,5,29,Quinshon Judkins,RB,Cleveland Browns,JEWISHMCCAF,Jalen Hurts,Philadelphia Eagles,0,,,Las Vegas Raiders,0,0,Pre-ETR,45.jpg
44,6,30,Kenneth Walker III,RB,Seattle Seahawks,BEATNGU,Trevor Lawrence,Jacksonville Jaguars,0,,,Tennessee Titans,0,0,Pre-ETR,45.jpg
44,7,31,Stefon Diggs,WR,New England Patriots,KRUTCHES93,Jacoby Brissett,Arizona Cardinals,0,,,Cincinnati Bengals,1,1,Pre-ETR,45.jpg
44,8,32,DK Metcalf,WR,Pittsburgh Steelers,GFORGUMBY,Daniel Jones,Indianapolis Colts,0,,,Chicago Bears,0,0,Pre-ETR,45.jpg
44,9,33,Zay Flowers,WR,Baltimore Ravens,PIRI24,Lamar Jackson,Baltimore Ravens,1,,,New York Jets,1,1,Pre-ETR,45.jpg
44,10,34,Ashton Jeanty,RB,Las Vegas Raiders,HETT711,Caleb Williams,Chicago Bears,0,,,Cleveland Browns,0,0,Pre-ETR,45.jpg
44,11,35,Jaylen Warren,RB,Pittsburgh Steelers,LEE121503,Drake Maye,New England Patriots,0,,,Chicago Bears,1,1,Pre-ETR,45.jpg
44,12,36,Jaxson Dart,QB,New York Giants,TUBINIS2121,Jaxson Dart,New York Giants,1,1,1,Detroit Lions,0,0,Pre-ETR,45.jpg
44,12,37,Wan'Dale Robinson,WR,New York Giants,TUBINIS2121,Jaxson Dart,New York Giants,1,,,Detroit Lions,0,0,Pre-ETR,45.jpg
44,11,38,Rome Odunze,WR,Chicago Bears,LEE121503,Drake Maye,New England Patriots,0,,,Pittsburgh Steelers,1,1,Pre-ETR,45.jpg
44,10,39,Dallas Goedert,TE,Philadelphia Eagles,HETT711,Caleb Williams,Chicago Bears,0,,,Dallas Cowboys,0,0,Pre-ETR,45.jpg
44,9,40,Breece Hall,RB,New York Jets,PIRI24,Lamar Jackson,Baltimore Ravens,0,,,Baltimore Ravens,2,1,Pre-ETR,45.jpg
44,8,41,Michael Pittman Jr.,WR,Indianapolis Colts,GFORGUMBY,Daniel Jones,Indianapolis Colts,1,,,Kansas City Chiefs,0,0,Pre-ETR,45.jpg
44,7,42,D'Andre Swift,RB,Chicago Bears,KRUTCHES93,Jacoby Brissett,Arizona Cardinals,0,,,Pittsburgh Steelers,0,0,Pre-ETR,45.jpg
44,6,43,Hunter Henry,TE,New England Patriots,BEATNGU,Trevor Lawrence,Jacksonville Jaguars,0,,,Cincinnati Bengals,0,0,Pre-ETR,45.jpg
44,5,44,Aaron Jones,RB,Minnesota Vikings,JEWISHMCCAF,Jalen Hurts,Philadelphia Eagles,0,,,Green Bay Packers,0,0,Pre-ETR,45.jpg
44,4,45,Jared Goff,QB,Detroit Lions,JGFC,Jared Goff,Detroit Lions,1,1,1,New York Giants,0,0,Pre-ETR,45.jpg
44,3,46,David Montgomery,RB,Detroit Lions,OHVA216,Sam Darnold,Seattle Seahawks,0,,,New York Giants,0,0,Pre-ETR,45.jpg
44,2,47,Michael Wilson,WR,Arizona Cardinals,MARIOSOLAR,Patrick Mahomes,Kansas City Chiefs,0,,,Jacksonville Jaguars,1,1,Pre-ETR,45.jpg
44,1,48,Emanuel Wilson,RB,Green Bay Packers,CGEEEEEE,Dak Prescott,Dallas Cowboys,0,,,Minnesota Vikings,1,1,Pre-ETR,45.jpg
44,1,49,Dak Prescott,QB,Dallas Cowboys,CGEEEEEE,Dak Prescott,Dallas Cowboys,1,1,1,Philadelphia Eagles,0,0,Pre-ETR,45.jpg
44,2,50,Juwan Johnson,TE,New Orleans Saints,MARIOSOLAR,Patrick Mahomes,Kansas City Chiefs,0,,,Atlanta Falcons,0,0,Pre-ETR,45.jpg
44,3,51,Sam Darnold,QB,Seattle Seahawks,OHVA216,Sam Darnold,Seattle Seahawks,1,1,1,Tennessee Titans,0,0,Pre-ETR,45.jpg
44,4,52,Josh Jacobs,RB,Green Bay Packers,JGFC,Jared Goff,Detroit Lions,0,,,Minnesota Vikings,0,0,Pre-ETR,45.jpg
44,5,53,Jake Ferguson,TE,Dallas Cowboys,JEWISHMCCAF,Jalen Hurts,Philadelphia Eagles,0,,,Philadelphia Eagles,1,1,Pre-ETR,45.jpg
44,6,54,Kenneth Gainwell,RB,Pittsburgh Steelers,BEATNGU,Trevor Lawrence,Jacksonville Jaguars,0,,,Chicago Bears,0,0,Pre-ETR,45.jpg
44,7,55,Jacoby Brissett,QB,Arizona Cardinals,KRUTCHES93,Jacoby Brissett,Arizona Cardinals,1,1,1,Jacksonville Jaguars,0,0,Pre-ETR,45.jpg
44,8,56,Daniel Jones,QB,Indianapolis Colts,GFORGUMBY,Daniel Jones,Indianapolis Colts,1,1,1,Kansas City Chiefs,0,0,Pre-ETR,45.jpg
44,9,57,Kyle Pitts,TE,Atlanta Falcons,PIRI24,Lamar Jackson,Baltimore Ravens,0,,,New Orleans Saints,0,0,Pre-ETR,45.jpg
44,10,58,Caleb Williams,QB,Chicago Bears,HETT711,Caleb Williams,Chicago Bears,1,1,1,Pittsburgh Steelers,0,0,Pre-ETR,45.jpg
44,11,59,Xavier Worthy,WR,Kansas City Chiefs,LEE121503,Drake Maye,New England Patriots,0,,,Indianapolis Colts,0,0,Pre-ETR,45.jpg
44,12,60,Marvin Harrison,WR,Arizona Cardinals,TUBINIS2121,Jaxson Dart,New York Giants,0,,,Jacksonville Jaguars,1,1,Pre-ETR,45.jpg
44,12,61,Alvin Kamara,RB,New Orleans Saints,TUBINIS2121,Jaxson Dart,New York Giants,0,,,Atlanta Falcons,0,0,Pre-ETR,45.jpg
44,11,62,Noah Fant,TE,Cincinnati Bengals,LEE121503,Drake Maye,New England Patriots,0,,,New England Patriots,2,1,Pre-ETR,45.jpg
44,10,63,D.J. Moore,WR,Chicago Bears,HETT711,Caleb Williams,Chicago Bears,1,,,Pittsburgh Steelers,0,0,Pre-ETR,45.jpg
44,9,64,Zach Charbonnet,RB,Seattle Seahawks,PIRI24,Lamar Jackson,Baltimore Ravens,0,,,Tennessee Titans,0,0,Pre-ETR,45.jpg
44,8,65,Brenton Strange,TE,Jacksonville Jaguars,GFORGUMBY,Daniel Jones,Indianapolis Colts,0,,,Arizona Cardinals,0,0,Pre-ETR,45.jpg
44,7,66,Romeo Doubs,WR,Green Bay Packers,KRUTCHES93,Jacoby Brissett,Arizona Cardinals,0,,,Minnesota Vikings,0,0,Pre-ETR,45.jpg
44,6,67,Trevor Lawrence,QB,Jacksonville Jaguars,BEATNGU,Trevor Lawrence,Jacksonville Jaguars,1,0,0,Arizona Cardinals,0,0,Pre-ETR,45.jpg
44,5,68,Darnell Mooney,WR,Atlanta Falcons,JEWISHMCCAF,Jalen Hurts,Philadelphia Eagles,0,,,New Orleans Saints,0,0,Pre-ETR,45.jpg
44,4,69,Alec Pierce,WR,Indianapolis Colts,JGFC,Jared Goff,Detroit Lions,0,,,Kansas City Chiefs,1,1,Pre-ETR,45.jpg
44,3,70,Rashid Shaheed,WR,Seattle Seahawks,OHVA216,Sam Darnold,Seattle Seahawks,1,,,Tennessee Titans,0,0,Pre-ETR,45.jpg
44,2,71,Brian Thomas,WR,Jacksonville Jaguars,MARIOSOLAR,Patrick Mahomes,Kansas City Chiefs,0,,,Arizona Cardinals,1,1,Pre-ETR,45.jpg
44,1,72,Mark Andrews,TE,Baltimore Ravens,CGEEEEEE,Dak Prescott,Dallas Cowboys,0,,,New York Jets,0,0,Pre-ETR,45.jpg
45,1,1,Jonathan Taylor,RB,Indianapolis Colts,LENKEITH,Jaxson Dart,New York Giants,0,,,Kansas City Chiefs,0,0,Pre-ETR,46.jpg
45,2,2,Jahmyr Gibbs,RB,Detroit Lions,GPNGC,Jared Goff,Detroit Lions,1,,,New York Giants,0,0,Pre-ETR,46.jpg
45,3,3,Bijan Robinson,RB,Atlanta Falcons,JEWISHMCCAF,Patrick Mahomes,Kansas City Chiefs,0,,,New Orleans Saints,1,1,Pre-ETR,46.jpg
45,4,4,Saquon Barkley,RB,Philadelphia Eagles,PIRI24,Trevor Lawrence,Jacksonville Jaguars,0,,,Dallas Cowboys,0,0,Pre-ETR,46.jpg
45,5,5,Amon-Ra St. Brown,WR,Detroit Lions,KRUTCHES93,Lamar Jackson,Baltimore Ravens,0,,,New York Giants,0,0,Pre-ETR,46.jpg
45,6,6,Jaxon Smith-Njigba,WR,Seattle Seahawks,FANTASYGRIN,Tyler Shough,New Orleans Saints,0,,,Tennessee Titans,0,0,Pre-ETR,46.jpg
45,7,7,Trey McBride,TE,Arizona Cardinals,GFORGUMBY,Jacoby Brissett,Arizona Cardinals,1,,,Jacksonville Jaguars,0,0,Pre-ETR,46.jpg
45,8,8,Derrick Henry,RB,Baltimore Ravens,KREAR72,Drake Maye,New England Patriots,0,,,New York Jets,0,0,Pre-ETR,46.jpg
45,9,9,CeeDee Lamb,WR,Dallas Cowboys,PATRICKBARN,Dak Prescott,Dallas Cowboys,1,,,Philadelphia Eagles,1,1,Pre-ETR,46.jpg
45,10,10,Rashee Rice,WR,Kansas City Chiefs,TUBINIS2121,Jalen Hurts,Philadelphia Eagles,0,,,Indianapolis Colts,0,0,Pre-ETR,46.jpg
45,11,11,TreVeyon Henderson,RB,New England Patriots,CGEEEEEE,Daniel Jones,Indianapolis Colts,0,,,Cincinnati Bengals,0,0,Pre-ETR,46.jpg
45,12,12,Tee Higgins,WR,Cincinnati Bengals,CHADCANDLES,Sam Darnold,Seattle Seahawks,0,,,New England Patriots,0,0,Pre-ETR,46.jpg
45,12,13,Brock Bowers,TE,Las Vegas Raiders,CHADCANDLES,Sam Darnold,Seattle Seahawks,0,,,Cleveland Browns,0,0,Pre-ETR,46.jpg
45,11,14,Travis Etienne Jr.,RB,Jacksonville Jaguars,CGEEEEEE,Daniel Jones,Indianapolis Colts,0,,,Arizona Cardinals,1,1,Pre-ETR,46.jpg
45,10,15,Jalen Hurts,QB,Philadelphia Eagles,TUBINIS2121,Jalen Hurts,Philadelphia Eagles,1,1,1,Dallas Cowboys,0,0,Pre-ETR,46.jpg
45,9,16,A.J. Brown,WR,Philadelphia Eagles,PATRICKBARN,Dak Prescott,Dallas Cowboys,0,,,Dallas Cowboys,2,1,Pre-ETR,46.jpg
45,8,17,Drake Maye,QB,New England Patriots,KREAR72,Drake Maye,New England Patriots,1,0,0,Cincinnati Bengals,0,0,Pre-ETR,46.jpg
45,7,18,Javonte Williams,RB,Dallas Cowboys,GFORGUMBY,Jacoby Brissett,Arizona Cardinals,0,,,Philadelphia Eagles,0,0,Pre-ETR,46.jpg
45,6,19,Justin Jefferson,WR,Minnesota Vikings,FANTASYGRIN,Tyler Shough,New Orleans Saints,0,,,Green Bay Packers,0,0,Pre-ETR,46.jpg
45,5,20,Lamar Jackson,QB,Baltimore Ravens,KRUTCHES93,Lamar Jackson,Baltimore Ravens,1,1,1,New York Jets,0,0,Pre-ETR,46.jpg
45,4,21,DeVonta Smith,WR,Philadelphia Eagles,PIRI24,Trevor Lawrence,Jacksonville Jaguars,0,,,Dallas Cowboys,0,0,Pre-ETR,46.jpg
45,3,22,Chris Olave,WR,New Orleans Saints,JEWISHMCCAF,Patrick Mahomes,Kansas City Chiefs,0,,,Atlanta Falcons,1,1,Pre-ETR,46.jpg
45,2,23,Jameson Williams,WR,Detroit Lions,GPNGC,Jared Goff,Detroit Lions,1,,,New York Giants,0,0,Pre-ETR,46.jpg
45,1,24,George Pickens,WR,Dallas Cowboys,LENKEITH,Jaxson Dart,New York Giants,0,,,Philadelphia Eagles,0,0,Pre-ETR,46.jpg
45,1,25,Tyler Warren,TE,Indianapolis Colts,LENKEITH,Jaxson Dart,New York Giants,0,,,Kansas City Chiefs,0,0,Pre-ETR,46.jpg
45,2,26,Zay Flowers,WR,Baltimore Ravens,GPNGC,Jared Goff,Detroit Lions,0,,,New York Jets,0,0,Pre-ETR,46.jpg
45,3,27,Patrick Mahomes,QB,Kansas City Chiefs,JEWISHMCCAF,Patrick Mahomes,Kansas City Chiefs,1,1,1,Indianapolis Colts,0,0,Pre-ETR,46.jpg
45,4,28,Chase Brown,RB,Cincinnati Bengals,PIRI24,Trevor Lawrence,Jacksonville Jaguars,0,,,New England Patriots,1,1,Pre-ETR,46.jpg
45,5,29,Stefon Diggs,WR,New England Patriots,KRUTCHES93,Lamar Jackson,Baltimore Ravens,0,,,Cincinnati Bengals,0,0,Pre-ETR,46.jpg
45,6,30,Quinshon Judkins,RB,Cleveland Browns,FANTASYGRIN,Tyler Shough,New Orleans Saints,0,,,Las Vegas Raiders,0,0,Pre-ETR,46.jpg
45,7,31,Ashton Jeanty,RB,Las Vegas Raiders,GFORGUMBY,Jacoby Brissett,Arizona Cardinals,0,,,Cleveland Browns,0,0,Pre-ETR,46.jpg
45,8,32,Travis Kelce,TE,Kansas City Chiefs,KREAR72,Drake Maye,New England Patriots,0,,,Indianapolis Colts,0,0,Pre-ETR,46.jpg
45,9,33,Kenneth Walker III,RB,Seattle Seahawks,PATRICKBARN,Dak Prescott,Dallas Cowboys,0,,,Tennessee Titans,0,0,Pre-ETR,46.jpg
45,10,34,DK Metcalf,WR,Pittsburgh Steelers,TUBINIS2121,Jalen Hurts,Philadelphia Eagles,0,,,Chicago Bears,0,0,Pre-ETR,46.jpg
45,11,35,Michael Pittman Jr.,WR,Indianapolis Colts,CGEEEEEE,Daniel Jones,Indianapolis Colts,1,,,Kansas City Chiefs,0,0,Pre-ETR,46.jpg
45,12,36,Aaron Jones,RB,Minnesota Vikings,CHADCANDLES,Sam Darnold,Seattle Seahawks,0,,,Green Bay Packers,1,1,Pre-ETR,46.jpg
45,12,37,Emanuel Wilson,RB,Green Bay Packers,CHADCANDLES,Sam Darnold,Seattle Seahawks,0,,,Minnesota Vikings,1,1,Pre-ETR,46.jpg
45,11,38,Daniel Jones,QB,Indianapolis Colts,CGEEEEEE,Daniel Jones,Indianapolis Colts,1,1,1,Kansas City Chiefs,0,0,Pre-ETR,46.jpg
45,10,39,Dallas Goedert,TE,Philadelphia Eagles,TUBINIS2121,Jalen Hurts,Philadelphia Eagles,1,,,Dallas Cowboys,0,0,Pre-ETR,46.jpg
45,9,40,Dak Prescott,QB,Dallas Cowboys,PATRICKBARN,Dak Prescott,Dallas Cowboys,1,1,1,Philadelphia Eagles,1,1,Pre-ETR,46.jpg
45,8,41,Rome Odunze,WR,Chicago Bears,KREAR72,Drake Maye,New England Patriots,0,,,Pittsburgh Steelers,1,1,Pre-ETR,46.jpg
45,7,42,Wan'Dale Robinson,WR,New York Giants,GFORGUMBY,Jacoby Brissett,Arizona Cardinals,0,,,Detroit Lions,0,0,Pre-ETR,46.jpg
45,6,43,Breece Hall,RB,New York Jets,FANTASYGRIN,Tyler Shough,New Orleans Saints,0,,,Baltimore Ravens,0,0,Pre-ETR,46.jpg
45,5,44,Jaylen Warren,RB,Pittsburgh Steelers,KRUTCHES93,Lamar Jackson,Baltimore Ravens,0,,,Chicago Bears,0,0,Pre-ETR,46.jpg
45,4,45,Hunter Henry,TE,New England Patriots,PIRI24,Trevor Lawrence,Jacksonville Jaguars,0,,,Cincinnati Bengals,1,1,Pre-ETR,46.jpg
45,3,46,Xavier Worthy,WR,Kansas City Chiefs,JEWISHMCCAF,Patrick Mahomes,Kansas City Chiefs,1,,,Indianapolis Colts,0,0,Pre-ETR,46.jpg
45,2,47,Jared Goff,QB,Detroit Lions,GPNGC,Jared Goff,Detroit Lions,1,2,1,New York Giants,0,0,Pre-ETR,46.jpg
45,1,48,Jaxson Dart,QB,New York Giants,LENKEITH,Jaxson Dart,New York Giants,1,1,1,Detroit Lions,0,0,Pre-ETR,46.jpg
45,1,49,D'Andre Swift,RB,Chicago Bears,LENKEITH,Jaxson Dart,New York Giants,0,,,Pittsburgh Steelers,0,0,Pre-ETR,46.jpg
45,2,50,Alvin Kamara,RB,New Orleans Saints,GPNGC,Jared Goff,Detroit Lions,0,,,Atlanta Falcons,0,0,Pre-ETR,46.jpg
45,3,51,David Montgomery,RB,Detroit Lions,JEWISHMCCAF,Patrick Mahomes,Kansas City Chiefs,0,,,New York Giants,1,1,Pre-ETR,46.jpg
45,4,52,Brian Thomas,WR,Jacksonville Jaguars,PIRI24,Trevor Lawrence,Jacksonville Jaguars,1,,,Arizona Cardinals,0,0,Pre-ETR,46.jpg
45,5,53,Josh Jacobs,RB,Green Bay Packers,KRUTCHES93,Lamar Jackson,Baltimore Ravens,0,,,Minnesota Vikings,0,0,Pre-ETR,46.jpg
45,6,54,Juwan Johnson,TE,New Orleans Saints,FANTASYGRIN,Tyler Shough,New Orleans Saints,1,,,Atlanta Falcons,0,0,Pre-ETR,46.jpg
45,7,55,Marvin Harrison,WR,Arizona Cardinals,GFORGUMBY,Jacoby Brissett,Arizona Cardinals,1,,,Jacksonville Jaguars,0,0,Pre-ETR,46.jpg
45,8,56,Kenneth Gainwell,RB,Pittsburgh Steelers,KREAR72,Drake Maye,New England Patriots,0,,,Chicago Bears,1,1,Pre-ETR,46.jpg
45,9,57,Kyle Pitts,TE,Atlanta Falcons,PATRICKBARN,Dak Prescott,Dallas Cowboys,0,,,New Orleans Saints,0,0,Pre-ETR,46.jpg
45,10,58,Rhamondre Stevenson,RB,New England Patriots,TUBINIS2121,Jalen Hurts,Philadelphia Eagles,0,,,Cincinnati Bengals,0,0,Pre-ETR,46.jpg
45,11,59,Jake Ferguson,TE,Dallas Cowboys,CGEEEEEE,Daniel Jones,Indianapolis Colts,0,,,Philadelphia Eagles,0,0,Pre-ETR,46.jpg
45,12,60,Sam Darnold,QB,Seattle Seahawks,CHADCANDLES,Sam Darnold,Seattle Seahawks,1,1,1,Tennessee Titans,0,0,Pre-ETR,46.jpg
45,12,61,Rashid Shaheed,WR,Seattle Seahawks,CHADCANDLES,Sam Darnold,Seattle Seahawks,1,,,Tennessee Titans,0,0,Pre-ETR,46.jpg
45,11,62,Michael Wilson,WR,Arizona Cardinals,CGEEEEEE,Daniel Jones,Indianapolis Colts,0,,,Jacksonville Jaguars,1,1,Pre-ETR,46.jpg
45,10,63,Tyrone Tracy,RB,New York Giants,TUBINIS2121,Jalen Hurts,Philadelphia Eagles,0,,,Detroit Lions,0,0,Pre-ETR,46.jpg
45,9,64,Darnell Mooney,WR,Atlanta Falcons,PATRICKBARN,Dak Prescott,Dallas Cowboys,0,,,New Orleans Saints,0,0,Pre-ETR,46.jpg
45,8,65,Jakobi Meyers,WR,Jacksonville Jaguars,KREAR72,Drake Maye,New England Patriots,0,,,Arizona Cardinals,0,0,Pre-ETR,46.jpg
45,7,66,Jacoby Brissett,QB,Arizona Cardinals,GFORGUMBY,Jacoby Brissett,Arizona Cardinals,1,2,1,Jacksonville Jaguars,0,0,Pre-ETR,46.jpg
45,6,67,Tyler Shough,QB,New Orleans Saints,FANTASYGRIN,Tyler Shough,New Orleans Saints,1,1,1,Atlanta Falcons,0,0,Pre-ETR,46.jpg
45,5,68,Mark Andrews,TE,Baltimore Ravens,KRUTCHES93,Lamar Jackson,Baltimore Ravens,1,,,New York Jets,0,0,Pre-ETR,46.jpg
45,4,69,Trevor Lawrence,QB,Jacksonville Jaguars,PIRI24,Trevor Lawrence,Jacksonville Jaguars,1,1,1,Arizona Cardinals,0,0,Pre-ETR,46.jpg
45,3,70,Theo Johnson,TE,New York Giants,JEWISHMCCAF,Patrick Mahomes,Kansas City Chiefs,0,,,Detroit Lions,1,1,Pre-ETR,46.jpg
45,2,71,AJ Barner,TE,Seattle Seahawks,GPNGC,Jared Goff,Detroit Lions,0,,,Tennessee Titans,0,0,Pre-ETR,46.jpg
45,1,72,Darius Slayton,WR,New York Giants,LENKEITH,Jaxson Dart,New York Giants,1,,,Detroit Lions,0,0,Pre-ETR,46.jpg
46,1,1,Jahmyr Gibbs,RB,Detroit Lions,RAZOR33,Daniel Jones,Indianapolis Colts,0,,,New York Giants,0,0,Pre-ETR,47.png
46,2,2,Jonathan Taylor,RB,Indianapolis Colts,JGFC,Dak Prescott,Dallas Cowboys,0,,,Kansas City Chiefs,0,0,Pre-ETR,47.png
46,3,3,Bijan Robinson,RB,Atlanta Falcons,DABK,Joe Flacco,Cincinnati Bengals,0,,,New Orleans Saints,1,1,Pre-ETR,47.png
46,4,4,Saquon Barkley,RB,Philadelphia Eagles,FKCOOLERS,Patrick Mahomes,Kansas City Chiefs,0,,,Dallas Cowboys,0,0,Pre-ETR,47.png
46,5,5,Amon-Ra St. Brown,WR,Detroit Lions,KRUTCHES93,Lamar Jackson,Baltimore Ravens,0,,,New York Giants,0,0,Pre-ETR,47.png
46,6,6,Jaxon Smith-Njigba,WR,Seattle Seahawks,PATMOORE967,Jalen Hurts,Philadelphia Eagles,0,,,Tennessee Titans,0,0,Pre-ETR,47.png
46,7,7,CeeDee Lamb,WR,Dallas Cowboys,SCHMOE330,J.J. McCarthy,Minnesota Vikings,0,,,Philadelphia Eagles,0,0,Pre-ETR,47.png
46,8,8,Trey McBride,TE,Arizona Cardinals,KINGCOS88,Drake Maye,New England Patriots,0,,,Jacksonville Jaguars,0,0,Pre-ETR,47.png
46,9,9,Derrick Henry,RB,Baltimore Ravens,EMOCOWBOY,Jacoby Brissett,Arizona Cardinals,0,,,New York Jets,0,0,Pre-ETR,47.png
46,10,10,TreVeyon Henderson,RB,New England Patriots,GPNGC,Jaxson Dart,New York Giants,0,,,Cincinnati Bengals,0,0,Pre-ETR,47.png
46,11,11,Rashee Rice,WR,Kansas City Chiefs,TEDDYONFETTI,Jared Goff,Detroit Lions,0,,,Indianapolis Colts,0,0,Pre-ETR,47.png
46,12,12,Brock Bowers,TE,Las Vegas Raiders,LEE121503,Caleb Williams,Chicago Bears,0,,,Cleveland Browns,0,0,Pre-ETR,47.png
46,12,13,Javonte Williams,RB,Dallas Cowboys,LEE121503,Caleb Williams,Chicago Bears,0,,,Philadelphia Eagles,0,0,Pre-ETR,47.png
46,11,14,Travis Etienne Jr.,RB,Jacksonville Jaguars,TEDDYONFETTI,Jared Goff,Detroit Lions,0,,,Arizona Cardinals,0,0,Pre-ETR,47.png
46,10,15,A.J. Brown,WR,Philadelphia Eagles,GPNGC,Jaxson Dart,New York Giants,0,,,Dallas Cowboys,0,0,Pre-ETR,47.png
46,9,16,Tee Higgins,WR,Cincinnati Bengals,EMOCOWBOY,Jacoby Brissett,Arizona Cardinals,0,,,New England Patriots,0,0,Pre-ETR,47.png
46,8,17,Drake Maye,QB,New England Patriots,KINGCOS88,Drake Maye,New England Patriots,1,1,1,Cincinnati Bengals,0,0,Pre-ETR,47.png
46,7,18,Justin Jefferson,WR,Minnesota Vikings,SCHMOE330,J.J. McCarthy,Minnesota Vikings,1,,,Green Bay Packers,0,0,Pre-ETR,47.png
46,6,19,Jalen Hurts,QB,Philadelphia Eagles,PATMOORE967,Jalen Hurts,Philadelphia Eagles,1,0,0,Dallas Cowboys,0,0,Pre-ETR,47.png
46,5,20,Lamar Jackson,QB,Baltimore Ravens,KRUTCHES93,Lamar Jackson,Baltimore Ravens,1,2,1,New York Jets,0,0,Pre-ETR,47.png
46,4,21,Quinshon Judkins,RB,Cleveland Browns,FKCOOLERS,Patrick Mahomes,Kansas City Chiefs,0,,,Las Vegas Raiders,0,0,Pre-ETR,47.png
46,3,22,Chris Olave,WR,New Orleans Saints,DABK,Joe Flacco,Cincinnati Bengals,0,,,Atlanta Falcons,1,1,Pre-ETR,47.png
46,2,23,Jameson Williams,WR,Detroit Lions,JGFC,Dak Prescott,Dallas Cowboys,0,,,New York Giants,0,0,Pre-ETR,47.png
46,1,24,DeVonta Smith,WR,Philadelphia Eagles,RAZOR33,Daniel Jones,Indianapolis Colts,0,,,Dallas Cowboys,1,1,Pre-ETR,47.png
46,1,25,Kenneth Walker III,RB,Seattle Seahawks,RAZOR33,Daniel Jones,Indianapolis Colts,0,,,Tennessee Titans,0,0,Pre-ETR,47.png
46,2,26,George Pickens,WR,Dallas Cowboys,JGFC,Dak Prescott,Dallas Cowboys,1,,,Philadelphia Eagles,1,1,Pre-ETR,47.png
46,3,27,Chase Brown,RB,Cincinnati Bengals,DABK,Joe Flacco,Cincinnati Bengals,1,,,New England Patriots,1,1,Pre-ETR,47.png
46,4,28,Patrick Mahomes,QB,Kansas City Chiefs,FKCOOLERS,Patrick Mahomes,Kansas City Chiefs,1,1,1,Indianapolis Colts,0,0,Pre-ETR,47.png
46,5,29,Zay Flowers,WR,Baltimore Ravens,KRUTCHES93,Lamar Jackson,Baltimore Ravens,1,,,New York Jets,0,0,Pre-ETR,47.png
46,6,30,Tyler Warren,TE,Indianapolis Colts,PATMOORE967,Jalen Hurts,Philadelphia Eagles,0,,,Kansas City Chiefs,0,0,Pre-ETR,47.png
46,7,31,Ashton Jeanty,RB,Las Vegas Raiders,SCHMOE330,J.J. McCarthy,Minnesota Vikings,0,,,Cleveland Browns,0,0,Pre-ETR,47.png
46,8,32,Stefon Diggs,WR,New England Patriots,KINGCOS88,Drake Maye,New England Patriots,1,,,Cincinnati Bengals,0,0,Pre-ETR,47.png
46,9,33,Travis Kelce,TE,Kansas City Chiefs,EMOCOWBOY,Jacoby Brissett,Arizona Cardinals,0,,,Indianapolis Colts,0,0,Pre-ETR,47.png
46,10,34,Rome Odunze,WR,Chicago Bears,GPNGC,Jaxson Dart,New York Giants,0,,,Pittsburgh Steelers,0,0,Pre-ETR,47.png
46,11,35,Breece Hall,RB,New York Jets,TEDDYONFETTI,Jared Goff,Detroit Lions,0,,,Baltimore Ravens,0,0,Pre-ETR,47.png
46,12,36,Jaylen Warren,RB,Pittsburgh Steelers,LEE121503,Caleb Williams,Chicago Bears,0,,,Chicago Bears,2,1,Pre-ETR,47.png
46,12,37,DK Metcalf,WR,Pittsburgh Steelers,LEE121503,Caleb Williams,Chicago Bears,0,,,Chicago Bears,2,1,Pre-ETR,47.png
46,11,38,Wan'Dale Robinson,WR,New York Giants,TEDDYONFETTI,Jared Goff,Detroit Lions,0,,,Detroit Lions,1,1,Pre-ETR,47.png
46,10,39,D'Andre Swift,RB,Chicago Bears,GPNGC,Jaxson Dart,New York Giants,0,,,Pittsburgh Steelers,0,0,Pre-ETR,47.png
46,9,40,Michael Wilson,WR,Arizona Cardinals,EMOCOWBOY,Jacoby Brissett,Arizona Cardinals,1,,,Jacksonville Jaguars,0,0,Pre-ETR,47.png
46,8,41,Aaron Jones,RB,Minnesota Vikings,KINGCOS88,Drake Maye,New England Patriots,0,,,Green Bay Packers,0,0,Pre-ETR,47.png
46,7,42,Michael Pittman Jr.,WR,Indianapolis Colts,SCHMOE330,J.J. McCarthy,Minnesota Vikings,0,,,Kansas City Chiefs,0,0,Pre-ETR,47.png
46,6,43,Emanuel Wilson,RB,Green Bay Packers,PATMOORE967,Jalen Hurts,Philadelphia Eagles,0,,,Minnesota Vikings,0,0,Pre-ETR,47.png
46,5,44,David Montgomery,RB,Detroit Lions,KRUTCHES93,Lamar Jackson,Baltimore Ravens,0,,,New York Giants,0,0,Pre-ETR,47.png
46,4,45,Xavier Worthy,WR,Kansas City Chiefs,FKCOOLERS,Patrick Mahomes,Kansas City Chiefs,1,,,Indianapolis Colts,0,0,Pre-ETR,47.png
46,3,46,Hunter Henry,TE,New England Patriots,DABK,Joe Flacco,Cincinnati Bengals,0,,,Cincinnati Bengals,2,1,Pre-ETR,47.png
46,2,47,Dallas Goedert,TE,Philadelphia Eagles,JGFC,Dak Prescott,Dallas Cowboys,0,,,Dallas Cowboys,2,1,Pre-ETR,47.png
46,1,48,Daniel Jones,QB,Indianapolis Colts,RAZOR33,Daniel Jones,Indianapolis Colts,1,0,0,Kansas City Chiefs,0,0,Pre-ETR,47.png
46,1,49,Jake Ferguson,TE,Dallas Cowboys,RAZOR33,Daniel Jones,Indianapolis Colts,0,,,Philadelphia Eagles,1,1,Pre-ETR,47.png
46,2,50,Dak Prescott,QB,Dallas Cowboys,JGFC,Dak Prescott,Dallas Cowboys,1,1,1,Philadelphia Eagles,1,1,Pre-ETR,47.png
46,3,51,Alec Pierce,WR,Indianapolis Colts,DABK,Joe Flacco,Cincinnati Bengals,0,,,Kansas City Chiefs,0,0,Pre-ETR,47.png
46,4,52,Brian Thomas,WR,Jacksonville Jaguars,FKCOOLERS,Patrick Mahomes,Kansas City Chiefs,0,,,Arizona Cardinals,0,0,Pre-ETR,47.png
46,5,53,Josh Jacobs,RB,Green Bay Packers,KRUTCHES93,Lamar Jackson,Baltimore Ravens,0,,,Minnesota Vikings,0,0,Pre-ETR,47.png
46,6,54,Alvin Kamara,RB,New Orleans Saints,PATMOORE967,Jalen Hurts,Philadelphia Eagles,0,,,Atlanta Falcons,0,0,Pre-ETR,47.png
46,7,55,Mark Andrews,TE,Baltimore Ravens,SCHMOE330,J.J. McCarthy,Minnesota Vikings,0,,,New York Jets,0,0,Pre-ETR,47.png
46,8,56,Darnell Mooney,WR,Atlanta Falcons,KINGCOS88,Drake Maye,New England Patriots,0,,,New Orleans Saints,0,0,Pre-ETR,47.png
46,9,57,Christian Watson,WR,Green Bay Packers,EMOCOWBOY,Jacoby Brissett,Arizona Cardinals,0,,,Minnesota Vikings,0,0,Pre-ETR,47.png
46,10,58,Jaxson Dart,QB,New York Giants,GPNGC,Jaxson Dart,New York Giants,1,0,0,Detroit Lions,0,0,Pre-ETR,47.png
46,11,59,Jared Goff,QB,Detroit Lions,TEDDYONFETTI,Jared Goff,Detroit Lions,1,0,0,New York Giants,1,1,Pre-ETR,47.png
46,12,60,D.J. Moore,WR,Chicago Bears,LEE121503,Caleb Williams,Chicago Bears,1,,,Pittsburgh Steelers,2,1,Pre-ETR,47.png
46,12,61,Caleb Williams,QB,Chicago Bears,LEE121503,Caleb Williams,Chicago Bears,1,1,1,Pittsburgh Steelers,2,1,Pre-ETR,47.png
46,11,62,Juwan Johnson,TE,New Orleans Saints,TEDDYONFETTI,Jared Goff,Detroit Lions,0,,,Atlanta Falcons,0,0,Pre-ETR,47.png
46,10,63,Kyle Pitts,TE,Atlanta Falcons,GPNGC,Jaxson Dart,New York Giants,0,,,New Orleans Saints,0,0,Pre-ETR,47.png
46,9,64,Jacoby Brissett,QB,Arizona Cardinals,EMOCOWBOY,Jacoby Brissett,Arizona Cardinals,1,1,1,Jacksonville Jaguars,0,0,Pre-ETR,47.png
46,8,65,Kenneth Gainwell,RB,Pittsburgh Steelers,KINGCOS88,Drake Maye,New England Patriots,0,,,Chicago Bears,0,0,Pre-ETR,47.png
46,7,66,J.J. McCarthy,QB,Minnesota Vikings,SCHMOE330,J.J. McCarthy,Minnesota Vikings,1,1,1,Green Bay Packers,0,0,Pre-ETR,47.png
46,6,67,Marvin Harrison,WR,Arizona Cardinals,PATMOORE967,Jalen Hurts,Philadelphia Eagles,0,,,Jacksonville Jaguars,0,0,Pre-ETR,47.png
46,5,68,Isaiah Likely,TE,Baltimore Ravens,KRUTCHES93,Lamar Jackson,Baltimore Ravens,1,,,New York Jets,0,0,Pre-ETR,47.png
46,4,69,AJ Barner,TE,Seattle Seahawks,FKCOOLERS,Patrick Mahomes,Kansas City Chiefs,0,,,Tennessee Titans,0,0,Pre-ETR,47.png
46,3,70,Joe Flacco,QB,Cincinnati Bengals,DABK,Joe Flacco,Cincinnati Bengals,1,1,1,New England Patriots,1,1,Pre-ETR,47.png
46,2,71,Rhamondre Stevenson,RB,New England Patriots,JGFC,Dak Prescott,Dallas Cowboys,0,,,Cincinnati Bengals,0,0,Pre-ETR,47.png
46,1,72,Jordan Addison,WR,Minnesota Vikings,RAZOR33,Daniel Jones,Indianapolis Colts,0,,,Green Bay Packers,0,0,Pre-ETR,47.png
47,1,1,Jahmyr Gibbs,RB,Detroit Lions,MATHOLOGY,Jared Goff,Detroit Lions,1,,,New York Giants,0,0,Pre-ETR,48.png
47,2,2,Jonathan Taylor,RB,Indianapolis Colts,FANTASYGRIN,Patrick Mahomes,Kansas City Chiefs,0,,,Kansas City Chiefs,1,1,Pre-ETR,48.png
47,3,3,Bijan Robinson,RB,Atlanta Falcons,ROTOSURGEON,Daniel Jones,Indianapolis Colts,0,,,New Orleans Saints,1,1,Pre-ETR,48.png
47,4,4,Amon-Ra St. Brown,WR,Detroit Lions,KRUTCHES93,Jacoby Brissett,Arizona Cardinals,0,,,New York Giants,0,0,Pre-ETR,48.png
47,5,5,Jaxon Smith-Njigba,WR,Seattle Seahawks,HETT711,Caleb Williams,Chicago Bears,0,,,Tennessee Titans,0,0,Pre-ETR,48.png
47,6,6,Saquon Barkley,RB,Philadelphia Eagles,NEZ,Lamar Jackson,Baltimore Ravens,0,,,Dallas Cowboys,1,1,Pre-ETR,48.png
47,7,7,Derrick Henry,RB,Baltimore Ravens,PATRICKBARN,Kirk Cousins,Atlanta Falcons,0,,,New York Jets,0,0,Pre-ETR,48.png
47,8,8,CeeDee Lamb,WR,Dallas Cowboys,ALBOOGIE78,Dak Prescott,Dallas Cowboys,1,,,Philadelphia Eagles,0,0,Pre-ETR,48.png
47,9,9,Trey McBride,TE,Arizona Cardinals,LEE121503,Drake Maye,New England Patriots,0,,,Jacksonville Jaguars,0,0,Pre-ETR,48.png
47,10,10,Jalen Hurts,QB,Philadelphia Eagles,AD5,Jalen Hurts,Philadelphia Eagles,1,1,1,Dallas Cowboys,0,0,Pre-ETR,48.png
47,11,11,Rashee Rice,WR,Kansas City Chiefs,JEWISHMCCAF,Jaxson Dart,New York Giants,0,,,Indianapolis Colts,0,0,Pre-ETR,48.png
47,12,12,Javonte Williams,RB,Dallas Cowboys,HAWKBERG,Jordan Love,Green Bay Packers,0,,,Philadelphia Eagles,0,0,Pre-ETR,48.png
47,12,13,TreVeyon Henderson,RB,New England Patriots,HAWKBERG,Jordan Love,Green Bay Packers,0,,,Cincinnati Bengals,0,0,Pre-ETR,48.png
47,11,14,Brock Bowers,TE,Las Vegas Raiders,JEWISHMCCAF,Jaxson Dart,New York Giants,0,,,Cleveland Browns,0,0,Pre-ETR,48.png
47,10,15,A.J. Brown,WR,Philadelphia Eagles,AD5,Jalen Hurts,Philadelphia Eagles,1,,,Dallas Cowboys,0,0,Pre-ETR,48.png
47,9,16,Drake Maye,QB,New England Patriots,LEE121503,Drake Maye,New England Patriots,1,1,1,Cincinnati Bengals,0,0,Pre-ETR,48.png
47,8,17,Tee Higgins,WR,Cincinnati Bengals,ALBOOGIE78,Dak Prescott,Dallas Cowboys,0,,,New England Patriots,0,0,Pre-ETR,48.png
47,7,18,Justin Jefferson,WR,Minnesota Vikings,PATRICKBARN,Kirk Cousins,Atlanta Falcons,0,,,Green Bay Packers,0,0,Pre-ETR,48.png
47,6,19,Lamar Jackson,QB,Baltimore Ravens,NEZ,Lamar Jackson,Baltimore Ravens,1,1,1,New York Jets,0,0,Pre-ETR,48.png
47,5,20,Chase Brown,RB,Cincinnati Bengals,HETT711,Caleb Williams,Chicago Bears,0,,,New England Patriots,0,0,Pre-ETR,48.png
47,4,21,Travis Etienne Jr.,RB,Jacksonville Jaguars,KRUTCHES93,Jacoby Brissett,Arizona Cardinals,0,,,Arizona Cardinals,1,1,Pre-ETR,48.png
47,3,22,Chris Olave,WR,New Orleans Saints,ROTOSURGEON,Daniel Jones,Indianapolis Colts,0,,,Atlanta Falcons,1,1,Pre-ETR,48.png
47,2,23,DeVonta Smith,WR,Philadelphia Eagles,FANTASYGRIN,Patrick Mahomes,Kansas City Chiefs,0,,,Dallas Cowboys,0,0,Pre-ETR,48.png
47,1,24,Jameson Williams,WR,Detroit Lions,MATHOLOGY,Jared Goff,Detroit Lions,1,,,New York Giants,0,0,Pre-ETR,48.png
47,1,25,Tyler Warren,TE,Indianapolis Colts,MATHOLOGY,Jared Goff,Detroit Lions,0,,,Kansas City Chiefs,1,1,Pre-ETR,48.png
47,2,26,Patrick Mahomes,QB,Kansas City Chiefs,FANTASYGRIN,Patrick Mahomes,Kansas City Chiefs,1,0,0,Indianapolis Colts,1,1,Pre-ETR,48.png
47,3,27,George Pickens,WR,Dallas Cowboys,ROTOSURGEON,Daniel Jones,Indianapolis Colts,0,,,Philadelphia Eagles,0,0,Pre-ETR,48.png
47,4,28,Stefon Diggs,WR,New England Patriots,KRUTCHES93,Jacoby Brissett,Arizona Cardinals,0,,,Cincinnati Bengals,0,0,Pre-ETR,48.png
47,5,29,Quinshon Judkins,RB,Cleveland Browns,HETT711,Caleb Williams,Chicago Bears,0,,,Las Vegas Raiders,0,0,Pre-ETR,48.png
47,6,30,Zay Flowers,WR,Baltimore Ravens,NEZ,Lamar Jackson,Baltimore Ravens,1,,,New York Jets,0,0,Pre-ETR,48.png
47,7,31,Kenneth Walker III,RB,Seattle Seahawks,PATRICKBARN,Kirk Cousins,Atlanta Falcons,0,,,Tennessee Titans,0,0,Pre-ETR,48.png
47,8,32,Breece Hall,RB,New York Jets,ALBOOGIE78,Dak Prescott,Dallas Cowboys,0,,,Baltimore Ravens,0,0,Pre-ETR,48.png
47,9,33,Ashton Jeanty,RB,Las Vegas Raiders,LEE121503,Drake Maye,New England Patriots,0,,,Cleveland Browns,0,0,Pre-ETR,48.png
47,10,34,Aaron Jones,RB,Minnesota Vikings,AD5,Jalen Hurts,Philadelphia Eagles,0,,,Green Bay Packers,1,1,Pre-ETR,48.png
47,11,35,Jaxson Dart,QB,New York Giants,JEWISHMCCAF,Jaxson Dart,New York Giants,1,1,1,Detroit Lions,0,0,Pre-ETR,48.png
47,12,36,Travis Kelce,TE,Kansas City Chiefs,HAWKBERG,Jordan Love,Green Bay Packers,0,,,Indianapolis Colts,1,1,Pre-ETR,48.png
47,12,37,Michael Pittman Jr.,WR,Indianapolis Colts,HAWKBERG,Jordan Love,Green Bay Packers,0,,,Kansas City Chiefs,1,1,Pre-ETR,48.png
47,11,38,D'Andre Swift,RB,Chicago Bears,JEWISHMCCAF,Jaxson Dart,New York Giants,0,,,Pittsburgh Steelers,0,0,Pre-ETR,48.png
47,10,39,Emanuel Wilson,RB,Green Bay Packers,AD5,Jalen Hurts,Philadelphia Eagles,0,,,Minnesota Vikings,1,1,Pre-ETR,48.png
47,9,40,Jaylen Warren,RB,Pittsburgh Steelers,LEE121503,Drake Maye,New England Patriots,0,,,Chicago Bears,0,0,Pre-ETR,48.png
47,8,41,Dak Prescott,QB,Dallas Cowboys,ALBOOGIE78,Dak Prescott,Dallas Cowboys,1,1,1,Philadelphia Eagles,0,0,Pre-ETR,48.png
47,7,42,Kyle Pitts,TE,Atlanta Falcons,PATRICKBARN,Kirk Cousins,Atlanta Falcons,1,,,New Orleans Saints,0,0,Pre-ETR,48.png
47,6,43,Alec Pierce,WR,Indianapolis Colts,NEZ,Lamar Jackson,Baltimore Ravens,0,,,Kansas City Chiefs,0,0,Pre-ETR,48.png
47,5,44,Rome Odunze,WR,Chicago Bears,HETT711,Caleb Williams,Chicago Bears,1,,,Pittsburgh Steelers,0,0,Pre-ETR,48.png
47,4,45,Dallas Goedert,TE,Philadelphia Eagles,KRUTCHES93,Jacoby Brissett,Arizona Cardinals,0,,,Dallas Cowboys,0,0,Pre-ETR,48.png
47,3,46,David Montgomery,RB,Detroit Lions,ROTOSURGEON,Daniel Jones,Indianapolis Colts,0,,,New York Giants,0,0,Pre-ETR,48.png
47,2,47,Alvin Kamara,RB,New Orleans Saints,FANTASYGRIN,Patrick Mahomes,Kansas City Chiefs,0,,,Atlanta Falcons,0,0,Pre-ETR,48.png
47,1,48,Jared Goff,QB,Detroit Lions,MATHOLOGY,Jared Goff,Detroit Lions,1,2,1,New York Giants,0,0,Pre-ETR,48.png
47,1,49,DK Metcalf,WR,Pittsburgh Steelers,MATHOLOGY,Jared Goff,Detroit Lions,0,,,Chicago Bears,0,0,Pre-ETR,48.png
47,2,50,Hunter Henry,TE,New England Patriots,FANTASYGRIN,Patrick Mahomes,Kansas City Chiefs,0,,,Cincinnati Bengals,0,0,Pre-ETR,48.png
47,3,51,Daniel Jones,QB,Indianapolis Colts,ROTOSURGEON,Daniel Jones,Indianapolis Colts,1,0,0,Kansas City Chiefs,0,0,Pre-ETR,48.png
47,4,52,Josh Jacobs,RB,Green Bay Packers,KRUTCHES93,Jacoby Brissett,Arizona Cardinals,0,,,Minnesota Vikings,0,0,Pre-ETR,48.png
47,5,53,Caleb Williams,QB,Chicago Bears,HETT711,Caleb Williams,Chicago Bears,1,1,1,Pittsburgh Steelers,0,0,Pre-ETR,48.png
47,6,54,Jake Ferguson,TE,Dallas Cowboys,NEZ,Lamar Jackson,Baltimore Ravens,0,,,Philadelphia Eagles,1,1,Pre-ETR,48.png
47,7,55,Darnell Mooney,WR,Atlanta Falcons,PATRICKBARN,Kirk Cousins,Atlanta Falcons,1,,,New Orleans Saints,0,0,Pre-ETR,48.png
47,8,56,Kenneth Gainwell,RB,Pittsburgh Steelers,ALBOOGIE78,Dak Prescott,Dallas Cowboys,0,,,Chicago Bears,0,0,Pre-ETR,48.png
47,9,57,Michael Wilson,WR,Arizona Cardinals,LEE121503,Drake Maye,New England Patriots,0,,,Jacksonville Jaguars,0,0,Pre-ETR,48.png
47,10,58,Wan'Dale Robinson,WR,New York Giants,AD5,Jalen Hurts,Philadelphia Eagles,0,,,Detroit Lions,0,0,Pre-ETR,48.png
47,11,59,Marvin Harrison,WR,Arizona Cardinals,JEWISHMCCAF,Jaxson Dart,New York Giants,0,,,Jacksonville Jaguars,0,0,Pre-ETR,48.png
47,12,60,Christian Watson,WR,Green Bay Packers,HAWKBERG,Jordan Love,Green Bay Packers,1,,,Minnesota Vikings,0,0,Pre-ETR,48.png
47,12,61,Jordan Love,QB,Green Bay Packers,HAWKBERG,Jordan Love,Green Bay Packers,1,1,1,Minnesota Vikings,0,0,Pre-ETR,48.png
47,11,62,Tyrone Tracy,RB,New York Giants,JEWISHMCCAF,Jaxson Dart,New York Giants,1,,,Detroit Lions,0,0,Pre-ETR,48.png
47,10,63,Mark Andrews,TE,Baltimore Ravens,AD5,Jalen Hurts,Philadelphia Eagles,0,,,New York Jets,0,0,Pre-ETR,48.png
47,9,64,Kayshon Boutte,WR,New England Patriots,LEE121503,Drake Maye,New England Patriots,1,,,Cincinnati Bengals,0,0,Pre-ETR,48.png
47,8,65,Juwan Johnson,TE,New Orleans Saints,ALBOOGIE78,Dak Prescott,Dallas Cowboys,0,,,Atlanta Falcons,0,0,Pre-ETR,48.png
47,7,66,Kirk Cousins,QB,Atlanta Falcons,PATRICKBARN,Kirk Cousins,Atlanta Falcons,1,2,1,New Orleans Saints,0,0,Pre-ETR,48.png
47,6,67,Zach Charbonnet,RB,Seattle Seahawks,NEZ,Lamar Jackson,Baltimore Ravens,0,,,Tennessee Titans,0,0,Pre-ETR,48.png
47,5,68,Theo Johnson,TE,New York Giants,HETT711,Caleb Williams,Chicago Bears,0,,,Detroit Lions,0,0,Pre-ETR,48.png
47,4,69,Jacoby Brissett,QB,Arizona Cardinals,KRUTCHES93,Jacoby Brissett,Arizona Cardinals,1,0,0,Jacksonville Jaguars,1,1,Pre-ETR,48.png
47,3,70,Colston Loveland,TE,Chicago Bears,ROTOSURGEON,Daniel Jones,Indianapolis Colts,0,,,Pittsburgh Steelers,0,0,Pre-ETR,48.png
47,2,71,Brian Thomas,WR,Jacksonville Jaguars,FANTASYGRIN,Patrick Mahomes,Kansas City Chiefs,0,,,Arizona Cardinals,0,0,Pre-ETR,48.png
47,1,72,Xavier Worthy,WR,Kansas City Chiefs,MATHOLOGY,Jared Goff,Detroit Lions,0,,,Indianapolis Colts,1,1,Pre-ETR,48.png
48,1,1,Jahmyr Gibbs,RB,Detroit Lions,SHAGNASTYB,Tyler Shough,New Orleans Saints,0,,,New York Giants,0,0,Pre-ETR,49.png
48,2,2,Jonathan Taylor,RB,Indianapolis Colts,CRBLAKE2,Daniel Jones,Indianapolis Colts,1,,,Kansas City Chiefs,0,0,Pre-ETR,49.png
48,3,3,Jaxon Smith-Njigba,WR,Seattle Seahawks,GFORGUMBY,Dak Prescott,Dallas Cowboys,0,,,Tennessee Titans,0,0,Pre-ETR,49.png
48,4,4,Bijan Robinson,RB,Atlanta Falcons,ABCD4761,Drake Maye,New England Patriots,0,,,New Orleans Saints,0,0,Pre-ETR,49.png
48,5,5,Derrick Henry,RB,Baltimore Ravens,LEE121503,Patrick Mahomes,Kansas City Chiefs,0,,,New York Jets,0,0,Pre-ETR,49.png
48,6,6,Amon-Ra St. Brown,WR,Detroit Lions,JGFC,Jared Goff,Detroit Lions,1,,,New York Giants,0,0,Pre-ETR,49.png
48,7,7,Saquon Barkley,RB,Philadelphia Eagles,AHODANIEL,Trevor Lawrence,Jacksonville Jaguars,0,,,Dallas Cowboys,0,0,Pre-ETR,49.png
48,8,8,Trey McBride,TE,Arizona Cardinals,KRUTCHES93,Jalen Hurts,Philadelphia Eagles,0,,,Jacksonville Jaguars,0,0,Pre-ETR,49.png
48,9,9,CeeDee Lamb,WR,Dallas Cowboys,COPPERPRICES,Jaxson Dart,New York Giants,0,,,Philadelphia Eagles,0,0,Pre-ETR,49.png
48,10,10,TreVeyon Henderson,RB,New England Patriots,ALBOOGIE78,Lamar Jackson,Baltimore Ravens,0,,,Cincinnati Bengals,0,0,Pre-ETR,49.png
48,11,11,Shedeur Sanders,QB,Cleveland Browns,OTAKUBETS,Shedeur Sanders,Cleveland Browns,1,0,0,Las Vegas Raiders,0,0,Pre-ETR,49.png
48,12,12,Rashee Rice,WR,Kansas City Chiefs,BOUND33,Sam Darnold,Seattle Seahawks,0,,,Indianapolis Colts,0,0,Pre-ETR,49.png
48,12,13,Tee Higgins,WR,Cincinnati Bengals,BOUND33,Sam Darnold,Seattle Seahawks,0,,,New England Patriots,0,0,Pre-ETR,49.png
48,11,14,George Pickens,WR,Dallas Cowboys,OTAKUBETS,Shedeur Sanders,Cleveland Browns,0,,,Philadelphia Eagles,0,0,Pre-ETR,49.png
48,10,15,Lamar Jackson,QB,Baltimore Ravens,ALBOOGIE78,Lamar Jackson,Baltimore Ravens,1,0,0,New York Jets,0,0,Pre-ETR,49.png
48,9,16,Travis Etienne Jr.,RB,Jacksonville Jaguars,COPPERPRICES,Jaxson Dart,New York Giants,0,,,Arizona Cardinals,0,0,Pre-ETR,49.png
48,8,17,Jalen Hurts,QB,Philadelphia Eagles,KRUTCHES93,Jalen Hurts,Philadelphia Eagles,1,0,0,Dallas Cowboys,0,0,Pre-ETR,49.png
48,7,18,Justin Jefferson,WR,Minnesota Vikings,AHODANIEL,Trevor Lawrence,Jacksonville Jaguars,0,,,Green Bay Packers,0,0,Pre-ETR,49.png
48,6,19,Jameson Williams,WR,Detroit Lions,JGFC,Jared Goff,Detroit Lions,1,,,New York Giants,0,0,Pre-ETR,49.png
48,5,20,Javonte Williams,RB,Dallas Cowboys,LEE121503,Patrick Mahomes,Kansas City Chiefs,0,,,Philadelphia Eagles,0,0,Pre-ETR,49.png
48,4,21,Drake Maye,QB,New England Patriots,ABCD4761,Drake Maye,New England Patriots,1,0,0,Cincinnati Bengals,0,0,Pre-ETR,49.png
48,3,22,Brock Bowers,TE,Las Vegas Raiders,GFORGUMBY,Dak Prescott,Dallas Cowboys,0,,,Cleveland Browns,0,0,Pre-ETR,49.png
48,2,23,A.J. Brown,WR,Philadelphia Eagles,CRBLAKE2,Daniel Jones,Indianapolis Colts,0,,,Dallas Cowboys,0,0,Pre-ETR,49.png
48,1,24,Chris Olave,WR,New Orleans Saints,SHAGNASTYB,Tyler Shough,New Orleans Saints,1,,,Atlanta Falcons,0,0,Pre-ETR,49.png
48,1,25,DeVonta Smith,WR,Philadelphia Eagles,SHAGNASTYB,Tyler Shough,New Orleans Saints,0,,,Dallas Cowboys,0,0,Pre-ETR,49.png
48,2,26,Stefon Diggs,WR,New England Patriots,CRBLAKE2,Daniel Jones,Indianapolis Colts,0,,,Cincinnati Bengals,0,0,Pre-ETR,49.png
48,3,27,Chase Brown,RB,Cincinnati Bengals,GFORGUMBY,Dak Prescott,Dallas Cowboys,0,,,New England Patriots,0,0,Pre-ETR,49.png
48,4,28,Quinshon Judkins,RB,Cleveland Browns,ABCD4761,Drake Maye,New England Patriots,0,,,Las Vegas Raiders,0,0,Pre-ETR,49.png
48,5,29,Patrick Mahomes,QB,Kansas City Chiefs,LEE121503,Patrick Mahomes,Kansas City Chiefs,1,1,1,Indianapolis Colts,1,1,Pre-ETR,49.png
48,6,30,Tyler Warren,TE,Indianapolis Colts,JGFC,Jared Goff,Detroit Lions,0,,,Kansas City Chiefs,0,0,Pre-ETR,49.png
48,7,31,Zay Flowers,WR,Baltimore Ravens,AHODANIEL,Trevor Lawrence,Jacksonville Jaguars,0,,,New York Jets,0,0,Pre-ETR,49.png
48,8,32,Ashton Jeanty,RB,Las Vegas Raiders,KRUTCHES93,Jalen Hurts,Philadelphia Eagles,0,,,Cleveland Browns,0,0,Pre-ETR,49.png
48,9,33,Jaxson Dart,QB,New York Giants,COPPERPRICES,Jaxson Dart,New York Giants,1,0,0,Detroit Lions,0,0,Pre-ETR,49.png
48,10,34,Kenneth Walker III,RB,Seattle Seahawks,ALBOOGIE78,Lamar Jackson,Baltimore Ravens,0,,,Tennessee Titans,0,0,Pre-ETR,49.png
48,11,35,Travis Kelce,TE,Kansas City Chiefs,OTAKUBETS,Shedeur Sanders,Cleveland Browns,0,,,Indianapolis Colts,0,0,Pre-ETR,49.png
48,12,36,Breece Hall,RB,New York Jets,BOUND33,Sam Darnold,Seattle Seahawks,0,,,Baltimore Ravens,0,0,Pre-ETR,49.png
48,12,37,Dallas Goedert,TE,Philadelphia Eagles,BOUND33,Sam Darnold,Seattle Seahawks,0,,,Dallas Cowboys,0,0,Pre-ETR,49.png
48,11,38,Jaylen Warren,RB,Pittsburgh Steelers,OTAKUBETS,Shedeur Sanders,Cleveland Browns,0,,,Chicago Bears,0,0,Pre-ETR,49.png
48,10,39,DK Metcalf,WR,Pittsburgh Steelers,ALBOOGIE78,Lamar Jackson,Baltimore Ravens,0,,,Chicago Bears,1,1,Pre-ETR,49.png
48,9,40,Rome Odunze,WR,Chicago Bears,COPPERPRICES,Jaxson Dart,New York Giants,0,,,Pittsburgh Steelers,1,1,Pre-ETR,49.png
48,8,41,D'Andre Swift,RB,Chicago Bears,KRUTCHES93,Jalen Hurts,Philadelphia Eagles,0,,,Pittsburgh Steelers,0,0,Pre-ETR,49.png
48,7,42,David Montgomery,RB,Detroit Lions,AHODANIEL,Trevor Lawrence,Jacksonville Jaguars,0,,,New York Giants,0,0,Pre-ETR,49.png
48,6,43,Jared Goff,QB,Detroit Lions,JGFC,Jared Goff,Detroit Lions,1,2,1,New York Giants,0,0,Pre-ETR,49.png
48,5,44,Xavier Worthy,WR,Kansas City Chiefs,LEE121503,Patrick Mahomes,Kansas City Chiefs,1,,,Indianapolis Colts,1,1,Pre-ETR,49.png
48,4,45,Michael Pittman Jr.,WR,Indianapolis Colts,ABCD4761,Drake Maye,New England Patriots,0,,,Kansas City Chiefs,0,0,Pre-ETR,49.png
48,3,46,Dak Prescott,QB,Dallas Cowboys,GFORGUMBY,Dak Prescott,Dallas Cowboys,1,0,0,Philadelphia Eagles,0,0,Pre-ETR,49.png
48,2,47,Emanuel Wilson,RB,Green Bay Packers,CRBLAKE2,Daniel Jones,Indianapolis Colts,0,,,Minnesota Vikings,0,0,Pre-ETR,49.png
48,1,48,Aaron Jones,RB,Minnesota Vikings,SHAGNASTYB,Tyler Shough,New Orleans Saints,0,,,Green Bay Packers,0,0,Pre-ETR,49.png
48,1,49,Juwan Johnson,TE,New Orleans Saints,SHAGNASTYB,Tyler Shough,New Orleans Saints,1,,,Atlanta Falcons,0,0,Pre-ETR,49.png
48,2,50,Daniel Jones,QB,Indianapolis Colts,CRBLAKE2,Daniel Jones,Indianapolis Colts,1,1,1,Kansas City Chiefs,0,0,Pre-ETR,49.png
48,3,51,Josh Jacobs,RB,Green Bay Packers,GFORGUMBY,Dak Prescott,Dallas Cowboys,0,,,Minnesota Vikings,0,0,Pre-ETR,49.png
48,4,52,Jake Ferguson,TE,Dallas Cowboys,ABCD4761,Drake Maye,New England Patriots,0,,,Philadelphia Eagles,0,0,Pre-ETR,49.png
48,5,53,Kyle Pitts,TE,Atlanta Falcons,LEE121503,Patrick Mahomes,Kansas City Chiefs,0,,,New Orleans Saints,0,0,Pre-ETR,49.png
48,6,54,Alvin Kamara,RB,New Orleans Saints,JGFC,Jared Goff,Detroit Lions,0,,,Atlanta Falcons,0,0,Pre-ETR,49.png
48,7,55,Trevor Lawrence,QB,Jacksonville Jaguars,AHODANIEL,Trevor Lawrence,Jacksonville Jaguars,1,0,0,Arizona Cardinals,0,0,Pre-ETR,49.png
48,8,56,Wan'Dale Robinson,WR,New York Giants,KRUTCHES93,Jalen Hurts,Philadelphia Eagles,0,,,Detroit Lions,0,0,Pre-ETR,49.png
48,9,57,Hunter Henry,TE,New England Patriots,COPPERPRICES,Jaxson Dart,New York Giants,0,,,Cincinnati Bengals,0,0,Pre-ETR,49.png
48,10,58,Michael Wilson,WR,Arizona Cardinals,ALBOOGIE78,Lamar Jackson,Baltimore Ravens,0,,,Jacksonville Jaguars,0,0,Pre-ETR,49.png
48,11,59,Marvin Harrison,WR,Arizona Cardinals,OTAKUBETS,Shedeur Sanders,Cleveland Browns,0,,,Jacksonville Jaguars,0,0,Pre-ETR,49.png
48,12,60,Tyrone Tracy,RB,New York Giants,BOUND33,Sam Darnold,Seattle Seahawks,0,,,Detroit Lions,0,0,Pre-ETR,49.png
48,12,61,Sam Darnold,QB,Seattle Seahawks,BOUND33,Sam Darnold,Seattle Seahawks,1,0,0,Tennessee Titans,0,0,Pre-ETR,49.png
48,11,62,Mark Andrews,TE,Baltimore Ravens,OTAKUBETS,Shedeur Sanders,Cleveland Browns,0,,,New York Jets,0,0,Pre-ETR,49.png
48,10,63,Colston Loveland,TE,Chicago Bears,ALBOOGIE78,Lamar Jackson,Baltimore Ravens,0,,,Pittsburgh Steelers,1,1,Pre-ETR,49.png
48,9,64,Kenneth Gainwell,RB,Pittsburgh Steelers,COPPERPRICES,Jaxson Dart,New York Giants,0,,,Chicago Bears,1,1,Pre-ETR,49.png
48,8,65,Romeo Doubs,WR,Green Bay Packers,KRUTCHES93,Jalen Hurts,Philadelphia Eagles,0,,,Minnesota Vikings,0,0,Pre-ETR,49.png
48,7,66,David Njoku,TE,Cleveland Browns,AHODANIEL,Trevor Lawrence,Jacksonville Jaguars,0,,,Las Vegas Raiders,0,0,Pre-ETR,49.png
48,6,67,Rhamondre Stevenson,RB,New England Patriots,JGFC,Jared Goff,Detroit Lions,0,,,Cincinnati Bengals,0,0,Pre-ETR,49.png
48,5,68,Alec Pierce,WR,Indianapolis Colts,LEE121503,Patrick Mahomes,Kansas City Chiefs,0,,,Kansas City Chiefs,2,1,Pre-ETR,49.png
48,4,69,Jordan Addison,WR,Minnesota Vikings,ABCD4761,Drake Maye,New England Patriots,0,,,Green Bay Packers,0,0,Pre-ETR,49.png
48,3,70,Brian Thomas,WR,Jacksonville Jaguars,GFORGUMBY,Dak Prescott,Dallas Cowboys,0,,,Arizona Cardinals,0,0,Pre-ETR,49.png
48,2,71,Theo Johnson,TE,New York Giants,CRBLAKE2,Daniel Jones,Indianapolis Colts,0,,,Detroit Lions,0,0,Pre-ETR,49.png
48,1,72,Tyler Shough,QB,New Orleans Saints,SHAGNASTYB,Tyler Shough,New Orleans Saints,1,2,1,Atlanta Falcons,0,0,Pre-ETR,49.png
49,1,1,Jonathan Taylor,RB,Indianapolis Colts,LEE121503,Patrick Mahomes,Kansas City Chiefs,0,,,Kansas City Chiefs,2,1,Pre-ETR,50.png
49,2,2,Jahmyr Gibbs,RB,Detroit Lions,KRUTCHES93,Lamar Jackson,Baltimore Ravens,0,,,New York Giants,0,0,Pre-ETR,50.png
49,3,3,Bijan Robinson,RB,Atlanta Falcons,TUBINIS2121,Drake Maye,New England Patriots,0,,,New Orleans Saints,0,0,Pre-ETR,50.png
49,4,4,Jaxon Smith-Njigba,WR,Seattle Seahawks,COPPERPRICES,Jordan Love,Green Bay Packers,0,,,Tennessee Titans,0,0,Pre-ETR,50.png
49,5,5,Saquon Barkley,RB,Philadelphia Eagles,MATHOLOGY,Jared Goff,Detroit Lions,0,,,Dallas Cowboys,1,1,Pre-ETR,50.png
49,6,6,Amon-Ra St. Brown,WR,Detroit Lions,JEWISHMCCAF,Caleb Williams,Chicago Bears,0,,,New York Giants,0,0,Pre-ETR,50.png
49,7,7,Trey McBride,TE,Arizona Cardinals,KINGCOS88,Jacoby Brissett,Arizona Cardinals,1,,,Jacksonville Jaguars,0,0,Pre-ETR,50.png
49,8,8,TreVeyon Henderson,RB,New England Patriots,CRBLAKE2,Jaxson Dart,New York Giants,0,,,Cincinnati Bengals,0,0,Pre-ETR,50.png
49,9,9,CeeDee Lamb,WR,Dallas Cowboys,TEDDYONFETTI,Dak Prescott,Dallas Cowboys,1,,,Philadelphia Eagles,1,1,Pre-ETR,50.png
49,10,10,Derrick Henry,RB,Baltimore Ravens,NEZ,Daniel Jones,Indianapolis Colts,0,,,New York Jets,0,0,Pre-ETR,50.png
49,11,11,Travis Etienne Jr.,RB,Jacksonville Jaguars,GABRAINOS,Sam Darnold,Seattle Seahawks,0,,,Arizona Cardinals,0,0,Pre-ETR,50.png
49,12,12,Jalen Hurts,QB,Philadelphia Eagles,PLAYERQ,Jalen Hurts,Philadelphia Eagles,1,1,1,Dallas Cowboys,0,0,Pre-ETR,50.png
49,12,13,Rashee Rice,WR,Kansas City Chiefs,PLAYERQ,Jalen Hurts,Philadelphia Eagles,0,,,Indianapolis Colts,0,0,Pre-ETR,50.png
49,11,14,Brock Bowers,TE,Las Vegas Raiders,GABRAINOS,Sam Darnold,Seattle Seahawks,0,,,Cleveland Browns,0,0,Pre-ETR,50.png
49,10,15,Tee Higgins,WR,Cincinnati Bengals,NEZ,Daniel Jones,Indianapolis Colts,0,,,New England Patriots,0,0,Pre-ETR,50.png
49,9,16,A.J. Brown,WR,Philadelphia Eagles,TEDDYONFETTI,Dak Prescott,Dallas Cowboys,0,,,Dallas Cowboys,2,1,Pre-ETR,50.png
49,8,17,Justin Jefferson,WR,Minnesota Vikings,CRBLAKE2,Jaxson Dart,New York Giants,0,,,Green Bay Packers,0,0,Pre-ETR,50.png
49,7,18,DeVonta Smith,WR,Philadelphia Eagles,KINGCOS88,Jacoby Brissett,Arizona Cardinals,0,,,Dallas Cowboys,0,0,Pre-ETR,50.png
49,6,19,Javonte Williams,RB,Dallas Cowboys,JEWISHMCCAF,Caleb Williams,Chicago Bears,0,,,Philadelphia Eagles,0,0,Pre-ETR,50.png
49,5,20,Jameson Williams,WR,Detroit Lions,MATHOLOGY,Jared Goff,Detroit Lions,1,,,New York Giants,0,0,Pre-ETR,50.png
49,4,21,Quinshon Judkins,RB,Cleveland Browns,COPPERPRICES,Jordan Love,Green Bay Packers,0,,,Las Vegas Raiders,0,0,Pre-ETR,50.png
49,3,22,Drake Maye,QB,New England Patriots,TUBINIS2121,Drake Maye,New England Patriots,1,2,1,Cincinnati Bengals,0,0,Pre-ETR,50.png
49,2,23,Lamar Jackson,QB,Baltimore Ravens,KRUTCHES93,Lamar Jackson,Baltimore Ravens,1,2,1,New York Jets,0,0,Pre-ETR,50.png
49,1,24,Chris Olave,WR,New Orleans Saints,LEE121503,Patrick Mahomes,Kansas City Chiefs,0,,,Atlanta Falcons,0,0,Pre-ETR,50.png
49,1,25,Patrick Mahomes,QB,Kansas City Chiefs,LEE121503,Patrick Mahomes,Kansas City Chiefs,1,1,1,Indianapolis Colts,1,1,Pre-ETR,50.png
49,2,26,Zay Flowers,WR,Baltimore Ravens,KRUTCHES93,Lamar Jackson,Baltimore Ravens,1,,,New York Jets,0,0,Pre-ETR,50.png
49,3,27,Stefon Diggs,WR,New England Patriots,TUBINIS2121,Drake Maye,New England Patriots,1,,,Cincinnati Bengals,0,0,Pre-ETR,50.png
49,4,28,Tyler Warren,TE,Indianapolis Colts,COPPERPRICES,Jordan Love,Green Bay Packers,0,,,Kansas City Chiefs,0,0,Pre-ETR,50.png
49,5,29,George Pickens,WR,Dallas Cowboys,MATHOLOGY,Jared Goff,Detroit Lions,0,,,Philadelphia Eagles,1,1,Pre-ETR,50.png
49,6,30,Travis Kelce,TE,Kansas City Chiefs,JEWISHMCCAF,Caleb Williams,Chicago Bears,0,,,Indianapolis Colts,1,1,Pre-ETR,50.png
49,7,31,Chase Brown,RB,Cincinnati Bengals,KINGCOS88,Jacoby Brissett,Arizona Cardinals,0,,,New England Patriots,0,0,Pre-ETR,50.png
49,8,32,Kenneth Walker III,RB,Seattle Seahawks,CRBLAKE2,Jaxson Dart,New York Giants,0,,,Tennessee Titans,0,0,Pre-ETR,50.png
49,9,33,Ashton Jeanty,RB,Las Vegas Raiders,TEDDYONFETTI,Dak Prescott,Dallas Cowboys,0,,,Cleveland Browns,0,0,Pre-ETR,50.png
49,10,34,Jaylen Warren,RB,Pittsburgh Steelers,NEZ,Daniel Jones,Indianapolis Colts,0,,,Chicago Bears,0,0,Pre-ETR,50.png
49,11,35,Breece Hall,RB,New York Jets,GABRAINOS,Sam Darnold,Seattle Seahawks,0,,,Baltimore Ravens,0,0,Pre-ETR,50.png
49,12,36,Dallas Goedert,TE,Philadelphia Eagles,PLAYERQ,Jalen Hurts,Philadelphia Eagles,1,,,Dallas Cowboys,0,0,Pre-ETR,50.png
49,12,37,Rhamondre Stevenson,RB,New England Patriots,PLAYERQ,Jalen Hurts,Philadelphia Eagles,0,,,Cincinnati Bengals,0,0,Pre-ETR,50.png
49,11,38,Rome Odunze,WR,Chicago Bears,GABRAINOS,Sam Darnold,Seattle Seahawks,0,,,Pittsburgh Steelers,0,0,Pre-ETR,50.png
49,10,39,Daniel Jones,QB,Indianapolis Colts,NEZ,Daniel Jones,Indianapolis Colts,1,0,0,Kansas City Chiefs,0,0,Pre-ETR,50.png
49,9,40,Michael Wilson,WR,Arizona Cardinals,TEDDYONFETTI,Dak Prescott,Dallas Cowboys,0,,,Jacksonville Jaguars,0,0,Pre-ETR,50.png
49,8,41,Jaxson Dart,QB,New York Giants,CRBLAKE2,Jaxson Dart,New York Giants,1,1,1,Detroit Lions,0,0,Pre-ETR,50.png
49,7,42,Alec Pierce,WR,Indianapolis Colts,KINGCOS88,Jacoby Brissett,Arizona Cardinals,0,,,Kansas City Chiefs,0,0,Pre-ETR,50.png
49,6,43,D'Andre Swift,RB,Chicago Bears,JEWISHMCCAF,Caleb Williams,Chicago Bears,1,,,Pittsburgh Steelers,0,0,Pre-ETR,50.png
49,5,44,David Montgomery,RB,Detroit Lions,MATHOLOGY,Jared Goff,Detroit Lions,1,,,New York Giants,0,0,Pre-ETR,50.png
49,4,45,DK Metcalf,WR,Pittsburgh Steelers,COPPERPRICES,Jordan Love,Green Bay Packers,0,,,Chicago Bears,0,0,Pre-ETR,50.png
49,3,46,Hunter Henry,TE,New England Patriots,TUBINIS2121,Drake Maye,New England Patriots,1,,,Cincinnati Bengals,0,0,Pre-ETR,50.png
49,2,47,Mark Andrews,TE,Baltimore Ravens,KRUTCHES93,Lamar Jackson,Baltimore Ravens,1,,,New York Jets,0,0,Pre-ETR,50.png
49,1,48,Josh Jacobs,RB,Green Bay Packers,LEE121503,Patrick Mahomes,Kansas City Chiefs,0,,,Minnesota Vikings,0,0,Pre-ETR,50.png
49,1,49,Xavier Worthy,WR,Kansas City Chiefs,LEE121503,Patrick Mahomes,Kansas City Chiefs,1,,,Indianapolis Colts,1,1,Pre-ETR,50.png
49,2,50,Aaron Jones,RB,Minnesota Vikings,KRUTCHES93,Lamar Jackson,Baltimore Ravens,0,,,Green Bay Packers,1,1,Pre-ETR,50.png
49,3,51,Emanuel Wilson,RB,Green Bay Packers,TUBINIS2121,Drake Maye,New England Patriots,0,,,Minnesota Vikings,0,0,Pre-ETR,50.png
49,4,52,Alvin Kamara,RB,New Orleans Saints,COPPERPRICES,Jordan Love,Green Bay Packers,0,,,Atlanta Falcons,0,0,Pre-ETR,50.png
49,5,53,Jared Goff,QB,Detroit Lions,MATHOLOGY,Jared Goff,Detroit Lions,1,2,1,New York Giants,0,0,Pre-ETR,50.png
49,6,54,Michael Pittman Jr.,WR,Indianapolis Colts,JEWISHMCCAF,Caleb Williams,Chicago Bears,0,,,Kansas City Chiefs,1,1,Pre-ETR,50.png
49,7,55,Jacoby Brissett,QB,Arizona Cardinals,KINGCOS88,Jacoby Brissett,Arizona Cardinals,1,1,1,Jacksonville Jaguars,0,0,Pre-ETR,50.png
49,8,56,Wan'Dale Robinson,WR,New York Giants,CRBLAKE2,Jaxson Dart,New York Giants,1,,,Detroit Lions,0,0,Pre-ETR,50.png
49,9,57,Dak Prescott,QB,Dallas Cowboys,TEDDYONFETTI,Dak Prescott,Dallas Cowboys,1,1,1,Philadelphia Eagles,1,1,Pre-ETR,50.png
49,10,58,Jake Ferguson,TE,Dallas Cowboys,NEZ,Daniel Jones,Indianapolis Colts,0,,,Philadelphia Eagles,0,0,Pre-ETR,50.png
49,11,59,Rashid Shaheed,WR,Seattle Seahawks,GABRAINOS,Sam Darnold,Seattle Seahawks,1,,,Tennessee Titans,0,0,Pre-ETR,50.png
49,12,60,Kayshon Boutte,WR,New England Patriots,PLAYERQ,Jalen Hurts,Philadelphia Eagles,0,,,Cincinnati Bengals,0,0,Pre-ETR,50.png
49,12,61,Zach Charbonnet,RB,Seattle Seahawks,PLAYERQ,Jalen Hurts,Philadelphia Eagles,0,,,Tennessee Titans,0,0,Pre-ETR,50.png
49,11,62,Sam Darnold,QB,Seattle Seahawks,GABRAINOS,Sam Darnold,Seattle Seahawks,1,1,1,Tennessee Titans,0,0,Pre-ETR,50.png
49,10,63,Christian Watson,WR,Green Bay Packers,NEZ,Daniel Jones,Indianapolis Colts,0,,,Minnesota Vikings,0,0,Pre-ETR,50.png
49,9,64,Juwan Johnson,TE,New Orleans Saints,TEDDYONFETTI,Dak Prescott,Dallas Cowboys,0,,,Atlanta Falcons,0,0,Pre-ETR,50.png
49,8,65,Brenton Strange,TE,Jacksonville Jaguars,CRBLAKE2,Jaxson Dart,New York Giants,0,,,Arizona Cardinals,0,0,Pre-ETR,50.png
49,7,66,Kenneth Gainwell,RB,Pittsburgh Steelers,KINGCOS88,Jacoby Brissett,Arizona Cardinals,0,,,Chicago Bears,0,0,Pre-ETR,50.png
49,6,67,Caleb Williams,QB,Chicago Bears,JEWISHMCCAF,Caleb Williams,Chicago Bears,1,1,1,Pittsburgh Steelers,0,0,Pre-ETR,50.png
49,5,68,Kyle Pitts,TE,Atlanta Falcons,MATHOLOGY,Jared Goff,Detroit Lions,0,,,New Orleans Saints,0,0,Pre-ETR,50.png
49,4,69,Jordan Love,QB,Green Bay Packers,COPPERPRICES,Jordan Love,Green Bay Packers,1,0,0,Minnesota Vikings,0,0,Pre-ETR,50.png
49,3,70,Marvin Harrison,WR,Arizona Cardinals,TUBINIS2121,Drake Maye,New England Patriots,0,,,Jacksonville Jaguars,0,0,Pre-ETR,50.png
49,2,71,Romeo Doubs,WR,Green Bay Packers,KRUTCHES93,Lamar Jackson,Baltimore Ravens,0,,,Minnesota Vikings,1,1,Pre-ETR,50.png
49,1,72,Theo Johnson,TE,New York Giants,LEE121503,Patrick Mahomes,Kansas City Chiefs,0,,,Detroit Lions,0,0,Pre-ETR,50.png
50,1,1,Jonathan Taylor,RB,Indianapolis Colts,COPPERPRICES,Lamar Jackson,Baltimore Ravens,0,,,Kansas City Chiefs,0,0,Pre-ETR,51.png
50,2,2,Jaxon Smith-Njigba,WR,Seattle Seahawks,DELUXESEVEN,Sam Darnold,Seattle Seahawks,1,,,Tennessee Titans,0,0,Pre-ETR,51.png
50,3,3,Jahmyr Gibbs,RB,Detroit Lions,FFLINX,Dak Prescott,Dallas Cowboys,0,,,New York Giants,0,0,Pre-ETR,51.png
50,4,4,Bijan Robinson,RB,Atlanta Falcons,CGEEEEEE,Daniel Jones,Indianapolis Colts,0,,,New Orleans Saints,0,0,Pre-ETR,51.png
50,5,5,Amon-Ra St. Brown,WR,Detroit Lions,VOGEYBERRA8,Caleb Williams,Chicago Bears,0,,,New York Giants,0,0,Pre-ETR,51.png
50,6,6,Trey McBride,TE,Arizona Cardinals,KRUTCHES93,Drake Maye,New England Patriots,0,,,Jacksonville Jaguars,0,0,Pre-ETR,51.png
50,7,7,Derrick Henry,RB,Baltimore Ravens,NEZ,Jordan Love,Green Bay Packers,0,,,New York Jets,0,0,Pre-ETR,51.png
50,8,8,Saquon Barkley,RB,Philadelphia Eagles,PIRI24,Trevor Lawrence,Jacksonville Jaguars,0,,,Dallas Cowboys,1,1,Pre-ETR,51.png
50,9,9,Rashee Rice,WR,Kansas City Chiefs,SHAGNASTYB,Patrick Mahomes,Kansas City Chiefs,1,,,Indianapolis Colts,0,0,Pre-ETR,51.png
50,10,10,CeeDee Lamb,WR,Dallas Cowboys,LEE121503,Jalen Hurts,Philadelphia Eagles,0,,,Philadelphia Eagles,2,1,Pre-ETR,51.png
50,11,11,TreVeyon Henderson,RB,New England Patriots,JGFC,Jared Goff,Detroit Lions,0,,,Cincinnati Bengals,0,0,Pre-ETR,51.png
50,12,12,Tee Higgins,WR,Cincinnati Bengals,CRBLAKE2,Jaxson Dart,New York Giants,0,,,New England Patriots,0,0,Pre-ETR,51.png
50,12,13,Travis Etienne Jr.,RB,Jacksonville Jaguars,CRBLAKE2,Jaxson Dart,New York Giants,0,,,Arizona Cardinals,0,0,Pre-ETR,51.png
50,11,14,Jameson Williams,WR,Detroit Lions,JGFC,Jared Goff,Detroit Lions,1,,,New York Giants,0,0,Pre-ETR,51.png
50,10,15,Jalen Hurts,QB,Philadelphia Eagles,LEE121503,Jalen Hurts,Philadelphia Eagles,1,1,1,Dallas Cowboys,1,1,Pre-ETR,51.png
50,9,16,Patrick Mahomes,QB,Kansas City Chiefs,SHAGNASTYB,Patrick Mahomes,Kansas City Chiefs,1,2,1,Indianapolis Colts,0,0,Pre-ETR,51.png
50,8,17,Javonte Williams,RB,Dallas Cowboys,PIRI24,Trevor Lawrence,Jacksonville Jaguars,0,,,Philadelphia Eagles,1,1,Pre-ETR,51.png
50,7,18,Brock Bowers,TE,Las Vegas Raiders,NEZ,Jordan Love,Green Bay Packers,0,,,Cleveland Browns,0,0,Pre-ETR,51.png
50,6,19,Drake Maye,QB,New England Patriots,KRUTCHES93,Drake Maye,New England Patriots,1,1,1,Cincinnati Bengals,0,0,Pre-ETR,51.png
50,5,20,A.J. Brown,WR,Philadelphia Eagles,VOGEYBERRA8,Caleb Williams,Chicago Bears,0,,,Dallas Cowboys,0,0,Pre-ETR,51.png
50,4,21,Justin Jefferson,WR,Minnesota Vikings,CGEEEEEE,Daniel Jones,Indianapolis Colts,0,,,Green Bay Packers,0,0,Pre-ETR,51.png
50,3,22,Tyler Warren,TE,Indianapolis Colts,FFLINX,Dak Prescott,Dallas Cowboys,0,,,Kansas City Chiefs,0,0,Pre-ETR,51.png
50,2,23,Stefon Diggs,WR,New England Patriots,DELUXESEVEN,Sam Darnold,Seattle Seahawks,0,,,Cincinnati Bengals,0,0,Pre-ETR,51.png
50,1,24,Lamar Jackson,QB,Baltimore Ravens,COPPERPRICES,Lamar Jackson,Baltimore Ravens,1,0,0,New York Jets,0,0,Pre-ETR,51.png
50,1,25,Chris Olave,WR,New Orleans Saints,COPPERPRICES,Lamar Jackson,Baltimore Ravens,0,,,Atlanta Falcons,0,0,Pre-ETR,51.png
50,2,26,DeVonta Smith,WR,Philadelphia Eagles,DELUXESEVEN,Sam Darnold,Seattle Seahawks,0,,,Dallas Cowboys,0,0,Pre-ETR,51.png
50,3,27,George Pickens,WR,Dallas Cowboys,FFLINX,Dak Prescott,Dallas Cowboys,1,,,Philadelphia Eagles,0,0,Pre-ETR,51.png
50,4,28,Chase Brown,RB,Cincinnati Bengals,CGEEEEEE,Daniel Jones,Indianapolis Colts,0,,,New England Patriots,0,0,Pre-ETR,51.png
50,5,29,Zay Flowers,WR,Baltimore Ravens,VOGEYBERRA8,Caleb Williams,Chicago Bears,0,,,New York Jets,0,0,Pre-ETR,51.png
50,6,30,Quinshon Judkins,RB,Cleveland Browns,KRUTCHES93,Drake Maye,New England Patriots,0,,,Las Vegas Raiders,0,0,Pre-ETR,51.png
50,7,31,Kenneth Walker III,RB,Seattle Seahawks,NEZ,Jordan Love,Green Bay Packers,0,,,Tennessee Titans,0,0,Pre-ETR,51.png
50,8,32,Rome Odunze,WR,Chicago Bears,PIRI24,Trevor Lawrence,Jacksonville Jaguars,0,,,Pittsburgh Steelers,1,1,Pre-ETR,51.png
50,9,33,Ashton Jeanty,RB,Las Vegas Raiders,SHAGNASTYB,Patrick Mahomes,Kansas City Chiefs,0,,,Cleveland Browns,0,0,Pre-ETR,51.png
50,10,34,Jaylen Warren,RB,Pittsburgh Steelers,LEE121503,Jalen Hurts,Philadelphia Eagles,0,,,Chicago Bears,0,0,Pre-ETR,51.png
50,11,35,Travis Kelce,TE,Kansas City Chiefs,JGFC,Jared Goff,Detroit Lions,0,,,Indianapolis Colts,0,0,Pre-ETR,51.png
50,12,36,Jaxson Dart,QB,New York Giants,CRBLAKE2,Jaxson Dart,New York Giants,1,1,1,Detroit Lions,0,0,Pre-ETR,51.png
50,12,37,Breece Hall,RB,New York Jets,CRBLAKE2,Jaxson Dart,New York Giants,0,,,Baltimore Ravens,0,0,Pre-ETR,51.png
50,11,38,Jared Goff,QB,Detroit Lions,JGFC,Jared Goff,Detroit Lions,1,1,1,New York Giants,0,0,Pre-ETR,51.png
50,10,39,Dallas Goedert,TE,Philadelphia Eagles,LEE121503,Jalen Hurts,Philadelphia Eagles,1,,,Dallas Cowboys,1,1,Pre-ETR,51.png
50,9,40,Xavier Worthy,WR,Kansas City Chiefs,SHAGNASTYB,Patrick Mahomes,Kansas City Chiefs,1,,,Indianapolis Colts,0,0,Pre-ETR,51.png
50,8,41,DK Metcalf,WR,Pittsburgh Steelers,PIRI24,Trevor Lawrence,Jacksonville Jaguars,0,,,Chicago Bears,1,1,Pre-ETR,51.png
50,7,42,Alec Pierce,WR,Indianapolis Colts,NEZ,Jordan Love,Green Bay Packers,0,,,Kansas City Chiefs,0,0,Pre-ETR,51.png
50,6,43,Aaron Jones,RB,Minnesota Vikings,KRUTCHES93,Drake Maye,New England Patriots,0,,,Green Bay Packers,0,0,Pre-ETR,51.png
50,5,44,D'Andre Swift,RB,Chicago Bears,VOGEYBERRA8,Caleb Williams,Chicago Bears,1,,,Pittsburgh Steelers,0,0,Pre-ETR,51.png
50,4,45,Michael Pittman Jr.,WR,Indianapolis Colts,CGEEEEEE,Daniel Jones,Indianapolis Colts,1,,,Kansas City Chiefs,0,0,Pre-ETR,51.png
50,3,46,Dak Prescott,QB,Dallas Cowboys,FFLINX,Dak Prescott,Dallas Cowboys,1,1,1,Philadelphia Eagles,0,0,Pre-ETR,51.png
50,2,47,David Montgomery,RB,Detroit Lions,DELUXESEVEN,Sam Darnold,Seattle Seahawks,0,,,New York Giants,0,0,Pre-ETR,51.png
50,1,48,Michael Wilson,WR,Arizona Cardinals,COPPERPRICES,Lamar Jackson,Baltimore Ravens,0,,,Jacksonville Jaguars,0,0,Pre-ETR,51.png
50,1,49,Emanuel Wilson,RB,Green Bay Packers,COPPERPRICES,Lamar Jackson,Baltimore Ravens,0,,,Minnesota Vikings,0,0,Pre-ETR,51.png
50,2,50,Sam Darnold,QB,Seattle Seahawks,DELUXESEVEN,Sam Darnold,Seattle Seahawks,1,1,1,Tennessee Titans,0,0,Pre-ETR,51.png
50,3,51,Josh Jacobs,RB,Green Bay Packers,FFLINX,Dak Prescott,Dallas Cowboys,0,,,Minnesota Vikings,0,0,Pre-ETR,51.png
50,4,52,Daniel Jones,QB,Indianapolis Colts,CGEEEEEE,Daniel Jones,Indianapolis Colts,1,1,1,Kansas City Chiefs,0,0,Pre-ETR,51.png
50,5,53,Caleb Williams,QB,Chicago Bears,VOGEYBERRA8,Caleb Williams,Chicago Bears,1,2,1,Pittsburgh Steelers,0,0,Pre-ETR,51.png
50,6,54,Wan'Dale Robinson,WR,New York Giants,KRUTCHES93,Drake Maye,New England Patriots,0,,,Detroit Lions,0,0,Pre-ETR,51.png
50,7,55,Christian Watson,WR,Green Bay Packers,NEZ,Jordan Love,Green Bay Packers,1,,,Minnesota Vikings,0,0,Pre-ETR,51.png
50,8,56,Kyle Pitts,TE,Atlanta Falcons,PIRI24,Trevor Lawrence,Jacksonville Jaguars,0,,,New Orleans Saints,0,0,Pre-ETR,51.png
50,9,57,Hunter Henry,TE,New England Patriots,SHAGNASTYB,Patrick Mahomes,Kansas City Chiefs,0,,,Cincinnati Bengals,0,0,Pre-ETR,51.png
50,10,58,Alvin Kamara,RB,New Orleans Saints,LEE121503,Jalen Hurts,Philadelphia Eagles,0,,,Atlanta Falcons,1,1,Pre-ETR,51.png
50,11,59,Brian Thomas,WR,Jacksonville Jaguars,JGFC,Jared Goff,Detroit Lions,0,,,Arizona Cardinals,0,0,Pre-ETR,51.png
50,12,60,Jordan Addison,WR,Minnesota Vikings,CRBLAKE2,Jaxson Dart,New York Giants,0,,,Green Bay Packers,0,0,Pre-ETR,51.png
50,12,61,Theo Johnson,TE,New York Giants,CRBLAKE2,Jaxson Dart,New York Giants,1,,,Detroit Lions,0,0,Pre-ETR,51.png
50,11,62,Kenneth Gainwell,RB,Pittsburgh Steelers,JGFC,Jared Goff,Detroit Lions,0,,,Chicago Bears,0,0,Pre-ETR,51.png
50,10,63,Darnell Mooney,WR,Atlanta Falcons,LEE121503,Jalen Hurts,Philadelphia Eagles,0,,,New Orleans Saints,1,1,Pre-ETR,51.png
50,9,64,Rhamondre Stevenson,RB,New England Patriots,SHAGNASTYB,Patrick Mahomes,Kansas City Chiefs,0,,,Cincinnati Bengals,0,0,Pre-ETR,51.png
50,8,65,Trevor Lawrence,QB,Jacksonville Jaguars,PIRI24,Trevor Lawrence,Jacksonville Jaguars,1,0,0,Arizona Cardinals,0,0,Pre-ETR,51.png
50,7,66,Jordan Love,QB,Green Bay Packers,NEZ,Jordan Love,Green Bay Packers,1,1,1,Minnesota Vikings,0,0,Pre-ETR,51.png
50,6,67,Kayshon Boutte,WR,New England Patriots,KRUTCHES93,Drake Maye,New England Patriots,1,,,Cincinnati Bengals,0,0,Pre-ETR,51.png
50,5,68,Colston Loveland,TE,Chicago Bears,VOGEYBERRA8,Caleb Williams,Chicago Bears,1,,,Pittsburgh Steelers,0,0,Pre-ETR,51.png
50,4,69,Jake Ferguson,TE,Dallas Cowboys,CGEEEEEE,Daniel Jones,Indianapolis Colts,0,,,Philadelphia Eagles,0,0,Pre-ETR,51.png
50,3,70,Mack Hollins,WR,New England Patriots,FFLINX,Dak Prescott,Dallas Cowboys,0,,,Cincinnati Bengals,0,0,Pre-ETR,51.png
50,2,71,Mark Andrews,TE,Baltimore Ravens,DELUXESEVEN,Sam Darnold,Seattle Seahawks,0,,,New York Jets,0,0,Pre-ETR,51.png
50,1,72,Brock Wright,TE,Detroit Lions,COPPERPRICES,Lamar Jackson,Baltimore Ravens,0,,,New York Giants,0,0,Pre-ETR,51.png
51,1,1,Jahmyr Gibbs,RB,Detroit Lions,DABK,Jared Goff,Detroit Lions,1,,,New York Giants,0,0,Pre-ETR,52.png
51,2,2,Jonathan Taylor,RB,Indianapolis Colts,GFORGUMBY,Daniel Jones,Indianapolis Colts,1,,,Kansas City Chiefs,0,0,Pre-ETR,52.png
51,3,3,Bijan Robinson,RB,Atlanta Falcons,PLAYERQ,Dak Prescott,Dallas Cowboys,0,,,New Orleans Saints,0,0,Pre-ETR,52.png
51,4,4,Jaxon Smith-Njigba,WR,Seattle Seahawks,NEZ,Sam Darnold,Seattle Seahawks,1,,,Tennessee Titans,0,0,Pre-ETR,52.png
51,5,5,Amon-Ra St. Brown,WR,Detroit Lions,KRUTCHES93,Jalen Hurts,Philadelphia Eagles,0,,,New York Giants,0,0,Pre-ETR,52.png
51,6,6,Saquon Barkley,RB,Philadelphia Eagles,JYAKER23,Patrick Mahomes,Kansas City Chiefs,0,,,Dallas Cowboys,1,1,Pre-ETR,52.png
51,7,7,Derrick Henry,RB,Baltimore Ravens,GABRAINOS,Jacoby Brissett,Arizona Cardinals,0,,,New York Jets,0,0,Pre-ETR,52.png
51,8,8,Trey McBride,TE,Arizona Cardinals,LEE121503,Drake Maye,New England Patriots,0,,,Jacksonville Jaguars,0,0,Pre-ETR,52.png
51,9,9,CeeDee Lamb,WR,Dallas Cowboys,NOAHPETRO23,Trevor Lawrence,Jacksonville Jaguars,0,,,Philadelphia Eagles,0,0,Pre-ETR,52.png
51,10,10,Rashee Rice,WR,Kansas City Chiefs,JEWISHMCCAF,Caleb Williams,Chicago Bears,0,,,Indianapolis Colts,0,0,Pre-ETR,52.png
51,11,11,TreVeyon Henderson,RB,New England Patriots,LENKEITH,Jaxson Dart,New York Giants,0,,,Cincinnati Bengals,1,1,Pre-ETR,52.png
51,12,12,Lamar Jackson,QB,Baltimore Ravens,PIRI24,Lamar Jackson,Baltimore Ravens,1,0,0,New York Jets,0,0,Pre-ETR,52.png
51,12,13,Brock Bowers,TE,Las Vegas Raiders,PIRI24,Lamar Jackson,Baltimore Ravens,0,,,Cleveland Browns,0,0,Pre-ETR,52.png
51,11,14,Tee Higgins,WR,Cincinnati Bengals,LENKEITH,Jaxson Dart,New York Giants,0,,,New England Patriots,1,1,Pre-ETR,52.png
51,10,15,Justin Jefferson,WR,Minnesota Vikings,JEWISHMCCAF,Caleb Williams,Chicago Bears,0,,,Green Bay Packers,0,0,Pre-ETR,52.png
51,9,16,George Pickens,WR,Dallas Cowboys,NOAHPETRO23,Trevor Lawrence,Jacksonville Jaguars,0,,,Philadelphia Eagles,0,0,Pre-ETR,52.png
51,8,17,Drake Maye,QB,New England Patriots,LEE121503,Drake Maye,New England Patriots,1,1,1,Cincinnati Bengals,0,0,Pre-ETR,52.png
51,7,18,Travis Etienne Jr.,RB,Jacksonville Jaguars,GABRAINOS,Jacoby Brissett,Arizona Cardinals,0,,,Arizona Cardinals,2,1,Pre-ETR,52.png
51,6,19,Javonte Williams,RB,Dallas Cowboys,JYAKER23,Patrick Mahomes,Kansas City Chiefs,0,,,Philadelphia Eagles,1,1,Pre-ETR,52.png
51,5,20,Jalen Hurts,QB,Philadelphia Eagles,KRUTCHES93,Jalen Hurts,Philadelphia Eagles,1,1,1,Dallas Cowboys,0,0,Pre-ETR,52.png
51,4,21,A.J. Brown,WR,Philadelphia Eagles,NEZ,Sam Darnold,Seattle Seahawks,0,,,Dallas Cowboys,0,0,Pre-ETR,52.png
51,3,22,DeVonta Smith,WR,Philadelphia Eagles,PLAYERQ,Dak Prescott,Dallas Cowboys,0,,,Dallas Cowboys,2,1,Pre-ETR,52.png
51,2,23,Chris Olave,WR,New Orleans Saints,GFORGUMBY,Daniel Jones,Indianapolis Colts,0,,,Atlanta Falcons,0,0,Pre-ETR,52.png
51,1,24,Jameson Williams,WR,Detroit Lions,DABK,Jared Goff,Detroit Lions,1,,,New York Giants,0,0,Pre-ETR,52.png
51,1,25,Stefon Diggs,WR,New England Patriots,DABK,Jared Goff,Detroit Lions,0,,,Cincinnati Bengals,0,0,Pre-ETR,52.png
51,2,26,Chase Brown,RB,Cincinnati Bengals,GFORGUMBY,Daniel Jones,Indianapolis Colts,0,,,New England Patriots,0,0,Pre-ETR,52.png
51,3,27,Kenneth Walker III,RB,Seattle Seahawks,PLAYERQ,Dak Prescott,Dallas Cowboys,0,,,Tennessee Titans,0,0,Pre-ETR,52.png
51,4,28,Jaylen Warren,RB,Pittsburgh Steelers,NEZ,Sam Darnold,Seattle Seahawks,0,,,Chicago Bears,0,0,Pre-ETR,52.png
51,5,29,Quinshon Judkins,RB,Cleveland Browns,KRUTCHES93,Jalen Hurts,Philadelphia Eagles,0,,,Las Vegas Raiders,0,0,Pre-ETR,52.png
51,6,30,Patrick Mahomes,QB,Kansas City Chiefs,JYAKER23,Patrick Mahomes,Kansas City Chiefs,1,1,1,Indianapolis Colts,0,0,Pre-ETR,52.png
51,7,31,Tyler Warren,TE,Indianapolis Colts,GABRAINOS,Jacoby Brissett,Arizona Cardinals,0,,,Kansas City Chiefs,0,0,Pre-ETR,52.png
51,8,32,Zay Flowers,WR,Baltimore Ravens,LEE121503,Drake Maye,New England Patriots,0,,,New York Jets,0,0,Pre-ETR,52.png
51,9,33,Hunter Henry,TE,New England Patriots,NOAHPETRO23,Trevor Lawrence,Jacksonville Jaguars,0,,,Cincinnati Bengals,0,0,Pre-ETR,52.png
51,10,34,Breece Hall,RB,New York Jets,JEWISHMCCAF,Caleb Williams,Chicago Bears,0,,,Baltimore Ravens,1,1,Pre-ETR,52.png
51,11,35,Travis Kelce,TE,Kansas City Chiefs,LENKEITH,Jaxson Dart,New York Giants,0,,,Indianapolis Colts,0,0,Pre-ETR,52.png
51,12,36,Rome Odunze,WR,Chicago Bears,PIRI24,Lamar Jackson,Baltimore Ravens,0,,,Pittsburgh Steelers,1,1,Pre-ETR,52.png
51,12,37,DK Metcalf,WR,Pittsburgh Steelers,PIRI24,Lamar Jackson,Baltimore Ravens,0,,,Chicago Bears,1,1,Pre-ETR,52.png
51,11,38,Jaxson Dart,QB,New York Giants,LENKEITH,Jaxson Dart,New York Giants,1,1,1,Detroit Lions,0,0,Pre-ETR,52.png
51,10,39,Ashton Jeanty,RB,Las Vegas Raiders,JEWISHMCCAF,Caleb Williams,Chicago Bears,0,,,Cleveland Browns,0,0,Pre-ETR,52.png
51,9,40,D'Andre Swift,RB,Chicago Bears,NOAHPETRO23,Trevor Lawrence,Jacksonville Jaguars,0,,,Pittsburgh Steelers,0,0,Pre-ETR,52.png
51,8,41,Emanuel Wilson,RB,Green Bay Packers,LEE121503,Drake Maye,New England Patriots,0,,,Minnesota Vikings,0,0,Pre-ETR,52.png
51,7,42,Michael Wilson,WR,Arizona Cardinals,GABRAINOS,Jacoby Brissett,Arizona Cardinals,1,,,Jacksonville Jaguars,2,1,Pre-ETR,52.png
51,6,43,Xavier Worthy,WR,Kansas City Chiefs,JYAKER23,Patrick Mahomes,Kansas City Chiefs,1,,,Indianapolis Colts,0,0,Pre-ETR,52.png
51,5,44,Dallas Goedert,TE,Philadelphia Eagles,KRUTCHES93,Jalen Hurts,Philadelphia Eagles,1,,,Dallas Cowboys,0,0,Pre-ETR,52.png
51,4,45,Aaron Jones,RB,Minnesota Vikings,NEZ,Sam Darnold,Seattle Seahawks,0,,,Green Bay Packers,0,0,Pre-ETR,52.png
51,3,46,Dak Prescott,QB,Dallas Cowboys,PLAYERQ,Dak Prescott,Dallas Cowboys,1,1,1,Philadelphia Eagles,1,1,Pre-ETR,52.png
51,2,47,Daniel Jones,QB,Indianapolis Colts,GFORGUMBY,Daniel Jones,Indianapolis Colts,1,2,1,Kansas City Chiefs,0,0,Pre-ETR,52.png
51,1,48,Jared Goff,QB,Detroit Lions,DABK,Jared Goff,Detroit Lions,1,2,1,New York Giants,0,0,Pre-ETR,52.png
51,1,49,Kyle Pitts,TE,Atlanta Falcons,DABK,Jared Goff,Detroit Lions,0,,,New Orleans Saints,0,0,Pre-ETR,52.png
51,2,50,Michael Pittman Jr.,WR,Indianapolis Colts,GFORGUMBY,Daniel Jones,Indianapolis Colts,1,,,Kansas City Chiefs,0,0,Pre-ETR,52.png
51,3,51,Jake Ferguson,TE,Dallas Cowboys,PLAYERQ,Dak Prescott,Dallas Cowboys,1,,,Philadelphia Eagles,1,1,Pre-ETR,52.png
51,4,52,Sam Darnold,QB,Seattle Seahawks,NEZ,Sam Darnold,Seattle Seahawks,1,1,1,Tennessee Titans,0,0,Pre-ETR,52.png
51,5,53,Josh Jacobs,RB,Green Bay Packers,KRUTCHES93,Jalen Hurts,Philadelphia Eagles,0,,,Minnesota Vikings,0,0,Pre-ETR,52.png
51,6,54,Darnell Mooney,WR,Atlanta Falcons,JYAKER23,Patrick Mahomes,Kansas City Chiefs,0,,,New Orleans Saints,0,0,Pre-ETR,52.png
51,7,55,Jakobi Meyers,WR,Jacksonville Jaguars,GABRAINOS,Jacoby Brissett,Arizona Cardinals,0,,,Arizona Cardinals,2,1,Pre-ETR,52.png
51,8,56,David Montgomery,RB,Detroit Lions,LEE121503,Drake Maye,New England Patriots,0,,,New York Giants,0,0,Pre-ETR,52.png
51,9,57,Alec Pierce,WR,Indianapolis Colts,NOAHPETRO23,Trevor Lawrence,Jacksonville Jaguars,0,,,Kansas City Chiefs,0,0,Pre-ETR,52.png
51,10,58,Mark Andrews,TE,Baltimore Ravens,JEWISHMCCAF,Caleb Williams,Chicago Bears,0,,,New York Jets,1,1,Pre-ETR,52.png
51,11,59,Wan'Dale Robinson,WR,New York Giants,LENKEITH,Jaxson Dart,New York Giants,1,,,Detroit Lions,0,0,Pre-ETR,52.png
51,12,60,Alvin Kamara,RB,New Orleans Saints,PIRI24,Lamar Jackson,Baltimore Ravens,0,,,Atlanta Falcons,0,0,Pre-ETR,52.png
51,12,61,Brian Thomas,WR,Jacksonville Jaguars,PIRI24,Lamar Jackson,Baltimore Ravens,0,,,Arizona Cardinals,0,0,Pre-ETR,52.png
51,11,62,Kenneth Gainwell,RB,Pittsburgh Steelers,LENKEITH,Jaxson Dart,New York Giants,0,,,Chicago Bears,0,0,Pre-ETR,52.png
51,10,63,Caleb Williams,QB,Chicago Bears,JEWISHMCCAF,Caleb Williams,Chicago Bears,1,0,0,Pittsburgh Steelers,0,0,Pre-ETR,52.png
51,9,64,Trevor Lawrence,QB,Jacksonville Jaguars,NOAHPETRO23,Trevor Lawrence,Jacksonville Jaguars,1,0,0,Arizona Cardinals,0,0,Pre-ETR,52.png
51,8,65,Kayshon Boutte,WR,New England Patriots,LEE121503,Drake Maye,New England Patriots,1,,,Cincinnati Bengals,0,0,Pre-ETR,52.png
51,7,66,Jacoby Brissett,QB,Arizona Cardinals,GABRAINOS,Jacoby Brissett,Arizona Cardinals,1,1,1,Jacksonville Jaguars,2,1,Pre-ETR,52.png
51,6,67,Theo Johnson,TE,New York Giants,JYAKER23,Patrick Mahomes,Kansas City Chiefs,0,,,Detroit Lions,0,0,Pre-ETR,52.png
51,5,68,Marvin Harrison,WR,Arizona Cardinals,KRUTCHES93,Jalen Hurts,Philadelphia Eagles,0,,,Jacksonville Jaguars,0,0,Pre-ETR,52.png
51,4,69,Juwan Johnson,TE,New Orleans Saints,NEZ,Sam Darnold,Seattle Seahawks,0,,,Atlanta Falcons,0,0,Pre-ETR,52.png
51,3,70,DeMario Douglas,WR,New England Patriots,PLAYERQ,Dak Prescott,Dallas Cowboys,0,,,Cincinnati Bengals,0,0,Pre-ETR,52.png
51,2,71,Brenton Strange,TE,Jacksonville Jaguars,GFORGUMBY,Daniel Jones,Indianapolis Colts,0,,,Arizona Cardinals,0,0,Pre-ETR,52.png
51,1,72,Rhamondre Stevenson,RB,New England Patriots,DABK,Jared Goff,Detroit Lions,0,,,Cincinnati Bengals,0,0,Pre-ETR,52.png
52,1,1,Jahmyr Gibbs,RB,Detroit Lions,KRUTCHES93,Trevor Lawrence,Jacksonville Jaguars,0,,,New York Giants,0,0,Pre-ETR,53.png
52,2,2,Jonathan Taylor,RB,Indianapolis Colts,HOCKEYHOOLI,Daniel Jones,Indianapolis Colts,1,,,Kansas City Chiefs,0,0,Pre-ETR,53.png
52,3,3,Bijan Robinson,RB,Atlanta Falcons,TUBINIS2121,Jared Goff,Detroit Lions,0,,,New Orleans Saints,0,0,Pre-ETR,53.png
52,4,4,Jaxon Smith-Njigba,WR,Seattle Seahawks,LENKEITH,Jacoby Brissett,Arizona Cardinals,0,,,Tennessee Titans,0,0,Pre-ETR,53.png
52,5,5,Amon-Ra St. Brown,WR,Detroit Lions,D4VE,Lamar Jackson,Baltimore Ravens,0,,,New York Giants,0,0,Pre-ETR,53.png
52,6,6,Saquon Barkley,RB,Philadelphia Eagles,PRESTIGEFF,Sam Darnold,Seattle Seahawks,0,,,Dallas Cowboys,0,0,Pre-ETR,53.png
52,7,7,Derrick Henry,RB,Baltimore Ravens,LEE121503,Jaxson Dart,New York Giants,0,,,New York Jets,0,0,Pre-ETR,53.png
52,8,8,TreVeyon Henderson,RB,New England Patriots,NOAHPETRO23,Jalen Hurts,Philadelphia Eagles,0,,,Cincinnati Bengals,0,0,Pre-ETR,53.png
52,9,9,CeeDee Lamb,WR,Dallas Cowboys,JYAKER23,Dak Prescott,Dallas Cowboys,1,,,Philadelphia Eagles,0,0,Pre-ETR,53.png
52,10,10,Trey McBride,TE,Arizona Cardinals,DABK,Caleb Williams,Chicago Bears,0,,,Jacksonville Jaguars,0,0,Pre-ETR,53.png
52,11,11,Rashee Rice,WR,Kansas City Chiefs,WILLMAKEWAR,Patrick Mahomes,Kansas City Chiefs,1,,,Indianapolis Colts,0,0,Pre-ETR,53.png
52,12,12,Drake Maye,QB,New England Patriots,PLAYERQ,Drake Maye,New England Patriots,1,2,1,Cincinnati Bengals,1,1,Pre-ETR,53.png
52,12,13,Tee Higgins,WR,Cincinnati Bengals,PLAYERQ,Drake Maye,New England Patriots,0,,,New England Patriots,3,1,Pre-ETR,53.png
52,11,14,Travis Etienne Jr.,RB,Jacksonville Jaguars,WILLMAKEWAR,Patrick Mahomes,Kansas City Chiefs,0,,,Arizona Cardinals,0,0,Pre-ETR,53.png
52,10,15,Javonte Williams,RB,Dallas Cowboys,DABK,Caleb Williams,Chicago Bears,0,,,Philadelphia Eagles,0,0,Pre-ETR,53.png
52,9,16,Justin Jefferson,WR,Minnesota Vikings,JYAKER23,Dak Prescott,Dallas Cowboys,0,,,Green Bay Packers,1,1,Pre-ETR,53.png
52,8,17,Jalen Hurts,QB,Philadelphia Eagles,NOAHPETRO23,Jalen Hurts,Philadelphia Eagles,1,1,1,Dallas Cowboys,0,0,Pre-ETR,53.png
52,7,18,Brock Bowers,TE,Las Vegas Raiders,LEE121503,Jaxson Dart,New York Giants,0,,,Cleveland Browns,1,1,Pre-ETR,53.png
52,6,19,Jameson Williams,WR,Detroit Lions,PRESTIGEFF,Sam Darnold,Seattle Seahawks,0,,,New York Giants,0,0,Pre-ETR,53.png
52,5,20,Lamar Jackson,QB,Baltimore Ravens,D4VE,Lamar Jackson,Baltimore Ravens,1,2,1,New York Jets,0,0,Pre-ETR,53.png
52,4,21,George Pickens,WR,Dallas Cowboys,LENKEITH,Jacoby Brissett,Arizona Cardinals,0,,,Philadelphia Eagles,0,0,Pre-ETR,53.png
52,3,22,A.J. Brown,WR,Philadelphia Eagles,TUBINIS2121,Jared Goff,Detroit Lions,0,,,Dallas Cowboys,0,0,Pre-ETR,53.png
52,2,23,Tyler Warren,TE,Indianapolis Colts,HOCKEYHOOLI,Daniel Jones,Indianapolis Colts,1,,,Kansas City Chiefs,0,0,Pre-ETR,53.png
52,1,24,DeVonta Smith,WR,Philadelphia Eagles,KRUTCHES93,Trevor Lawrence,Jacksonville Jaguars,0,,,Dallas Cowboys,1,1,Pre-ETR,53.png
52,1,25,Stefon Diggs,WR,New England Patriots,KRUTCHES93,Trevor Lawrence,Jacksonville Jaguars,0,,,Cincinnati Bengals,0,0,Pre-ETR,53.png
52,2,26,Chris Olave,WR,New Orleans Saints,HOCKEYHOOLI,Daniel Jones,Indianapolis Colts,0,,,Atlanta Falcons,0,0,Pre-ETR,53.png
52,3,27,Chase Brown,RB,Cincinnati Bengals,TUBINIS2121,Jared Goff,Detroit Lions,0,,,New England Patriots,0,0,Pre-ETR,53.png
52,4,28,Travis Kelce,TE,Kansas City Chiefs,LENKEITH,Jacoby Brissett,Arizona Cardinals,0,,,Indianapolis Colts,0,0,Pre-ETR,53.png
52,5,29,Zay Flowers,WR,Baltimore Ravens,D4VE,Lamar Jackson,Baltimore Ravens,1,,,New York Jets,0,0,Pre-ETR,53.png
52,6,30,Rome Odunze,WR,Chicago Bears,PRESTIGEFF,Sam Darnold,Seattle Seahawks,0,,,Pittsburgh Steelers,1,1,Pre-ETR,53.png
52,7,31,Quinshon Judkins,RB,Cleveland Browns,LEE121503,Jaxson Dart,New York Giants,0,,,Las Vegas Raiders,1,1,Pre-ETR,53.png
52,8,32,Dallas Goedert,TE,Philadelphia Eagles,NOAHPETRO23,Jalen Hurts,Philadelphia Eagles,1,,,Dallas Cowboys,0,0,Pre-ETR,53.png
52,9,33,Dak Prescott,QB,Dallas Cowboys,JYAKER23,Dak Prescott,Dallas Cowboys,1,1,1,Philadelphia Eagles,0,0,Pre-ETR,53.png
52,10,34,Kenneth Walker III,RB,Seattle Seahawks,DABK,Caleb Williams,Chicago Bears,0,,,Tennessee Titans,0,0,Pre-ETR,53.png
52,11,35,Breece Hall,RB,New York Jets,WILLMAKEWAR,Patrick Mahomes,Kansas City Chiefs,0,,,Baltimore Ravens,0,0,Pre-ETR,53.png
52,12,36,Hunter Henry,TE,New England Patriots,PLAYERQ,Drake Maye,New England Patriots,1,,,Cincinnati Bengals,1,1,Pre-ETR,53.png
52,12,37,Ashton Jeanty,RB,Las Vegas Raiders,PLAYERQ,Drake Maye,New England Patriots,0,,,Cleveland Browns,0,0,Pre-ETR,53.png
52,11,38,Patrick Mahomes,QB,Kansas City Chiefs,WILLMAKEWAR,Patrick Mahomes,Kansas City Chiefs,1,1,1,Indianapolis Colts,0,0,Pre-ETR,53.png
52,10,39,DK Metcalf,WR,Pittsburgh Steelers,DABK,Caleb Williams,Chicago Bears,0,,,Chicago Bears,1,1,Pre-ETR,53.png
52,9,40,Emanuel Wilson,RB,Green Bay Packers,JYAKER23,Dak Prescott,Dallas Cowboys,0,,,Minnesota Vikings,1,1,Pre-ETR,53.png
52,8,41,Michael Pittman Jr.,WR,Indianapolis Colts,NOAHPETRO23,Jalen Hurts,Philadelphia Eagles,0,,,Kansas City Chiefs,0,0,Pre-ETR,53.png
52,7,42,Jaxson Dart,QB,New York Giants,LEE121503,Jaxson Dart,New York Giants,1,1,1,Detroit Lions,0,0,Pre-ETR,53.png
52,6,43,Jaylen Warren,RB,Pittsburgh Steelers,PRESTIGEFF,Sam Darnold,Seattle Seahawks,0,,,Chicago Bears,1,1,Pre-ETR,53.png
52,5,44,Aaron Jones,RB,Minnesota Vikings,D4VE,Lamar Jackson,Baltimore Ravens,0,,,Green Bay Packers,0,0,Pre-ETR,53.png
52,4,45,D'Andre Swift,RB,Chicago Bears,LENKEITH,Jacoby Brissett,Arizona Cardinals,0,,,Pittsburgh Steelers,0,0,Pre-ETR,53.png
52,3,46,Wan'Dale Robinson,WR,New York Giants,TUBINIS2121,Jared Goff,Detroit Lions,0,,,Detroit Lions,2,1,Pre-ETR,53.png
52,2,47,Daniel Jones,QB,Indianapolis Colts,HOCKEYHOOLI,Daniel Jones,Indianapolis Colts,1,2,1,Kansas City Chiefs,0,0,Pre-ETR,53.png
52,1,48,Josh Jacobs,RB,Green Bay Packers,KRUTCHES93,Trevor Lawrence,Jacksonville Jaguars,0,,,Minnesota Vikings,0,0,Pre-ETR,53.png
52,1,49,Jake Ferguson,TE,Dallas Cowboys,KRUTCHES93,Trevor Lawrence,Jacksonville Jaguars,0,,,Philadelphia Eagles,1,1,Pre-ETR,53.png
52,2,50,Alvin Kamara,RB,New Orleans Saints,HOCKEYHOOLI,Daniel Jones,Indianapolis Colts,0,,,Atlanta Falcons,0,0,Pre-ETR,53.png
52,3,51,Jared Goff,QB,Detroit Lions,TUBINIS2121,Jared Goff,Detroit Lions,1,1,1,New York Giants,1,1,Pre-ETR,53.png
52,4,52,David Montgomery,RB,Detroit Lions,LENKEITH,Jacoby Brissett,Arizona Cardinals,0,,,New York Giants,0,0,Pre-ETR,53.png
52,5,53,Mark Andrews,TE,Baltimore Ravens,D4VE,Lamar Jackson,Baltimore Ravens,1,,,New York Jets,0,0,Pre-ETR,53.png
52,6,54,Juwan Johnson,TE,New Orleans Saints,PRESTIGEFF,Sam Darnold,Seattle Seahawks,0,,,Atlanta Falcons,0,0,Pre-ETR,53.png
52,7,55,Michael Wilson,WR,Arizona Cardinals,LEE121503,Jaxson Dart,New York Giants,0,,,Jacksonville Jaguars,0,0,Pre-ETR,53.png
52,8,56,Alec Pierce,WR,Indianapolis Colts,NOAHPETRO23,Jalen Hurts,Philadelphia Eagles,0,,,Kansas City Chiefs,0,0,Pre-ETR,53.png
52,9,57,Darnell Mooney,WR,Atlanta Falcons,JYAKER23,Dak Prescott,Dallas Cowboys,0,,,New Orleans Saints,0,0,Pre-ETR,53.png
52,10,58,Caleb Williams,QB,Chicago Bears,DABK,Caleb Williams,Chicago Bears,1,0,0,Pittsburgh Steelers,1,1,Pre-ETR,53.png
52,11,59,Romeo Doubs,WR,Green Bay Packers,WILLMAKEWAR,Patrick Mahomes,Kansas City Chiefs,0,,,Minnesota Vikings,0,0,Pre-ETR,53.png
52,12,60,DeMario Douglas,WR,New England Patriots,PLAYERQ,Drake Maye,New England Patriots,1,,,Cincinnati Bengals,1,1,Pre-ETR,53.png
52,12,61,Zach Charbonnet,RB,Seattle Seahawks,PLAYERQ,Drake Maye,New England Patriots,0,,,Tennessee Titans,0,0,Pre-ETR,53.png
52,11,62,Kyle Pitts,TE,Atlanta Falcons,WILLMAKEWAR,Patrick Mahomes,Kansas City Chiefs,0,,,New Orleans Saints,0,0,Pre-ETR,53.png
52,10,63,Xavier Worthy,WR,Kansas City Chiefs,DABK,Caleb Williams,Chicago Bears,0,,,Indianapolis Colts,0,0,Pre-ETR,53.png
52,9,64,Theo Johnson,TE,New York Giants,JYAKER23,Dak Prescott,Dallas Cowboys,0,,,Detroit Lions,0,0,Pre-ETR,53.png
52,8,65,Rashid Shaheed,WR,Seattle Seahawks,NOAHPETRO23,Jalen Hurts,Philadelphia Eagles,0,,,Tennessee Titans,0,0,Pre-ETR,53.png
52,7,66,Darius Slayton,WR,New York Giants,LEE121503,Jaxson Dart,New York Giants,1,,,Detroit Lions,0,0,Pre-ETR,53.png
52,6,67,Sam Darnold,QB,Seattle Seahawks,PRESTIGEFF,Sam Darnold,Seattle Seahawks,1,0,0,Tennessee Titans,0,0,Pre-ETR,53.png
52,5,68,Rhamondre Stevenson,RB,New England Patriots,D4VE,Lamar Jackson,Baltimore Ravens,0,,,Cincinnati Bengals,0,0,Pre-ETR,53.png
52,4,69,Jacoby Brissett,QB,Arizona Cardinals,LENKEITH,Jacoby Brissett,Arizona Cardinals,1,0,0,Jacksonville Jaguars,0,0,Pre-ETR,53.png
52,3,70,Brock Wright,TE,Detroit Lions,TUBINIS2121,Jared Goff,Detroit Lions,1,,,New York Giants,1,1,Pre-ETR,53.png
52,2,71,Brian Thomas,WR,Jacksonville Jaguars,HOCKEYHOOLI,Daniel Jones,Indianapolis Colts,0,,,Arizona Cardinals,0,0,Pre-ETR,53.png
52,1,72,Trevor Lawrence,QB,Jacksonville Jaguars,KRUTCHES93,Trevor Lawrence,Jacksonville Jaguars,1,0,0,Arizona Cardinals,0,0,Pre-ETR,53.png
53,1,1,Jonathan Taylor,RB,Indianapolis Colts,PIRI24,Patrick Mahomes,Kansas City Chiefs,0,,,Kansas City Chiefs,2,1,Pre-ETR,54.png
53,2,2,Jahmyr Gibbs,RB,Detroit Lions,KRUTCHES93,Trevor Lawrence,Jacksonville Jaguars,0,,,New York Giants,0,0,Pre-ETR,54.png
53,3,3,Amon-Ra St. Brown,WR,Detroit Lions,TEDDYONFETTI,Jared Goff,Detroit Lions,1,,,New York Giants,1,1,Pre-ETR,54.png
53,4,4,Bijan Robinson,RB,Atlanta Falcons,BKNOTT,Daniel Jones,Indianapolis Colts,0,,,New Orleans Saints,0,0,Pre-ETR,54.png
53,5,5,Jaxon Smith-Njigba,WR,Seattle Seahawks,CHRIS,Jaxson Dart,New York Giants,0,,,Tennessee Titans,0,0,Pre-ETR,54.png
53,6,6,Saquon Barkley,RB,Philadelphia Eagles,RLOZAN12,Jalen Hurts,Philadelphia Eagles,1,,,Dallas Cowboys,1,1,Pre-ETR,54.png
53,7,7,Trey McBride,TE,Arizona Cardinals,GABRAINOS,Jacoby Brissett,Arizona Cardinals,1,,,Jacksonville Jaguars,1,1,Pre-ETR,54.png
53,8,8,Derrick Henry,RB,Baltimore Ravens,LEE121503,Drake Maye,New England Patriots,0,,,New York Jets,0,0,Pre-ETR,54.png
53,9,9,TreVeyon Henderson,RB,New England Patriots,DABK,Caleb Williams,Chicago Bears,0,,,Cincinnati Bengals,1,1,Pre-ETR,54.png
53,10,10,CeeDee Lamb,WR,Dallas Cowboys,____,Dak Prescott,Dallas Cowboys,1,,,Philadelphia Eagles,0,0,Pre-ETR,54.png
53,11,11,Rashee Rice,WR,Kansas City Chiefs,TUBINIS2121,Jordan Love,Green Bay Packers,0,,,Indianapolis Colts,0,0,Pre-ETR,54.png
53,12,12,Travis Etienne Jr.,RB,Jacksonville Jaguars,WILLMAKEWAR,Lamar Jackson,Baltimore Ravens,0,,,Arizona Cardinals,0,0,Pre-ETR,54.png
53,12,13,Lamar Jackson,QB,Baltimore Ravens,WILLMAKEWAR,Lamar Jackson,Baltimore Ravens,1,0,0,New York Jets,1,1,Pre-ETR,54.png
53,11,14,Tee Higgins,WR,Cincinnati Bengals,TUBINIS2121,Jordan Love,Green Bay Packers,0,,,New England Patriots,1,1,Pre-ETR,54.png
53,10,15,Brock Bowers,TE,Las Vegas Raiders,____,Dak Prescott,Dallas Cowboys,0,,,Cleveland Browns,0,0,Pre-ETR,54.png
53,9,16,Javonte Williams,RB,Dallas Cowboys,DABK,Caleb Williams,Chicago Bears,0,,,Philadelphia Eagles,0,0,Pre-ETR,54.png
53,8,17,Drake Maye,QB,New England Patriots,LEE121503,Drake Maye,New England Patriots,1,1,1,Cincinnati Bengals,0,0,Pre-ETR,54.png
53,7,18,Chris Olave,WR,New Orleans Saints,GABRAINOS,Jacoby Brissett,Arizona Cardinals,0,,,Atlanta Falcons,0,0,Pre-ETR,54.png
53,6,19,Jalen Hurts,QB,Philadelphia Eagles,RLOZAN12,Jalen Hurts,Philadelphia Eagles,1,1,1,Dallas Cowboys,1,1,Pre-ETR,54.png
53,5,20,Justin Jefferson,WR,Minnesota Vikings,CHRIS,Jaxson Dart,New York Giants,0,,,Green Bay Packers,0,0,Pre-ETR,54.png
53,4,21,A.J. Brown,WR,Philadelphia Eagles,BKNOTT,Daniel Jones,Indianapolis Colts,0,,,Dallas Cowboys,0,0,Pre-ETR,54.png
53,3,22,George Pickens,WR,Dallas Cowboys,TEDDYONFETTI,Jared Goff,Detroit Lions,0,,,Philadelphia Eagles,0,0,Pre-ETR,54.png
53,2,23,DeVonta Smith,WR,Philadelphia Eagles,KRUTCHES93,Trevor Lawrence,Jacksonville Jaguars,0,,,Dallas Cowboys,0,0,Pre-ETR,54.png
53,1,24,Patrick Mahomes,QB,Kansas City Chiefs,PIRI24,Patrick Mahomes,Kansas City Chiefs,1,1,1,Indianapolis Colts,1,1,Pre-ETR,54.png
53,1,25,Chase Brown,RB,Cincinnati Bengals,PIRI24,Patrick Mahomes,Kansas City Chiefs,0,,,New England Patriots,0,0,Pre-ETR,54.png
53,2,26,Tyler Warren,TE,Indianapolis Colts,KRUTCHES93,Trevor Lawrence,Jacksonville Jaguars,0,,,Kansas City Chiefs,0,0,Pre-ETR,54.png
53,3,27,Quinshon Judkins,RB,Cleveland Browns,TEDDYONFETTI,Jared Goff,Detroit Lions,0,,,Las Vegas Raiders,0,0,Pre-ETR,54.png
53,4,28,Travis Kelce,TE,Kansas City Chiefs,BKNOTT,Daniel Jones,Indianapolis Colts,0,,,Indianapolis Colts,1,1,Pre-ETR,54.png
53,5,29,Ashton Jeanty,RB,Las Vegas Raiders,CHRIS,Jaxson Dart,New York Giants,0,,,Cleveland Browns,0,0,Pre-ETR,54.png
53,6,30,Jameson Williams,WR,Detroit Lions,RLOZAN12,Jalen Hurts,Philadelphia Eagles,0,,,New York Giants,0,0,Pre-ETR,54.png
53,7,31,Kenneth Walker III,RB,Seattle Seahawks,GABRAINOS,Jacoby Brissett,Arizona Cardinals,0,,,Tennessee Titans,0,0,Pre-ETR,54.png
53,8,32,Stefon Diggs,WR,New England Patriots,LEE121503,Drake Maye,New England Patriots,1,,,Cincinnati Bengals,0,0,Pre-ETR,54.png
53,9,33,Zay Flowers,WR,Baltimore Ravens,DABK,Caleb Williams,Chicago Bears,0,,,New York Jets,0,0,Pre-ETR,54.png
53,10,34,Jaylen Warren,RB,Pittsburgh Steelers,____,Dak Prescott,Dallas Cowboys,0,,,Chicago Bears,0,0,Pre-ETR,54.png
53,11,35,Hunter Henry,TE,New England Patriots,TUBINIS2121,Jordan Love,Green Bay Packers,0,,,Cincinnati Bengals,1,1,Pre-ETR,54.png
53,12,36,Breece Hall,RB,New York Jets,WILLMAKEWAR,Lamar Jackson,Baltimore Ravens,0,,,Baltimore Ravens,1,1,Pre-ETR,54.png
53,12,37,Juwan Johnson,TE,New Orleans Saints,WILLMAKEWAR,Lamar Jackson,Baltimore Ravens,0,,,Atlanta Falcons,1,1,Pre-ETR,54.png
53,11,38,David Montgomery,RB,Detroit Lions,TUBINIS2121,Jordan Love,Green Bay Packers,0,,,New York Giants,0,0,Pre-ETR,54.png
53,10,39,Dak Prescott,QB,Dallas Cowboys,____,Dak Prescott,Dallas Cowboys,1,1,1,Philadelphia Eagles,0,0,Pre-ETR,54.png
53,9,40,Rome Odunze,WR,Chicago Bears,DABK,Caleb Williams,Chicago Bears,1,,,Pittsburgh Steelers,0,0,Pre-ETR,54.png
53,8,41,DK Metcalf,WR,Pittsburgh Steelers,LEE121503,Drake Maye,New England Patriots,0,,,Chicago Bears,0,0,Pre-ETR,54.png
53,7,42,Michael Wilson,WR,Arizona Cardinals,GABRAINOS,Jacoby Brissett,Arizona Cardinals,1,,,Jacksonville Jaguars,1,1,Pre-ETR,54.png
53,6,43,D'Andre Swift,RB,Chicago Bears,RLOZAN12,Jalen Hurts,Philadelphia Eagles,0,,,Pittsburgh Steelers,0,0,Pre-ETR,54.png
53,5,44,Jaxson Dart,QB,New York Giants,CHRIS,Jaxson Dart,New York Giants,1,1,1,Detroit Lions,0,0,Pre-ETR,54.png
53,4,45,Emanuel Wilson,RB,Green Bay Packers,BKNOTT,Daniel Jones,Indianapolis Colts,0,,,Minnesota Vikings,1,1,Pre-ETR,54.png
53,3,46,Jared Goff,QB,Detroit Lions,TEDDYONFETTI,Jared Goff,Detroit Lions,1,1,1,New York Giants,1,1,Pre-ETR,54.png
53,2,47,Michael Pittman Jr.,WR,Indianapolis Colts,KRUTCHES93,Trevor Lawrence,Jacksonville Jaguars,0,,,Kansas City Chiefs,0,0,Pre-ETR,54.png
53,1,48,Xavier Worthy,WR,Kansas City Chiefs,PIRI24,Patrick Mahomes,Kansas City Chiefs,1,,,Indianapolis Colts,1,1,Pre-ETR,54.png
53,1,49,Kyle Pitts,TE,Atlanta Falcons,PIRI24,Patrick Mahomes,Kansas City Chiefs,0,,,New Orleans Saints,0,0,Pre-ETR,54.png
53,2,50,Josh Jacobs,RB,Green Bay Packers,KRUTCHES93,Trevor Lawrence,Jacksonville Jaguars,0,,,Minnesota Vikings,0,0,Pre-ETR,54.png
53,3,51,Wan'Dale Robinson,WR,New York Giants,TEDDYONFETTI,Jared Goff,Detroit Lions,0,,,Detroit Lions,2,1,Pre-ETR,54.png
53,4,52,Daniel Jones,QB,Indianapolis Colts,BKNOTT,Daniel Jones,Indianapolis Colts,1,0,0,Kansas City Chiefs,1,1,Pre-ETR,54.png
53,5,53,Dallas Goedert,TE,Philadelphia Eagles,CHRIS,Jaxson Dart,New York Giants,0,,,Dallas Cowboys,0,0,Pre-ETR,54.png
53,6,54,Jake Ferguson,TE,Dallas Cowboys,RLOZAN12,Jalen Hurts,Philadelphia Eagles,0,,,Philadelphia Eagles,2,1,Pre-ETR,54.png
53,7,55,Jacoby Brissett,QB,Arizona Cardinals,GABRAINOS,Jacoby Brissett,Arizona Cardinals,1,2,1,Jacksonville Jaguars,1,1,Pre-ETR,54.png
53,8,56,Aaron Jones,RB,Minnesota Vikings,LEE121503,Drake Maye,New England Patriots,0,,,Green Bay Packers,0,0,Pre-ETR,54.png
53,9,57,Caleb Williams,QB,Chicago Bears,DABK,Caleb Williams,Chicago Bears,1,1,1,Pittsburgh Steelers,0,0,Pre-ETR,54.png
53,10,58,Alvin Kamara,RB,New Orleans Saints,____,Dak Prescott,Dallas Cowboys,0,,,Atlanta Falcons,0,0,Pre-ETR,54.png
53,11,59,Christian Watson,WR,Green Bay Packers,TUBINIS2121,Jordan Love,Green Bay Packers,1,,,Minnesota Vikings,0,0,Pre-ETR,54.png
53,12,60,Darnell Mooney,WR,Atlanta Falcons,WILLMAKEWAR,Lamar Jackson,Baltimore Ravens,0,,,New Orleans Saints,1,1,Pre-ETR,54.png
53,12,61,Romeo Doubs,WR,Green Bay Packers,WILLMAKEWAR,Lamar Jackson,Baltimore Ravens,0,,,Minnesota Vikings,0,0,Pre-ETR,54.png
53,11,62,Jordan Love,QB,Green Bay Packers,TUBINIS2121,Jordan Love,Green Bay Packers,1,1,1,Minnesota Vikings,0,0,Pre-ETR,54.png
53,10,63,Brian Thomas,WR,Jacksonville Jaguars,____,Dak Prescott,Dallas Cowboys,0,,,Arizona Cardinals,0,0,Pre-ETR,54.png
53,9,64,Noah Fant,TE,Cincinnati Bengals,DABK,Caleb Williams,Chicago Bears,0,,,New England Patriots,1,1,Pre-ETR,54.png
53,8,65,AJ Barner,TE,Seattle Seahawks,LEE121503,Drake Maye,New England Patriots,0,,,Tennessee Titans,0,0,Pre-ETR,54.png
53,7,66,Jakobi Meyers,WR,Jacksonville Jaguars,GABRAINOS,Jacoby Brissett,Arizona Cardinals,0,,,Arizona Cardinals,3,1,Pre-ETR,54.png
53,6,67,Alec Pierce,WR,Indianapolis Colts,RLOZAN12,Jalen Hurts,Philadelphia Eagles,0,,,Kansas City Chiefs,0,0,Pre-ETR,54.png
53,5,68,Tyrone Tracy,RB,New York Giants,CHRIS,Jaxson Dart,New York Giants,1,,,Detroit Lions,0,0,Pre-ETR,54.png
53,4,69,Jordan Addison,WR,Minnesota Vikings,BKNOTT,Daniel Jones,Indianapolis Colts,0,,,Green Bay Packers,1,1,Pre-ETR,54.png
53,3,70,Mark Andrews,TE,Baltimore Ravens,TEDDYONFETTI,Jared Goff,Detroit Lions,0,,,New York Jets,0,0,Pre-ETR,54.png
53,2,71,Trevor Lawrence,QB,Jacksonville Jaguars,KRUTCHES93,Trevor Lawrence,Jacksonville Jaguars,1,0,0,Arizona Cardinals,0,0,Pre-ETR,54.png
53,1,72,Marvin Harrison,WR,Arizona Cardinals,PIRI24,Patrick Mahomes,Kansas City Chiefs,0,,,Jacksonville Jaguars,0,0,Pre-ETR,54.png
54,1,1,Jonathan Taylor,RB,Indianapolis Colts,CHESTEROU812,Jacoby Brissett,Arizona Cardinals,0,,,Kansas City Chiefs,0,0,Pre-ETR,55.jpg
54,2,2,Jahmyr Gibbs,RB,Detroit Lions,BOOMERWINS,Joe Flacco,Cincinnati Bengals,0,,,New York Giants,0,0,Pre-ETR,55.jpg
54,3,3,Bijan Robinson,RB,Atlanta Falcons,CGEEEEEE,Daniel Jones,Indianapolis Colts,0,,,New Orleans Saints,0,0,Pre-ETR,55.jpg
54,4,4,Jaxon Smith-Njigba,WR,Seattle Seahawks,LEE121503,Drake Maye,New England Patriots,0,,,Tennessee Titans,0,0,Pre-ETR,55.jpg
54,5,5,Amon-Ra St. Brown,WR,Detroit Lions,HDJDHDJDJSK,Patrick Mahomes,Kansas City Chiefs,0,,,New York Giants,0,0,Pre-ETR,55.jpg
54,6,6,Saquon Barkley,RB,Philadelphia Eagles,KOBEGOAT2424,Lamar Jackson,Baltimore Ravens,0,,,Dallas Cowboys,0,0,Pre-ETR,55.jpg
54,7,7,Derrick Henry,RB,Baltimore Ravens,BUSTERSBOYS,Jared Goff,Detroit Lions,0,,,New York Jets,0,0,Pre-ETR,55.jpg
54,8,8,Travis Kelce,TE,Kansas City Chiefs,LONELYGRIM,Dak Prescott,Dallas Cowboys,0,,,Indianapolis Colts,1,1,Pre-ETR,55.jpg
54,9,9,TreVeyon Henderson,RB,New England Patriots,JOHNPOZEY,Jalen Hurts,Philadelphia Eagles,0,,,Cincinnati Bengals,0,0,Pre-ETR,55.jpg
54,10,10,Trey McBride,TE,Arizona Cardinals,DRAPP,Caleb Williams,Chicago Bears,0,,,Jacksonville Jaguars,1,1,Pre-ETR,55.jpg
54,11,11,Rashee Rice,WR,Kansas City Chiefs,INGELX,Jaxson Dart,New York Giants,0,,,Indianapolis Colts,0,0,Pre-ETR,55.jpg
54,12,12,CeeDee Lamb,WR,Dallas Cowboys,GFORGUMBY,Trevor Lawrence,Jacksonville Jaguars,0,,,Philadelphia Eagles,0,0,Pre-ETR,55.jpg
54,12,13,Tee Higgins,WR,Cincinnati Bengals,GFORGUMBY,Trevor Lawrence,Jacksonville Jaguars,0,,,New England Patriots,0,0,Pre-ETR,55.jpg
54,11,14,Brock Bowers,TE,Las Vegas Raiders,INGELX,Jaxson Dart,New York Giants,0,,,Cleveland Browns,0,0,Pre-ETR,55.jpg
54,10,15,Javonte Williams,RB,Dallas Cowboys,DRAPP,Caleb Williams,Chicago Bears,0,,,Philadelphia Eagles,0,0,Pre-ETR,55.jpg
54,9,16,Jalen Hurts,QB,Philadelphia Eagles,JOHNPOZEY,Jalen Hurts,Philadelphia Eagles,1,1,1,Dallas Cowboys,0,0,Pre-ETR,55.jpg
54,8,17,Travis Etienne Jr.,RB,Jacksonville Jaguars,LONELYGRIM,Dak Prescott,Dallas Cowboys,0,,,Arizona Cardinals,0,0,Pre-ETR,55.jpg
54,7,18,A.J. Brown,WR,Philadelphia Eagles,BUSTERSBOYS,Jared Goff,Detroit Lions,0,,,Dallas Cowboys,0,0,Pre-ETR,55.jpg
54,6,19,Lamar Jackson,QB,Baltimore Ravens,KOBEGOAT2424,Lamar Jackson,Baltimore Ravens,1,0,0,New York Jets,0,0,Pre-ETR,55.jpg
54,5,20,Chris Olave,WR,New Orleans Saints,HDJDHDJDJSK,Patrick Mahomes,Kansas City Chiefs,0,,,Atlanta Falcons,0,0,Pre-ETR,55.jpg
54,4,21,Drake Maye,QB,New England Patriots,LEE121503,Drake Maye,New England Patriots,1,1,1,Cincinnati Bengals,1,1,Pre-ETR,55.jpg
54,3,22,Justin Jefferson,WR,Minnesota Vikings,CGEEEEEE,Daniel Jones,Indianapolis Colts,0,,,Green Bay Packers,1,1,Pre-ETR,55.jpg
54,2,23,DeVonta Smith,WR,Philadelphia Eagles,BOOMERWINS,Joe Flacco,Cincinnati Bengals,0,,,Dallas Cowboys,0,0,Pre-ETR,55.jpg
54,1,24,George Pickens,WR,Dallas Cowboys,CHESTEROU812,Jacoby Brissett,Arizona Cardinals,0,,,Philadelphia Eagles,0,0,Pre-ETR,55.jpg
54,1,25,Jameson Williams,WR,Detroit Lions,CHESTEROU812,Jacoby Brissett,Arizona Cardinals,0,,,New York Giants,0,0,Pre-ETR,55.jpg
54,2,26,Stefon Diggs,WR,New England Patriots,BOOMERWINS,Joe Flacco,Cincinnati Bengals,0,,,Cincinnati Bengals,1,1,Pre-ETR,55.jpg
54,3,27,Tyler Warren,TE,Indianapolis Colts,CGEEEEEE,Daniel Jones,Indianapolis Colts,1,,,Kansas City Chiefs,0,0,Pre-ETR,55.jpg
54,4,28,Chase Brown,RB,Cincinnati Bengals,LEE121503,Drake Maye,New England Patriots,0,,,New England Patriots,2,1,Pre-ETR,55.jpg
54,5,29,Patrick Mahomes,QB,Kansas City Chiefs,HDJDHDJDJSK,Patrick Mahomes,Kansas City Chiefs,1,0,0,Indianapolis Colts,0,0,Pre-ETR,55.jpg
54,6,30,Quinshon Judkins,RB,Cleveland Browns,KOBEGOAT2424,Lamar Jackson,Baltimore Ravens,0,,,Las Vegas Raiders,0,0,Pre-ETR,55.jpg
54,7,31,Zay Flowers,WR,Baltimore Ravens,BUSTERSBOYS,Jared Goff,Detroit Lions,0,,,New York Jets,0,0,Pre-ETR,55.jpg
54,8,32,Kenneth Walker III,RB,Seattle Seahawks,LONELYGRIM,Dak Prescott,Dallas Cowboys,0,,,Tennessee Titans,0,0,Pre-ETR,55.jpg
54,9,33,Breece Hall,RB,New York Jets,JOHNPOZEY,Jalen Hurts,Philadelphia Eagles,0,,,Baltimore Ravens,0,0,Pre-ETR,55.jpg
54,10,34,Rome Odunze,WR,Chicago Bears,DRAPP,Caleb Williams,Chicago Bears,1,,,Pittsburgh Steelers,1,1,Pre-ETR,55.jpg
54,11,35,D'Andre Swift,RB,Chicago Bears,INGELX,Jaxson Dart,New York Giants,0,,,Pittsburgh Steelers,0,0,Pre-ETR,55.jpg
54,12,36,Jaylen Warren,RB,Pittsburgh Steelers,GFORGUMBY,Trevor Lawrence,Jacksonville Jaguars,0,,,Chicago Bears,0,0,Pre-ETR,55.jpg
54,12,37,Aaron Jones,RB,Minnesota Vikings,GFORGUMBY,Trevor Lawrence,Jacksonville Jaguars,0,,,Green Bay Packers,0,0,Pre-ETR,55.jpg
54,11,38,Jaxson Dart,QB,New York Giants,INGELX,Jaxson Dart,New York Giants,1,0,0,Detroit Lions,0,0,Pre-ETR,55.jpg
54,10,39,DK Metcalf,WR,Pittsburgh Steelers,DRAPP,Caleb Williams,Chicago Bears,0,,,Chicago Bears,2,1,Pre-ETR,55.jpg
54,9,40,Dallas Goedert,TE,Philadelphia Eagles,JOHNPOZEY,Jalen Hurts,Philadelphia Eagles,1,,,Dallas Cowboys,0,0,Pre-ETR,55.jpg
54,8,41,Dak Prescott,QB,Dallas Cowboys,LONELYGRIM,Dak Prescott,Dallas Cowboys,1,0,0,Philadelphia Eagles,0,0,Pre-ETR,55.jpg
54,7,42,Jared Goff,QB,Detroit Lions,BUSTERSBOYS,Jared Goff,Detroit Lions,1,0,0,New York Giants,2,1,Pre-ETR,55.jpg
54,6,43,Hunter Henry,TE,New England Patriots,KOBEGOAT2424,Lamar Jackson,Baltimore Ravens,0,,,Cincinnati Bengals,0,0,Pre-ETR,55.jpg
54,5,44,Ashton Jeanty,RB,Las Vegas Raiders,HDJDHDJDJSK,Patrick Mahomes,Kansas City Chiefs,0,,,Cleveland Browns,0,0,Pre-ETR,55.jpg
54,4,45,Emanuel Wilson,RB,Green Bay Packers,LEE121503,Drake Maye,New England Patriots,0,,,Minnesota Vikings,0,0,Pre-ETR,55.jpg
54,3,46,Daniel Jones,QB,Indianapolis Colts,CGEEEEEE,Daniel Jones,Indianapolis Colts,1,1,1,Kansas City Chiefs,0,0,Pre-ETR,55.jpg
54,2,47,David Montgomery,RB,Detroit Lions,BOOMERWINS,Joe Flacco,Cincinnati Bengals,0,,,New York Giants,0,0,Pre-ETR,55.jpg
54,1,48,Michael Pittman Jr.,WR,Indianapolis Colts,CHESTEROU812,Jacoby Brissett,Arizona Cardinals,0,,,Kansas City Chiefs,0,0,Pre-ETR,55.jpg
54,1,49,Jake Ferguson,TE,Dallas Cowboys,CHESTEROU812,Jacoby Brissett,Arizona Cardinals,0,,,Philadelphia Eagles,0,0,Pre-ETR,55.jpg
54,2,50,Juwan Johnson,TE,New Orleans Saints,BOOMERWINS,Joe Flacco,Cincinnati Bengals,0,,,Atlanta Falcons,0,0,Pre-ETR,55.jpg
54,3,51,Josh Jacobs,RB,Green Bay Packers,CGEEEEEE,Daniel Jones,Indianapolis Colts,0,,,Minnesota Vikings,1,1,Pre-ETR,55.jpg
54,4,52,Kyle Pitts,TE,Atlanta Falcons,LEE121503,Drake Maye,New England Patriots,0,,,New Orleans Saints,0,0,Pre-ETR,55.jpg
54,5,53,Alvin Kamara,RB,New Orleans Saints,HDJDHDJDJSK,Patrick Mahomes,Kansas City Chiefs,0,,,Atlanta Falcons,0,0,Pre-ETR,55.jpg
54,6,54,Michael Wilson,WR,Arizona Cardinals,KOBEGOAT2424,Lamar Jackson,Baltimore Ravens,0,,,Jacksonville Jaguars,0,0,Pre-ETR,55.jpg
54,7,55,Wan'Dale Robinson,WR,New York Giants,BUSTERSBOYS,Jared Goff,Detroit Lions,0,,,Detroit Lions,1,1,Pre-ETR,55.jpg
54,8,56,Xavier Worthy,WR,Kansas City Chiefs,LONELYGRIM,Dak Prescott,Dallas Cowboys,0,,,Indianapolis Colts,1,1,Pre-ETR,55.jpg
54,9,57,Christian Watson,WR,Green Bay Packers,JOHNPOZEY,Jalen Hurts,Philadelphia Eagles,0,,,Minnesota Vikings,0,0,Pre-ETR,55.jpg
54,10,58,Caleb Williams,QB,Chicago Bears,DRAPP,Caleb Williams,Chicago Bears,1,1,1,Pittsburgh Steelers,1,1,Pre-ETR,55.jpg
54,11,59,Bhayshul Tuten,RB,Jacksonville Jaguars,INGELX,Jaxson Dart,New York Giants,0,,,Arizona Cardinals,1,1,Pre-ETR,55.jpg
54,12,60,Mark Andrews,TE,Baltimore Ravens,GFORGUMBY,Trevor Lawrence,Jacksonville Jaguars,0,,,New York Jets,0,0,Pre-ETR,55.jpg
54,12,61,Trevor Lawrence,QB,Jacksonville Jaguars,GFORGUMBY,Trevor Lawrence,Jacksonville Jaguars,1,0,0,Arizona Cardinals,0,0,Pre-ETR,55.jpg
54,11,62,Marvin Harrison,WR,Arizona Cardinals,INGELX,Jaxson Dart,New York Giants,0,,,Jacksonville Jaguars,1,1,Pre-ETR,55.jpg
54,10,63,Brian Thomas,WR,Jacksonville Jaguars,DRAPP,Caleb Williams,Chicago Bears,0,,,Arizona Cardinals,1,1,Pre-ETR,55.jpg
54,9,64,Jakobi Meyers,WR,Jacksonville Jaguars,JOHNPOZEY,Jalen Hurts,Philadelphia Eagles,0,,,Arizona Cardinals,0,0,Pre-ETR,55.jpg
54,8,65,Alec Pierce,WR,Indianapolis Colts,LONELYGRIM,Dak Prescott,Dallas Cowboys,0,,,Kansas City Chiefs,2,1,Pre-ETR,55.jpg
54,7,66,Theo Johnson,TE,New York Giants,BUSTERSBOYS,Jared Goff,Detroit Lions,0,,,Detroit Lions,1,1,Pre-ETR,55.jpg
54,6,67,Darnell Mooney,WR,Atlanta Falcons,KOBEGOAT2424,Lamar Jackson,Baltimore Ravens,0,,,New Orleans Saints,0,0,Pre-ETR,55.jpg
54,5,68,Colston Loveland,TE,Chicago Bears,HDJDHDJDJSK,Patrick Mahomes,Kansas City Chiefs,0,,,Pittsburgh Steelers,0,0,Pre-ETR,55.jpg
54,4,69,Kayshon Boutte,WR,New England Patriots,LEE121503,Drake Maye,New England Patriots,1,,,Cincinnati Bengals,1,1,Pre-ETR,55.jpg
54,3,70,Rashid Shaheed,WR,Seattle Seahawks,CGEEEEEE,Daniel Jones,Indianapolis Colts,0,,,Tennessee Titans,0,0,Pre-ETR,55.jpg
54,2,71,Joe Flacco,QB,Cincinnati Bengals,BOOMERWINS,Joe Flacco,Cincinnati Bengals,1,0,0,New England Patriots,1,1,Pre-ETR,55.jpg
54,1,72,Jacoby Brissett,QB,Arizona Cardinals,CHESTEROU812,Jacoby Brissett,Arizona Cardinals,1,0,0,Jacksonville Jaguars,0,0,Pre-ETR,55.jpg
55,1,1,Bijan Robinson,RB,Atlanta Falcons,KRUTCHES93,Daniel Jones,Indianapolis Colts,0,,,New Orleans Saints,0,0,Pre-ETR,56.jpg
55,2,2,Jahmyr Gibbs,RB,Detroit Lions,STEVIEBEAR,J.J. McCarthy,Minnesota Vikings,0,,,New York Giants,0,0,Pre-ETR,56.jpg
55,3,3,Jonathan Taylor,RB,Indianapolis Colts,LEE121503,Dak Prescott,Dallas Cowboys,0,,,Kansas City Chiefs,0,0,Pre-ETR,56.jpg
55,4,4,Jaxon Smith-Njigba,WR,Seattle Seahawks,TUBINIS2121,Jaxson Dart,New York Giants,0,,,Tennessee Titans,0,0,Pre-ETR,56.jpg
55,5,5,Amon-Ra St. Brown,WR,Detroit Lions,CGEEEEEE,Jalen Hurts,Philadelphia Eagles,0,,,New York Giants,1,1,Pre-ETR,56.jpg
55,6,6,Saquon Barkley,RB,Philadelphia Eagles,BUSTERSBOYS,Lamar Jackson,Baltimore Ravens,0,,,Dallas Cowboys,0,0,Pre-ETR,56.jpg
55,7,7,Rashee Rice,WR,Kansas City Chiefs,CUTCUTLER,Drake Maye,New England Patriots,0,,,Indianapolis Colts,0,0,Pre-ETR,56.jpg
55,8,8,Trey McBride,TE,Arizona Cardinals,KREAR72,Caleb Williams,Chicago Bears,0,,,Jacksonville Jaguars,0,0,Pre-ETR,56.jpg
55,9,9,Derrick Henry,RB,Baltimore Ravens,KCPOLACK,Jacoby Brissett,Arizona Cardinals,0,,,New York Jets,0,0,Pre-ETR,56.jpg
55,10,10,Brock Bowers,TE,Las Vegas Raiders,CHADCANDLES,Jared Goff,Detroit Lions,0,,,Cleveland Browns,0,0,Pre-ETR,56.jpg
55,11,11,CeeDee Lamb,WR,Dallas Cowboys,HDJDHDJDJSK,Patrick Mahomes,Kansas City Chiefs,0,,,Philadelphia Eagles,1,1,Pre-ETR,56.jpg
55,12,12,Tee Higgins,WR,Cincinnati Bengals,GOAZCARDS,Trevor Lawrence,Jacksonville Jaguars,0,,,New England Patriots,0,0,Pre-ETR,56.jpg
55,12,13,George Pickens,WR,Dallas Cowboys,GOAZCARDS,Trevor Lawrence,Jacksonville Jaguars,0,,,Philadelphia Eagles,0,0,Pre-ETR,56.jpg
55,11,14,A.J. Brown,WR,Philadelphia Eagles,HDJDHDJDJSK,Patrick Mahomes,Kansas City Chiefs,0,,,Dallas Cowboys,1,1,Pre-ETR,56.jpg
55,10,15,Jameson Williams,WR,Detroit Lions,CHADCANDLES,Jared Goff,Detroit Lions,1,,,New York Giants,1,1,Pre-ETR,56.jpg
55,9,16,Travis Etienne Jr.,RB,Jacksonville Jaguars,KCPOLACK,Jacoby Brissett,Arizona Cardinals,0,,,Arizona Cardinals,1,1,Pre-ETR,56.jpg
55,8,17,TreVeyon Henderson,RB,New England Patriots,KREAR72,Caleb Williams,Chicago Bears,0,,,Cincinnati Bengals,0,0,Pre-ETR,56.jpg
55,7,18,Drake Maye,QB,New England Patriots,CUTCUTLER,Drake Maye,New England Patriots,1,1,1,Cincinnati Bengals,0,0,Pre-ETR,56.jpg
55,6,19,Lamar Jackson,QB,Baltimore Ravens,BUSTERSBOYS,Lamar Jackson,Baltimore Ravens,1,0,0,New York Jets,0,0,Pre-ETR,56.jpg
55,5,20,Jalen Hurts,QB,Philadelphia Eagles,CGEEEEEE,Jalen Hurts,Philadelphia Eagles,1,0,0,Dallas Cowboys,0,0,Pre-ETR,56.jpg
55,4,21,Javonte Williams,RB,Dallas Cowboys,TUBINIS2121,Jaxson Dart,New York Giants,0,,,Philadelphia Eagles,0,0,Pre-ETR,56.jpg
55,3,22,Chris Olave,WR,New Orleans Saints,LEE121503,Dak Prescott,Dallas Cowboys,0,,,Atlanta Falcons,0,0,Pre-ETR,56.jpg
55,2,23,Justin Jefferson,WR,Minnesota Vikings,STEVIEBEAR,J.J. McCarthy,Minnesota Vikings,1,,,Green Bay Packers,1,1,Pre-ETR,56.jpg
55,1,24,Tyler Warren,TE,Indianapolis Colts,KRUTCHES93,Daniel Jones,Indianapolis Colts,1,,,Kansas City Chiefs,0,0,Pre-ETR,56.jpg
55,1,25,DeVonta Smith,WR,Philadelphia Eagles,KRUTCHES93,Daniel Jones,Indianapolis Colts,0,,,Dallas Cowboys,0,0,Pre-ETR,56.jpg
55,2,26,Stefon Diggs,WR,New England Patriots,STEVIEBEAR,J.J. McCarthy,Minnesota Vikings,0,,,Cincinnati Bengals,0,0,Pre-ETR,56.jpg
55,3,27,Kenneth Walker III,RB,Seattle Seahawks,LEE121503,Dak Prescott,Dallas Cowboys,0,,,Tennessee Titans,0,0,Pre-ETR,56.jpg
55,4,28,Chase Brown,RB,Cincinnati Bengals,TUBINIS2121,Jaxson Dart,New York Giants,0,,,New England Patriots,0,0,Pre-ETR,56.jpg
55,5,29,Zay Flowers,WR,Baltimore Ravens,CGEEEEEE,Jalen Hurts,Philadelphia Eagles,0,,,New York Jets,0,0,Pre-ETR,56.jpg
55,6,30,Quinshon Judkins,RB,Cleveland Browns,BUSTERSBOYS,Lamar Jackson,Baltimore Ravens,0,,,Las Vegas Raiders,0,0,Pre-ETR,56.jpg
55,7,31,Hunter Henry,TE,New England Patriots,CUTCUTLER,Drake Maye,New England Patriots,1,,,Cincinnati Bengals,0,0,Pre-ETR,56.jpg
55,8,32,DK Metcalf,WR,Pittsburgh Steelers,KREAR72,Caleb Williams,Chicago Bears,0,,,Chicago Bears,1,1,Pre-ETR,56.jpg
55,9,33,Travis Kelce,TE,Kansas City Chiefs,KCPOLACK,Jacoby Brissett,Arizona Cardinals,0,,,Indianapolis Colts,1,1,Pre-ETR,56.jpg
55,10,34,Aaron Jones,RB,Minnesota Vikings,CHADCANDLES,Jared Goff,Detroit Lions,0,,,Green Bay Packers,0,0,Pre-ETR,56.jpg
55,11,35,Patrick Mahomes,QB,Kansas City Chiefs,HDJDHDJDJSK,Patrick Mahomes,Kansas City Chiefs,1,0,0,Indianapolis Colts,0,0,Pre-ETR,56.jpg
55,12,36,Breece Hall,RB,New York Jets,GOAZCARDS,Trevor Lawrence,Jacksonville Jaguars,0,,,Baltimore Ravens,0,0,Pre-ETR,56.jpg
55,12,37,D'Andre Swift,RB,Chicago Bears,GOAZCARDS,Trevor Lawrence,Jacksonville Jaguars,0,,,Pittsburgh Steelers,0,0,Pre-ETR,56.jpg
55,11,38,Ashton Jeanty,RB,Las Vegas Raiders,HDJDHDJDJSK,Patrick Mahomes,Kansas City Chiefs,0,,,Cleveland Browns,0,0,Pre-ETR,56.jpg
55,10,39,Jared Goff,QB,Detroit Lions,CHADCANDLES,Jared Goff,Detroit Lions,1,1,1,New York Giants,1,1,Pre-ETR,56.jpg
55,9,40,Rome Odunze,WR,Chicago Bears,KCPOLACK,Jacoby Brissett,Arizona Cardinals,0,,,Pittsburgh Steelers,0,0,Pre-ETR,56.jpg
55,8,41,David Montgomery,RB,Detroit Lions,KREAR72,Caleb Williams,Chicago Bears,0,,,New York Giants,0,0,Pre-ETR,56.jpg
55,7,42,Michael Wilson,WR,Arizona Cardinals,CUTCUTLER,Drake Maye,New England Patriots,0,,,Jacksonville Jaguars,0,0,Pre-ETR,56.jpg
55,6,43,Michael Pittman Jr.,WR,Indianapolis Colts,BUSTERSBOYS,Lamar Jackson,Baltimore Ravens,0,,,Kansas City Chiefs,0,0,Pre-ETR,56.jpg
55,5,44,Jaylen Warren,RB,Pittsburgh Steelers,CGEEEEEE,Jalen Hurts,Philadelphia Eagles,0,,,Chicago Bears,0,0,Pre-ETR,56.jpg
55,4,45,Jaxson Dart,QB,New York Giants,TUBINIS2121,Jaxson Dart,New York Giants,1,0,0,Detroit Lions,0,0,Pre-ETR,56.jpg
55,3,46,Dak Prescott,QB,Dallas Cowboys,LEE121503,Dak Prescott,Dallas Cowboys,1,1,1,Philadelphia Eagles,0,0,Pre-ETR,56.jpg
55,2,47,Josh Jacobs,RB,Green Bay Packers,STEVIEBEAR,J.J. McCarthy,Minnesota Vikings,0,,,Minnesota Vikings,2,1,Pre-ETR,56.jpg
55,1,48,Daniel Jones,QB,Indianapolis Colts,KRUTCHES93,Daniel Jones,Indianapolis Colts,1,1,1,Kansas City Chiefs,0,0,Pre-ETR,56.jpg
55,1,49,Wan'Dale Robinson,WR,New York Giants,KRUTCHES93,Daniel Jones,Indianapolis Colts,0,,,Detroit Lions,0,0,Pre-ETR,56.jpg
55,2,50,Dallas Goedert,TE,Philadelphia Eagles,STEVIEBEAR,J.J. McCarthy,Minnesota Vikings,0,,,Dallas Cowboys,0,0,Pre-ETR,56.jpg
55,3,51,Jake Ferguson,TE,Dallas Cowboys,LEE121503,Dak Prescott,Dallas Cowboys,1,,,Philadelphia Eagles,0,0,Pre-ETR,56.jpg
55,4,52,Xavier Worthy,WR,Kansas City Chiefs,TUBINIS2121,Jaxson Dart,New York Giants,0,,,Indianapolis Colts,0,0,Pre-ETR,56.jpg
55,5,53,Emanuel Wilson,RB,Green Bay Packers,CGEEEEEE,Jalen Hurts,Philadelphia Eagles,0,,,Minnesota Vikings,0,0,Pre-ETR,56.jpg
55,6,54,Kyle Pitts,TE,Atlanta Falcons,BUSTERSBOYS,Lamar Jackson,Baltimore Ravens,0,,,New Orleans Saints,0,0,Pre-ETR,56.jpg
55,7,55,Alvin Kamara,RB,New Orleans Saints,CUTCUTLER,Drake Maye,New England Patriots,0,,,Atlanta Falcons,0,0,Pre-ETR,56.jpg
55,8,56,Marvin Harrison,WR,Arizona Cardinals,KREAR72,Caleb Williams,Chicago Bears,0,,,Jacksonville Jaguars,0,0,Pre-ETR,56.jpg
55,9,57,Alec Pierce,WR,Indianapolis Colts,KCPOLACK,Jacoby Brissett,Arizona Cardinals,0,,,Kansas City Chiefs,1,1,Pre-ETR,56.jpg
55,10,58,Tyrone Tracy,RB,New York Giants,CHADCANDLES,Jared Goff,Detroit Lions,0,,,Detroit Lions,2,1,Pre-ETR,56.jpg
55,11,59,Juwan Johnson,TE,New Orleans Saints,HDJDHDJDJSK,Patrick Mahomes,Kansas City Chiefs,0,,,Atlanta Falcons,0,0,Pre-ETR,56.jpg
55,12,60,Brenton Strange,TE,Jacksonville Jaguars,GOAZCARDS,Trevor Lawrence,Jacksonville Jaguars,1,,,Arizona Cardinals,0,0,Pre-ETR,56.jpg
55,12,61,Trevor Lawrence,QB,Jacksonville Jaguars,GOAZCARDS,Trevor Lawrence,Jacksonville Jaguars,1,1,1,Arizona Cardinals,0,0,Pre-ETR,56.jpg
55,11,62,Zach Charbonnet,RB,Seattle Seahawks,HDJDHDJDJSK,Patrick Mahomes,Kansas City Chiefs,0,,,Tennessee Titans,0,0,Pre-ETR,56.jpg
55,10,63,Rashid Shaheed,WR,Seattle Seahawks,CHADCANDLES,Jared Goff,Detroit Lions,0,,,Tennessee Titans,0,0,Pre-ETR,56.jpg
55,9,64,Jacoby Brissett,QB,Arizona Cardinals,KCPOLACK,Jacoby Brissett,Arizona Cardinals,1,0,0,Jacksonville Jaguars,1,1,Pre-ETR,56.jpg
55,8,65,Caleb Williams,QB,Chicago Bears,KREAR72,Caleb Williams,Chicago Bears,1,0,0,Pittsburgh Steelers,1,1,Pre-ETR,56.jpg
55,7,66,Kenneth Gainwell,RB,Pittsburgh Steelers,CUTCUTLER,Drake Maye,New England Patriots,0,,,Chicago Bears,0,0,Pre-ETR,56.jpg
55,6,67,Darnell Mooney,WR,Atlanta Falcons,BUSTERSBOYS,Lamar Jackson,Baltimore Ravens,0,,,New Orleans Saints,0,0,Pre-ETR,56.jpg
55,5,68,Theo Johnson,TE,New York Giants,CGEEEEEE,Jalen Hurts,Philadelphia Eagles,0,,,Detroit Lions,1,1,Pre-ETR,56.jpg
55,4,69,Taysom Hill,TE,New Orleans Saints,TUBINIS2121,Jaxson Dart,New York Giants,0,,,Atlanta Falcons,0,0,Pre-ETR,56.jpg
55,3,70,Christian Watson,WR,Green Bay Packers,LEE121503,Dak Prescott,Dallas Cowboys,0,,,Minnesota Vikings,0,0,Pre-ETR,56.jpg
55,2,71,J.J. McCarthy,QB,Minnesota Vikings,STEVIEBEAR,J.J. McCarthy,Minnesota Vikings,1,1,1,Green Bay Packers,1,1,Pre-ETR,56.jpg
55,1,72,Romeo Doubs,WR,Green Bay Packers,KRUTCHES93,Daniel Jones,Indianapolis Colts,0,,,Minnesota Vikings,0,0,Pre-ETR,56.jpg
56,1,1,Jahmyr Gibbs,RB,Detroit Lions,D4VE,Daniel Jones,Indianapolis Colts,0,,,New York Giants,0,0,Pre-ETR,57.png
56,2,2,Jonathan Taylor,RB,Indianapolis Colts,LEE121503,Patrick Mahomes,Kansas City Chiefs,0,,,Kansas City Chiefs,1,1,Pre-ETR,57.png
56,3,3,Bijan Robinson,RB,Atlanta Falcons,BUSTERSBOYS,Lamar Jackson,Baltimore Ravens,0,,,New Orleans Saints,0,0,Pre-ETR,57.png
56,4,4,Amon-Ra St. Brown,WR,Detroit Lions,CGEEEEEE,Jared Goff,Detroit Lions,1,,,New York Giants,0,0,Pre-ETR,57.png
56,5,5,Jaxon Smith-Njigba,WR,Seattle Seahawks,KREAR72,Sam Darnold,Seattle Seahawks,1,,,Tennessee Titans,0,0,Pre-ETR,57.png
56,6,6,Trey McBride,TE,Arizona Cardinals,KRUTCHES93,Trevor Lawrence,Jacksonville Jaguars,0,,,Jacksonville Jaguars,1,1,Pre-ETR,57.png
56,7,7,Derrick Henry,RB,Baltimore Ravens,LENKEITH,Jacoby Brissett,Arizona Cardinals,0,,,New York Jets,0,0,Pre-ETR,57.png
56,8,8,Saquon Barkley,RB,Philadelphia Eagles,MARIOSOLAR,Jalen Hurts,Philadelphia Eagles,1,,,Dallas Cowboys,0,0,Pre-ETR,57.png
56,9,9,TreVeyon Henderson,RB,New England Patriots,BOOMERWINS,Drake Maye,New England Patriots,1,,,Cincinnati Bengals,0,0,Pre-ETR,57.png
56,10,10,CeeDee Lamb,WR,Dallas Cowboys,HDJDHDJDJSK,Dak Prescott,Dallas Cowboys,1,,,Philadelphia Eagles,1,1,Pre-ETR,57.png
56,11,11,Tee Higgins,WR,Cincinnati Bengals,CHADCANDLES,Caleb Williams,Chicago Bears,0,,,New England Patriots,0,0,Pre-ETR,57.png
56,12,12,Rashee Rice,WR,Kansas City Chiefs,TUBINIS2121,Jaxson Dart,New York Giants,0,,,Indianapolis Colts,0,0,Pre-ETR,57.png
56,12,13,Brock Bowers,TE,Las Vegas Raiders,TUBINIS2121,Jaxson Dart,New York Giants,0,,,Cleveland Browns,0,0,Pre-ETR,57.png
56,11,14,Travis Etienne Jr.,RB,Jacksonville Jaguars,CHADCANDLES,Caleb Williams,Chicago Bears,0,,,Arizona Cardinals,0,0,Pre-ETR,57.png
56,10,15,A.J. Brown,WR,Philadelphia Eagles,HDJDHDJDJSK,Dak Prescott,Dallas Cowboys,0,,,Dallas Cowboys,2,1,Pre-ETR,57.png
56,9,16,Drake Maye,QB,New England Patriots,BOOMERWINS,Drake Maye,New England Patriots,1,2,1,Cincinnati Bengals,0,0,Pre-ETR,57.png
56,8,17,Jalen Hurts,QB,Philadelphia Eagles,MARIOSOLAR,Jalen Hurts,Philadelphia Eagles,1,1,1,Dallas Cowboys,0,0,Pre-ETR,57.png
56,7,18,George Pickens,WR,Dallas Cowboys,LENKEITH,Jacoby Brissett,Arizona Cardinals,0,,,Philadelphia Eagles,0,0,Pre-ETR,57.png
56,6,19,Javonte Williams,RB,Dallas Cowboys,KRUTCHES93,Trevor Lawrence,Jacksonville Jaguars,0,,,Philadelphia Eagles,0,0,Pre-ETR,57.png
56,5,20,Jameson Williams,WR,Detroit Lions,KREAR72,Sam Darnold,Seattle Seahawks,0,,,New York Giants,0,0,Pre-ETR,57.png
56,4,21,Justin Jefferson,WR,Minnesota Vikings,CGEEEEEE,Jared Goff,Detroit Lions,0,,,Green Bay Packers,1,1,Pre-ETR,57.png
56,3,22,Lamar Jackson,QB,Baltimore Ravens,BUSTERSBOYS,Lamar Jackson,Baltimore Ravens,1,1,1,New York Jets,0,0,Pre-ETR,57.png
56,2,23,Stefon Diggs,WR,New England Patriots,LEE121503,Patrick Mahomes,Kansas City Chiefs,0,,,Cincinnati Bengals,1,1,Pre-ETR,57.png
56,1,24,Tyler Warren,TE,Indianapolis Colts,D4VE,Daniel Jones,Indianapolis Colts,1,,,Kansas City Chiefs,0,0,Pre-ETR,57.png
56,1,25,Chris Olave,WR,New Orleans Saints,D4VE,Daniel Jones,Indianapolis Colts,0,,,Atlanta Falcons,0,0,Pre-ETR,57.png
56,2,26,Patrick Mahomes,QB,Kansas City Chiefs,LEE121503,Patrick Mahomes,Kansas City Chiefs,1,0,0,Indianapolis Colts,1,1,Pre-ETR,57.png
56,3,27,Zay Flowers,WR,Baltimore Ravens,BUSTERSBOYS,Lamar Jackson,Baltimore Ravens,1,,,New York Jets,0,0,Pre-ETR,57.png
56,4,28,DeVonta Smith,WR,Philadelphia Eagles,CGEEEEEE,Jared Goff,Detroit Lions,0,,,Dallas Cowboys,0,0,Pre-ETR,57.png
56,5,29,Chase Brown,RB,Cincinnati Bengals,KREAR72,Sam Darnold,Seattle Seahawks,0,,,New England Patriots,0,0,Pre-ETR,57.png
56,6,30,Ashton Jeanty,RB,Las Vegas Raiders,KRUTCHES93,Trevor Lawrence,Jacksonville Jaguars,0,,,Cleveland Browns,0,0,Pre-ETR,57.png
56,7,31,Kenneth Walker III,RB,Seattle Seahawks,LENKEITH,Jacoby Brissett,Arizona Cardinals,0,,,Tennessee Titans,0,0,Pre-ETR,57.png
56,8,32,Travis Kelce,TE,Kansas City Chiefs,MARIOSOLAR,Jalen Hurts,Philadelphia Eagles,0,,,Indianapolis Colts,1,1,Pre-ETR,57.png
56,9,33,Hunter Henry,TE,New England Patriots,BOOMERWINS,Drake Maye,New England Patriots,1,,,Cincinnati Bengals,0,0,Pre-ETR,57.png
56,10,34,Quinshon Judkins,RB,Cleveland Browns,HDJDHDJDJSK,Dak Prescott,Dallas Cowboys,0,,,Las Vegas Raiders,0,0,Pre-ETR,57.png
56,11,35,Aaron Jones,RB,Minnesota Vikings,CHADCANDLES,Caleb Williams,Chicago Bears,0,,,Green Bay Packers,0,0,Pre-ETR,57.png
56,12,36,Jaxson Dart,QB,New York Giants,TUBINIS2121,Jaxson Dart,New York Giants,1,0,0,Detroit Lions,1,1,Pre-ETR,57.png
56,12,37,David Montgomery,RB,Detroit Lions,TUBINIS2121,Jaxson Dart,New York Giants,0,,,New York Giants,1,1,Pre-ETR,57.png
56,11,38,DK Metcalf,WR,Pittsburgh Steelers,CHADCANDLES,Caleb Williams,Chicago Bears,0,,,Chicago Bears,2,1,Pre-ETR,57.png
56,10,39,Dak Prescott,QB,Dallas Cowboys,HDJDHDJDJSK,Dak Prescott,Dallas Cowboys,1,1,1,Philadelphia Eagles,1,1,Pre-ETR,57.png
56,9,40,Michael Pittman Jr.,WR,Indianapolis Colts,BOOMERWINS,Drake Maye,New England Patriots,0,,,Kansas City Chiefs,0,0,Pre-ETR,57.png
56,8,41,Breece Hall,RB,New York Jets,MARIOSOLAR,Jalen Hurts,Philadelphia Eagles,0,,,Baltimore Ravens,0,0,Pre-ETR,57.png
56,7,42,Rome Odunze,WR,Chicago Bears,LENKEITH,Jacoby Brissett,Arizona Cardinals,0,,,Pittsburgh Steelers,0,0,Pre-ETR,57.png
56,6,43,Wan'Dale Robinson,WR,New York Giants,KRUTCHES93,Trevor Lawrence,Jacksonville Jaguars,0,,,Detroit Lions,0,0,Pre-ETR,57.png
56,5,44,D'Andre Swift,RB,Chicago Bears,KREAR72,Sam Darnold,Seattle Seahawks,0,,,Pittsburgh Steelers,0,0,Pre-ETR,57.png
56,4,45,Jared Goff,QB,Detroit Lions,CGEEEEEE,Jared Goff,Detroit Lions,1,1,1,New York Giants,0,0,Pre-ETR,57.png
56,3,46,Xavier Worthy,WR,Kansas City Chiefs,BUSTERSBOYS,Lamar Jackson,Baltimore Ravens,0,,,Indianapolis Colts,0,0,Pre-ETR,57.png
56,2,47,Michael Wilson,WR,Arizona Cardinals,LEE121503,Patrick Mahomes,Kansas City Chiefs,0,,,Jacksonville Jaguars,0,0,Pre-ETR,57.png
56,1,48,Jaylen Warren,RB,Pittsburgh Steelers,D4VE,Daniel Jones,Indianapolis Colts,0,,,Chicago Bears,0,0,Pre-ETR,57.png
56,1,49,Daniel Jones,QB,Indianapolis Colts,D4VE,Daniel Jones,Indianapolis Colts,1,1,1,Kansas City Chiefs,0,0,Pre-ETR,57.png
56,2,50,Emanuel Wilson,RB,Green Bay Packers,LEE121503,Patrick Mahomes,Kansas City Chiefs,0,,,Minnesota Vikings,0,0,Pre-ETR,57.png
56,3,51,Dallas Goedert,TE,Philadelphia Eagles,BUSTERSBOYS,Lamar Jackson,Baltimore Ravens,0,,,Dallas Cowboys,0,0,Pre-ETR,57.png
56,4,52,Josh Jacobs,RB,Green Bay Packers,CGEEEEEE,Jared Goff,Detroit Lions,0,,,Minnesota Vikings,1,1,Pre-ETR,57.png
56,5,53,Juwan Johnson,TE,New Orleans Saints,KREAR72,Sam Darnold,Seattle Seahawks,0,,,Atlanta Falcons,0,0,Pre-ETR,57.png
56,6,54,Marvin Harrison,WR,Arizona Cardinals,KRUTCHES93,Trevor Lawrence,Jacksonville Jaguars,0,,,Jacksonville Jaguars,1,1,Pre-ETR,57.png
56,7,55,Jake Ferguson,TE,Dallas Cowboys,LENKEITH,Jacoby Brissett,Arizona Cardinals,0,,,Philadelphia Eagles,0,0,Pre-ETR,57.png
56,8,56,Alec Pierce,WR,Indianapolis Colts,MARIOSOLAR,Jalen Hurts,Philadelphia Eagles,0,,,Kansas City Chiefs,1,1,Pre-ETR,57.png
56,9,57,Jakobi Meyers,WR,Jacksonville Jaguars,BOOMERWINS,Drake Maye,New England Patriots,0,,,Arizona Cardinals,0,0,Pre-ETR,57.png
56,10,58,Kyle Pitts,TE,Atlanta Falcons,HDJDHDJDJSK,Dak Prescott,Dallas Cowboys,0,,,New Orleans Saints,0,0,Pre-ETR,57.png
56,11,59,Colston Loveland,TE,Chicago Bears,CHADCANDLES,Caleb Williams,Chicago Bears,1,,,Pittsburgh Steelers,1,1,Pre-ETR,57.png
56,12,60,Alvin Kamara,RB,New Orleans Saints,TUBINIS2121,Jaxson Dart,New York Giants,0,,,Atlanta Falcons,1,1,Pre-ETR,57.png
56,12,61,Darnell Mooney,WR,Atlanta Falcons,TUBINIS2121,Jaxson Dart,New York Giants,0,,,New Orleans Saints,1,1,Pre-ETR,57.png
56,11,62,Caleb Williams,QB,Chicago Bears,CHADCANDLES,Caleb Williams,Chicago Bears,1,1,1,Pittsburgh Steelers,1,1,Pre-ETR,57.png
56,10,63,Bhayshul Tuten,RB,Jacksonville Jaguars,HDJDHDJDJSK,Dak Prescott,Dallas Cowboys,0,,,Arizona Cardinals,0,0,Pre-ETR,57.png
56,9,64,Kenneth Gainwell,RB,Pittsburgh Steelers,BOOMERWINS,Drake Maye,New England Patriots,0,,,Chicago Bears,0,0,Pre-ETR,57.png
56,8,65,Christian Watson,WR,Green Bay Packers,MARIOSOLAR,Jalen Hurts,Philadelphia Eagles,0,,,Minnesota Vikings,0,0,Pre-ETR,57.png
56,7,66,Jacoby Brissett,QB,Arizona Cardinals,LENKEITH,Jacoby Brissett,Arizona Cardinals,1,0,0,Jacksonville Jaguars,0,0,Pre-ETR,57.png
56,6,67,Trevor Lawrence,QB,Jacksonville Jaguars,KRUTCHES93,Trevor Lawrence,Jacksonville Jaguars,1,0,0,Arizona Cardinals,2,1,Pre-ETR,57.png
56,5,68,Sam Darnold,QB,Seattle Seahawks,KREAR72,Sam Darnold,Seattle Seahawks,1,1,1,Tennessee Titans,0,0,Pre-ETR,57.png
56,4,69,Mark Andrews,TE,Baltimore Ravens,CGEEEEEE,Jared Goff,Detroit Lions,0,,,New York Jets,0,0,Pre-ETR,57.png
56,3,70,Romeo Doubs,WR,Green Bay Packers,BUSTERSBOYS,Lamar Jackson,Baltimore Ravens,0,,,Minnesota Vikings,0,0,Pre-ETR,57.png
56,2,71,Noah Fant,TE,Cincinnati Bengals,LEE121503,Patrick Mahomes,Kansas City Chiefs,0,,,New England Patriots,1,1,Pre-ETR,57.png
56,1,72,Brian Thomas,WR,Jacksonville Jaguars,D4VE,Daniel Jones,Indianapolis Colts,0,,,Arizona Cardinals,0,0,Pre-ETR,57.png
57,1,1,Jahmyr Gibbs,RB,Detroit Lions,AARONJH22,Jordan Love,Green Bay Packers,0,,,New York Giants,0,0,Pre-ETR,58.png
57,2,2,Jonathan Taylor,RB,Indianapolis Colts,JTBINEGAR2,Lamar Jackson,Baltimore Ravens,0,,,Kansas City Chiefs,1,1,Pre-ETR,58.png
57,3,3,Bijan Robinson,RB,Atlanta Falcons,PATRICKBARN,Trevor Lawrence,Jacksonville Jaguars,0,,,New Orleans Saints,0,0,Pre-ETR,58.png
57,4,4,Jaxon Smith-Njigba,WR,Seattle Seahawks,KCPOLACK,Jaxson Dart,New York Giants,0,,,Tennessee Titans,0,0,Pre-ETR,58.png
57,5,5,Amon-Ra St. Brown,WR,Detroit Lions,KRUTCHES93,Patrick Mahomes,Kansas City Chiefs,0,,,New York Giants,0,0,Pre-ETR,58.png
57,6,6,Trey McBride,TE,Arizona Cardinals,GOAZCARDS,Jacoby Brissett,Arizona Cardinals,1,,,Jacksonville Jaguars,0,0,Pre-ETR,58.png
57,7,7,Derrick Henry,RB,Baltimore Ravens,DYLANCASH22,Jared Goff,Detroit Lions,0,,,New York Jets,0,0,Pre-ETR,58.png
57,8,8,Saquon Barkley,RB,Philadelphia Eagles,BUSTERSBOYS,Daniel Jones,Indianapolis Colts,0,,,Dallas Cowboys,0,0,Pre-ETR,58.png
57,9,9,TreVeyon Henderson,RB,New England Patriots,CUTCUTLER,Drake Maye,New England Patriots,1,,,Cincinnati Bengals,2,1,Pre-ETR,58.png
57,10,10,CeeDee Lamb,WR,Dallas Cowboys,EZ116,Dak Prescott,Dallas Cowboys,1,,,Philadelphia Eagles,0,0,Pre-ETR,58.png
57,11,11,Travis Etienne Jr.,RB,Jacksonville Jaguars,SHOCKTRAUM,Jalen Hurts,Philadelphia Eagles,0,,,Arizona Cardinals,1,1,Pre-ETR,58.png
57,12,12,Rashee Rice,WR,Kansas City Chiefs,D4VE,Caleb Williams,Chicago Bears,0,,,Indianapolis Colts,0,0,Pre-ETR,58.png
57,12,13,George Pickens,WR,Dallas Cowboys,D4VE,Caleb Williams,Chicago Bears,0,,,Philadelphia Eagles,0,0,Pre-ETR,58.png
57,11,14,Jalen Hurts,QB,Philadelphia Eagles,SHOCKTRAUM,Jalen Hurts,Philadelphia Eagles,1,1,1,Dallas Cowboys,0,0,Pre-ETR,58.png
57,10,15,Tee Higgins,WR,Cincinnati Bengals,EZ116,Dak Prescott,Dallas Cowboys,0,,,New England Patriots,0,0,Pre-ETR,58.png
57,9,16,Drake Maye,QB,New England Patriots,CUTCUTLER,Drake Maye,New England Patriots,1,1,1,Cincinnati Bengals,2,1,Pre-ETR,58.png
57,8,17,Brock Bowers,TE,Las Vegas Raiders,BUSTERSBOYS,Daniel Jones,Indianapolis Colts,0,,,Cleveland Browns,0,0,Pre-ETR,58.png
57,7,18,Jameson Williams,WR,Detroit Lions,DYLANCASH22,Jared Goff,Detroit Lions,1,,,New York Giants,0,0,Pre-ETR,58.png
57,6,19,Justin Jefferson,WR,Minnesota Vikings,GOAZCARDS,Jacoby Brissett,Arizona Cardinals,0,,,Green Bay Packers,0,0,Pre-ETR,58.png
57,5,20,Javonte Williams,RB,Dallas Cowboys,KRUTCHES93,Patrick Mahomes,Kansas City Chiefs,0,,,Philadelphia Eagles,0,0,Pre-ETR,58.png
57,4,21,Chris Olave,WR,New Orleans Saints,KCPOLACK,Jaxson Dart,New York Giants,0,,,Atlanta Falcons,0,0,Pre-ETR,58.png
57,3,22,A.J. Brown,WR,Philadelphia Eagles,PATRICKBARN,Trevor Lawrence,Jacksonville Jaguars,0,,,Dallas Cowboys,0,0,Pre-ETR,58.png
57,2,23,Lamar Jackson,QB,Baltimore Ravens,JTBINEGAR2,Lamar Jackson,Baltimore Ravens,1,0,0,New York Jets,0,0,Pre-ETR,58.png
57,1,24,Stefon Diggs,WR,New England Patriots,AARONJH22,Jordan Love,Green Bay Packers,0,,,Cincinnati Bengals,0,0,Pre-ETR,58.png
57,1,25,Quinshon Judkins,RB,Cleveland Browns,AARONJH22,Jordan Love,Green Bay Packers,0,,,Las Vegas Raiders,0,0,Pre-ETR,58.png
57,2,26,DeVonta Smith,WR,Philadelphia Eagles,JTBINEGAR2,Lamar Jackson,Baltimore Ravens,0,,,Dallas Cowboys,0,0,Pre-ETR,58.png
57,3,27,Tyler Warren,TE,Indianapolis Colts,PATRICKBARN,Trevor Lawrence,Jacksonville Jaguars,0,,,Kansas City Chiefs,0,0,Pre-ETR,58.png
57,4,28,Chase Brown,RB,Cincinnati Bengals,KCPOLACK,Jaxson Dart,New York Giants,0,,,New England Patriots,0,0,Pre-ETR,58.png
57,5,29,Patrick Mahomes,QB,Kansas City Chiefs,KRUTCHES93,Patrick Mahomes,Kansas City Chiefs,1,0,0,Indianapolis Colts,1,1,Pre-ETR,58.png
57,6,30,Kenneth Walker III,RB,Seattle Seahawks,GOAZCARDS,Jacoby Brissett,Arizona Cardinals,0,,,Tennessee Titans,0,0,Pre-ETR,58.png
57,7,31,Travis Kelce,TE,Kansas City Chiefs,DYLANCASH22,Jared Goff,Detroit Lions,0,,,Indianapolis Colts,0,0,Pre-ETR,58.png
57,8,32,Zay Flowers,WR,Baltimore Ravens,BUSTERSBOYS,Daniel Jones,Indianapolis Colts,0,,,New York Jets,1,1,Pre-ETR,58.png
57,9,33,DK Metcalf,WR,Pittsburgh Steelers,CUTCUTLER,Drake Maye,New England Patriots,0,,,Chicago Bears,1,1,Pre-ETR,58.png
57,10,34,Ashton Jeanty,RB,Las Vegas Raiders,EZ116,Dak Prescott,Dallas Cowboys,0,,,Cleveland Browns,0,0,Pre-ETR,58.png
57,11,35,Dallas Goedert,TE,Philadelphia Eagles,SHOCKTRAUM,Jalen Hurts,Philadelphia Eagles,1,,,Dallas Cowboys,0,0,Pre-ETR,58.png
57,12,36,Jaylen Warren,RB,Pittsburgh Steelers,D4VE,Caleb Williams,Chicago Bears,0,,,Chicago Bears,1,1,Pre-ETR,58.png
57,12,37,Hunter Henry,TE,New England Patriots,D4VE,Caleb Williams,Chicago Bears,0,,,Cincinnati Bengals,0,0,Pre-ETR,58.png
57,11,38,Michael Wilson,WR,Arizona Cardinals,SHOCKTRAUM,Jalen Hurts,Philadelphia Eagles,0,,,Jacksonville Jaguars,2,1,Pre-ETR,58.png
57,10,39,Dak Prescott,QB,Dallas Cowboys,EZ116,Dak Prescott,Dallas Cowboys,1,1,1,Philadelphia Eagles,0,0,Pre-ETR,58.png
57,9,40,Rome Odunze,WR,Chicago Bears,CUTCUTLER,Drake Maye,New England Patriots,0,,,Pittsburgh Steelers,1,1,Pre-ETR,58.png
57,8,41,Breece Hall,RB,New York Jets,BUSTERSBOYS,Daniel Jones,Indianapolis Colts,0,,,Baltimore Ravens,1,1,Pre-ETR,58.png
57,7,42,Jared Goff,QB,Detroit Lions,DYLANCASH22,Jared Goff,Detroit Lions,1,1,1,New York Giants,0,0,Pre-ETR,58.png
57,6,43,Wan'Dale Robinson,WR,New York Giants,GOAZCARDS,Jacoby Brissett,Arizona Cardinals,0,,,Detroit Lions,0,0,Pre-ETR,58.png
57,5,44,D'Andre Swift,RB,Chicago Bears,KRUTCHES93,Patrick Mahomes,Kansas City Chiefs,0,,,Pittsburgh Steelers,0,0,Pre-ETR,58.png
57,4,45,Jaxson Dart,QB,New York Giants,KCPOLACK,Jaxson Dart,New York Giants,1,0,0,Detroit Lions,0,0,Pre-ETR,58.png
57,3,46,David Montgomery,RB,Detroit Lions,PATRICKBARN,Trevor Lawrence,Jacksonville Jaguars,0,,,New York Giants,0,0,Pre-ETR,58.png
57,2,47,Xavier Worthy,WR,Kansas City Chiefs,JTBINEGAR2,Lamar Jackson,Baltimore Ravens,0,,,Indianapolis Colts,1,1,Pre-ETR,58.png
57,1,48,Kyle Pitts,TE,Atlanta Falcons,AARONJH22,Jordan Love,Green Bay Packers,0,,,New Orleans Saints,0,0,Pre-ETR,58.png
57,1,49,Romeo Doubs,WR,Green Bay Packers,AARONJH22,Jordan Love,Green Bay Packers,1,,,Minnesota Vikings,0,0,Pre-ETR,58.png
57,2,50,Aaron Jones,RB,Minnesota Vikings,JTBINEGAR2,Lamar Jackson,Baltimore Ravens,0,,,Green Bay Packers,0,0,Pre-ETR,58.png
57,3,51,Darnell Mooney,WR,Atlanta Falcons,PATRICKBARN,Trevor Lawrence,Jacksonville Jaguars,0,,,New Orleans Saints,0,0,Pre-ETR,58.png
57,4,52,Josh Jacobs,RB,Green Bay Packers,KCPOLACK,Jaxson Dart,New York Giants,0,,,Minnesota Vikings,0,0,Pre-ETR,58.png
57,5,53,Jake Ferguson,TE,Dallas Cowboys,KRUTCHES93,Patrick Mahomes,Kansas City Chiefs,0,,,Philadelphia Eagles,0,0,Pre-ETR,58.png
57,6,54,Alvin Kamara,RB,New Orleans Saints,GOAZCARDS,Jacoby Brissett,Arizona Cardinals,0,,,Atlanta Falcons,0,0,Pre-ETR,58.png
57,7,55,Juwan Johnson,TE,New Orleans Saints,DYLANCASH22,Jared Goff,Detroit Lions,0,,,Atlanta Falcons,0,0,Pre-ETR,58.png
57,8,56,Michael Pittman Jr.,WR,Indianapolis Colts,BUSTERSBOYS,Daniel Jones,Indianapolis Colts,1,,,Kansas City Chiefs,0,0,Pre-ETR,58.png
57,9,57,Andrei Iosivas,WR,Cincinnati Bengals,CUTCUTLER,Drake Maye,New England Patriots,0,,,New England Patriots,2,1,Pre-ETR,58.png
57,10,58,Emanuel Wilson,RB,Green Bay Packers,EZ116,Dak Prescott,Dallas Cowboys,0,,,Minnesota Vikings,0,0,Pre-ETR,58.png
57,11,59,Jakobi Meyers,WR,Jacksonville Jaguars,SHOCKTRAUM,Jalen Hurts,Philadelphia Eagles,0,,,Arizona Cardinals,1,1,Pre-ETR,58.png
57,12,60,Caleb Williams,QB,Chicago Bears,D4VE,Caleb Williams,Chicago Bears,1,0,0,Pittsburgh Steelers,1,1,Pre-ETR,58.png
57,12,61,Tyrone Tracy,RB,New York Giants,D4VE,Caleb Williams,Chicago Bears,0,,,Detroit Lions,0,0,Pre-ETR,58.png
57,11,62,Kenneth Gainwell,RB,Pittsburgh Steelers,SHOCKTRAUM,Jalen Hurts,Philadelphia Eagles,0,,,Chicago Bears,0,0,Pre-ETR,58.png
57,10,63,Theo Johnson,TE,New York Giants,EZ116,Dak Prescott,Dallas Cowboys,0,,,Detroit Lions,0,0,Pre-ETR,58.png
57,9,64,Noah Fant,TE,Cincinnati Bengals,CUTCUTLER,Drake Maye,New England Patriots,0,,,New England Patriots,2,1,Pre-ETR,58.png
57,8,65,Daniel Jones,QB,Indianapolis Colts,BUSTERSBOYS,Daniel Jones,Indianapolis Colts,1,1,1,Kansas City Chiefs,0,0,Pre-ETR,58.png
57,7,66,Luther Burden,WR,Chicago Bears,DYLANCASH22,Jared Goff,Detroit Lions,0,,,Pittsburgh Steelers,0,0,Pre-ETR,58.png
57,6,67,Jacoby Brissett,QB,Arizona Cardinals,GOAZCARDS,Jacoby Brissett,Arizona Cardinals,1,1,1,Jacksonville Jaguars,0,0,Pre-ETR,58.png
57,5,68,Alec Pierce,WR,Indianapolis Colts,KRUTCHES93,Patrick Mahomes,Kansas City Chiefs,0,,,Kansas City Chiefs,1,1,Pre-ETR,58.png
57,4,69,Mark Andrews,TE,Baltimore Ravens,KCPOLACK,Jaxson Dart,New York Giants,0,,,New York Jets,0,0,Pre-ETR,58.png
57,3,70,Trevor Lawrence,QB,Jacksonville Jaguars,PATRICKBARN,Trevor Lawrence,Jacksonville Jaguars,1,0,0,Arizona Cardinals,0,0,Pre-ETR,58.png
57,2,71,AJ Barner,TE,Seattle Seahawks,JTBINEGAR2,Lamar Jackson,Baltimore Ravens,0,,,Tennessee Titans,0,0,Pre-ETR,58.png
57,1,72,Jordan Love,QB,Green Bay Packers,AARONJH22,Jordan Love,Green Bay Packers,1,1,1,Minnesota Vikings,0,0,Pre-ETR,58.png
58,1,1,Jonathan Taylor,RB,Indianapolis Colts,EZ116,Jaxson Dart,New York Giants,0,,,Kansas City Chiefs,1,1,Pre-ETR,59.png
58,2,2,Jahmyr Gibbs,RB,Detroit Lions,GUNNEROSS,Dak Prescott,Dallas Cowboys,0,,,New York Giants,0,0,Pre-ETR,59.png
58,3,3,Jaxon Smith-Njigba,WR,Seattle Seahawks,JDUBS1035,Daniel Jones,Indianapolis Colts,0,,,Tennessee Titans,0,0,Pre-ETR,59.png
58,4,4,Bijan Robinson,RB,Atlanta Falcons,KREAR72,Jordan Love,Green Bay Packers,0,,,New Orleans Saints,1,1,Pre-ETR,59.png
58,5,5,Derrick Henry,RB,Baltimore Ravens,BIFFTANNEN,Jalen Hurts,Philadelphia Eagles,0,,,New York Jets,0,0,Pre-ETR,59.png
58,6,6,Amon-Ra St. Brown,WR,Detroit Lions,JASTA29,Jared Goff,Detroit Lions,1,,,New York Giants,0,0,Pre-ETR,59.png
58,7,7,Saquon Barkley,RB,Philadelphia Eagles,PATRICKBARN,Trevor Lawrence,Jacksonville Jaguars,0,,,Dallas Cowboys,0,0,Pre-ETR,59.png
58,8,8,Trey McBride,TE,Arizona Cardinals,CHADCANDLES,Caleb Williams,Chicago Bears,0,,,Jacksonville Jaguars,0,0,Pre-ETR,59.png
58,9,9,Rashee Rice,WR,Kansas City Chiefs,KRUTCHES93,Patrick Mahomes,Kansas City Chiefs,1,,,Indianapolis Colts,0,0,Pre-ETR,59.png
58,10,10,CeeDee Lamb,WR,Dallas Cowboys,D4VE,Drake Maye,New England Patriots,0,,,Philadelphia Eagles,0,0,Pre-ETR,59.png
58,11,11,TreVeyon Henderson,RB,New England Patriots,BUSTERSBOYS,Lamar Jackson,Baltimore Ravens,0,,,Cincinnati Bengals,0,0,Pre-ETR,59.png
58,12,12,Travis Etienne Jr.,RB,Jacksonville Jaguars,YUZENN,Jacoby Brissett,Arizona Cardinals,0,,,Arizona Cardinals,2,1,Pre-ETR,59.png
58,12,13,Brock Bowers,TE,Las Vegas Raiders,YUZENN,Jacoby Brissett,Arizona Cardinals,0,,,Cleveland Browns,0,0,Pre-ETR,59.png
58,11,14,Lamar Jackson,QB,Baltimore Ravens,BUSTERSBOYS,Lamar Jackson,Baltimore Ravens,1,0,0,New York Jets,1,1,Pre-ETR,59.png
58,10,15,Drake Maye,QB,New England Patriots,D4VE,Drake Maye,New England Patriots,1,1,1,Cincinnati Bengals,0,0,Pre-ETR,59.png
58,9,16,Tee Higgins,WR,Cincinnati Bengals,KRUTCHES93,Patrick Mahomes,Kansas City Chiefs,0,,,New England Patriots,1,1,Pre-ETR,59.png
58,8,17,Jameson Williams,WR,Detroit Lions,CHADCANDLES,Caleb Williams,Chicago Bears,0,,,New York Giants,1,1,Pre-ETR,59.png
58,7,18,A.J. Brown,WR,Philadelphia Eagles,PATRICKBARN,Trevor Lawrence,Jacksonville Jaguars,0,,,Dallas Cowboys,0,0,Pre-ETR,59.png
58,6,19,Javonte Williams,RB,Dallas Cowboys,JASTA29,Jared Goff,Detroit Lions,0,,,Philadelphia Eagles,1,1,Pre-ETR,59.png
58,5,20,Jalen Hurts,QB,Philadelphia Eagles,BIFFTANNEN,Jalen Hurts,Philadelphia Eagles,1,0,0,Dallas Cowboys,0,0,Pre-ETR,59.png
58,4,21,DeVonta Smith,WR,Philadelphia Eagles,KREAR72,Jordan Love,Green Bay Packers,0,,,Dallas Cowboys,0,0,Pre-ETR,59.png
58,3,22,George Pickens,WR,Dallas Cowboys,JDUBS1035,Daniel Jones,Indianapolis Colts,0,,,Philadelphia Eagles,0,0,Pre-ETR,59.png
58,2,23,Chris Olave,WR,New Orleans Saints,GUNNEROSS,Dak Prescott,Dallas Cowboys,0,,,Atlanta Falcons,0,0,Pre-ETR,59.png
58,1,24,Justin Jefferson,WR,Minnesota Vikings,EZ116,Jaxson Dart,New York Giants,0,,,Green Bay Packers,0,0,Pre-ETR,59.png
58,1,25,Chase Brown,RB,Cincinnati Bengals,EZ116,Jaxson Dart,New York Giants,0,,,New England Patriots,0,0,Pre-ETR,59.png
58,2,26,Quinshon Judkins,RB,Cleveland Browns,GUNNEROSS,Dak Prescott,Dallas Cowboys,0,,,Las Vegas Raiders,0,0,Pre-ETR,59.png
58,3,27,Tyler Warren,TE,Indianapolis Colts,JDUBS1035,Daniel Jones,Indianapolis Colts,1,,,Kansas City Chiefs,0,0,Pre-ETR,59.png
58,4,28,Stefon Diggs,WR,New England Patriots,KREAR72,Jordan Love,Green Bay Packers,0,,,Cincinnati Bengals,0,0,Pre-ETR,59.png
58,5,29,Rome Odunze,WR,Chicago Bears,BIFFTANNEN,Jalen Hurts,Philadelphia Eagles,0,,,Pittsburgh Steelers,0,0,Pre-ETR,59.png
58,6,30,Kenneth Walker III,RB,Seattle Seahawks,JASTA29,Jared Goff,Detroit Lions,0,,,Tennessee Titans,0,0,Pre-ETR,59.png
58,7,31,Zay Flowers,WR,Baltimore Ravens,PATRICKBARN,Trevor Lawrence,Jacksonville Jaguars,0,,,New York Jets,0,0,Pre-ETR,59.png
58,8,32,Ashton Jeanty,RB,Las Vegas Raiders,CHADCANDLES,Caleb Williams,Chicago Bears,0,,,Cleveland Browns,0,0,Pre-ETR,59.png
58,9,33,Patrick Mahomes,QB,Kansas City Chiefs,KRUTCHES93,Patrick Mahomes,Kansas City Chiefs,1,1,1,Indianapolis Colts,0,0,Pre-ETR,59.png
58,10,34,Travis Kelce,TE,Kansas City Chiefs,D4VE,Drake Maye,New England Patriots,0,,,Indianapolis Colts,0,0,Pre-ETR,59.png
58,11,35,Breece Hall,RB,New York Jets,BUSTERSBOYS,Lamar Jackson,Baltimore Ravens,0,,,Baltimore Ravens,1,1,Pre-ETR,59.png
58,12,36,Michael Pittman Jr.,WR,Indianapolis Colts,YUZENN,Jacoby Brissett,Arizona Cardinals,0,,,Kansas City Chiefs,0,0,Pre-ETR,59.png
58,12,37,Michael Wilson,WR,Arizona Cardinals,YUZENN,Jacoby Brissett,Arizona Cardinals,1,,,Jacksonville Jaguars,1,1,Pre-ETR,59.png
58,11,38,DK Metcalf,WR,Pittsburgh Steelers,BUSTERSBOYS,Lamar Jackson,Baltimore Ravens,0,,,Chicago Bears,0,0,Pre-ETR,59.png
58,10,39,Jaylen Warren,RB,Pittsburgh Steelers,D4VE,Drake Maye,New England Patriots,0,,,Chicago Bears,0,0,Pre-ETR,59.png
58,9,40,D'Andre Swift,RB,Chicago Bears,KRUTCHES93,Patrick Mahomes,Kansas City Chiefs,0,,,Pittsburgh Steelers,0,0,Pre-ETR,59.png
58,8,41,Aaron Jones,RB,Minnesota Vikings,CHADCANDLES,Caleb Williams,Chicago Bears,0,,,Green Bay Packers,0,0,Pre-ETR,59.png
58,7,42,Hunter Henry,TE,New England Patriots,PATRICKBARN,Trevor Lawrence,Jacksonville Jaguars,0,,,Cincinnati Bengals,0,0,Pre-ETR,59.png
58,6,43,Dallas Goedert,TE,Philadelphia Eagles,JASTA29,Jared Goff,Detroit Lions,0,,,Dallas Cowboys,1,1,Pre-ETR,59.png
58,5,44,Emanuel Wilson,RB,Green Bay Packers,BIFFTANNEN,Jalen Hurts,Philadelphia Eagles,0,,,Minnesota Vikings,0,0,Pre-ETR,59.png
58,4,45,David Montgomery,RB,Detroit Lions,KREAR72,Jordan Love,Green Bay Packers,0,,,New York Giants,0,0,Pre-ETR,59.png
58,3,46,Alvin Kamara,RB,New Orleans Saints,JDUBS1035,Daniel Jones,Indianapolis Colts,0,,,Atlanta Falcons,0,0,Pre-ETR,59.png
58,2,47,Jake Ferguson,TE,Dallas Cowboys,GUNNEROSS,Dak Prescott,Dallas Cowboys,1,,,Philadelphia Eagles,0,0,Pre-ETR,59.png
58,1,48,Xavier Worthy,WR,Kansas City Chiefs,EZ116,Jaxson Dart,New York Giants,0,,,Indianapolis Colts,1,1,Pre-ETR,59.png
58,1,49,Jaxson Dart,QB,New York Giants,EZ116,Jaxson Dart,New York Giants,1,0,0,Detroit Lions,0,0,Pre-ETR,59.png
58,2,50,Dak Prescott,QB,Dallas Cowboys,GUNNEROSS,Dak Prescott,Dallas Cowboys,1,1,1,Philadelphia Eagles,0,0,Pre-ETR,59.png
58,3,51,Daniel Jones,QB,Indianapolis Colts,JDUBS1035,Daniel Jones,Indianapolis Colts,1,1,1,Kansas City Chiefs,0,0,Pre-ETR,59.png
58,4,52,Juwan Johnson,TE,New Orleans Saints,KREAR72,Jordan Love,Green Bay Packers,0,,,Atlanta Falcons,1,1,Pre-ETR,59.png
58,5,53,Darnell Mooney,WR,Atlanta Falcons,BIFFTANNEN,Jalen Hurts,Philadelphia Eagles,0,,,New Orleans Saints,0,0,Pre-ETR,59.png
58,6,54,Jared Goff,QB,Detroit Lions,JASTA29,Jared Goff,Detroit Lions,1,1,1,New York Giants,0,0,Pre-ETR,59.png
58,7,55,Josh Jacobs,RB,Green Bay Packers,PATRICKBARN,Trevor Lawrence,Jacksonville Jaguars,0,,,Minnesota Vikings,0,0,Pre-ETR,59.png
58,8,56,Wan'Dale Robinson,WR,New York Giants,CHADCANDLES,Caleb Williams,Chicago Bears,0,,,Detroit Lions,1,1,Pre-ETR,59.png
58,9,57,Mark Andrews,TE,Baltimore Ravens,KRUTCHES93,Patrick Mahomes,Kansas City Chiefs,0,,,New York Jets,0,0,Pre-ETR,59.png
58,10,58,Tyrone Tracy,RB,New York Giants,D4VE,Drake Maye,New England Patriots,0,,,Detroit Lions,0,0,Pre-ETR,59.png
58,11,59,Kyle Pitts,TE,Atlanta Falcons,BUSTERSBOYS,Lamar Jackson,Baltimore Ravens,0,,,New Orleans Saints,0,0,Pre-ETR,59.png
58,12,60,Jacoby Brissett,QB,Arizona Cardinals,YUZENN,Jacoby Brissett,Arizona Cardinals,1,1,1,Jacksonville Jaguars,1,1,Pre-ETR,59.png
58,12,61,Kenneth Gainwell,RB,Pittsburgh Steelers,YUZENN,Jacoby Brissett,Arizona Cardinals,0,,,Chicago Bears,0,0,Pre-ETR,59.png
58,11,62,Romeo Doubs,WR,Green Bay Packers,BUSTERSBOYS,Lamar Jackson,Baltimore Ravens,0,,,Minnesota Vikings,0,0,Pre-ETR,59.png
58,10,63,Kayshon Boutte,WR,New England Patriots,D4VE,Drake Maye,New England Patriots,1,,,Cincinnati Bengals,0,0,Pre-ETR,59.png
58,9,64,Rhamondre Stevenson,RB,New England Patriots,KRUTCHES93,Patrick Mahomes,Kansas City Chiefs,0,,,Cincinnati Bengals,1,1,Pre-ETR,59.png
58,8,65,Caleb Williams,QB,Chicago Bears,CHADCANDLES,Caleb Williams,Chicago Bears,1,0,0,Pittsburgh Steelers,0,0,Pre-ETR,59.png
58,7,66,Trevor Lawrence,QB,Jacksonville Jaguars,PATRICKBARN,Trevor Lawrence,Jacksonville Jaguars,1,0,0,Arizona Cardinals,0,0,Pre-ETR,59.png
58,6,67,Alec Pierce,WR,Indianapolis Colts,JASTA29,Jared Goff,Detroit Lions,0,,,Kansas City Chiefs,0,0,Pre-ETR,59.png
58,5,68,Theo Johnson,TE,New York Giants,BIFFTANNEN,Jalen Hurts,Philadelphia Eagles,0,,,Detroit Lions,0,0,Pre-ETR,59.png
58,4,69,Jordan Love,QB,Green Bay Packers,KREAR72,Jordan Love,Green Bay Packers,1,0,0,Minnesota Vikings,0,0,Pre-ETR,59.png
58,3,70,Christian Watson,WR,Green Bay Packers,JDUBS1035,Daniel Jones,Indianapolis Colts,0,,,Minnesota Vikings,0,0,Pre-ETR,59.png
58,2,71,Marvin Harrison,WR,Arizona Cardinals,GUNNEROSS,Dak Prescott,Dallas Cowboys,0,,,Jacksonville Jaguars,0,0,Pre-ETR,59.png
58,1,72,Harold Fannin,TE,Cleveland Browns,EZ116,Jaxson Dart,New York Giants,0,,,Las Vegas Raiders,0,0,Pre-ETR,59.png
59,1,1,Jonathan Taylor,RB,Indianapolis Colts,CHADCANDLES,Patrick Mahomes,Kansas City Chiefs,0,,,Kansas City Chiefs,3,1,Pre-ETR,60.png
59,2,2,Jahmyr Gibbs,RB,Detroit Lions,LENKEITH,Jared Goff,Detroit Lions,1,,,New York Giants,1,1,Pre-ETR,60.png
59,3,3,Bijan Robinson,RB,Atlanta Falcons,EZ116,Daniel Jones,Indianapolis Colts,0,,,New Orleans Saints,1,1,Pre-ETR,60.png
59,4,4,Jaxon Smith-Njigba,WR,Seattle Seahawks,____,Dak Prescott,Dallas Cowboys,0,,,Tennessee Titans,0,0,Pre-ETR,60.png
59,5,5,Amon-Ra St. Brown,WR,Detroit Lions,PATRICKBARN,Trevor Lawrence,Jacksonville Jaguars,0,,,New York Giants,0,0,Pre-ETR,60.png
59,6,6,Trey McBride,TE,Arizona Cardinals,GOAZCARDS,Jacoby Brissett,Arizona Cardinals,1,,,Jacksonville Jaguars,1,1,Pre-ETR,60.png
59,7,7,TreVeyon Henderson,RB,New England Patriots,CUTCUTLER,Drake Maye,New England Patriots,1,,,Cincinnati Bengals,1,1,Pre-ETR,60.png
59,8,8,Derrick Henry,RB,Baltimore Ravens,VOGEYBERRA8,Caleb Williams,Chicago Bears,0,,,New York Jets,0,0,Pre-ETR,60.png
59,9,9,Saquon Barkley,RB,Philadelphia Eagles,KURUC711,Jalen Hurts,Philadelphia Eagles,1,,,Dallas Cowboys,0,0,Pre-ETR,60.png
59,10,10,Rashee Rice,WR,Kansas City Chiefs,JASTA29,Sam Darnold,Seattle Seahawks,0,,,Indianapolis Colts,1,1,Pre-ETR,60.png
59,11,11,CeeDee Lamb,WR,Dallas Cowboys,KRUTCHES93,Jaxson Dart,New York Giants,0,,,Philadelphia Eagles,0,0,Pre-ETR,60.png
59,12,12,Lamar Jackson,QB,Baltimore Ravens,BUSTERSBOYS,Lamar Jackson,Baltimore Ravens,1,1,1,New York Jets,0,0,Pre-ETR,60.png
59,12,13,Brock Bowers,TE,Las Vegas Raiders,BUSTERSBOYS,Lamar Jackson,Baltimore Ravens,0,,,Cleveland Browns,0,0,Pre-ETR,60.png
59,11,14,Chase Brown,RB,Cincinnati Bengals,KRUTCHES93,Jaxson Dart,New York Giants,0,,,New England Patriots,0,0,Pre-ETR,60.png
59,10,15,Travis Etienne Jr.,RB,Jacksonville Jaguars,JASTA29,Sam Darnold,Seattle Seahawks,0,,,Arizona Cardinals,0,0,Pre-ETR,60.png
59,9,16,Jalen Hurts,QB,Philadelphia Eagles,KURUC711,Jalen Hurts,Philadelphia Eagles,1,2,1,Dallas Cowboys,0,0,Pre-ETR,60.png
59,8,17,Tee Higgins,WR,Cincinnati Bengals,VOGEYBERRA8,Caleb Williams,Chicago Bears,0,,,New England Patriots,0,0,Pre-ETR,60.png
59,7,18,Drake Maye,QB,New England Patriots,CUTCUTLER,Drake Maye,New England Patriots,1,2,1,Cincinnati Bengals,1,1,Pre-ETR,60.png
59,6,19,Javonte Williams,RB,Dallas Cowboys,GOAZCARDS,Jacoby Brissett,Arizona Cardinals,0,,,Philadelphia Eagles,0,0,Pre-ETR,60.png
59,5,20,A.J. Brown,WR,Philadelphia Eagles,PATRICKBARN,Trevor Lawrence,Jacksonville Jaguars,0,,,Dallas Cowboys,0,0,Pre-ETR,60.png
59,4,21,George Pickens,WR,Dallas Cowboys,____,Dak Prescott,Dallas Cowboys,1,,,Philadelphia Eagles,0,0,Pre-ETR,60.png
59,3,22,Justin Jefferson,WR,Minnesota Vikings,EZ116,Daniel Jones,Indianapolis Colts,0,,,Green Bay Packers,0,0,Pre-ETR,60.png
59,2,23,Jameson Williams,WR,Detroit Lions,LENKEITH,Jared Goff,Detroit Lions,1,,,New York Giants,1,1,Pre-ETR,60.png
59,1,24,Patrick Mahomes,QB,Kansas City Chiefs,CHADCANDLES,Patrick Mahomes,Kansas City Chiefs,1,2,1,Indianapolis Colts,2,1,Pre-ETR,60.png
59,1,25,Travis Kelce,TE,Kansas City Chiefs,CHADCANDLES,Patrick Mahomes,Kansas City Chiefs,1,,,Indianapolis Colts,2,1,Pre-ETR,60.png
59,2,26,Jared Goff,QB,Detroit Lions,LENKEITH,Jared Goff,Detroit Lions,1,2,1,New York Giants,1,1,Pre-ETR,60.png
59,3,27,Chris Olave,WR,New Orleans Saints,EZ116,Daniel Jones,Indianapolis Colts,0,,,Atlanta Falcons,1,1,Pre-ETR,60.png
59,4,28,Tyler Warren,TE,Indianapolis Colts,____,Dak Prescott,Dallas Cowboys,0,,,Kansas City Chiefs,0,0,Pre-ETR,60.png
59,5,29,Kenneth Walker III,RB,Seattle Seahawks,PATRICKBARN,Trevor Lawrence,Jacksonville Jaguars,0,,,Tennessee Titans,0,0,Pre-ETR,60.png
59,6,30,Quinshon Judkins,RB,Cleveland Browns,GOAZCARDS,Jacoby Brissett,Arizona Cardinals,0,,,Las Vegas Raiders,0,0,Pre-ETR,60.png
59,7,31,Rome Odunze,WR,Chicago Bears,CUTCUTLER,Drake Maye,New England Patriots,0,,,Pittsburgh Steelers,1,1,Pre-ETR,60.png
59,8,32,DeVonta Smith,WR,Philadelphia Eagles,VOGEYBERRA8,Caleb Williams,Chicago Bears,0,,,Dallas Cowboys,0,0,Pre-ETR,60.png
59,9,33,Stefon Diggs,WR,New England Patriots,KURUC711,Jalen Hurts,Philadelphia Eagles,0,,,Cincinnati Bengals,0,0,Pre-ETR,60.png
59,10,34,Ashton Jeanty,RB,Las Vegas Raiders,JASTA29,Sam Darnold,Seattle Seahawks,0,,,Cleveland Browns,0,0,Pre-ETR,60.png
59,11,35,Breece Hall,RB,New York Jets,KRUTCHES93,Jaxson Dart,New York Giants,0,,,Baltimore Ravens,0,0,Pre-ETR,60.png
59,12,36,Zay Flowers,WR,Baltimore Ravens,BUSTERSBOYS,Lamar Jackson,Baltimore Ravens,1,,,New York Jets,0,0,Pre-ETR,60.png
59,12,37,David Montgomery,RB,Detroit Lions,BUSTERSBOYS,Lamar Jackson,Baltimore Ravens,0,,,New York Giants,0,0,Pre-ETR,60.png
59,11,38,Jaxson Dart,QB,New York Giants,KRUTCHES93,Jaxson Dart,New York Giants,1,1,1,Detroit Lions,0,0,Pre-ETR,60.png
59,10,39,Michael Pittman Jr.,WR,Indianapolis Colts,JASTA29,Sam Darnold,Seattle Seahawks,0,,,Kansas City Chiefs,1,1,Pre-ETR,60.png
59,9,40,Dallas Goedert,TE,Philadelphia Eagles,KURUC711,Jalen Hurts,Philadelphia Eagles,1,,,Dallas Cowboys,0,0,Pre-ETR,60.png
59,8,41,Aaron Jones,RB,Minnesota Vikings,VOGEYBERRA8,Caleb Williams,Chicago Bears,0,,,Green Bay Packers,0,0,Pre-ETR,60.png
59,7,42,Hunter Henry,TE,New England Patriots,CUTCUTLER,Drake Maye,New England Patriots,1,,,Cincinnati Bengals,1,1,Pre-ETR,60.png
59,6,43,DK Metcalf,WR,Pittsburgh Steelers,GOAZCARDS,Jacoby Brissett,Arizona Cardinals,0,,,Chicago Bears,0,0,Pre-ETR,60.png
59,5,44,Emanuel Wilson,RB,Green Bay Packers,PATRICKBARN,Trevor Lawrence,Jacksonville Jaguars,0,,,Minnesota Vikings,0,0,Pre-ETR,60.png
59,4,45,Jaylen Warren,RB,Pittsburgh Steelers,____,Dak Prescott,Dallas Cowboys,0,,,Chicago Bears,0,0,Pre-ETR,60.png
59,3,46,D'Andre Swift,RB,Chicago Bears,EZ116,Daniel Jones,Indianapolis Colts,0,,,Pittsburgh Steelers,0,0,Pre-ETR,60.png
59,2,47,Michael Wilson,WR,Arizona Cardinals,LENKEITH,Jared Goff,Detroit Lions,0,,,Jacksonville Jaguars,0,0,Pre-ETR,60.png
59,1,48,Alvin Kamara,RB,New Orleans Saints,CHADCANDLES,Patrick Mahomes,Kansas City Chiefs,0,,,Atlanta Falcons,0,0,Pre-ETR,60.png
59,1,49,Xavier Worthy,WR,Kansas City Chiefs,CHADCANDLES,Patrick Mahomes,Kansas City Chiefs,1,,,Indianapolis Colts,2,1,Pre-ETR,60.png
59,2,50,Wan'Dale Robinson,WR,New York Giants,LENKEITH,Jared Goff,Detroit Lions,0,,,Detroit Lions,3,1,Pre-ETR,60.png
59,3,51,Daniel Jones,QB,Indianapolis Colts,EZ116,Daniel Jones,Indianapolis Colts,1,0,0,Kansas City Chiefs,0,0,Pre-ETR,60.png
59,4,52,Dak Prescott,QB,Dallas Cowboys,____,Dak Prescott,Dallas Cowboys,1,1,1,Philadelphia Eagles,0,0,Pre-ETR,60.png
59,5,53,Kyle Pitts,TE,Atlanta Falcons,PATRICKBARN,Trevor Lawrence,Jacksonville Jaguars,0,,,New Orleans Saints,0,0,Pre-ETR,60.png
59,6,54,Jakobi Meyers,WR,Jacksonville Jaguars,GOAZCARDS,Jacoby Brissett,Arizona Cardinals,0,,,Arizona Cardinals,2,1,Pre-ETR,60.png
59,7,55,Kenneth Gainwell,RB,Pittsburgh Steelers,CUTCUTLER,Drake Maye,New England Patriots,0,,,Chicago Bears,1,1,Pre-ETR,60.png
59,8,56,Caleb Williams,QB,Chicago Bears,VOGEYBERRA8,Caleb Williams,Chicago Bears,1,1,1,Pittsburgh Steelers,0,0,Pre-ETR,60.png
59,9,57,Tyrone Tracy,RB,New York Giants,KURUC711,Jalen Hurts,Philadelphia Eagles,0,,,Detroit Lions,0,0,Pre-ETR,60.png
59,10,58,AJ Barner,TE,Seattle Seahawks,JASTA29,Sam Darnold,Seattle Seahawks,1,,,Tennessee Titans,0,0,Pre-ETR,60.png
59,11,59,Romeo Doubs,WR,Green Bay Packers,KRUTCHES93,Jaxson Dart,New York Giants,0,,,Minnesota Vikings,0,0,Pre-ETR,60.png
59,12,60,Darnell Mooney,WR,Atlanta Falcons,BUSTERSBOYS,Lamar Jackson,Baltimore Ravens,0,,,New Orleans Saints,0,0,Pre-ETR,60.png
59,12,61,Josh Jacobs,RB,Green Bay Packers,BUSTERSBOYS,Lamar Jackson,Baltimore Ravens,0,,,Minnesota Vikings,0,0,Pre-ETR,60.png
59,11,62,Theo Johnson,TE,New York Giants,KRUTCHES93,Jaxson Dart,New York Giants,1,,,Detroit Lions,0,0,Pre-ETR,60.png
59,10,63,Sam Darnold,QB,Seattle Seahawks,JASTA29,Sam Darnold,Seattle Seahawks,1,1,1,Tennessee Titans,0,0,Pre-ETR,60.png
59,9,64,Christian Watson,WR,Green Bay Packers,KURUC711,Jalen Hurts,Philadelphia Eagles,0,,,Minnesota Vikings,0,0,Pre-ETR,60.png
59,8,65,Colston Loveland,TE,Chicago Bears,VOGEYBERRA8,Caleb Williams,Chicago Bears,1,,,Pittsburgh Steelers,0,0,Pre-ETR,60.png
59,7,66,Andrei Iosivas,WR,Cincinnati Bengals,CUTCUTLER,Drake Maye,New England Patriots,0,,,New England Patriots,3,1,Pre-ETR,60.png
59,6,67,Jacoby Brissett,QB,Arizona Cardinals,GOAZCARDS,Jacoby Brissett,Arizona Cardinals,1,1,1,Jacksonville Jaguars,1,1,Pre-ETR,60.png
59,5,68,Trevor Lawrence,QB,Jacksonville Jaguars,PATRICKBARN,Trevor Lawrence,Jacksonville Jaguars,1,0,0,Arizona Cardinals,0,0,Pre-ETR,60.png
59,4,69,Rhamondre Stevenson,RB,New England Patriots,____,Dak Prescott,Dallas Cowboys,0,,,Cincinnati Bengals,0,0,Pre-ETR,60.png
59,3,70,Jake Ferguson,TE,Dallas Cowboys,EZ116,Daniel Jones,Indianapolis Colts,0,,,Philadelphia Eagles,0,0,Pre-ETR,60.png
59,2,71,Mark Andrews,TE,Baltimore Ravens,LENKEITH,Jared Goff,Detroit Lions,0,,,New York Jets,0,0,Pre-ETR,60.png
59,1,72,Alec Pierce,WR,Indianapolis Colts,CHADCANDLES,Patrick Mahomes,Kansas City Chiefs,0,,,Kansas City Chiefs,3,1,Pre-ETR,60.png
60,1,1,Jahmyr Gibbs,RB,Detroit Lions,JDUBS1035,Dak Prescott,Dallas Cowboys,0,,,New York Giants,1,1,Pre-ETR,61.png
60,2,2,Jonathan Taylor,RB,Indianapolis Colts,HDJDHDJDJSK,Patrick Mahomes,Kansas City Chiefs,0,,,Kansas City Chiefs,2,1,Pre-ETR,61.png
60,3,3,Bijan Robinson,RB,Atlanta Falcons,BUSTERSBOYS,Lamar Jackson,Baltimore Ravens,0,,,New Orleans Saints,0,0,Pre-ETR,61.png
60,4,4,Jaxon Smith-Njigba,WR,Seattle Seahawks,MANGIGIS,Jalen Hurts,Philadelphia Eagles,0,,,Tennessee Titans,0,0,Pre-ETR,61.png
60,5,5,Amon-Ra St. Brown,WR,Detroit Lions,JGFC,Daniel Jones,Indianapolis Colts,0,,,New York Giants,0,0,Pre-ETR,61.png
60,6,6,Trey McBride,TE,Arizona Cardinals,EZ116,Jacoby Brissett,Arizona Cardinals,1,,,Jacksonville Jaguars,0,0,Pre-ETR,61.png
60,7,7,CeeDee Lamb,WR,Dallas Cowboys,XCHEERFUL,Trevor Lawrence,Jacksonville Jaguars,0,,,Philadelphia Eagles,0,0,Pre-ETR,61.png
60,8,8,Derrick Henry,RB,Baltimore Ravens,JASTA29,Caleb Williams,Chicago Bears,0,,,New York Jets,0,0,Pre-ETR,61.png
60,9,9,Saquon Barkley,RB,Philadelphia Eagles,PATRICKBARN,Jared Goff,Detroit Lions,0,,,Dallas Cowboys,0,0,Pre-ETR,61.png
60,10,10,Rashee Rice,WR,Kansas City Chiefs,KRUTCHES93,Jaxson Dart,New York Giants,0,,,Indianapolis Colts,0,0,Pre-ETR,61.png
60,11,11,Tee Higgins,WR,Cincinnati Bengals,CHADCANDLES,J.J. McCarthy,Minnesota Vikings,0,,,New England Patriots,0,0,Pre-ETR,61.png
60,12,12,George Pickens,WR,Dallas Cowboys,D4VE,Drake Maye,New England Patriots,0,,,Philadelphia Eagles,0,0,Pre-ETR,61.png
60,12,13,Drake Maye,QB,New England Patriots,D4VE,Drake Maye,New England Patriots,1,1,1,Cincinnati Bengals,0,0,Pre-ETR,61.png
60,11,14,Justin Jefferson,WR,Minnesota Vikings,CHADCANDLES,J.J. McCarthy,Minnesota Vikings,1,,,Green Bay Packers,0,0,Pre-ETR,61.png
60,10,15,Chase Brown,RB,Cincinnati Bengals,KRUTCHES93,Jaxson Dart,New York Giants,0,,,New England Patriots,0,0,Pre-ETR,61.png
60,9,16,TreVeyon Henderson,RB,New England Patriots,PATRICKBARN,Jared Goff,Detroit Lions,0,,,Cincinnati Bengals,0,0,Pre-ETR,61.png
60,8,17,Travis Etienne Jr.,RB,Jacksonville Jaguars,JASTA29,Caleb Williams,Chicago Bears,0,,,Arizona Cardinals,0,0,Pre-ETR,61.png
60,7,18,Brock Bowers,TE,Las Vegas Raiders,XCHEERFUL,Trevor Lawrence,Jacksonville Jaguars,0,,,Cleveland Browns,0,0,Pre-ETR,61.png
60,6,19,A.J. Brown,WR,Philadelphia Eagles,EZ116,Jacoby Brissett,Arizona Cardinals,0,,,Dallas Cowboys,0,0,Pre-ETR,61.png
60,5,20,Jameson Williams,WR,Detroit Lions,JGFC,Daniel Jones,Indianapolis Colts,0,,,New York Giants,0,0,Pre-ETR,61.png
60,4,21,Jalen Hurts,QB,Philadelphia Eagles,MANGIGIS,Jalen Hurts,Philadelphia Eagles,1,0,0,Dallas Cowboys,0,0,Pre-ETR,61.png
60,3,22,Lamar Jackson,QB,Baltimore Ravens,BUSTERSBOYS,Lamar Jackson,Baltimore Ravens,1,0,0,New York Jets,0,0,Pre-ETR,61.png
60,2,23,Javonte Williams,RB,Dallas Cowboys,HDJDHDJDJSK,Patrick Mahomes,Kansas City Chiefs,0,,,Philadelphia Eagles,0,0,Pre-ETR,61.png
60,1,24,DeVonta Smith,WR,Philadelphia Eagles,JDUBS1035,Dak Prescott,Dallas Cowboys,0,,,Dallas Cowboys,2,1,Pre-ETR,61.png
60,1,25,Chris Olave,WR,New Orleans Saints,JDUBS1035,Dak Prescott,Dallas Cowboys,0,,,Atlanta Falcons,0,0,Pre-ETR,61.png
60,2,26,Patrick Mahomes,QB,Kansas City Chiefs,HDJDHDJDJSK,Patrick Mahomes,Kansas City Chiefs,1,1,1,Indianapolis Colts,1,1,Pre-ETR,61.png
60,3,27,Tyler Warren,TE,Indianapolis Colts,BUSTERSBOYS,Lamar Jackson,Baltimore Ravens,0,,,Kansas City Chiefs,0,0,Pre-ETR,61.png
60,4,28,Quinshon Judkins,RB,Cleveland Browns,MANGIGIS,Jalen Hurts,Philadelphia Eagles,0,,,Las Vegas Raiders,0,0,Pre-ETR,61.png
60,5,29,Travis Kelce,TE,Kansas City Chiefs,JGFC,Daniel Jones,Indianapolis Colts,0,,,Indianapolis Colts,2,1,Pre-ETR,61.png
60,6,30,Stefon Diggs,WR,New England Patriots,EZ116,Jacoby Brissett,Arizona Cardinals,0,,,Cincinnati Bengals,0,0,Pre-ETR,61.png
60,7,31,Zay Flowers,WR,Baltimore Ravens,XCHEERFUL,Trevor Lawrence,Jacksonville Jaguars,0,,,New York Jets,0,0,Pre-ETR,61.png
60,8,32,Rome Odunze,WR,Chicago Bears,JASTA29,Caleb Williams,Chicago Bears,1,,,Pittsburgh Steelers,0,0,Pre-ETR,61.png
60,9,33,DK Metcalf,WR,Pittsburgh Steelers,PATRICKBARN,Jared Goff,Detroit Lions,0,,,Chicago Bears,0,0,Pre-ETR,61.png
60,10,34,Breece Hall,RB,New York Jets,KRUTCHES93,Jaxson Dart,New York Giants,0,,,Baltimore Ravens,1,1,Pre-ETR,61.png
60,11,35,Kenneth Walker III,RB,Seattle Seahawks,CHADCANDLES,J.J. McCarthy,Minnesota Vikings,0,,,Tennessee Titans,0,0,Pre-ETR,61.png
60,12,36,Ashton Jeanty,RB,Las Vegas Raiders,D4VE,Drake Maye,New England Patriots,0,,,Cleveland Browns,0,0,Pre-ETR,61.png
60,12,37,Hunter Henry,TE,New England Patriots,D4VE,Drake Maye,New England Patriots,1,,,Cincinnati Bengals,0,0,Pre-ETR,61.png
60,11,38,Aaron Jones,RB,Minnesota Vikings,CHADCANDLES,J.J. McCarthy,Minnesota Vikings,1,,,Green Bay Packers,0,0,Pre-ETR,61.png
60,10,39,Jaxson Dart,QB,New York Giants,KRUTCHES93,Jaxson Dart,New York Giants,1,0,0,Detroit Lions,0,0,Pre-ETR,61.png
60,9,40,Jared Goff,QB,Detroit Lions,PATRICKBARN,Jared Goff,Detroit Lions,1,1,1,New York Giants,0,0,Pre-ETR,61.png
60,8,41,Dallas Goedert,TE,Philadelphia Eagles,JASTA29,Caleb Williams,Chicago Bears,0,,,Dallas Cowboys,0,0,Pre-ETR,61.png
60,7,42,D'Andre Swift,RB,Chicago Bears,XCHEERFUL,Trevor Lawrence,Jacksonville Jaguars,0,,,Pittsburgh Steelers,0,0,Pre-ETR,61.png
60,6,43,Emanuel Wilson,RB,Green Bay Packers,EZ116,Jacoby Brissett,Arizona Cardinals,0,,,Minnesota Vikings,0,0,Pre-ETR,61.png
60,5,44,Michael Pittman Jr.,WR,Indianapolis Colts,JGFC,Daniel Jones,Indianapolis Colts,1,,,Kansas City Chiefs,1,1,Pre-ETR,61.png
60,4,45,Jaylen Warren,RB,Pittsburgh Steelers,MANGIGIS,Jalen Hurts,Philadelphia Eagles,0,,,Chicago Bears,0,0,Pre-ETR,61.png
60,3,46,Wan'Dale Robinson,WR,New York Giants,BUSTERSBOYS,Lamar Jackson,Baltimore Ravens,0,,,Detroit Lions,1,1,Pre-ETR,61.png
60,2,47,Xavier Worthy,WR,Kansas City Chiefs,HDJDHDJDJSK,Patrick Mahomes,Kansas City Chiefs,1,,,Indianapolis Colts,1,1,Pre-ETR,61.png
60,1,48,Dak Prescott,QB,Dallas Cowboys,JDUBS1035,Dak Prescott,Dallas Cowboys,1,1,1,Philadelphia Eagles,1,1,Pre-ETR,61.png
60,1,49,Jake Ferguson,TE,Dallas Cowboys,JDUBS1035,Dak Prescott,Dallas Cowboys,1,,,Philadelphia Eagles,1,1,Pre-ETR,61.png
60,2,50,Kyle Pitts,TE,Atlanta Falcons,HDJDHDJDJSK,Patrick Mahomes,Kansas City Chiefs,0,,,New Orleans Saints,0,0,Pre-ETR,61.png
60,3,51,David Montgomery,RB,Detroit Lions,BUSTERSBOYS,Lamar Jackson,Baltimore Ravens,0,,,New York Giants,1,1,Pre-ETR,61.png
60,4,52,Michael Wilson,WR,Arizona Cardinals,MANGIGIS,Jalen Hurts,Philadelphia Eagles,0,,,Jacksonville Jaguars,0,0,Pre-ETR,61.png
60,5,53,Daniel Jones,QB,Indianapolis Colts,JGFC,Daniel Jones,Indianapolis Colts,1,1,1,Kansas City Chiefs,1,1,Pre-ETR,61.png
60,6,54,Marvin Harrison,WR,Arizona Cardinals,EZ116,Jacoby Brissett,Arizona Cardinals,1,,,Jacksonville Jaguars,0,0,Pre-ETR,61.png
60,7,55,Josh Jacobs,RB,Green Bay Packers,XCHEERFUL,Trevor Lawrence,Jacksonville Jaguars,0,,,Minnesota Vikings,0,0,Pre-ETR,61.png
60,8,56,Caleb Williams,QB,Chicago Bears,JASTA29,Caleb Williams,Chicago Bears,1,2,1,Pittsburgh Steelers,0,0,Pre-ETR,61.png
60,9,57,Darnell Mooney,WR,Atlanta Falcons,PATRICKBARN,Jared Goff,Detroit Lions,0,,,New Orleans Saints,0,0,Pre-ETR,61.png
60,10,58,Romeo Doubs,WR,Green Bay Packers,KRUTCHES93,Jaxson Dart,New York Giants,0,,,Minnesota Vikings,0,0,Pre-ETR,61.png
60,11,59,Juwan Johnson,TE,New Orleans Saints,CHADCANDLES,J.J. McCarthy,Minnesota Vikings,0,,,Atlanta Falcons,0,0,Pre-ETR,61.png
60,12,60,Alvin Kamara,RB,New Orleans Saints,D4VE,Drake Maye,New England Patriots,0,,,Atlanta Falcons,0,0,Pre-ETR,61.png
60,12,61,Alec Pierce,WR,Indianapolis Colts,D4VE,Drake Maye,New England Patriots,0,,,Kansas City Chiefs,0,0,Pre-ETR,61.png
60,11,62,J.J. McCarthy,QB,Minnesota Vikings,CHADCANDLES,J.J. McCarthy,Minnesota Vikings,1,2,1,Green Bay Packers,0,0,Pre-ETR,61.png
60,10,63,Mark Andrews,TE,Baltimore Ravens,KRUTCHES93,Jaxson Dart,New York Giants,0,,,New York Jets,1,1,Pre-ETR,61.png
60,9,64,Brock Wright,TE,Detroit Lions,PATRICKBARN,Jared Goff,Detroit Lions,1,,,New York Giants,0,0,Pre-ETR,61.png
60,8,65,Luther Burden,WR,Chicago Bears,JASTA29,Caleb Williams,Chicago Bears,1,,,Pittsburgh Steelers,0,0,Pre-ETR,61.png
60,7,66,Trevor Lawrence,QB,Jacksonville Jaguars,XCHEERFUL,Trevor Lawrence,Jacksonville Jaguars,1,0,0,Arizona Cardinals,0,0,Pre-ETR,61.png
60,6,67,Jacoby Brissett,QB,Arizona Cardinals,EZ116,Jacoby Brissett,Arizona Cardinals,1,2,1,Jacksonville Jaguars,0,0,Pre-ETR,61.png
60,5,68,Kenneth Gainwell,RB,Pittsburgh Steelers,JGFC,Daniel Jones,Indianapolis Colts,0,,,Chicago Bears,0,0,Pre-ETR,61.png
60,4,69,Theo Johnson,TE,New York Giants,MANGIGIS,Jalen Hurts,Philadelphia Eagles,0,,,Detroit Lions,0,0,Pre-ETR,61.png
60,3,70,Christian Watson,WR,Green Bay Packers,BUSTERSBOYS,Lamar Jackson,Baltimore Ravens,0,,,Minnesota Vikings,0,0,Pre-ETR,61.png
60,2,71,Brian Thomas,WR,Jacksonville Jaguars,HDJDHDJDJSK,Patrick Mahomes,Kansas City Chiefs,0,,,Arizona Cardinals,0,0,Pre-ETR,61.png
60,1,72,Tyrone Tracy,RB,New York Giants,JDUBS1035,Dak Prescott,Dallas Cowboys,0,,,Detroit Lions,1,1,Pre-ETR,61.png
61,1,1,Jahmyr Gibbs,RB,Detroit Lions,CGEEEEEE,Jalen Hurts,Philadelphia Eagles,0,,,New York Giants,0,0,Pre-ETR,62.jpg
61,2,2,Bijan Robinson,RB,Atlanta Falcons,KRUTCHES93,Drake Maye,New England Patriots,0,,,New Orleans Saints,0,0,Pre-ETR,62.jpg
61,3,3,Jonathan Taylor,RB,Indianapolis Colts,ALBOOGIE78,Patrick Mahomes,Kansas City Chiefs,0,,,Kansas City Chiefs,1,1,Pre-ETR,62.jpg
61,4,4,Jaxon Smith-Njigba,WR,Seattle Seahawks,GUNNEROSS,Sam Darnold,Seattle Seahawks,1,,,Tennessee Titans,0,0,Pre-ETR,62.jpg
61,5,5,Amon-Ra St. Brown,WR,Detroit Lions,EZ116,Dak Prescott,Dallas Cowboys,0,,,New York Giants,0,0,Pre-ETR,62.jpg
61,6,6,Trey McBride,TE,Arizona Cardinals,D4RKSH33P,Lamar Jackson,Baltimore Ravens,0,,,Jacksonville Jaguars,0,0,Pre-ETR,62.jpg
61,7,7,Derrick Henry,RB,Baltimore Ravens,DYLANCASH22,Jared Goff,Detroit Lions,0,,,New York Jets,1,1,Pre-ETR,62.jpg
61,8,8,Saquon Barkley,RB,Philadelphia Eagles,PATRICKBARN,Trevor Lawrence,Jacksonville Jaguars,0,,,Dallas Cowboys,0,0,Pre-ETR,62.jpg
61,9,9,Rashee Rice,WR,Kansas City Chiefs,D4VE,Caleb Williams,Chicago Bears,0,,,Indianapolis Colts,0,0,Pre-ETR,62.jpg
61,10,10,CeeDee Lamb,WR,Dallas Cowboys,GOAZCARDS,Jaxson Dart,New York Giants,0,,,Philadelphia Eagles,0,0,Pre-ETR,62.jpg
61,11,11,TreVeyon Henderson,RB,New England Patriots,KURUC711,Daniel Jones,Indianapolis Colts,0,,,Cincinnati Bengals,0,0,Pre-ETR,62.jpg
61,12,12,Travis Etienne Jr.,RB,Jacksonville Jaguars,JASTA29,Jacoby Brissett,Arizona Cardinals,0,,,Arizona Cardinals,2,1,Pre-ETR,62.jpg
61,12,13,Tee Higgins,WR,Cincinnati Bengals,JASTA29,Jacoby Brissett,Arizona Cardinals,0,,,New England Patriots,0,0,Pre-ETR,62.jpg
61,11,14,Brock Bowers,TE,Las Vegas Raiders,KURUC711,Daniel Jones,Indianapolis Colts,0,,,Cleveland Browns,0,0,Pre-ETR,62.jpg
61,10,15,Chase Brown,RB,Cincinnati Bengals,GOAZCARDS,Jaxson Dart,New York Giants,0,,,New England Patriots,1,1,Pre-ETR,62.jpg
61,9,16,Javonte Williams,RB,Dallas Cowboys,D4VE,Caleb Williams,Chicago Bears,0,,,Philadelphia Eagles,0,0,Pre-ETR,62.jpg
61,8,17,Justin Jefferson,WR,Minnesota Vikings,PATRICKBARN,Trevor Lawrence,Jacksonville Jaguars,0,,,Green Bay Packers,1,1,Pre-ETR,62.jpg
61,7,18,Jameson Williams,WR,Detroit Lions,DYLANCASH22,Jared Goff,Detroit Lions,1,,,New York Giants,0,0,Pre-ETR,62.jpg
61,6,19,Lamar Jackson,QB,Baltimore Ravens,D4RKSH33P,Lamar Jackson,Baltimore Ravens,1,1,1,New York Jets,0,0,Pre-ETR,62.jpg
61,5,20,George Pickens,WR,Dallas Cowboys,EZ116,Dak Prescott,Dallas Cowboys,1,,,Philadelphia Eagles,0,0,Pre-ETR,62.jpg
61,4,21,Quinshon Judkins,RB,Cleveland Browns,GUNNEROSS,Sam Darnold,Seattle Seahawks,0,,,Las Vegas Raiders,0,0,Pre-ETR,62.jpg
61,3,22,Chris Olave,WR,New Orleans Saints,ALBOOGIE78,Patrick Mahomes,Kansas City Chiefs,0,,,Atlanta Falcons,1,1,Pre-ETR,62.jpg
61,2,23,Drake Maye,QB,New England Patriots,KRUTCHES93,Drake Maye,New England Patriots,1,0,0,Cincinnati Bengals,0,0,Pre-ETR,62.jpg
61,1,24,Jalen Hurts,QB,Philadelphia Eagles,CGEEEEEE,Jalen Hurts,Philadelphia Eagles,1,1,1,Dallas Cowboys,0,0,Pre-ETR,62.jpg
61,1,25,A.J. Brown,WR,Philadelphia Eagles,CGEEEEEE,Jalen Hurts,Philadelphia Eagles,1,,,Dallas Cowboys,0,0,Pre-ETR,62.jpg
61,2,26,Ashton Jeanty,RB,Las Vegas Raiders,KRUTCHES93,Drake Maye,New England Patriots,0,,,Cleveland Browns,0,0,Pre-ETR,62.jpg
61,3,27,Patrick Mahomes,QB,Kansas City Chiefs,ALBOOGIE78,Patrick Mahomes,Kansas City Chiefs,1,0,0,Indianapolis Colts,2,1,Pre-ETR,62.jpg
61,4,28,DeVonta Smith,WR,Philadelphia Eagles,GUNNEROSS,Sam Darnold,Seattle Seahawks,0,,,Dallas Cowboys,0,0,Pre-ETR,62.jpg
61,5,29,Tyler Warren,TE,Indianapolis Colts,EZ116,Dak Prescott,Dallas Cowboys,0,,,Kansas City Chiefs,0,0,Pre-ETR,62.jpg
61,6,30,Zay Flowers,WR,Baltimore Ravens,D4RKSH33P,Lamar Jackson,Baltimore Ravens,1,,,New York Jets,0,0,Pre-ETR,62.jpg
61,7,31,Kenneth Walker III,RB,Seattle Seahawks,DYLANCASH22,Jared Goff,Detroit Lions,0,,,Tennessee Titans,0,0,Pre-ETR,62.jpg
61,8,32,Stefon Diggs,WR,New England Patriots,PATRICKBARN,Trevor Lawrence,Jacksonville Jaguars,0,,,Cincinnati Bengals,0,0,Pre-ETR,62.jpg
61,9,33,Travis Kelce,TE,Kansas City Chiefs,D4VE,Caleb Williams,Chicago Bears,0,,,Indianapolis Colts,0,0,Pre-ETR,62.jpg
61,10,34,Breece Hall,RB,New York Jets,GOAZCARDS,Jaxson Dart,New York Giants,0,,,Baltimore Ravens,0,0,Pre-ETR,62.jpg
61,11,35,Rome Odunze,WR,Chicago Bears,KURUC711,Daniel Jones,Indianapolis Colts,0,,,Pittsburgh Steelers,0,0,Pre-ETR,62.jpg
61,12,36,Aaron Jones,RB,Minnesota Vikings,JASTA29,Jacoby Brissett,Arizona Cardinals,0,,,Green Bay Packers,0,0,Pre-ETR,62.jpg
61,12,37,Michael Wilson,WR,Arizona Cardinals,JASTA29,Jacoby Brissett,Arizona Cardinals,1,,,Jacksonville Jaguars,1,1,Pre-ETR,62.jpg
61,11,38,D'Andre Swift,RB,Chicago Bears,KURUC711,Daniel Jones,Indianapolis Colts,0,,,Pittsburgh Steelers,0,0,Pre-ETR,62.jpg
61,10,39,Jaxson Dart,QB,New York Giants,GOAZCARDS,Jaxson Dart,New York Giants,1,1,1,Detroit Lions,0,0,Pre-ETR,62.jpg
61,9,40,DK Metcalf,WR,Pittsburgh Steelers,D4VE,Caleb Williams,Chicago Bears,0,,,Chicago Bears,1,1,Pre-ETR,62.jpg
61,8,41,Emanuel Wilson,RB,Green Bay Packers,PATRICKBARN,Trevor Lawrence,Jacksonville Jaguars,0,,,Minnesota Vikings,1,1,Pre-ETR,62.jpg
61,7,42,Jared Goff,QB,Detroit Lions,DYLANCASH22,Jared Goff,Detroit Lions,1,1,1,New York Giants,0,0,Pre-ETR,62.jpg
61,6,43,Alvin Kamara,RB,New Orleans Saints,D4RKSH33P,Lamar Jackson,Baltimore Ravens,0,,,Atlanta Falcons,0,0,Pre-ETR,62.jpg
61,5,44,Jaylen Warren,RB,Pittsburgh Steelers,EZ116,Dak Prescott,Dallas Cowboys,0,,,Chicago Bears,0,0,Pre-ETR,62.jpg
61,4,45,Hunter Henry,TE,New England Patriots,GUNNEROSS,Sam Darnold,Seattle Seahawks,0,,,Cincinnati Bengals,0,0,Pre-ETR,62.jpg
61,3,46,Kyle Pitts,TE,Atlanta Falcons,ALBOOGIE78,Patrick Mahomes,Kansas City Chiefs,0,,,New Orleans Saints,1,1,Pre-ETR,62.jpg
61,2,47,Dallas Goedert,TE,Philadelphia Eagles,KRUTCHES93,Drake Maye,New England Patriots,0,,,Dallas Cowboys,0,0,Pre-ETR,62.jpg
61,1,48,Michael Pittman Jr.,WR,Indianapolis Colts,CGEEEEEE,Jalen Hurts,Philadelphia Eagles,0,,,Kansas City Chiefs,0,0,Pre-ETR,62.jpg
61,1,49,Josh Jacobs,RB,Green Bay Packers,CGEEEEEE,Jalen Hurts,Philadelphia Eagles,0,,,Minnesota Vikings,0,0,Pre-ETR,62.jpg
61,2,50,Wan'Dale Robinson,WR,New York Giants,KRUTCHES93,Drake Maye,New England Patriots,0,,,Detroit Lions,0,0,Pre-ETR,62.jpg
61,3,51,Alec Pierce,WR,Indianapolis Colts,ALBOOGIE78,Patrick Mahomes,Kansas City Chiefs,0,,,Kansas City Chiefs,1,1,Pre-ETR,62.jpg
61,4,52,Kenneth Gainwell,RB,Pittsburgh Steelers,GUNNEROSS,Sam Darnold,Seattle Seahawks,0,,,Chicago Bears,0,0,Pre-ETR,62.jpg
61,5,53,Dak Prescott,QB,Dallas Cowboys,EZ116,Dak Prescott,Dallas Cowboys,1,2,1,Philadelphia Eagles,0,0,Pre-ETR,62.jpg
61,6,54,David Montgomery,RB,Detroit Lions,D4RKSH33P,Lamar Jackson,Baltimore Ravens,0,,,New York Giants,0,0,Pre-ETR,62.jpg
61,7,55,Juwan Johnson,TE,New Orleans Saints,DYLANCASH22,Jared Goff,Detroit Lions,0,,,Atlanta Falcons,0,0,Pre-ETR,62.jpg
61,8,56,Trevor Lawrence,QB,Jacksonville Jaguars,PATRICKBARN,Trevor Lawrence,Jacksonville Jaguars,1,1,1,Arizona Cardinals,0,0,Pre-ETR,62.jpg
61,9,57,Caleb Williams,QB,Chicago Bears,D4VE,Caleb Williams,Chicago Bears,1,0,0,Pittsburgh Steelers,1,1,Pre-ETR,62.jpg
61,10,58,Theo Johnson,TE,New York Giants,GOAZCARDS,Jaxson Dart,New York Giants,1,,,Detroit Lions,0,0,Pre-ETR,62.jpg
61,11,59,Parker Washington,WR,Jacksonville Jaguars,KURUC711,Daniel Jones,Indianapolis Colts,0,,,Arizona Cardinals,0,0,Pre-ETR,62.jpg
61,12,60,Jacoby Brissett,QB,Arizona Cardinals,JASTA29,Jacoby Brissett,Arizona Cardinals,1,1,1,Jacksonville Jaguars,1,1,Pre-ETR,62.jpg
61,12,61,Noah Fant,TE,Cincinnati Bengals,JASTA29,Jacoby Brissett,Arizona Cardinals,0,,,New England Patriots,0,0,Pre-ETR,62.jpg
61,11,62,Daniel Jones,QB,Indianapolis Colts,KURUC711,Daniel Jones,Indianapolis Colts,1,0,0,Kansas City Chiefs,0,0,Pre-ETR,62.jpg
61,10,63,Kayshon Boutte,WR,New England Patriots,GOAZCARDS,Jaxson Dart,New York Giants,0,,,Cincinnati Bengals,1,1,Pre-ETR,62.jpg
61,9,64,Rhamondre Stevenson,RB,New England Patriots,D4VE,Caleb Williams,Chicago Bears,0,,,Cincinnati Bengals,0,0,Pre-ETR,62.jpg
61,8,65,Brenton Strange,TE,Jacksonville Jaguars,PATRICKBARN,Trevor Lawrence,Jacksonville Jaguars,1,,,Arizona Cardinals,0,0,Pre-ETR,62.jpg
61,7,66,Adonai Mitchell,WR,New York Jets,DYLANCASH22,Jared Goff,Detroit Lions,0,,,Baltimore Ravens,1,1,Pre-ETR,62.jpg
61,6,67,Christian Watson,WR,Green Bay Packers,D4RKSH33P,Lamar Jackson,Baltimore Ravens,0,,,Minnesota Vikings,0,0,Pre-ETR,62.jpg
61,5,68,Jake Ferguson,TE,Dallas Cowboys,EZ116,Dak Prescott,Dallas Cowboys,1,,,Philadelphia Eagles,0,0,Pre-ETR,62.jpg
61,4,69,Sam Darnold,QB,Seattle Seahawks,GUNNEROSS,Sam Darnold,Seattle Seahawks,1,1,1,Tennessee Titans,0,0,Pre-ETR,62.jpg
61,3,70,Tyrone Tracy,RB,New York Giants,ALBOOGIE78,Patrick Mahomes,Kansas City Chiefs,0,,,Detroit Lions,0,0,Pre-ETR,62.jpg
61,2,71,Romeo Doubs,WR,Green Bay Packers,KRUTCHES93,Drake Maye,New England Patriots,0,,,Minnesota Vikings,0,0,Pre-ETR,62.jpg
61,1,72,Mark Andrews,TE,Baltimore Ravens,CGEEEEEE,Jalen Hurts,Philadelphia Eagles,0,,,New York Jets,0,0,Pre-ETR,62.jpg
62,1,1,Jonathan Taylor,RB,Indianapolis Colts,MATHOLOGY,Jacoby Brissett,Arizona Cardinals,0,,,Kansas City Chiefs,0,0,Pre-ETR,64.png
62,2,2,Jahmyr Gibbs,RB,Detroit Lions,KRUTCHES93,Drake Maye,New England Patriots,0,,,New York Giants,0,0,Pre-ETR,64.png
62,3,3,Bijan Robinson,RB,Atlanta Falcons,DYLANCASH22,Tyler Shough,New Orleans Saints,0,,,New Orleans Saints,3,1,Pre-ETR,64.png
62,4,4,Jaxon Smith-Njigba,WR,Seattle Seahawks,D4VE,Caleb Williams,Chicago Bears,0,,,Tennessee Titans,0,0,Pre-ETR,64.png
62,5,5,Amon-Ra St. Brown,WR,Detroit Lions,XCHEERFUL,Daniel Jones,Indianapolis Colts,0,,,New York Giants,0,0,Pre-ETR,64.png
62,6,6,Saquon Barkley,RB,Philadelphia Eagles,ENGELWOOD12,Sam Darnold,Seattle Seahawks,0,,,Dallas Cowboys,0,0,Pre-ETR,64.png
62,7,7,Trey McBride,TE,Arizona Cardinals,VOGEYBERRA8,Lamar Jackson,Baltimore Ravens,0,,,Jacksonville Jaguars,1,1,Pre-ETR,64.png
62,8,8,Derrick Henry,RB,Baltimore Ravens,TUBINIS2121,Jalen Hurts,Philadelphia Eagles,0,,,New York Jets,0,0,Pre-ETR,64.png
62,9,9,CeeDee Lamb,WR,Dallas Cowboys,LEE121503,Dak Prescott,Dallas Cowboys,1,,,Philadelphia Eagles,1,1,Pre-ETR,64.png
62,10,10,Rashee Rice,WR,Kansas City Chiefs,AARONJH22,Patrick Mahomes,Kansas City Chiefs,1,,,Indianapolis Colts,0,0,Pre-ETR,64.png
62,11,11,TreVeyon Henderson,RB,New England Patriots,BIGFUDGY,Jaxson Dart,New York Giants,0,,,Cincinnati Bengals,1,1,Pre-ETR,64.png
62,12,12,Travis Etienne Jr.,RB,Jacksonville Jaguars,BOOMERWINS,Jared Goff,Detroit Lions,0,,,Arizona Cardinals,0,0,Pre-ETR,64.png
62,12,13,Jameson Williams,WR,Detroit Lions,BOOMERWINS,Jared Goff,Detroit Lions,1,,,New York Giants,0,0,Pre-ETR,64.png
62,11,14,Tee Higgins,WR,Cincinnati Bengals,BIGFUDGY,Jaxson Dart,New York Giants,0,,,New England Patriots,1,1,Pre-ETR,64.png
62,10,15,Brock Bowers,TE,Las Vegas Raiders,AARONJH22,Patrick Mahomes,Kansas City Chiefs,0,,,Cleveland Browns,0,0,Pre-ETR,64.png
62,9,16,A.J. Brown,WR,Philadelphia Eagles,LEE121503,Dak Prescott,Dallas Cowboys,0,,,Dallas Cowboys,3,1,Pre-ETR,64.png
62,8,17,Jalen Hurts,QB,Philadelphia Eagles,TUBINIS2121,Jalen Hurts,Philadelphia Eagles,1,1,1,Dallas Cowboys,0,0,Pre-ETR,64.png
62,7,18,Lamar Jackson,QB,Baltimore Ravens,VOGEYBERRA8,Lamar Jackson,Baltimore Ravens,1,1,1,New York Jets,0,0,Pre-ETR,64.png
62,6,19,Stefon Diggs,WR,New England Patriots,ENGELWOOD12,Sam Darnold,Seattle Seahawks,0,,,Cincinnati Bengals,0,0,Pre-ETR,64.png
62,5,20,George Pickens,WR,Dallas Cowboys,XCHEERFUL,Daniel Jones,Indianapolis Colts,0,,,Philadelphia Eagles,0,0,Pre-ETR,64.png
62,4,21,Javonte Williams,RB,Dallas Cowboys,D4VE,Caleb Williams,Chicago Bears,0,,,Philadelphia Eagles,0,0,Pre-ETR,64.png
62,3,22,Chris Olave,WR,New Orleans Saints,DYLANCASH22,Tyler Shough,New Orleans Saints,1,,,Atlanta Falcons,2,1,Pre-ETR,64.png
62,2,23,Drake Maye,QB,New England Patriots,KRUTCHES93,Drake Maye,New England Patriots,1,0,0,Cincinnati Bengals,1,1,Pre-ETR,64.png
62,1,24,Justin Jefferson,WR,Minnesota Vikings,MATHOLOGY,Jacoby Brissett,Arizona Cardinals,0,,,Green Bay Packers,1,1,Pre-ETR,64.png
62,1,25,DeVonta Smith,WR,Philadelphia Eagles,MATHOLOGY,Jacoby Brissett,Arizona Cardinals,0,,,Dallas Cowboys,0,0,Pre-ETR,64.png
62,2,26,Chase Brown,RB,Cincinnati Bengals,KRUTCHES93,Drake Maye,New England Patriots,0,,,New England Patriots,1,1,Pre-ETR,64.png
62,3,27,Kenneth Walker III,RB,Seattle Seahawks,DYLANCASH22,Tyler Shough,New Orleans Saints,0,,,Tennessee Titans,0,0,Pre-ETR,64.png
62,4,28,Tyler Warren,TE,Indianapolis Colts,D4VE,Caleb Williams,Chicago Bears,0,,,Kansas City Chiefs,0,0,Pre-ETR,64.png
62,5,29,Travis Kelce,TE,Kansas City Chiefs,XCHEERFUL,Daniel Jones,Indianapolis Colts,0,,,Indianapolis Colts,1,1,Pre-ETR,64.png
62,6,30,Quinshon Judkins,RB,Cleveland Browns,ENGELWOOD12,Sam Darnold,Seattle Seahawks,0,,,Las Vegas Raiders,0,0,Pre-ETR,64.png
62,7,31,Zay Flowers,WR,Baltimore Ravens,VOGEYBERRA8,Lamar Jackson,Baltimore Ravens,1,,,New York Jets,0,0,Pre-ETR,64.png
62,8,32,Ashton Jeanty,RB,Las Vegas Raiders,TUBINIS2121,Jalen Hurts,Philadelphia Eagles,0,,,Cleveland Browns,0,0,Pre-ETR,64.png
62,9,33,Jaylen Warren,RB,Pittsburgh Steelers,LEE121503,Dak Prescott,Dallas Cowboys,0,,,Chicago Bears,0,0,Pre-ETR,64.png
62,10,34,Patrick Mahomes,QB,Kansas City Chiefs,AARONJH22,Patrick Mahomes,Kansas City Chiefs,1,2,1,Indianapolis Colts,0,0,Pre-ETR,64.png
62,11,35,Jaxson Dart,QB,New York Giants,BIGFUDGY,Jaxson Dart,New York Giants,1,1,1,Detroit Lions,0,0,Pre-ETR,64.png
62,12,36,Hunter Henry,TE,New England Patriots,BOOMERWINS,Jared Goff,Detroit Lions,0,,,Cincinnati Bengals,0,0,Pre-ETR,64.png
62,12,37,Jared Goff,QB,Detroit Lions,BOOMERWINS,Jared Goff,Detroit Lions,1,2,1,New York Giants,0,0,Pre-ETR,64.png
62,11,38,Aaron Jones,RB,Minnesota Vikings,BIGFUDGY,Jaxson Dart,New York Giants,0,,,Green Bay Packers,1,1,Pre-ETR,64.png
62,10,39,Breece Hall,RB,New York Jets,AARONJH22,Patrick Mahomes,Kansas City Chiefs,0,,,Baltimore Ravens,0,0,Pre-ETR,64.png
62,9,40,Dak Prescott,QB,Dallas Cowboys,LEE121503,Dak Prescott,Dallas Cowboys,1,2,1,Philadelphia Eagles,1,1,Pre-ETR,64.png
62,8,41,Dallas Goedert,TE,Philadelphia Eagles,TUBINIS2121,Jalen Hurts,Philadelphia Eagles,1,,,Dallas Cowboys,0,0,Pre-ETR,64.png
62,7,42,D'Andre Swift,RB,Chicago Bears,VOGEYBERRA8,Lamar Jackson,Baltimore Ravens,0,,,Pittsburgh Steelers,0,0,Pre-ETR,64.png
62,6,43,Mark Andrews,TE,Baltimore Ravens,ENGELWOOD12,Sam Darnold,Seattle Seahawks,0,,,New York Jets,0,0,Pre-ETR,64.png
62,5,44,Alvin Kamara,RB,New Orleans Saints,XCHEERFUL,Daniel Jones,Indianapolis Colts,0,,,Atlanta Falcons,0,0,Pre-ETR,64.png
62,4,45,Rome Odunze,WR,Chicago Bears,D4VE,Caleb Williams,Chicago Bears,1,,,Pittsburgh Steelers,1,1,Pre-ETR,64.png
62,3,46,Juwan Johnson,TE,New Orleans Saints,DYLANCASH22,Tyler Shough,New Orleans Saints,1,,,Atlanta Falcons,2,1,Pre-ETR,64.png
62,2,47,Kyle Pitts,TE,Atlanta Falcons,KRUTCHES93,Drake Maye,New England Patriots,0,,,New Orleans Saints,0,0,Pre-ETR,64.png
62,1,48,Josh Jacobs,RB,Green Bay Packers,MATHOLOGY,Jacoby Brissett,Arizona Cardinals,0,,,Minnesota Vikings,1,1,Pre-ETR,64.png
62,1,49,Jacoby Brissett,QB,Arizona Cardinals,MATHOLOGY,Jacoby Brissett,Arizona Cardinals,1,0,0,Jacksonville Jaguars,0,0,Pre-ETR,64.png
62,2,50,Michael Pittman Jr.,WR,Indianapolis Colts,KRUTCHES93,Drake Maye,New England Patriots,0,,,Kansas City Chiefs,0,0,Pre-ETR,64.png
62,3,51,Darnell Mooney,WR,Atlanta Falcons,DYLANCASH22,Tyler Shough,New Orleans Saints,0,,,New Orleans Saints,3,1,Pre-ETR,64.png
62,4,52,DK Metcalf,WR,Pittsburgh Steelers,D4VE,Caleb Williams,Chicago Bears,0,,,Chicago Bears,2,1,Pre-ETR,64.png
62,5,53,Daniel Jones,QB,Indianapolis Colts,XCHEERFUL,Daniel Jones,Indianapolis Colts,1,0,0,Kansas City Chiefs,1,1,Pre-ETR,64.png
62,6,54,Marvin Harrison,WR,Arizona Cardinals,ENGELWOOD12,Sam Darnold,Seattle Seahawks,0,,,Jacksonville Jaguars,0,0,Pre-ETR,64.png
62,7,55,Michael Wilson,WR,Arizona Cardinals,VOGEYBERRA8,Lamar Jackson,Baltimore Ravens,0,,,Jacksonville Jaguars,1,1,Pre-ETR,64.png
62,8,56,Wan'Dale Robinson,WR,New York Giants,TUBINIS2121,Jalen Hurts,Philadelphia Eagles,0,,,Detroit Lions,0,0,Pre-ETR,64.png
62,9,57,Josh Jacobs,RB,Green Bay Packers,LEE121503,Dak Prescott,Dallas Cowboys,0,,,Minnesota Vikings,0,0,Pre-ETR,64.png
62,10,58,Xavier Worthy,WR,Kansas City Chiefs,AARONJH22,Patrick Mahomes,Kansas City Chiefs,1,,,Indianapolis Colts,0,0,Pre-ETR,64.png
62,11,59,Romeo Doubs,WR,Green Bay Packers,BIGFUDGY,Jaxson Dart,New York Giants,0,,,Minnesota Vikings,1,1,Pre-ETR,64.png
62,12,60,David Montgomery,RB,Detroit Lions,BOOMERWINS,Jared Goff,Detroit Lions,1,,,New York Giants,0,0,Pre-ETR,64.png
62,12,61,Rashid Shaheed,WR,Seattle Seahawks,BOOMERWINS,Jared Goff,Detroit Lions,0,,,Tennessee Titans,0,0,Pre-ETR,64.png
62,11,62,Theo Johnson,TE,New York Giants,BIGFUDGY,Jaxson Dart,New York Giants,1,,,Detroit Lions,0,0,Pre-ETR,64.png
62,10,63,Tyrone Tracy,RB,New York Giants,AARONJH22,Patrick Mahomes,Kansas City Chiefs,0,,,Detroit Lions,0,0,Pre-ETR,64.png
62,9,64,Jake Ferguson,TE,Dallas Cowboys,LEE121503,Dak Prescott,Dallas Cowboys,1,,,Philadelphia Eagles,1,1,Pre-ETR,64.png
62,8,65,Christian Watson,WR,Green Bay Packers,TUBINIS2121,Jalen Hurts,Philadelphia Eagles,0,,,Minnesota Vikings,0,0,Pre-ETR,64.png
62,7,66,Brian Thomas,WR,Jacksonville Jaguars,VOGEYBERRA8,Lamar Jackson,Baltimore Ravens,0,,,Arizona Cardinals,2,1,Pre-ETR,64.png
62,6,67,Sam Darnold,QB,Seattle Seahawks,ENGELWOOD12,Sam Darnold,Seattle Seahawks,1,0,0,Tennessee Titans,0,0,Pre-ETR,64.png
62,5,68,Kenneth Gainwell,RB,Pittsburgh Steelers,XCHEERFUL,Daniel Jones,Indianapolis Colts,0,,,Chicago Bears,0,0,Pre-ETR,64.png
62,4,69,Caleb Williams,QB,Chicago Bears,D4VE,Caleb Williams,Chicago Bears,1,1,1,Pittsburgh Steelers,1,1,Pre-ETR,64.png
62,3,70,Tyler Shough,QB,New Orleans Saints,DYLANCASH22,Tyler Shough,New Orleans Saints,1,2,1,Atlanta Falcons,2,1,Pre-ETR,64.png
62,2,71,Jakobi Meyers,WR,Jacksonville Jaguars,KRUTCHES93,Drake Maye,New England Patriots,0,,,Arizona Cardinals,0,0,Pre-ETR,64.png
62,1,72,Colston Loveland,TE,Chicago Bears,MATHOLOGY,Jacoby Brissett,Arizona Cardinals,0,,,Pittsburgh Steelers,0,0,Pre-ETR,64.png
63,1,1,Jahmyr Gibbs,RB,Detroit Lions,JASTA29,Caleb Williams,Chicago Bears,0,,,New York Giants,0,0,Pre-ETR,65.png
63,2,2,Jonathan Taylor,RB,Indianapolis Colts,XCHEERFUL,Jared Goff,Detroit Lions,0,,,Kansas City Chiefs,0,0,Pre-ETR,65.png
63,3,3,Bijan Robinson,RB,Atlanta Falcons,TUBINIS2121,Jordan Love,Green Bay Packers,0,,,New Orleans Saints,1,1,Pre-ETR,65.png
63,4,4,Amon-Ra St. Brown,WR,Detroit Lions,RIPSEWELL,Jaxson Dart,New York Giants,0,,,New York Giants,2,1,Pre-ETR,65.png
63,5,5,Saquon Barkley,RB,Philadelphia Eagles,STEADY314,Patrick Mahomes,Kansas City Chiefs,0,,,Dallas Cowboys,0,0,Pre-ETR,65.png
63,6,6,Jaxon Smith-Njigba,WR,Seattle Seahawks,YETTI01,Daniel Jones,Indianapolis Colts,0,,,Tennessee Titans,0,0,Pre-ETR,65.png
63,7,7,Derrick Henry,RB,Baltimore Ravens,D4VE,Drake Maye,New England Patriots,0,,,New York Jets,0,0,Pre-ETR,65.png
63,8,8,A.J. Brown,WR,Philadelphia Eagles,NOAHPETRO23,Jalen Hurts,Philadelphia Eagles,1,,,Dallas Cowboys,0,0,Pre-ETR,65.png
63,9,9,Trey McBride,TE,Arizona Cardinals,PATRICKBARN,Lamar Jackson,Baltimore Ravens,0,,,Jacksonville Jaguars,1,1,Pre-ETR,65.png
63,10,10,Rashee Rice,WR,Kansas City Chiefs,GOAZCARDS,Dak Prescott,Dallas Cowboys,0,,,Indianapolis Colts,0,0,Pre-ETR,65.png
63,11,11,CeeDee Lamb,WR,Dallas Cowboys,KRUTCHES93,Jacoby Brissett,Arizona Cardinals,0,,,Philadelphia Eagles,0,0,Pre-ETR,65.png
63,12,12,TreVeyon Henderson,RB,New England Patriots,ALBOOGIE78,Joe Flacco,Cincinnati Bengals,0,,,Cincinnati Bengals,2,1,Pre-ETR,65.png
63,12,13,Tee Higgins,WR,Cincinnati Bengals,ALBOOGIE78,Joe Flacco,Cincinnati Bengals,1,,,New England Patriots,2,1,Pre-ETR,65.png
63,11,14,Javonte Williams,RB,Dallas Cowboys,KRUTCHES93,Jacoby Brissett,Arizona Cardinals,0,,,Philadelphia Eagles,0,0,Pre-ETR,65.png
63,10,15,George Pickens,WR,Dallas Cowboys,GOAZCARDS,Dak Prescott,Dallas Cowboys,1,,,Philadelphia Eagles,0,0,Pre-ETR,65.png
63,9,16,Lamar Jackson,QB,Baltimore Ravens,PATRICKBARN,Lamar Jackson,Baltimore Ravens,1,0,0,New York Jets,0,0,Pre-ETR,65.png
63,8,17,Jalen Hurts,QB,Philadelphia Eagles,NOAHPETRO23,Jalen Hurts,Philadelphia Eagles,1,1,1,Dallas Cowboys,0,0,Pre-ETR,65.png
63,7,18,Drake Maye,QB,New England Patriots,D4VE,Drake Maye,New England Patriots,1,1,1,Cincinnati Bengals,0,0,Pre-ETR,65.png
63,6,19,Brock Bowers,TE,Las Vegas Raiders,YETTI01,Daniel Jones,Indianapolis Colts,0,,,Cleveland Browns,0,0,Pre-ETR,65.png
63,5,20,Patrick Mahomes,QB,Kansas City Chiefs,STEADY314,Patrick Mahomes,Kansas City Chiefs,1,1,1,Indianapolis Colts,0,0,Pre-ETR,65.png
63,4,21,Quinshon Judkins,RB,Cleveland Browns,RIPSEWELL,Jaxson Dart,New York Giants,0,,,Las Vegas Raiders,0,0,Pre-ETR,65.png
63,3,22,Travis Etienne Jr.,RB,Jacksonville Jaguars,TUBINIS2121,Jordan Love,Green Bay Packers,0,,,Arizona Cardinals,0,0,Pre-ETR,65.png
63,2,23,Jameson Williams,WR,Detroit Lions,XCHEERFUL,Jared Goff,Detroit Lions,1,,,New York Giants,0,0,Pre-ETR,65.png
63,1,24,Justin Jefferson,WR,Minnesota Vikings,JASTA29,Caleb Williams,Chicago Bears,0,,,Green Bay Packers,0,0,Pre-ETR,65.png
63,1,25,DeVonta Smith,WR,Philadelphia Eagles,JASTA29,Caleb Williams,Chicago Bears,0,,,Dallas Cowboys,0,0,Pre-ETR,65.png
63,2,26,Chase Brown,RB,Cincinnati Bengals,XCHEERFUL,Jared Goff,Detroit Lions,0,,,New England Patriots,0,0,Pre-ETR,65.png
63,3,27,Chris Olave,WR,New Orleans Saints,TUBINIS2121,Jordan Love,Green Bay Packers,0,,,Atlanta Falcons,1,1,Pre-ETR,65.png
63,4,28,Tyler Warren,TE,Indianapolis Colts,RIPSEWELL,Jaxson Dart,New York Giants,0,,,Kansas City Chiefs,0,0,Pre-ETR,65.png
63,5,29,Stefon Diggs,WR,New England Patriots,STEADY314,Patrick Mahomes,Kansas City Chiefs,0,,,Cincinnati Bengals,0,0,Pre-ETR,65.png
63,6,30,Zay Flowers,WR,Baltimore Ravens,YETTI01,Daniel Jones,Indianapolis Colts,0,,,New York Jets,0,0,Pre-ETR,65.png
63,7,31,Ashton Jeanty,RB,Las Vegas Raiders,D4VE,Drake Maye,New England Patriots,0,,,Cleveland Browns,0,0,Pre-ETR,65.png
63,8,32,Rome Odunze,WR,Chicago Bears,NOAHPETRO23,Jalen Hurts,Philadelphia Eagles,0,,,Pittsburgh Steelers,0,0,Pre-ETR,65.png
63,9,33,Kenneth Walker III,RB,Seattle Seahawks,PATRICKBARN,Lamar Jackson,Baltimore Ravens,0,,,Tennessee Titans,0,0,Pre-ETR,65.png
63,10,34,Breece Hall,RB,New York Jets,GOAZCARDS,Dak Prescott,Dallas Cowboys,0,,,Baltimore Ravens,0,0,Pre-ETR,65.png
63,11,35,Travis Kelce,TE,Kansas City Chiefs,KRUTCHES93,Jacoby Brissett,Arizona Cardinals,0,,,Indianapolis Colts,0,0,Pre-ETR,65.png
63,12,36,Michael Wilson,WR,Arizona Cardinals,ALBOOGIE78,Joe Flacco,Cincinnati Bengals,0,,,Jacksonville Jaguars,1,1,Pre-ETR,65.png
63,12,37,Mack Hollins,WR,New England Patriots,ALBOOGIE78,Joe Flacco,Cincinnati Bengals,0,,,Cincinnati Bengals,2,1,Pre-ETR,65.png
63,11,38,Jaylen Warren,RB,Pittsburgh Steelers,KRUTCHES93,Jacoby Brissett,Arizona Cardinals,0,,,Chicago Bears,0,0,Pre-ETR,65.png
63,10,39,Dak Prescott,QB,Dallas Cowboys,GOAZCARDS,Dak Prescott,Dallas Cowboys,1,1,1,Philadelphia Eagles,0,0,Pre-ETR,65.png
63,9,40,Josh Jacobs,RB,Green Bay Packers,PATRICKBARN,Lamar Jackson,Baltimore Ravens,0,,,Minnesota Vikings,0,0,Pre-ETR,65.png
63,8,41,D'Andre Swift,RB,Chicago Bears,NOAHPETRO23,Jalen Hurts,Philadelphia Eagles,0,,,Pittsburgh Steelers,0,0,Pre-ETR,65.png
63,7,42,Hunter Henry,TE,New England Patriots,D4VE,Drake Maye,New England Patriots,1,,,Cincinnati Bengals,0,0,Pre-ETR,65.png
63,6,43,Michael Pittman Jr.,WR,Indianapolis Colts,YETTI01,Daniel Jones,Indianapolis Colts,1,,,Kansas City Chiefs,0,0,Pre-ETR,65.png
63,5,44,Xavier Worthy,WR,Kansas City Chiefs,STEADY314,Patrick Mahomes,Kansas City Chiefs,1,,,Indianapolis Colts,0,0,Pre-ETR,65.png
63,4,45,Jaxson Dart,QB,New York Giants,RIPSEWELL,Jaxson Dart,New York Giants,1,1,1,Detroit Lions,2,1,Pre-ETR,65.png
63,3,46,DK Metcalf,WR,Pittsburgh Steelers,TUBINIS2121,Jordan Love,Green Bay Packers,0,,,Chicago Bears,0,0,Pre-ETR,65.png
63,2,47,Jared Goff,QB,Detroit Lions,XCHEERFUL,Jared Goff,Detroit Lions,1,1,1,New York Giants,0,0,Pre-ETR,65.png
63,1,48,Aaron Jones,RB,Minnesota Vikings,JASTA29,Caleb Williams,Chicago Bears,0,,,Green Bay Packers,0,0,Pre-ETR,65.png
63,1,49,Caleb Williams,QB,Chicago Bears,JASTA29,Caleb Williams,Chicago Bears,1,1,1,Pittsburgh Steelers,0,0,Pre-ETR,65.png
63,2,50,Jake Ferguson,TE,Dallas Cowboys,XCHEERFUL,Jared Goff,Detroit Lions,0,,,Philadelphia Eagles,0,0,Pre-ETR,65.png
63,3,51,Dallas Goedert,TE,Philadelphia Eagles,TUBINIS2121,Jordan Love,Green Bay Packers,0,,,Dallas Cowboys,0,0,Pre-ETR,65.png
63,4,52,David Montgomery,RB,Detroit Lions,RIPSEWELL,Jaxson Dart,New York Giants,0,,,New York Giants,2,1,Pre-ETR,65.png
63,5,53,Alvin Kamara,RB,New Orleans Saints,STEADY314,Patrick Mahomes,Kansas City Chiefs,0,,,Atlanta Falcons,0,0,Pre-ETR,65.png
63,6,54,Josh Jacobs,RB,Green Bay Packers,YETTI01,Daniel Jones,Indianapolis Colts,0,,,Minnesota Vikings,0,0,Pre-ETR,65.png
63,7,55,Wan'Dale Robinson,WR,New York Giants,D4VE,Drake Maye,New England Patriots,0,,,Detroit Lions,0,0,Pre-ETR,65.png
63,8,56,Mark Andrews,TE,Baltimore Ravens,NOAHPETRO23,Jalen Hurts,Philadelphia Eagles,0,,,New York Jets,0,0,Pre-ETR,65.png
63,9,57,Darnell Mooney,WR,Atlanta Falcons,PATRICKBARN,Lamar Jackson,Baltimore Ravens,0,,,New Orleans Saints,0,0,Pre-ETR,65.png
63,10,58,Kenneth Gainwell,RB,Pittsburgh Steelers,GOAZCARDS,Dak Prescott,Dallas Cowboys,0,,,Chicago Bears,0,0,Pre-ETR,65.png
63,11,59,Jacoby Brissett,QB,Arizona Cardinals,KRUTCHES93,Jacoby Brissett,Arizona Cardinals,1,1,1,Jacksonville Jaguars,0,0,Pre-ETR,65.png
63,12,60,Joe Flacco,QB,Cincinnati Bengals,ALBOOGIE78,Joe Flacco,Cincinnati Bengals,1,1,1,New England Patriots,2,1,Pre-ETR,65.png
63,12,61,Brenton Strange,TE,Jacksonville Jaguars,ALBOOGIE78,Joe Flacco,Cincinnati Bengals,0,,,Arizona Cardinals,1,1,Pre-ETR,65.png
63,11,62,Marvin Harrison,WR,Arizona Cardinals,KRUTCHES93,Jacoby Brissett,Arizona Cardinals,1,,,Jacksonville Jaguars,0,0,Pre-ETR,65.png
63,10,63,Kyle Pitts,TE,Atlanta Falcons,GOAZCARDS,Dak Prescott,Dallas Cowboys,0,,,New Orleans Saints,0,0,Pre-ETR,65.png
63,9,64,Brian Thomas,WR,Jacksonville Jaguars,PATRICKBARN,Lamar Jackson,Baltimore Ravens,0,,,Arizona Cardinals,1,1,Pre-ETR,65.png
63,8,65,Jakobi Meyers,WR,Jacksonville Jaguars,NOAHPETRO23,Jalen Hurts,Philadelphia Eagles,0,,,Arizona Cardinals,0,0,Pre-ETR,65.png
63,7,66,Romeo Doubs,WR,Green Bay Packers,D4VE,Drake Maye,New England Patriots,0,,,Minnesota Vikings,0,0,Pre-ETR,65.png
63,6,67,Daniel Jones,QB,Indianapolis Colts,YETTI01,Daniel Jones,Indianapolis Colts,1,1,1,Kansas City Chiefs,0,0,Pre-ETR,65.png
63,5,68,Juwan Johnson,TE,New Orleans Saints,STEADY314,Patrick Mahomes,Kansas City Chiefs,0,,,Atlanta Falcons,0,0,Pre-ETR,65.png
63,4,69,Darius Slayton,WR,New York Giants,RIPSEWELL,Jaxson Dart,New York Giants,1,,,Detroit Lions,2,1,Pre-ETR,65.png
63,3,70,Jordan Love,QB,Green Bay Packers,TUBINIS2121,Jordan Love,Green Bay Packers,1,0,0,Minnesota Vikings,0,0,Pre-ETR,65.png
63,2,71,Alec Pierce,WR,Indianapolis Colts,XCHEERFUL,Jared Goff,Detroit Lions,0,,,Kansas City Chiefs,0,0,Pre-ETR,65.png
63,1,72,Colston Loveland,TE,Chicago Bears,JASTA29,Caleb Williams,Chicago Bears,1,,,Pittsburgh Steelers,0,0,Pre-ETR,65.png
64,1,1,Jonathan Taylor,RB,Indianapolis Colts,BIGFUDGY,Sam Darnold,Seattle Seahawks,0,,,Kansas City Chiefs,0,0,Pre-ETR,66.png
64,2,2,Jahmyr Gibbs,RB,Detroit Lions,THEKID1101,Patrick Mahomes,Kansas City Chiefs,0,,,New York Giants,0,0,Pre-ETR,66.png
64,3,3,Bijan Robinson,RB,Atlanta Falcons,SONOFKONG,Daniel Jones,Indianapolis Colts,0,,,New Orleans Saints,1,1,Pre-ETR,66.png
64,4,4,Jaxon Smith-Njigba,WR,Seattle Seahawks,IMAGIKARP,Jordan Love,Green Bay Packers,0,,,Tennessee Titans,0,0,Pre-ETR,66.png
64,5,5,Amon-Ra St. Brown,WR,Detroit Lions,MATHOLOGY,Jared Goff,Detroit Lions,1,,,New York Giants,0,0,Pre-ETR,66.png
64,6,6,Trey McBride,TE,Arizona Cardinals,KRUTCHES93,Jacoby Brissett,Arizona Cardinals,1,,,Jacksonville Jaguars,2,1,Pre-ETR,66.png
64,7,7,Derrick Henry,RB,Baltimore Ravens,NEZ,Jalen Hurts,Philadelphia Eagles,0,,,New York Jets,0,0,Pre-ETR,66.png
64,8,8,CeeDee Lamb,WR,Dallas Cowboys,PIRI24,Dak Prescott,Dallas Cowboys,1,,,Philadelphia Eagles,0,0,Pre-ETR,66.png
64,9,9,Saquon Barkley,RB,Philadelphia Eagles,D4VE,Drake Maye,New England Patriots,0,,,Dallas Cowboys,0,0,Pre-ETR,66.png
64,10,10,Rashee Rice,WR,Kansas City Chiefs,BUSTERSBOYS,Lamar Jackson,Baltimore Ravens,0,,,Indianapolis Colts,0,0,Pre-ETR,66.png
64,11,11,TreVeyon Henderson,RB,New England Patriots,XCHEERFUL,Jaxson Dart,New York Giants,0,,,Cincinnati Bengals,0,0,Pre-ETR,66.png
64,12,12,Tee Higgins,WR,Cincinnati Bengals,VOGEYBERRA8,Caleb Williams,Chicago Bears,0,,,New England Patriots,0,0,Pre-ETR,66.png
64,12,13,Brock Bowers,TE,Las Vegas Raiders,VOGEYBERRA8,Caleb Williams,Chicago Bears,0,,,Cleveland Browns,0,0,Pre-ETR,66.png
64,11,14,George Pickens,WR,Dallas Cowboys,XCHEERFUL,Jaxson Dart,New York Giants,0,,,Philadelphia Eagles,0,0,Pre-ETR,66.png
64,10,15,Lamar Jackson,QB,Baltimore Ravens,BUSTERSBOYS,Lamar Jackson,Baltimore Ravens,1,0,0,New York Jets,0,0,Pre-ETR,66.png
64,9,16,Drake Maye,QB,New England Patriots,D4VE,Drake Maye,New England Patriots,1,0,0,Cincinnati Bengals,0,0,Pre-ETR,66.png
64,8,17,Jameson Williams,WR,Detroit Lions,PIRI24,Dak Prescott,Dallas Cowboys,0,,,New York Giants,1,1,Pre-ETR,66.png
64,7,18,Jalen Hurts,QB,Philadelphia Eagles,NEZ,Jalen Hurts,Philadelphia Eagles,1,1,1,Dallas Cowboys,0,0,Pre-ETR,66.png
64,6,19,Travis Etienne Jr.,RB,Jacksonville Jaguars,KRUTCHES93,Jacoby Brissett,Arizona Cardinals,0,,,Arizona Cardinals,3,1,Pre-ETR,66.png
64,5,20,Javonte Williams,RB,Dallas Cowboys,MATHOLOGY,Jared Goff,Detroit Lions,0,,,Philadelphia Eagles,0,0,Pre-ETR,66.png
64,4,21,Chris Olave,WR,New Orleans Saints,IMAGIKARP,Jordan Love,Green Bay Packers,0,,,Atlanta Falcons,0,0,Pre-ETR,66.png
64,3,22,A.J. Brown,WR,Philadelphia Eagles,SONOFKONG,Daniel Jones,Indianapolis Colts,0,,,Dallas Cowboys,0,0,Pre-ETR,66.png
64,2,23,DeVonta Smith,WR,Philadelphia Eagles,THEKID1101,Patrick Mahomes,Kansas City Chiefs,0,,,Dallas Cowboys,0,0,Pre-ETR,66.png
64,1,24,Justin Jefferson,WR,Minnesota Vikings,BIGFUDGY,Sam Darnold,Seattle Seahawks,0,,,Green Bay Packers,1,1,Pre-ETR,66.png
64,1,25,Stefon Diggs,WR,New England Patriots,BIGFUDGY,Sam Darnold,Seattle Seahawks,0,,,Cincinnati Bengals,0,0,Pre-ETR,66.png
64,2,26,Patrick Mahomes,QB,Kansas City Chiefs,THEKID1101,Patrick Mahomes,Kansas City Chiefs,1,0,0,Indianapolis Colts,2,1,Pre-ETR,66.png
64,3,27,Tyler Warren,TE,Indianapolis Colts,SONOFKONG,Daniel Jones,Indianapolis Colts,1,,,Kansas City Chiefs,0,0,Pre-ETR,66.png
64,4,28,Quinshon Judkins,RB,Cleveland Browns,IMAGIKARP,Jordan Love,Green Bay Packers,0,,,Las Vegas Raiders,0,0,Pre-ETR,66.png
64,5,29,Chase Brown,RB,Cincinnati Bengals,MATHOLOGY,Jared Goff,Detroit Lions,0,,,New England Patriots,1,1,Pre-ETR,66.png
64,6,30,Ashton Jeanty,RB,Las Vegas Raiders,KRUTCHES93,Jacoby Brissett,Arizona Cardinals,0,,,Cleveland Browns,0,0,Pre-ETR,66.png
64,7,31,Kenneth Walker III,RB,Seattle Seahawks,NEZ,Jalen Hurts,Philadelphia Eagles,0,,,Tennessee Titans,0,0,Pre-ETR,66.png
64,8,32,Breece Hall,RB,New York Jets,PIRI24,Dak Prescott,Dallas Cowboys,0,,,Baltimore Ravens,0,0,Pre-ETR,66.png
64,9,33,Zay Flowers,WR,Baltimore Ravens,D4VE,Drake Maye,New England Patriots,0,,,New York Jets,0,0,Pre-ETR,66.png
64,10,34,Rome Odunze,WR,Chicago Bears,BUSTERSBOYS,Lamar Jackson,Baltimore Ravens,0,,,Pittsburgh Steelers,1,1,Pre-ETR,66.png
64,11,35,Aaron Jones,RB,Minnesota Vikings,XCHEERFUL,Jaxson Dart,New York Giants,0,,,Green Bay Packers,0,0,Pre-ETR,66.png
64,12,36,D'Andre Swift,RB,Chicago Bears,VOGEYBERRA8,Caleb Williams,Chicago Bears,1,,,Pittsburgh Steelers,1,1,Pre-ETR,66.png
64,12,37,DK Metcalf,WR,Pittsburgh Steelers,VOGEYBERRA8,Caleb Williams,Chicago Bears,0,,,Chicago Bears,2,1,Pre-ETR,66.png
64,11,38,Jaxson Dart,QB,New York Giants,XCHEERFUL,Jaxson Dart,New York Giants,1,1,1,Detroit Lions,0,0,Pre-ETR,66.png
64,10,39,Emanuel Wilson,RB,Green Bay Packers,BUSTERSBOYS,Lamar Jackson,Baltimore Ravens,0,,,Minnesota Vikings,0,0,Pre-ETR,66.png
64,9,40,Travis Kelce,TE,Kansas City Chiefs,D4VE,Drake Maye,New England Patriots,0,,,Indianapolis Colts,0,0,Pre-ETR,66.png
64,8,41,Dak Prescott,QB,Dallas Cowboys,PIRI24,Dak Prescott,Dallas Cowboys,1,2,1,Philadelphia Eagles,0,0,Pre-ETR,66.png
64,7,42,Dallas Goedert,TE,Philadelphia Eagles,NEZ,Jalen Hurts,Philadelphia Eagles,1,,,Dallas Cowboys,0,0,Pre-ETR,66.png
64,6,43,Michael Wilson,WR,Arizona Cardinals,KRUTCHES93,Jacoby Brissett,Arizona Cardinals,1,,,Jacksonville Jaguars,2,1,Pre-ETR,66.png
64,5,44,Hunter Henry,TE,New England Patriots,MATHOLOGY,Jared Goff,Detroit Lions,0,,,Cincinnati Bengals,1,1,Pre-ETR,66.png
64,4,45,Jaylen Warren,RB,Pittsburgh Steelers,IMAGIKARP,Jordan Love,Green Bay Packers,0,,,Chicago Bears,0,0,Pre-ETR,66.png
64,3,46,Daniel Jones,QB,Indianapolis Colts,SONOFKONG,Daniel Jones,Indianapolis Colts,1,1,1,Kansas City Chiefs,0,0,Pre-ETR,66.png
64,2,47,Michael Pittman Jr.,WR,Indianapolis Colts,THEKID1101,Patrick Mahomes,Kansas City Chiefs,0,,,Kansas City Chiefs,1,1,Pre-ETR,66.png
64,1,48,Emanuel Wilson,RB,Green Bay Packers,BIGFUDGY,Sam Darnold,Seattle Seahawks,0,,,Minnesota Vikings,1,1,Pre-ETR,66.png
64,1,49,Juwan Johnson,TE,New Orleans Saints,BIGFUDGY,Sam Darnold,Seattle Seahawks,0,,,Atlanta Falcons,0,0,Pre-ETR,66.png
64,2,50,Alec Pierce,WR,Indianapolis Colts,THEKID1101,Patrick Mahomes,Kansas City Chiefs,0,,,Kansas City Chiefs,1,1,Pre-ETR,66.png
64,3,51,Alvin Kamara,RB,New Orleans Saints,SONOFKONG,Daniel Jones,Indianapolis Colts,0,,,Atlanta Falcons,1,1,Pre-ETR,66.png
64,4,52,Jordan Love,QB,Green Bay Packers,IMAGIKARP,Jordan Love,Green Bay Packers,1,0,0,Minnesota Vikings,0,0,Pre-ETR,66.png
64,5,53,Jared Goff,QB,Detroit Lions,MATHOLOGY,Jared Goff,Detroit Lions,1,1,1,New York Giants,0,0,Pre-ETR,66.png
64,6,54,Jacoby Brissett,QB,Arizona Cardinals,KRUTCHES93,Jacoby Brissett,Arizona Cardinals,1,2,1,Jacksonville Jaguars,2,1,Pre-ETR,66.png
64,7,55,Wan'Dale Robinson,WR,New York Giants,NEZ,Jalen Hurts,Philadelphia Eagles,0,,,Detroit Lions,0,0,Pre-ETR,66.png
64,8,56,Jake Ferguson,TE,Dallas Cowboys,PIRI24,Dak Prescott,Dallas Cowboys,1,,,Philadelphia Eagles,0,0,Pre-ETR,66.png
64,9,57,David Montgomery,RB,Detroit Lions,D4VE,Drake Maye,New England Patriots,0,,,New York Giants,0,0,Pre-ETR,66.png
64,10,58,Kyle Pitts,TE,Atlanta Falcons,BUSTERSBOYS,Lamar Jackson,Baltimore Ravens,0,,,New Orleans Saints,0,0,Pre-ETR,66.png
64,11,59,Xavier Worthy,WR,Kansas City Chiefs,XCHEERFUL,Jaxson Dart,New York Giants,0,,,Indianapolis Colts,0,0,Pre-ETR,66.png
64,12,60,Caleb Williams,QB,Chicago Bears,VOGEYBERRA8,Caleb Williams,Chicago Bears,1,1,1,Pittsburgh Steelers,1,1,Pre-ETR,66.png
64,12,61,Darnell Mooney,WR,Atlanta Falcons,VOGEYBERRA8,Caleb Williams,Chicago Bears,0,,,New Orleans Saints,0,0,Pre-ETR,66.png
64,11,62,Theo Johnson,TE,New York Giants,XCHEERFUL,Jaxson Dart,New York Giants,1,,,Detroit Lions,0,0,Pre-ETR,66.png
64,10,63,Kenneth Gainwell,RB,Pittsburgh Steelers,BUSTERSBOYS,Lamar Jackson,Baltimore Ravens,0,,,Chicago Bears,1,1,Pre-ETR,66.png
64,9,64,Marvin Harrison,WR,Arizona Cardinals,D4VE,Drake Maye,New England Patriots,0,,,Jacksonville Jaguars,0,0,Pre-ETR,66.png
64,8,65,Tyrone Tracy,RB,New York Giants,PIRI24,Dak Prescott,Dallas Cowboys,0,,,Detroit Lions,1,1,Pre-ETR,66.png
64,7,66,Romeo Doubs,WR,Green Bay Packers,NEZ,Jalen Hurts,Philadelphia Eagles,0,,,Minnesota Vikings,0,0,Pre-ETR,66.png
64,6,67,Parker Washington,WR,Jacksonville Jaguars,KRUTCHES93,Jacoby Brissett,Arizona Cardinals,0,,,Arizona Cardinals,3,1,Pre-ETR,66.png
64,5,68,Christian Watson,WR,Green Bay Packers,MATHOLOGY,Jared Goff,Detroit Lions,0,,,Minnesota Vikings,0,0,Pre-ETR,66.png
64,4,69,Mark Andrews,TE,Baltimore Ravens,IMAGIKARP,Jordan Love,Green Bay Packers,0,,,New York Jets,0,0,Pre-ETR,66.png
64,3,70,Cooper Kupp,WR,Seattle Seahawks,SONOFKONG,Daniel Jones,Indianapolis Colts,0,,,Tennessee Titans,0,0,Pre-ETR,66.png
64,2,71,AJ Barner,TE,Seattle Seahawks,THEKID1101,Patrick Mahomes,Kansas City Chiefs,0,,,Tennessee Titans,0,0,Pre-ETR,66.png
64,1,72,Sam Darnold,QB,Seattle Seahawks,BIGFUDGY,Sam Darnold,Seattle Seahawks,1,0,0,Tennessee Titans,0,0,Pre-ETR,66.png
65,1,1,Jahmyr Gibbs,RB,Detroit Lions,TUBINIS2121,Dak Prescott,Dallas Cowboys,0,,,New York Giants,0,0,Pre-ETR,67.png
65,2,2,Jonathan Taylor,RB,Indianapolis Colts,BUSTERSBOYS,Tyler Shough,New Orleans Saints,0,,,Kansas City Chiefs,0,0,Pre-ETR,67.png
65,3,3,Bijan Robinson,RB,Atlanta Falcons,STEADY314,Kirk Cousins,Atlanta Falcons,1,,,New Orleans Saints,0,0,Pre-ETR,67.png
65,4,4,Jaxon Smith-Njigba,WR,Seattle Seahawks,ALBOOGIE78,Daniel Jones,Indianapolis Colts,0,,,Tennessee Titans,0,0,Pre-ETR,67.png
65,5,5,Amon-Ra St. Brown,WR,Detroit Lions,TOPES1,Patrick Mahomes,Kansas City Chiefs,0,,,New York Giants,0,0,Pre-ETR,67.png
65,6,6,Trey McBride,TE,Arizona Cardinals,KRUTCHES93,Jaxson Dart,New York Giants,0,,,Jacksonville Jaguars,1,1,Pre-ETR,67.png
65,7,7,Saquon Barkley,RB,Philadelphia Eagles,EZ116,Lamar Jackson,Baltimore Ravens,0,,,Dallas Cowboys,0,0,Pre-ETR,67.png
65,8,8,Derrick Henry,RB,Baltimore Ravens,D4VE,Jalen Hurts,Philadelphia Eagles,0,,,New York Jets,0,0,Pre-ETR,67.png
65,9,9,CeeDee Lamb,WR,Dallas Cowboys,JASTA29,Drake Maye,New England Patriots,0,,,Philadelphia Eagles,0,0,Pre-ETR,67.png
65,10,10,TreVeyon Henderson,RB,New England Patriots,OMEGAKING,Jared Goff,Detroit Lions,0,,,Cincinnati Bengals,0,0,Pre-ETR,67.png
65,11,11,Rashee Rice,WR,Kansas City Chiefs,GOAZCARDS,Caleb Williams,Chicago Bears,0,,,Indianapolis Colts,0,0,Pre-ETR,67.png
65,12,12,Travis Etienne Jr.,RB,Jacksonville Jaguars,IMAGIKARP,Jacoby Brissett,Arizona Cardinals,0,,,Arizona Cardinals,2,1,Pre-ETR,67.png
65,12,13,Brock Bowers,TE,Las Vegas Raiders,IMAGIKARP,Jacoby Brissett,Arizona Cardinals,0,,,Cleveland Browns,0,0,Pre-ETR,67.png
65,11,14,Tee Higgins,WR,Cincinnati Bengals,GOAZCARDS,Caleb Williams,Chicago Bears,0,,,New England Patriots,0,0,Pre-ETR,67.png
65,10,15,Jameson Williams,WR,Detroit Lions,OMEGAKING,Jared Goff,Detroit Lions,1,,,New York Giants,0,0,Pre-ETR,67.png
65,9,16,Drake Maye,QB,New England Patriots,JASTA29,Drake Maye,New England Patriots,1,0,0,Cincinnati Bengals,0,0,Pre-ETR,67.png
65,8,17,Jalen Hurts,QB,Philadelphia Eagles,D4VE,Jalen Hurts,Philadelphia Eagles,1,0,0,Dallas Cowboys,0,0,Pre-ETR,67.png
65,7,18,Lamar Jackson,QB,Baltimore Ravens,EZ116,Lamar Jackson,Baltimore Ravens,1,2,1,New York Jets,0,0,Pre-ETR,67.png
65,6,19,Chase Brown,RB,Cincinnati Bengals,KRUTCHES93,Jaxson Dart,New York Giants,0,,,New England Patriots,0,0,Pre-ETR,67.png
65,5,20,Patrick Mahomes,QB,Kansas City Chiefs,TOPES1,Patrick Mahomes,Kansas City Chiefs,1,1,1,Indianapolis Colts,0,0,Pre-ETR,67.png
65,4,21,George Pickens,WR,Dallas Cowboys,ALBOOGIE78,Daniel Jones,Indianapolis Colts,0,,,Philadelphia Eagles,0,0,Pre-ETR,67.png
65,3,22,Javonte Williams,RB,Dallas Cowboys,STEADY314,Kirk Cousins,Atlanta Falcons,0,,,Philadelphia Eagles,0,0,Pre-ETR,67.png
65,2,23,A.J. Brown,WR,Philadelphia Eagles,BUSTERSBOYS,Tyler Shough,New Orleans Saints,0,,,Dallas Cowboys,0,0,Pre-ETR,67.png
65,1,24,Justin Jefferson,WR,Minnesota Vikings,TUBINIS2121,Dak Prescott,Dallas Cowboys,0,,,Green Bay Packers,0,0,Pre-ETR,67.png
65,1,25,DeVonta Smith,WR,Philadelphia Eagles,TUBINIS2121,Dak Prescott,Dallas Cowboys,0,,,Dallas Cowboys,2,1,Pre-ETR,67.png
65,2,26,Chris Olave,WR,New Orleans Saints,BUSTERSBOYS,Tyler Shough,New Orleans Saints,1,,,Atlanta Falcons,0,0,Pre-ETR,67.png
65,3,27,Stefon Diggs,WR,New England Patriots,STEADY314,Kirk Cousins,Atlanta Falcons,0,,,Cincinnati Bengals,0,0,Pre-ETR,67.png
65,4,28,Kenneth Walker III,RB,Seattle Seahawks,ALBOOGIE78,Daniel Jones,Indianapolis Colts,0,,,Tennessee Titans,0,0,Pre-ETR,67.png
65,5,29,Travis Kelce,TE,Kansas City Chiefs,TOPES1,Patrick Mahomes,Kansas City Chiefs,1,,,Indianapolis Colts,0,0,Pre-ETR,67.png
65,6,30,Quinshon Judkins,RB,Cleveland Browns,KRUTCHES93,Jaxson Dart,New York Giants,0,,,Las Vegas Raiders,0,0,Pre-ETR,67.png
65,7,31,Zay Flowers,WR,Baltimore Ravens,EZ116,Lamar Jackson,Baltimore Ravens,1,,,New York Jets,0,0,Pre-ETR,67.png
65,8,32,Tyler Warren,TE,Indianapolis Colts,D4VE,Jalen Hurts,Philadelphia Eagles,0,,,Kansas City Chiefs,1,1,Pre-ETR,67.png
65,9,33,Rome Odunze,WR,Chicago Bears,JASTA29,Drake Maye,New England Patriots,0,,,Pittsburgh Steelers,1,1,Pre-ETR,67.png
65,10,34,Jared Goff,QB,Detroit Lions,OMEGAKING,Jared Goff,Detroit Lions,1,1,1,New York Giants,0,0,Pre-ETR,67.png
65,11,35,Breece Hall,RB,New York Jets,GOAZCARDS,Caleb Williams,Chicago Bears,0,,,Baltimore Ravens,0,0,Pre-ETR,67.png
65,12,36,Jaylen Warren,RB,Pittsburgh Steelers,IMAGIKARP,Jacoby Brissett,Arizona Cardinals,0,,,Chicago Bears,0,0,Pre-ETR,67.png
65,12,37,Michael Wilson,WR,Arizona Cardinals,IMAGIKARP,Jacoby Brissett,Arizona Cardinals,1,,,Jacksonville Jaguars,1,1,Pre-ETR,67.png
65,11,38,Ashton Jeanty,RB,Las Vegas Raiders,GOAZCARDS,Caleb Williams,Chicago Bears,0,,,Cleveland Browns,0,0,Pre-ETR,67.png
65,10,39,Dallas Goedert,TE,Philadelphia Eagles,OMEGAKING,Jared Goff,Detroit Lions,0,,,Dallas Cowboys,0,0,Pre-ETR,67.png
65,9,40,Josh Jacobs,RB,Green Bay Packers,JASTA29,Drake Maye,New England Patriots,0,,,Minnesota Vikings,0,0,Pre-ETR,67.png
65,8,41,Aaron Jones,RB,Minnesota Vikings,D4VE,Jalen Hurts,Philadelphia Eagles,0,,,Green Bay Packers,1,1,Pre-ETR,67.png
65,7,42,DK Metcalf,WR,Pittsburgh Steelers,EZ116,Lamar Jackson,Baltimore Ravens,0,,,Chicago Bears,0,0,Pre-ETR,67.png
65,6,43,Jaxson Dart,QB,New York Giants,KRUTCHES93,Jaxson Dart,New York Giants,1,1,1,Detroit Lions,0,0,Pre-ETR,67.png
65,5,44,David Montgomery,RB,Detroit Lions,TOPES1,Patrick Mahomes,Kansas City Chiefs,0,,,New York Giants,0,0,Pre-ETR,67.png
65,4,45,D'Andre Swift,RB,Chicago Bears,ALBOOGIE78,Daniel Jones,Indianapolis Colts,0,,,Pittsburgh Steelers,0,0,Pre-ETR,67.png
65,3,46,Kyle Pitts,TE,Atlanta Falcons,STEADY314,Kirk Cousins,Atlanta Falcons,1,,,New Orleans Saints,0,0,Pre-ETR,67.png
65,2,47,Hunter Henry,TE,New England Patriots,BUSTERSBOYS,Tyler Shough,New Orleans Saints,0,,,Cincinnati Bengals,0,0,Pre-ETR,67.png
65,1,48,Dak Prescott,QB,Dallas Cowboys,TUBINIS2121,Dak Prescott,Dallas Cowboys,1,1,1,Philadelphia Eagles,1,1,Pre-ETR,67.png
65,1,49,Jake Ferguson,TE,Dallas Cowboys,TUBINIS2121,Dak Prescott,Dallas Cowboys,1,,,Philadelphia Eagles,1,1,Pre-ETR,67.png
65,2,50,Emanuel Wilson,RB,Green Bay Packers,BUSTERSBOYS,Tyler Shough,New Orleans Saints,0,,,Minnesota Vikings,0,0,Pre-ETR,67.png
65,3,51,Kirk Cousins,QB,Atlanta Falcons,STEADY314,Kirk Cousins,Atlanta Falcons,1,2,1,New Orleans Saints,0,0,Pre-ETR,67.png
65,4,52,Juwan Johnson,TE,New Orleans Saints,ALBOOGIE78,Daniel Jones,Indianapolis Colts,0,,,Atlanta Falcons,0,0,Pre-ETR,67.png
65,5,53,Alvin Kamara,RB,New Orleans Saints,TOPES1,Patrick Mahomes,Kansas City Chiefs,0,,,Atlanta Falcons,0,0,Pre-ETR,67.png
65,6,54,Wan'Dale Robinson,WR,New York Giants,KRUTCHES93,Jaxson Dart,New York Giants,1,,,Detroit Lions,0,0,Pre-ETR,67.png
65,7,55,Michael Pittman Jr.,WR,Indianapolis Colts,EZ116,Lamar Jackson,Baltimore Ravens,0,,,Kansas City Chiefs,0,0,Pre-ETR,67.png
65,8,56,Xavier Worthy,WR,Kansas City Chiefs,D4VE,Jalen Hurts,Philadelphia Eagles,0,,,Indianapolis Colts,1,1,Pre-ETR,67.png
65,9,57,Kenneth Gainwell,RB,Pittsburgh Steelers,JASTA29,Drake Maye,New England Patriots,0,,,Chicago Bears,1,1,Pre-ETR,67.png
65,10,58,Rashid Shaheed,WR,Seattle Seahawks,OMEGAKING,Jared Goff,Detroit Lions,0,,,Tennessee Titans,0,0,Pre-ETR,67.png
65,11,59,Caleb Williams,QB,Chicago Bears,GOAZCARDS,Caleb Williams,Chicago Bears,1,1,1,Pittsburgh Steelers,0,0,Pre-ETR,67.png
65,12,60,Jacoby Brissett,QB,Arizona Cardinals,IMAGIKARP,Jacoby Brissett,Arizona Cardinals,1,1,1,Jacksonville Jaguars,1,1,Pre-ETR,67.png
65,12,61,Darnell Mooney,WR,Atlanta Falcons,IMAGIKARP,Jacoby Brissett,Arizona Cardinals,0,,,New Orleans Saints,0,0,Pre-ETR,67.png
65,11,62,Colston Loveland,TE,Chicago Bears,GOAZCARDS,Caleb Williams,Chicago Bears,1,,,Pittsburgh Steelers,0,0,Pre-ETR,67.png
65,10,63,Alec Pierce,WR,Indianapolis Colts,OMEGAKING,Jared Goff,Detroit Lions,0,,,Kansas City Chiefs,0,0,Pre-ETR,67.png
65,9,64,Theo Johnson,TE,New York Giants,JASTA29,Drake Maye,New England Patriots,0,,,Detroit Lions,0,0,Pre-ETR,67.png
65,8,65,Romeo Doubs,WR,Green Bay Packers,D4VE,Jalen Hurts,Philadelphia Eagles,0,,,Minnesota Vikings,1,1,Pre-ETR,67.png
65,7,66,Mark Andrews,TE,Baltimore Ravens,EZ116,Lamar Jackson,Baltimore Ravens,1,,,New York Jets,0,0,Pre-ETR,67.png
65,6,67,Parker Washington,WR,Jacksonville Jaguars,KRUTCHES93,Jaxson Dart,New York Giants,0,,,Arizona Cardinals,1,1,Pre-ETR,67.png
65,5,68,Christian Watson,WR,Green Bay Packers,TOPES1,Patrick Mahomes,Kansas City Chiefs,0,,,Minnesota Vikings,0,0,Pre-ETR,67.png
65,4,69,Daniel Jones,QB,Indianapolis Colts,ALBOOGIE78,Daniel Jones,Indianapolis Colts,1,0,0,Kansas City Chiefs,0,0,Pre-ETR,67.png
65,3,70,Jakobi Meyers,WR,Jacksonville Jaguars,STEADY314,Kirk Cousins,Atlanta Falcons,0,,,Arizona Cardinals,0,0,Pre-ETR,67.png
65,2,71,Tyler Shough,QB,New Orleans Saints,BUSTERSBOYS,Tyler Shough,New Orleans Saints,1,1,1,Atlanta Falcons,0,0,Pre-ETR,67.png
65,1,72,Marvin Harrison,WR,Arizona Cardinals,TUBINIS2121,Dak Prescott,Dallas Cowboys,0,,,Jacksonville Jaguars,0,0,Pre-ETR,67.png
66,1,1,Jonathan Taylor,RB,Indianapolis Colts,KURUC711,Sam Darnold,Seattle Seahawks,0,,,Kansas City Chiefs,0,0,Pre-ETR,68.png
66,2,2,Bijan Robinson,RB,Atlanta Falcons,DREAMINGOFS,Jacoby Brissett,Arizona Cardinals,0,,,New Orleans Saints,0,0,Pre-ETR,68.png
66,3,3,Jahmyr Gibbs,RB,Detroit Lions,EZ116,Jordan Love,Green Bay Packers,0,,,New York Giants,0,0,Pre-ETR,68.png
66,4,4,Amon-Ra St. Brown,WR,Detroit Lions,ALBOOGIE78,Jared Goff,Detroit Lions,1,,,New York Giants,0,0,Pre-ETR,68.png
66,5,5,Jaxon Smith-Njigba,WR,Seattle Seahawks,D4VE,Jaxson Dart,New York Giants,0,,,Tennessee Titans,0,0,Pre-ETR,68.png
66,6,6,Trey McBride,TE,Arizona Cardinals,IMAGIKARP,Dak Prescott,Dallas Cowboys,0,,,Jacksonville Jaguars,0,0,Pre-ETR,68.png
66,7,7,Derrick Henry,RB,Baltimore Ravens,BHOKEVIN,Drake Maye,New England Patriots,0,,,New York Jets,1,1,Pre-ETR,68.png
66,8,8,Saquon Barkley,RB,Philadelphia Eagles,LEE121503,Lamar Jackson,Baltimore Ravens,0,,,Dallas Cowboys,0,0,Pre-ETR,68.png
66,9,9,Rashee Rice,WR,Kansas City Chiefs,KRUTCHES93,Patrick Mahomes,Kansas City Chiefs,1,,,Indianapolis Colts,0,0,Pre-ETR,68.png
66,10,10,CeeDee Lamb,WR,Dallas Cowboys,TIBBZY,Jalen Hurts,Philadelphia Eagles,0,,,Philadelphia Eagles,2,1,Pre-ETR,68.png
66,11,11,TreVeyon Henderson,RB,New England Patriots,GOAZCARDS,Caleb Williams,Chicago Bears,0,,,Cincinnati Bengals,1,1,Pre-ETR,68.png
66,12,12,Brock Bowers,TE,Las Vegas Raiders,CGEEEEEE,Daniel Jones,Indianapolis Colts,0,,,Cleveland Browns,0,0,Pre-ETR,68.png
66,12,13,Javonte Williams,RB,Dallas Cowboys,CGEEEEEE,Daniel Jones,Indianapolis Colts,0,,,Philadelphia Eagles,0,0,Pre-ETR,68.png
66,11,14,Tee Higgins,WR,Cincinnati Bengals,GOAZCARDS,Caleb Williams,Chicago Bears,0,,,New England Patriots,1,1,Pre-ETR,68.png
66,10,15,Jalen Hurts,QB,Philadelphia Eagles,TIBBZY,Jalen Hurts,Philadelphia Eagles,1,1,1,Dallas Cowboys,1,1,Pre-ETR,68.png
66,9,16,Travis Etienne Jr.,RB,Jacksonville Jaguars,KRUTCHES93,Patrick Mahomes,Kansas City Chiefs,0,,,Arizona Cardinals,0,0,Pre-ETR,68.png
66,8,17,Lamar Jackson,QB,Baltimore Ravens,LEE121503,Lamar Jackson,Baltimore Ravens,1,0,0,New York Jets,0,0,Pre-ETR,68.png
66,7,18,Drake Maye,QB,New England Patriots,BHOKEVIN,Drake Maye,New England Patriots,1,1,1,Cincinnati Bengals,0,0,Pre-ETR,68.png
66,6,19,George Pickens,WR,Dallas Cowboys,IMAGIKARP,Dak Prescott,Dallas Cowboys,1,,,Philadelphia Eagles,0,0,Pre-ETR,68.png
66,5,20,Chris Olave,WR,New Orleans Saints,D4VE,Jaxson Dart,New York Giants,0,,,Atlanta Falcons,0,0,Pre-ETR,68.png
66,4,21,Jameson Williams,WR,Detroit Lions,ALBOOGIE78,Jared Goff,Detroit Lions,1,,,New York Giants,0,0,Pre-ETR,68.png
66,3,22,A.J. Brown,WR,Philadelphia Eagles,EZ116,Jordan Love,Green Bay Packers,0,,,Dallas Cowboys,0,0,Pre-ETR,68.png
66,2,23,Justin Jefferson,WR,Minnesota Vikings,DREAMINGOFS,Jacoby Brissett,Arizona Cardinals,0,,,Green Bay Packers,0,0,Pre-ETR,68.png
66,1,24,Chase Brown,RB,Cincinnati Bengals,KURUC711,Sam Darnold,Seattle Seahawks,0,,,New England Patriots,1,1,Pre-ETR,68.png
66,1,25,Stefon Diggs,WR,New England Patriots,KURUC711,Sam Darnold,Seattle Seahawks,0,,,Cincinnati Bengals,1,1,Pre-ETR,68.png
66,2,26,Quinshon Judkins,RB,Cleveland Browns,DREAMINGOFS,Jacoby Brissett,Arizona Cardinals,0,,,Las Vegas Raiders,0,0,Pre-ETR,68.png
66,3,27,Tyler Warren,TE,Indianapolis Colts,EZ116,Jordan Love,Green Bay Packers,0,,,Kansas City Chiefs,1,1,Pre-ETR,68.png
66,4,28,Kenneth Walker III,RB,Seattle Seahawks,ALBOOGIE78,Jared Goff,Detroit Lions,0,,,Tennessee Titans,0,0,Pre-ETR,68.png
66,5,29,DeVonta Smith,WR,Philadelphia Eagles,D4VE,Jaxson Dart,New York Giants,0,,,Dallas Cowboys,0,0,Pre-ETR,68.png
66,6,30,Jaylen Warren,RB,Pittsburgh Steelers,IMAGIKARP,Dak Prescott,Dallas Cowboys,0,,,Chicago Bears,0,0,Pre-ETR,68.png
66,7,31,Zay Flowers,WR,Baltimore Ravens,BHOKEVIN,Drake Maye,New England Patriots,0,,,New York Jets,1,1,Pre-ETR,68.png
66,8,32,Travis Kelce,TE,Kansas City Chiefs,LEE121503,Lamar Jackson,Baltimore Ravens,0,,,Indianapolis Colts,1,1,Pre-ETR,68.png
66,9,33,Patrick Mahomes,QB,Kansas City Chiefs,KRUTCHES93,Patrick Mahomes,Kansas City Chiefs,1,1,1,Indianapolis Colts,0,0,Pre-ETR,68.png
66,10,34,Dallas Goedert,TE,Philadelphia Eagles,TIBBZY,Jalen Hurts,Philadelphia Eagles,1,,,Dallas Cowboys,1,1,Pre-ETR,68.png
66,11,35,Breece Hall,RB,New York Jets,GOAZCARDS,Caleb Williams,Chicago Bears,0,,,Baltimore Ravens,0,0,Pre-ETR,68.png
66,12,36,Aaron Jones,RB,Minnesota Vikings,CGEEEEEE,Daniel Jones,Indianapolis Colts,0,,,Green Bay Packers,0,0,Pre-ETR,68.png
66,12,37,DK Metcalf,WR,Pittsburgh Steelers,CGEEEEEE,Daniel Jones,Indianapolis Colts,0,,,Chicago Bears,0,0,Pre-ETR,68.png
66,11,38,Rome Odunze,WR,Chicago Bears,GOAZCARDS,Caleb Williams,Chicago Bears,1,,,Pittsburgh Steelers,0,0,Pre-ETR,68.png
66,10,39,Emanuel Wilson,RB,Green Bay Packers,TIBBZY,Jalen Hurts,Philadelphia Eagles,0,,,Minnesota Vikings,0,0,Pre-ETR,68.png
66,9,40,Ashton Jeanty,RB,Las Vegas Raiders,KRUTCHES93,Patrick Mahomes,Kansas City Chiefs,0,,,Cleveland Browns,0,0,Pre-ETR,68.png
66,8,41,D'Andre Swift,RB,Chicago Bears,LEE121503,Lamar Jackson,Baltimore Ravens,0,,,Pittsburgh Steelers,0,0,Pre-ETR,68.png
66,7,42,Hunter Henry,TE,New England Patriots,BHOKEVIN,Drake Maye,New England Patriots,1,,,Cincinnati Bengals,0,0,Pre-ETR,68.png
66,6,43,Dak Prescott,QB,Dallas Cowboys,IMAGIKARP,Dak Prescott,Dallas Cowboys,1,1,1,Philadelphia Eagles,0,0,Pre-ETR,68.png
66,5,44,Jaxson Dart,QB,New York Giants,D4VE,Jaxson Dart,New York Giants,1,1,1,Detroit Lions,1,1,Pre-ETR,68.png
66,4,45,Jared Goff,QB,Detroit Lions,ALBOOGIE78,Jared Goff,Detroit Lions,1,2,1,New York Giants,0,0,Pre-ETR,68.png
66,3,46,Michael Pittman Jr.,WR,Indianapolis Colts,EZ116,Jordan Love,Green Bay Packers,0,,,Kansas City Chiefs,1,1,Pre-ETR,68.png
66,2,47,Michael Wilson,WR,Arizona Cardinals,DREAMINGOFS,Jacoby Brissett,Arizona Cardinals,1,,,Jacksonville Jaguars,0,0,Pre-ETR,68.png
66,1,48,Wan'Dale Robinson,WR,New York Giants,KURUC711,Sam Darnold,Seattle Seahawks,0,,,Detroit Lions,0,0,Pre-ETR,68.png
66,1,49,Kyle Pitts,TE,Atlanta Falcons,KURUC711,Sam Darnold,Seattle Seahawks,0,,,New Orleans Saints,0,0,Pre-ETR,68.png
66,2,50,Jake Ferguson,TE,Dallas Cowboys,DREAMINGOFS,Jacoby Brissett,Arizona Cardinals,0,,,Philadelphia Eagles,0,0,Pre-ETR,68.png
66,3,51,Xavier Worthy,WR,Kansas City Chiefs,EZ116,Jordan Love,Green Bay Packers,0,,,Indianapolis Colts,2,1,Pre-ETR,68.png
66,4,52,Kenneth Gainwell,RB,Pittsburgh Steelers,ALBOOGIE78,Jared Goff,Detroit Lions,0,,,Chicago Bears,0,0,Pre-ETR,68.png
66,5,53,David Montgomery,RB,Detroit Lions,D4VE,Jaxson Dart,New York Giants,0,,,New York Giants,2,1,Pre-ETR,68.png
66,6,54,Emanuel Wilson,RB,Green Bay Packers,IMAGIKARP,Dak Prescott,Dallas Cowboys,0,,,Minnesota Vikings,1,1,Pre-ETR,68.png
66,7,55,Alvin Kamara,RB,New Orleans Saints,BHOKEVIN,Drake Maye,New England Patriots,0,,,Atlanta Falcons,0,0,Pre-ETR,68.png
66,8,56,Alec Pierce,WR,Indianapolis Colts,LEE121503,Lamar Jackson,Baltimore Ravens,0,,,Kansas City Chiefs,1,1,Pre-ETR,68.png
66,9,57,Mark Andrews,TE,Baltimore Ravens,KRUTCHES93,Patrick Mahomes,Kansas City Chiefs,0,,,New York Jets,0,0,Pre-ETR,68.png
66,10,58,Jakobi Meyers,WR,Jacksonville Jaguars,TIBBZY,Jalen Hurts,Philadelphia Eagles,0,,,Arizona Cardinals,0,0,Pre-ETR,68.png
66,11,59,Caleb Williams,QB,Chicago Bears,GOAZCARDS,Caleb Williams,Chicago Bears,1,2,1,Pittsburgh Steelers,0,0,Pre-ETR,68.png
66,12,60,Daniel Jones,QB,Indianapolis Colts,CGEEEEEE,Daniel Jones,Indianapolis Colts,1,0,0,Kansas City Chiefs,0,0,Pre-ETR,68.png
66,12,61,Kayshon Boutte,WR,New England Patriots,CGEEEEEE,Daniel Jones,Indianapolis Colts,0,,,Cincinnati Bengals,0,0,Pre-ETR,68.png
66,11,62,Colston Loveland,TE,Chicago Bears,GOAZCARDS,Caleb Williams,Chicago Bears,1,,,Pittsburgh Steelers,0,0,Pre-ETR,68.png
66,10,63,Elijah Mitchell,RB,Kansas City Chiefs,TIBBZY,Jalen Hurts,Philadelphia Eagles,0,,,Indianapolis Colts,0,0,Pre-ETR,68.png
66,9,64,Romeo Doubs,WR,Green Bay Packers,KRUTCHES93,Patrick Mahomes,Kansas City Chiefs,0,,,Minnesota Vikings,0,0,Pre-ETR,68.png
66,8,65,Darnell Mooney,WR,Atlanta Falcons,LEE121503,Lamar Jackson,Baltimore Ravens,0,,,New Orleans Saints,0,0,Pre-ETR,68.png
66,7,66,Isaiah Williams,WR,New York Jets,BHOKEVIN,Drake Maye,New England Patriots,0,,,Baltimore Ravens,2,1,Pre-ETR,68.png
66,6,67,Jordan Addison,WR,Minnesota Vikings,IMAGIKARP,Dak Prescott,Dallas Cowboys,0,,,Green Bay Packers,1,1,Pre-ETR,68.png
66,5,68,Theo Johnson,TE,New York Giants,D4VE,Jaxson Dart,New York Giants,1,,,Detroit Lions,1,1,Pre-ETR,68.png
66,4,69,Juwan Johnson,TE,New Orleans Saints,ALBOOGIE78,Jared Goff,Detroit Lions,0,,,Atlanta Falcons,0,0,Pre-ETR,68.png
66,3,70,Jordan Love,QB,Green Bay Packers,EZ116,Jordan Love,Green Bay Packers,1,0,0,Minnesota Vikings,0,0,Pre-ETR,68.png
66,2,71,Jacoby Brissett,QB,Arizona Cardinals,DREAMINGOFS,Jacoby Brissett,Arizona Cardinals,1,1,1,Jacksonville Jaguars,0,0,Pre-ETR,68.png
66,1,72,Sam Darnold,QB,Seattle Seahawks,KURUC711,Sam Darnold,Seattle Seahawks,1,0,0,Tennessee Titans,0,0,Pre-ETR,68.png
67,1,1,Bijan Robinson,RB,Atlanta Falcons,JKAP18,Caleb Williams,Chicago Bears,0,,,New Orleans Saints,1,1,Pre-ETR,69.png
67,2,2,Jonathan Taylor,RB,Indianapolis Colts,EZ116,Dak Prescott,Dallas Cowboys,0,,,Kansas City Chiefs,0,0,Pre-ETR,69.png
67,3,3,Jahmyr Gibbs,RB,Detroit Lions,D4VE,Lamar Jackson,Baltimore Ravens,0,,,New York Giants,0,0,Pre-ETR,69.png
67,4,4,Jaxon Smith-Njigba,WR,Seattle Seahawks,IMAGIKARP,Drake Maye,New England Patriots,0,,,Tennessee Titans,0,0,Pre-ETR,69.png
67,5,5,Trey McBride,TE,Arizona Cardinals,FFLINX,Sam Darnold,Seattle Seahawks,0,,,Jacksonville Jaguars,0,0,Pre-ETR,69.png
67,6,6,Saquon Barkley,RB,Philadelphia Eagles,AD5,Patrick Mahomes,Kansas City Chiefs,0,,,Dallas Cowboys,0,0,Pre-ETR,69.png
67,7,7,Amon-Ra St. Brown,WR,Detroit Lions,ASAPTUNA,Jared Goff,Detroit Lions,1,,,New York Giants,1,1,Pre-ETR,69.png
67,8,8,Derrick Henry,RB,Baltimore Ravens,RAZOR33,Daniel Jones,Indianapolis Colts,0,,,New York Jets,0,0,Pre-ETR,69.png
67,9,9,TreVeyon Henderson,RB,New England Patriots,MATHOLOGY,Jalen Hurts,Philadelphia Eagles,0,,,Cincinnati Bengals,0,0,Pre-ETR,69.png
67,10,10,Rashee Rice,WR,Kansas City Chiefs,KURUC711,Jacoby Brissett,Arizona Cardinals,0,,,Indianapolis Colts,0,0,Pre-ETR,69.png
67,11,11,CeeDee Lamb,WR,Dallas Cowboys,LEE121503,Jaxson Dart,New York Giants,0,,,Philadelphia Eagles,0,0,Pre-ETR,69.png
67,12,12,Tee Higgins,WR,Cincinnati Bengals,KRUTCHES93,Trevor Lawrence,Jacksonville Jaguars,0,,,New England Patriots,0,0,Pre-ETR,69.png
67,12,13,Chase Brown,RB,Cincinnati Bengals,KRUTCHES93,Trevor Lawrence,Jacksonville Jaguars,0,,,New England Patriots,0,0,Pre-ETR,69.png
67,11,14,Brock Bowers,TE,Las Vegas Raiders,LEE121503,Jaxson Dart,New York Giants,0,,,Cleveland Browns,0,0,Pre-ETR,69.png
67,10,15,Travis Etienne Jr.,RB,Jacksonville Jaguars,KURUC711,Jacoby Brissett,Arizona Cardinals,0,,,Arizona Cardinals,1,1,Pre-ETR,69.png
67,9,16,Jalen Hurts,QB,Philadelphia Eagles,MATHOLOGY,Jalen Hurts,Philadelphia Eagles,1,0,0,Dallas Cowboys,0,0,Pre-ETR,69.png
67,8,17,Justin Jefferson,WR,Minnesota Vikings,RAZOR33,Daniel Jones,Indianapolis Colts,0,,,Green Bay Packers,0,0,Pre-ETR,69.png
67,7,18,Javonte Williams,RB,Dallas Cowboys,ASAPTUNA,Jared Goff,Detroit Lions,0,,,Philadelphia Eagles,0,0,Pre-ETR,69.png
67,6,19,A.J. Brown,WR,Philadelphia Eagles,AD5,Patrick Mahomes,Kansas City Chiefs,0,,,Dallas Cowboys,0,0,Pre-ETR,69.png
67,5,20,Jameson Williams,WR,Detroit Lions,FFLINX,Sam Darnold,Seattle Seahawks,0,,,New York Giants,0,0,Pre-ETR,69.png
67,4,21,Drake Maye,QB,New England Patriots,IMAGIKARP,Drake Maye,New England Patriots,1,0,0,Cincinnati Bengals,0,0,Pre-ETR,69.png
67,3,22,Lamar Jackson,QB,Baltimore Ravens,D4VE,Lamar Jackson,Baltimore Ravens,1,1,1,New York Jets,0,0,Pre-ETR,69.png
67,2,23,George Pickens,WR,Dallas Cowboys,EZ116,Dak Prescott,Dallas Cowboys,1,,,Philadelphia Eagles,1,1,Pre-ETR,69.png
67,1,24,Chris Olave,WR,New Orleans Saints,JKAP18,Caleb Williams,Chicago Bears,0,,,Atlanta Falcons,1,1,Pre-ETR,69.png
67,1,25,Tyler Warren,TE,Indianapolis Colts,JKAP18,Caleb Williams,Chicago Bears,0,,,Kansas City Chiefs,1,1,Pre-ETR,69.png
67,2,26,DeVonta Smith,WR,Philadelphia Eagles,EZ116,Dak Prescott,Dallas Cowboys,0,,,Dallas Cowboys,3,1,Pre-ETR,69.png
67,3,27,Zay Flowers,WR,Baltimore Ravens,D4VE,Lamar Jackson,Baltimore Ravens,1,,,New York Jets,0,0,Pre-ETR,69.png
67,4,28,Quinshon Judkins,RB,Cleveland Browns,IMAGIKARP,Drake Maye,New England Patriots,0,,,Las Vegas Raiders,0,0,Pre-ETR,69.png
67,5,29,Kenneth Walker III,RB,Seattle Seahawks,FFLINX,Sam Darnold,Seattle Seahawks,1,,,Tennessee Titans,0,0,Pre-ETR,69.png
67,6,30,Patrick Mahomes,QB,Kansas City Chiefs,AD5,Patrick Mahomes,Kansas City Chiefs,1,0,0,Indianapolis Colts,0,0,Pre-ETR,69.png
67,7,31,Stefon Diggs,WR,New England Patriots,ASAPTUNA,Jared Goff,Detroit Lions,0,,,Cincinnati Bengals,0,0,Pre-ETR,69.png
67,8,32,Ashton Jeanty,RB,Las Vegas Raiders,RAZOR33,Daniel Jones,Indianapolis Colts,0,,,Cleveland Browns,0,0,Pre-ETR,69.png
67,9,33,Travis Kelce,TE,Kansas City Chiefs,MATHOLOGY,Jalen Hurts,Philadelphia Eagles,0,,,Indianapolis Colts,1,1,Pre-ETR,69.png
67,10,34,Breece Hall,RB,New York Jets,KURUC711,Jacoby Brissett,Arizona Cardinals,0,,,Baltimore Ravens,0,0,Pre-ETR,69.png
67,11,35,Aaron Jones,RB,Minnesota Vikings,LEE121503,Jaxson Dart,New York Giants,0,,,Green Bay Packers,0,0,Pre-ETR,69.png
67,12,36,D'Andre Swift,RB,Chicago Bears,KRUTCHES93,Trevor Lawrence,Jacksonville Jaguars,0,,,Pittsburgh Steelers,0,0,Pre-ETR,69.png
67,12,37,Kyle Pitts,TE,Atlanta Falcons,KRUTCHES93,Trevor Lawrence,Jacksonville Jaguars,0,,,New Orleans Saints,0,0,Pre-ETR,69.png
67,11,38,Jaxson Dart,QB,New York Giants,LEE121503,Jaxson Dart,New York Giants,1,1,1,Detroit Lions,0,0,Pre-ETR,69.png
67,10,39,Rome Odunze,WR,Chicago Bears,KURUC711,Jacoby Brissett,Arizona Cardinals,0,,,Pittsburgh Steelers,0,0,Pre-ETR,69.png
67,9,40,Emanuel Wilson,RB,Green Bay Packers,MATHOLOGY,Jalen Hurts,Philadelphia Eagles,0,,,Minnesota Vikings,0,0,Pre-ETR,69.png
67,8,41,Dallas Goedert,TE,Philadelphia Eagles,RAZOR33,Daniel Jones,Indianapolis Colts,0,,,Dallas Cowboys,0,0,Pre-ETR,69.png
67,7,42,Jared Goff,QB,Detroit Lions,ASAPTUNA,Jared Goff,Detroit Lions,1,2,1,New York Giants,1,1,Pre-ETR,69.png
67,6,43,Jaylen Warren,RB,Pittsburgh Steelers,AD5,Patrick Mahomes,Kansas City Chiefs,0,,,Chicago Bears,0,0,Pre-ETR,69.png
67,5,44,Michael Wilson,WR,Arizona Cardinals,FFLINX,Sam Darnold,Seattle Seahawks,0,,,Jacksonville Jaguars,0,0,Pre-ETR,69.png
67,4,45,DK Metcalf,WR,Pittsburgh Steelers,IMAGIKARP,Drake Maye,New England Patriots,0,,,Chicago Bears,1,1,Pre-ETR,69.png
67,3,46,Hunter Henry,TE,New England Patriots,D4VE,Lamar Jackson,Baltimore Ravens,0,,,Cincinnati Bengals,0,0,Pre-ETR,69.png
67,2,47,Dak Prescott,QB,Dallas Cowboys,EZ116,Dak Prescott,Dallas Cowboys,1,2,1,Philadelphia Eagles,1,1,Pre-ETR,69.png
67,1,48,Xavier Worthy,WR,Kansas City Chiefs,JKAP18,Caleb Williams,Chicago Bears,0,,,Indianapolis Colts,1,1,Pre-ETR,69.png
67,1,49,Caleb Williams,QB,Chicago Bears,JKAP18,Caleb Williams,Chicago Bears,1,0,0,Pittsburgh Steelers,1,1,Pre-ETR,69.png
67,2,50,Jake Ferguson,TE,Dallas Cowboys,EZ116,Dak Prescott,Dallas Cowboys,1,,,Philadelphia Eagles,1,1,Pre-ETR,69.png
67,3,51,Alvin Kamara,RB,New Orleans Saints,D4VE,Lamar Jackson,Baltimore Ravens,0,,,Atlanta Falcons,0,0,Pre-ETR,69.png
67,4,52,Emanuel Wilson,RB,Green Bay Packers,IMAGIKARP,Drake Maye,New England Patriots,0,,,Minnesota Vikings,0,0,Pre-ETR,69.png
67,5,53,Michael Pittman Jr.,WR,Indianapolis Colts,FFLINX,Sam Darnold,Seattle Seahawks,0,,,Kansas City Chiefs,0,0,Pre-ETR,69.png
67,6,54,Darnell Mooney,WR,Atlanta Falcons,AD5,Patrick Mahomes,Kansas City Chiefs,0,,,New Orleans Saints,0,0,Pre-ETR,69.png
67,7,55,David Montgomery,RB,Detroit Lions,ASAPTUNA,Jared Goff,Detroit Lions,1,,,New York Giants,1,1,Pre-ETR,69.png
67,8,56,Daniel Jones,QB,Indianapolis Colts,RAZOR33,Daniel Jones,Indianapolis Colts,1,0,0,Kansas City Chiefs,0,0,Pre-ETR,69.png
67,9,57,Alec Pierce,WR,Indianapolis Colts,MATHOLOGY,Jalen Hurts,Philadelphia Eagles,0,,,Kansas City Chiefs,1,1,Pre-ETR,69.png
67,10,58,Jacoby Brissett,QB,Arizona Cardinals,KURUC711,Jacoby Brissett,Arizona Cardinals,1,0,0,Jacksonville Jaguars,1,1,Pre-ETR,69.png
67,11,59,Wan'Dale Robinson,WR,New York Giants,LEE121503,Jaxson Dart,New York Giants,1,,,Detroit Lions,0,0,Pre-ETR,69.png
67,12,60,Trevor Lawrence,QB,Jacksonville Jaguars,KRUTCHES93,Trevor Lawrence,Jacksonville Jaguars,1,1,1,Arizona Cardinals,0,0,Pre-ETR,69.png
67,12,61,Parker Washington,WR,Jacksonville Jaguars,KRUTCHES93,Trevor Lawrence,Jacksonville Jaguars,1,,,Arizona Cardinals,0,0,Pre-ETR,69.png
67,11,62,Brian Thomas,WR,Jacksonville Jaguars,LEE121503,Jaxson Dart,New York Giants,0,,,Arizona Cardinals,0,0,Pre-ETR,69.png
67,10,63,Juwan Johnson,TE,New Orleans Saints,KURUC711,Jacoby Brissett,Arizona Cardinals,0,,,Atlanta Falcons,0,0,Pre-ETR,69.png
67,9,64,Christian Watson,WR,Green Bay Packers,MATHOLOGY,Jalen Hurts,Philadelphia Eagles,0,,,Minnesota Vikings,0,0,Pre-ETR,69.png
67,8,65,D.J. Moore,WR,Chicago Bears,RAZOR33,Daniel Jones,Indianapolis Colts,0,,,Pittsburgh Steelers,0,0,Pre-ETR,69.png
67,7,66,Theo Johnson,TE,New York Giants,ASAPTUNA,Jared Goff,Detroit Lions,0,,,Detroit Lions,3,1,Pre-ETR,69.png
67,6,67,Mark Andrews,TE,Baltimore Ravens,AD5,Patrick Mahomes,Kansas City Chiefs,0,,,New York Jets,0,0,Pre-ETR,69.png
67,5,68,Sam Darnold,QB,Seattle Seahawks,FFLINX,Sam Darnold,Seattle Seahawks,1,1,1,Tennessee Titans,0,0,Pre-ETR,69.png
67,4,69,Colston Loveland,TE,Chicago Bears,IMAGIKARP,Drake Maye,New England Patriots,0,,,Pittsburgh Steelers,1,1,Pre-ETR,69.png
67,3,70,Christian Watson,WR,Green Bay Packers,D4VE,Lamar Jackson,Baltimore Ravens,0,,,Minnesota Vikings,0,0,Pre-ETR,69.png
67,2,71,Tyrone Tracy,RB,New York Giants,EZ116,Dak Prescott,Dallas Cowboys,0,,,Detroit Lions,0,0,Pre-ETR,69.png
67,1,72,Kenneth Gainwell,RB,Pittsburgh Steelers,JKAP18,Caleb Williams,Chicago Bears,0,,,Chicago Bears,1,1,Pre-ETR,69.png
68,1,1,Jahmyr Gibbs,RB,Detroit Lions,D4VE,Caleb Williams,Chicago Bears,0,,,New York Giants,1,1,Pre-ETR,70.png
68,2,2,Bijan Robinson,RB,Atlanta Falcons,BHOKEVIN,Tyler Shough,New Orleans Saints,0,,,New Orleans Saints,2,1,Pre-ETR,70.png
68,3,3,Jonathan Taylor,RB,Indianapolis Colts,AARONJH22,Jaxson Dart,New York Giants,0,,,Kansas City Chiefs,0,0,Pre-ETR,70.png
68,4,4,Derrick Henry,RB,Baltimore Ravens,LEE121503,Patrick Mahomes,Kansas City Chiefs,0,,,New York Jets,0,0,Pre-ETR,70.png
68,5,5,Amon-Ra St. Brown,WR,Detroit Lions,PATRICKBARN,Jared Goff,Detroit Lions,1,,,New York Giants,0,0,Pre-ETR,70.png
68,6,6,Jaxon Smith-Njigba,WR,Seattle Seahawks,GOAZCARDS,Dak Prescott,Dallas Cowboys,0,,,Tennessee Titans,0,0,Pre-ETR,70.png
68,7,7,Trey McBride,TE,Arizona Cardinals,IMAGIKARP,Jacoby Brissett,Arizona Cardinals,1,,,Jacksonville Jaguars,0,0,Pre-ETR,70.png
68,8,8,Saquon Barkley,RB,Philadelphia Eagles,JEWISHMCCAF,Daniel Jones,Indianapolis Colts,0,,,Dallas Cowboys,0,0,Pre-ETR,70.png
68,9,9,CeeDee Lamb,WR,Dallas Cowboys,HDJDHDJDJSK,Lamar Jackson,Baltimore Ravens,0,,,Philadelphia Eagles,0,0,Pre-ETR,70.png
68,10,10,Rashee Rice,WR,Kansas City Chiefs,BUSTERSBOYS,Jalen Hurts,Philadelphia Eagles,0,,,Indianapolis Colts,0,0,Pre-ETR,70.png
68,11,11,Tee Higgins,WR,Cincinnati Bengals,KRUTCHES93,Drake Maye,New England Patriots,0,,,New England Patriots,2,1,Pre-ETR,70.png
68,12,12,TreVeyon Henderson,RB,New England Patriots,TIBBZY,Sam Darnold,Seattle Seahawks,0,,,Cincinnati Bengals,0,0,Pre-ETR,70.png
68,12,13,Travis Etienne Jr.,RB,Jacksonville Jaguars,TIBBZY,Sam Darnold,Seattle Seahawks,0,,,Arizona Cardinals,1,1,Pre-ETR,70.png
68,11,14,Drake Maye,QB,New England Patriots,KRUTCHES93,Drake Maye,New England Patriots,1,1,1,Cincinnati Bengals,1,1,Pre-ETR,70.png
68,10,15,Jalen Hurts,QB,Philadelphia Eagles,BUSTERSBOYS,Jalen Hurts,Philadelphia Eagles,1,0,0,Dallas Cowboys,0,0,Pre-ETR,70.png
68,9,16,Lamar Jackson,QB,Baltimore Ravens,HDJDHDJDJSK,Lamar Jackson,Baltimore Ravens,1,0,0,New York Jets,0,0,Pre-ETR,70.png
68,8,17,Brock Bowers,TE,Las Vegas Raiders,JEWISHMCCAF,Daniel Jones,Indianapolis Colts,0,,,Cleveland Browns,0,0,Pre-ETR,70.png
68,7,18,Javonte Williams,RB,Dallas Cowboys,IMAGIKARP,Jacoby Brissett,Arizona Cardinals,0,,,Philadelphia Eagles,0,0,Pre-ETR,70.png
68,6,19,George Pickens,WR,Dallas Cowboys,GOAZCARDS,Dak Prescott,Dallas Cowboys,1,,,Philadelphia Eagles,0,0,Pre-ETR,70.png
68,5,20,A.J. Brown,WR,Philadelphia Eagles,PATRICKBARN,Jared Goff,Detroit Lions,0,,,Dallas Cowboys,0,0,Pre-ETR,70.png
68,4,21,Justin Jefferson,WR,Minnesota Vikings,LEE121503,Patrick Mahomes,Kansas City Chiefs,0,,,Green Bay Packers,1,1,Pre-ETR,70.png
68,3,22,Chris Olave,WR,New Orleans Saints,AARONJH22,Jaxson Dart,New York Giants,0,,,Atlanta Falcons,0,0,Pre-ETR,70.png
68,2,23,Jameson Williams,WR,Detroit Lions,BHOKEVIN,Tyler Shough,New Orleans Saints,0,,,New York Giants,0,0,Pre-ETR,70.png
68,1,24,Tyler Warren,TE,Indianapolis Colts,D4VE,Caleb Williams,Chicago Bears,0,,,Kansas City Chiefs,0,0,Pre-ETR,70.png
68,1,25,Chase Brown,RB,Cincinnati Bengals,D4VE,Caleb Williams,Chicago Bears,0,,,New England Patriots,0,0,Pre-ETR,70.png
68,2,26,DeVonta Smith,WR,Philadelphia Eagles,BHOKEVIN,Tyler Shough,New Orleans Saints,0,,,Dallas Cowboys,0,0,Pre-ETR,70.png
68,3,27,Quinshon Judkins,RB,Cleveland Browns,AARONJH22,Jaxson Dart,New York Giants,0,,,Las Vegas Raiders,0,0,Pre-ETR,70.png
68,4,28,Patrick Mahomes,QB,Kansas City Chiefs,LEE121503,Patrick Mahomes,Kansas City Chiefs,1,0,0,Indianapolis Colts,0,0,Pre-ETR,70.png
68,5,29,Kenneth Walker III,RB,Seattle Seahawks,PATRICKBARN,Jared Goff,Detroit Lions,0,,,Tennessee Titans,1,1,Pre-ETR,70.png
68,6,30,Stefon Diggs,WR,New England Patriots,GOAZCARDS,Dak Prescott,Dallas Cowboys,0,,,Cincinnati Bengals,0,0,Pre-ETR,70.png
68,7,31,Zay Flowers,WR,Baltimore Ravens,IMAGIKARP,Jacoby Brissett,Arizona Cardinals,0,,,New York Jets,0,0,Pre-ETR,70.png
68,8,32,Rome Odunze,WR,Chicago Bears,JEWISHMCCAF,Daniel Jones,Indianapolis Colts,0,,,Pittsburgh Steelers,0,0,Pre-ETR,70.png
68,9,33,Travis Kelce,TE,Kansas City Chiefs,HDJDHDJDJSK,Lamar Jackson,Baltimore Ravens,0,,,Indianapolis Colts,1,1,Pre-ETR,70.png
68,10,34,Breece Hall,RB,New York Jets,BUSTERSBOYS,Jalen Hurts,Philadelphia Eagles,0,,,Baltimore Ravens,0,0,Pre-ETR,70.png
68,11,35,Hunter Henry,TE,New England Patriots,KRUTCHES93,Drake Maye,New England Patriots,1,,,Cincinnati Bengals,1,1,Pre-ETR,70.png
68,12,36,Michael Wilson,WR,Arizona Cardinals,TIBBZY,Sam Darnold,Seattle Seahawks,0,,,Jacksonville Jaguars,1,1,Pre-ETR,70.png
68,12,37,Alec Pierce,WR,Indianapolis Colts,TIBBZY,Sam Darnold,Seattle Seahawks,0,,,Kansas City Chiefs,0,0,Pre-ETR,70.png
68,11,38,Ashton Jeanty,RB,Las Vegas Raiders,KRUTCHES93,Drake Maye,New England Patriots,0,,,Cleveland Browns,0,0,Pre-ETR,70.png
68,10,39,Josh Jacobs,RB,Green Bay Packers,BUSTERSBOYS,Jalen Hurts,Philadelphia Eagles,0,,,Minnesota Vikings,0,0,Pre-ETR,70.png
68,9,40,Alec Pierce,WR,Indianapolis Colts,HDJDHDJDJSK,Lamar Jackson,Baltimore Ravens,0,,,Kansas City Chiefs,2,1,Pre-ETR,70.png
68,8,41,Aaron Jones,RB,Minnesota Vikings,JEWISHMCCAF,Daniel Jones,Indianapolis Colts,0,,,Green Bay Packers,0,0,Pre-ETR,70.png
68,7,42,Jaylen Warren,RB,Pittsburgh Steelers,IMAGIKARP,Jacoby Brissett,Arizona Cardinals,0,,,Chicago Bears,0,0,Pre-ETR,70.png
68,6,43,Dak Prescott,QB,Dallas Cowboys,GOAZCARDS,Dak Prescott,Dallas Cowboys,1,2,1,Philadelphia Eagles,0,0,Pre-ETR,70.png
68,5,44,Jared Goff,QB,Detroit Lions,PATRICKBARN,Jared Goff,Detroit Lions,1,2,1,New York Giants,0,0,Pre-ETR,70.png
68,4,45,DK Metcalf,WR,Pittsburgh Steelers,LEE121503,Patrick Mahomes,Kansas City Chiefs,0,,,Chicago Bears,0,0,Pre-ETR,70.png
68,3,46,Jaxson Dart,QB,New York Giants,AARONJH22,Jaxson Dart,New York Giants,1,0,0,Detroit Lions,0,0,Pre-ETR,70.png
68,2,47,D'Andre Swift,RB,Chicago Bears,BHOKEVIN,Tyler Shough,New Orleans Saints,0,,,Pittsburgh Steelers,0,0,Pre-ETR,70.png
68,1,48,Caleb Williams,QB,Chicago Bears,D4VE,Caleb Williams,Chicago Bears,1,0,0,Pittsburgh Steelers,0,0,Pre-ETR,70.png
68,1,49,Wan'Dale Robinson,WR,New York Giants,D4VE,Caleb Williams,Chicago Bears,0,,,Detroit Lions,1,1,Pre-ETR,70.png
68,2,50,Juwan Johnson,TE,New Orleans Saints,BHOKEVIN,Tyler Shough,New Orleans Saints,1,,,Atlanta Falcons,1,1,Pre-ETR,70.png
68,3,51,Dallas Goedert,TE,Philadelphia Eagles,AARONJH22,Jaxson Dart,New York Giants,0,,,Dallas Cowboys,0,0,Pre-ETR,70.png
68,4,52,Emanuel Wilson,RB,Green Bay Packers,LEE121503,Patrick Mahomes,Kansas City Chiefs,0,,,Minnesota Vikings,1,1,Pre-ETR,70.png
68,5,53,David Montgomery,RB,Detroit Lions,PATRICKBARN,Jared Goff,Detroit Lions,1,,,New York Giants,0,0,Pre-ETR,70.png
68,6,54,Alvin Kamara,RB,New Orleans Saints,GOAZCARDS,Dak Prescott,Dallas Cowboys,0,,,Atlanta Falcons,0,0,Pre-ETR,70.png
68,7,55,Darnell Mooney,WR,Atlanta Falcons,IMAGIKARP,Jacoby Brissett,Arizona Cardinals,0,,,New Orleans Saints,0,0,Pre-ETR,70.png
68,8,56,Daniel Jones,QB,Indianapolis Colts,JEWISHMCCAF,Daniel Jones,Indianapolis Colts,1,0,0,Kansas City Chiefs,0,0,Pre-ETR,70.png
68,9,57,Xavier Worthy,WR,Kansas City Chiefs,HDJDHDJDJSK,Lamar Jackson,Baltimore Ravens,0,,,Indianapolis Colts,1,1,Pre-ETR,70.png
68,10,58,Kyle Pitts,TE,Atlanta Falcons,BUSTERSBOYS,Jalen Hurts,Philadelphia Eagles,0,,,New Orleans Saints,0,0,Pre-ETR,70.png
68,11,59,Kenneth Gainwell,RB,Pittsburgh Steelers,KRUTCHES93,Drake Maye,New England Patriots,0,,,Chicago Bears,0,0,Pre-ETR,70.png
68,12,60,Sam Darnold,QB,Seattle Seahawks,TIBBZY,Sam Darnold,Seattle Seahawks,1,1,1,Tennessee Titans,0,0,Pre-ETR,70.png
68,12,61,AJ Barner,TE,Seattle Seahawks,TIBBZY,Sam Darnold,Seattle Seahawks,1,,,Tennessee Titans,0,0,Pre-ETR,70.png
68,11,62,Parker Washington,WR,Jacksonville Jaguars,KRUTCHES93,Drake Maye,New England Patriots,0,,,Arizona Cardinals,0,0,Pre-ETR,70.png
68,10,63,Romeo Doubs,WR,Green Bay Packers,BUSTERSBOYS,Jalen Hurts,Philadelphia Eagles,0,,,Minnesota Vikings,0,0,Pre-ETR,70.png
68,9,64,Tyrone Tracy,RB,New York Giants,HDJDHDJDJSK,Lamar Jackson,Baltimore Ravens,0,,,Detroit Lions,0,0,Pre-ETR,70.png
68,8,65,Brian Thomas,WR,Jacksonville Jaguars,JEWISHMCCAF,Daniel Jones,Indianapolis Colts,0,,,Arizona Cardinals,0,0,Pre-ETR,70.png
68,7,66,Jacoby Brissett,QB,Arizona Cardinals,IMAGIKARP,Jacoby Brissett,Arizona Cardinals,1,1,1,Jacksonville Jaguars,0,0,Pre-ETR,70.png
68,6,67,Jake Ferguson,TE,Dallas Cowboys,GOAZCARDS,Dak Prescott,Dallas Cowboys,1,,,Philadelphia Eagles,0,0,Pre-ETR,70.png
68,5,68,Chig Okonkwo,TE,Tennessee Titans,PATRICKBARN,Jared Goff,Detroit Lions,0,,,Seattle Seahawks,1,1,Pre-ETR,70.png
68,4,69,Noah Fant,TE,Cincinnati Bengals,LEE121503,Patrick Mahomes,Kansas City Chiefs,0,,,New England Patriots,0,0,Pre-ETR,70.png
68,3,70,Parker Washington,WR,Jacksonville Jaguars,AARONJH22,Jaxson Dart,New York Giants,0,,,Arizona Cardinals,0,0,Pre-ETR,70.png
68,2,71,Tyler Shough,QB,New Orleans Saints,BHOKEVIN,Tyler Shough,New Orleans Saints,1,1,1,Atlanta Falcons,1,1,Pre-ETR,70.png
68,1,72,Jordan Addison,WR,Minnesota Vikings,D4VE,Caleb Williams,Chicago Bears,0,,,Green Bay Packers,0,0,Pre-ETR,70.png
69,1,1,Jahmyr Gibbs,RB,Detroit Lions,VOGEYBERRA8,Daniel Jones,Indianapolis Colts,0,,,New York Giants,0,0,Pre-ETR,71.png
69,2,2,Bijan Robinson,RB,Atlanta Falcons,KRUTCHES93,Jacoby Brissett,Arizona Cardinals,0,,,New Orleans Saints,1,1,Pre-ETR,71.png
69,3,3,Jonathan Taylor,RB,Indianapolis Colts,YUZENN,Joe Flacco,Cincinnati Bengals,0,,,Kansas City Chiefs,0,0,Pre-ETR,71.png
69,4,4,Jaxon Smith-Njigba,WR,Seattle Seahawks,IMAGIKARP,Sam Darnold,Seattle Seahawks,1,,,Tennessee Titans,0,0,Pre-ETR,71.png
69,5,5,Amon-Ra St. Brown,WR,Detroit Lions,D4VE,Jaxson Dart,New York Giants,0,,,New York Giants,1,1,Pre-ETR,71.png
69,6,6,Trey McBride,TE,Arizona Cardinals,BRANDMILLER,Jalen Hurts,Philadelphia Eagles,0,,,Jacksonville Jaguars,0,0,Pre-ETR,71.png
69,7,7,TreVeyon Henderson,RB,New England Patriots,DONNYCAMIN,Caleb Williams,Chicago Bears,0,,,Cincinnati Bengals,0,0,Pre-ETR,71.png
69,8,8,Saquon Barkley,RB,Philadelphia Eagles,GABRAINOS,Jared Goff,Detroit Lions,0,,,Dallas Cowboys,0,0,Pre-ETR,71.png
69,9,9,Derrick Henry,RB,Baltimore Ravens,ALBOOGIE78,Drake Maye,New England Patriots,0,,,New York Jets,0,0,Pre-ETR,71.png
69,10,10,CeeDee Lamb,WR,Dallas Cowboys,XCHEERFUL,Dak Prescott,Dallas Cowboys,1,,,Philadelphia Eagles,0,0,Pre-ETR,71.png
69,11,11,Rashee Rice,WR,Kansas City Chiefs,GUNNEROSS,Patrick Mahomes,Kansas City Chiefs,1,,,Indianapolis Colts,1,1,Pre-ETR,71.png
69,12,12,Travis Etienne Jr.,RB,Jacksonville Jaguars,BUSTERSBOYS,Lamar Jackson,Baltimore Ravens,0,,,Arizona Cardinals,1,1,Pre-ETR,71.png
69,12,13,Lamar Jackson,QB,Baltimore Ravens,BUSTERSBOYS,Lamar Jackson,Baltimore Ravens,1,0,0,New York Jets,0,0,Pre-ETR,71.png
69,11,14,Tee Higgins,WR,Cincinnati Bengals,GUNNEROSS,Patrick Mahomes,Kansas City Chiefs,0,,,New England Patriots,0,0,Pre-ETR,71.png
69,10,15,George Pickens,WR,Dallas Cowboys,XCHEERFUL,Dak Prescott,Dallas Cowboys,1,,,Philadelphia Eagles,0,0,Pre-ETR,71.png
69,9,16,Drake Maye,QB,New England Patriots,ALBOOGIE78,Drake Maye,New England Patriots,1,1,1,Cincinnati Bengals,0,0,Pre-ETR,71.png
69,8,17,Jameson Williams,WR,Detroit Lions,GABRAINOS,Jared Goff,Detroit Lions,1,,,New York Giants,1,1,Pre-ETR,71.png
69,7,18,Brock Bowers,TE,Las Vegas Raiders,DONNYCAMIN,Caleb Williams,Chicago Bears,0,,,Cleveland Browns,0,0,Pre-ETR,71.png
69,6,19,Jalen Hurts,QB,Philadelphia Eagles,BRANDMILLER,Jalen Hurts,Philadelphia Eagles,1,0,0,Dallas Cowboys,0,0,Pre-ETR,71.png
69,5,20,Chase Brown,RB,Cincinnati Bengals,D4VE,Jaxson Dart,New York Giants,0,,,New England Patriots,0,0,Pre-ETR,71.png
69,4,21,Javonte Williams,RB,Dallas Cowboys,IMAGIKARP,Sam Darnold,Seattle Seahawks,0,,,Philadelphia Eagles,0,0,Pre-ETR,71.png
69,3,22,A.J. Brown,WR,Philadelphia Eagles,YUZENN,Joe Flacco,Cincinnati Bengals,0,,,Dallas Cowboys,1,1,Pre-ETR,71.png
69,2,23,Chris Olave,WR,New Orleans Saints,KRUTCHES93,Jacoby Brissett,Arizona Cardinals,0,,,Atlanta Falcons,1,1,Pre-ETR,71.png
69,1,24,Justin Jefferson,WR,Minnesota Vikings,VOGEYBERRA8,Daniel Jones,Indianapolis Colts,0,,,Green Bay Packers,1,1,Pre-ETR,71.png
69,1,25,DeVonta Smith,WR,Philadelphia Eagles,VOGEYBERRA8,Daniel Jones,Indianapolis Colts,0,,,Dallas Cowboys,0,0,Pre-ETR,71.png
69,2,26,Tyler Warren,TE,Indianapolis Colts,KRUTCHES93,Jacoby Brissett,Arizona Cardinals,0,,,Kansas City Chiefs,0,0,Pre-ETR,71.png
69,3,27,Stefon Diggs,WR,New England Patriots,YUZENN,Joe Flacco,Cincinnati Bengals,0,,,Cincinnati Bengals,1,1,Pre-ETR,71.png
69,4,28,Kenneth Walker III,RB,Seattle Seahawks,IMAGIKARP,Sam Darnold,Seattle Seahawks,1,,,Tennessee Titans,0,0,Pre-ETR,71.png
69,5,29,Zay Flowers,WR,Baltimore Ravens,D4VE,Jaxson Dart,New York Giants,0,,,New York Jets,0,0,Pre-ETR,71.png
69,6,30,Quinshon Judkins,RB,Cleveland Browns,BRANDMILLER,Jalen Hurts,Philadelphia Eagles,0,,,Las Vegas Raiders,0,0,Pre-ETR,71.png
69,7,31,Travis Kelce,TE,Kansas City Chiefs,DONNYCAMIN,Caleb Williams,Chicago Bears,0,,,Indianapolis Colts,1,1,Pre-ETR,71.png
69,8,32,Breece Hall,RB,New York Jets,GABRAINOS,Jared Goff,Detroit Lions,0,,,Baltimore Ravens,0,0,Pre-ETR,71.png
69,9,33,Rome Odunze,WR,Chicago Bears,ALBOOGIE78,Drake Maye,New England Patriots,0,,,Pittsburgh Steelers,1,1,Pre-ETR,71.png
69,10,34,Ashton Jeanty,RB,Las Vegas Raiders,XCHEERFUL,Dak Prescott,Dallas Cowboys,0,,,Cleveland Browns,0,0,Pre-ETR,71.png
69,11,35,D'Andre Swift,RB,Chicago Bears,GUNNEROSS,Patrick Mahomes,Kansas City Chiefs,0,,,Pittsburgh Steelers,0,0,Pre-ETR,71.png
69,12,36,DK Metcalf,WR,Pittsburgh Steelers,BUSTERSBOYS,Lamar Jackson,Baltimore Ravens,0,,,Chicago Bears,0,0,Pre-ETR,71.png
69,12,37,Michael Wilson,WR,Arizona Cardinals,BUSTERSBOYS,Lamar Jackson,Baltimore Ravens,0,,,Jacksonville Jaguars,1,1,Pre-ETR,71.png
69,11,38,Patrick Mahomes,QB,Kansas City Chiefs,GUNNEROSS,Patrick Mahomes,Kansas City Chiefs,1,1,1,Indianapolis Colts,1,1,Pre-ETR,71.png
69,10,39,Dak Prescott,QB,Dallas Cowboys,XCHEERFUL,Dak Prescott,Dallas Cowboys,1,2,1,Philadelphia Eagles,0,0,Pre-ETR,71.png
69,9,40,Jaylen Warren,RB,Pittsburgh Steelers,ALBOOGIE78,Drake Maye,New England Patriots,0,,,Chicago Bears,1,1,Pre-ETR,71.png
69,8,41,Jared Goff,QB,Detroit Lions,GABRAINOS,Jared Goff,Detroit Lions,1,1,1,New York Giants,1,1,Pre-ETR,71.png
69,7,42,Michael Pittman Jr.,WR,Indianapolis Colts,DONNYCAMIN,Caleb Williams,Chicago Bears,0,,,Kansas City Chiefs,1,1,Pre-ETR,71.png
69,6,43,David Montgomery,RB,Detroit Lions,BRANDMILLER,Jalen Hurts,Philadelphia Eagles,0,,,New York Giants,0,0,Pre-ETR,71.png
69,5,44,Jaxson Dart,QB,New York Giants,D4VE,Jaxson Dart,New York Giants,1,0,0,Detroit Lions,1,1,Pre-ETR,71.png
69,4,45,Hunter Henry,TE,New England Patriots,IMAGIKARP,Sam Darnold,Seattle Seahawks,0,,,Cincinnati Bengals,0,0,Pre-ETR,71.png
69,3,46,Aaron Jones,RB,Minnesota Vikings,YUZENN,Joe Flacco,Cincinnati Bengals,0,,,Green Bay Packers,0,0,Pre-ETR,71.png
69,2,47,Josh Jacobs,RB,Green Bay Packers,KRUTCHES93,Jacoby Brissett,Arizona Cardinals,0,,,Minnesota Vikings,0,0,Pre-ETR,71.png
69,1,48,Emanuel Wilson,RB,Green Bay Packers,VOGEYBERRA8,Daniel Jones,Indianapolis Colts,0,,,Minnesota Vikings,1,1,Pre-ETR,71.png
69,1,49,Daniel Jones,QB,Indianapolis Colts,VOGEYBERRA8,Daniel Jones,Indianapolis Colts,1,0,0,Kansas City Chiefs,0,0,Pre-ETR,71.png
69,2,50,Jacoby Brissett,QB,Arizona Cardinals,KRUTCHES93,Jacoby Brissett,Arizona Cardinals,1,0,0,Jacksonville Jaguars,1,1,Pre-ETR,71.png
69,3,51,Jake Ferguson,TE,Dallas Cowboys,YUZENN,Joe Flacco,Cincinnati Bengals,0,,,Philadelphia Eagles,1,1,Pre-ETR,71.png
69,4,52,Wan'Dale Robinson,WR,New York Giants,IMAGIKARP,Sam Darnold,Seattle Seahawks,0,,,Detroit Lions,0,0,Pre-ETR,71.png
69,5,53,Alvin Kamara,RB,New Orleans Saints,D4VE,Jaxson Dart,New York Giants,0,,,Atlanta Falcons,0,0,Pre-ETR,71.png
69,6,54,Romeo Doubs,WR,Green Bay Packers,BRANDMILLER,Jalen Hurts,Philadelphia Eagles,0,,,Minnesota Vikings,0,0,Pre-ETR,71.png
69,7,55,Caleb Williams,QB,Chicago Bears,DONNYCAMIN,Caleb Williams,Chicago Bears,1,0,0,Pittsburgh Steelers,0,0,Pre-ETR,71.png
69,8,56,Darnell Mooney,WR,Atlanta Falcons,GABRAINOS,Jared Goff,Detroit Lions,0,,,New Orleans Saints,0,0,Pre-ETR,71.png
69,9,57,Dallas Goedert,TE,Philadelphia Eagles,ALBOOGIE78,Drake Maye,New England Patriots,0,,,Dallas Cowboys,0,0,Pre-ETR,71.png
69,10,58,Tyrone Tracy,RB,New York Giants,XCHEERFUL,Dak Prescott,Dallas Cowboys,0,,,Detroit Lions,0,0,Pre-ETR,71.png
69,11,59,Alec Pierce,WR,Indianapolis Colts,GUNNEROSS,Patrick Mahomes,Kansas City Chiefs,0,,,Kansas City Chiefs,2,1,Pre-ETR,71.png
69,12,60,Xavier Worthy,WR,Kansas City Chiefs,BUSTERSBOYS,Lamar Jackson,Baltimore Ravens,0,,,Indianapolis Colts,0,0,Pre-ETR,71.png
69,12,61,Kyle Pitts,TE,Atlanta Falcons,BUSTERSBOYS,Lamar Jackson,Baltimore Ravens,0,,,New Orleans Saints,0,0,Pre-ETR,71.png
69,11,62,Mark Andrews,TE,Baltimore Ravens,GUNNEROSS,Patrick Mahomes,Kansas City Chiefs,0,,,New York Jets,0,0,Pre-ETR,71.png
69,10,63,Juwan Johnson,TE,New Orleans Saints,XCHEERFUL,Dak Prescott,Dallas Cowboys,0,,,Atlanta Falcons,0,0,Pre-ETR,71.png
69,9,64,Kayshon Boutte,WR,New England Patriots,ALBOOGIE78,Drake Maye,New England Patriots,1,,,Cincinnati Bengals,0,0,Pre-ETR,71.png
69,8,65,Theo Johnson,TE,New York Giants,GABRAINOS,Jared Goff,Detroit Lions,0,,,Detroit Lions,2,1,Pre-ETR,71.png
69,7,66,Brian Thomas,WR,Jacksonville Jaguars,DONNYCAMIN,Caleb Williams,Chicago Bears,0,,,Arizona Cardinals,0,0,Pre-ETR,71.png
69,6,67,Cooper Kupp,WR,Seattle Seahawks,BRANDMILLER,Jalen Hurts,Philadelphia Eagles,0,,,Tennessee Titans,0,0,Pre-ETR,71.png
69,5,68,Brenton Strange,TE,Jacksonville Jaguars,D4VE,Jaxson Dart,New York Giants,0,,,Arizona Cardinals,0,0,Pre-ETR,71.png
69,4,69,Sam Darnold,QB,Seattle Seahawks,IMAGIKARP,Sam Darnold,Seattle Seahawks,1,2,1,Tennessee Titans,0,0,Pre-ETR,71.png
69,3,70,Joe Flacco,QB,Cincinnati Bengals,YUZENN,Joe Flacco,Cincinnati Bengals,1,0,0,New England Patriots,1,1,Pre-ETR,71.png
69,2,71,Jakobi Meyers,WR,Jacksonville Jaguars,KRUTCHES93,Jacoby Brissett,Arizona Cardinals,0,,,Arizona Cardinals,1,1,Pre-ETR,71.png
69,1,72,David Njoku,TE,Cleveland Browns,VOGEYBERRA8,Daniel Jones,Indianapolis Colts,0,,,Las Vegas Raiders,0,0,Pre-ETR,71.png
70,1,1,Jahmyr Gibbs,RB,Detroit Lions,PATRICKBARN,Sam Darnold,Seattle Seahawks,0,,,New York Giants,0,0,Pre-ETR,72.png
70,2,2,Jonathan Taylor,RB,Indianapolis Colts,D4VE,Patrick Mahomes,Kansas City Chiefs,0,,,Kansas City Chiefs,2,1,Pre-ETR,72.png
70,3,3,Bijan Robinson,RB,Atlanta Falcons,IMAGIKARP,Dak Prescott,Dallas Cowboys,0,,,New Orleans Saints,0,0,Pre-ETR,72.png
70,4,4,Jaxon Smith-Njigba,WR,Seattle Seahawks,BUSTERSBOYS,Trevor Lawrence,Jacksonville Jaguars,0,,,Tennessee Titans,0,0,Pre-ETR,72.png
70,5,5,Amon-Ra St. Brown,WR,Detroit Lions,TIBBZY,Jared Goff,Detroit Lions,1,,,New York Giants,0,0,Pre-ETR,72.png
70,6,6,Trey McBride,TE,Arizona Cardinals,EZ116,Drake Maye,New England Patriots,0,,,Jacksonville Jaguars,0,0,Pre-ETR,72.png
70,7,7,Derrick Henry,RB,Baltimore Ravens,RAZOR33,Daniel Jones,Indianapolis Colts,0,,,New York Jets,0,0,Pre-ETR,72.png
70,8,8,Saquon Barkley,RB,Philadelphia Eagles,FFLINX,Jaxson Dart,New York Giants,0,,,Dallas Cowboys,0,0,Pre-ETR,72.png
70,9,9,TreVeyon Henderson,RB,New England Patriots,GOAZCARDS,Lamar Jackson,Baltimore Ravens,0,,,Cincinnati Bengals,0,0,Pre-ETR,72.png
70,10,10,Rashee Rice,WR,Kansas City Chiefs,PIRI24,Caleb Williams,Chicago Bears,0,,,Indianapolis Colts,0,0,Pre-ETR,72.png
70,11,11,CeeDee Lamb,WR,Dallas Cowboys,MATHOLOGY,Jacoby Brissett,Arizona Cardinals,0,,,Philadelphia Eagles,0,0,Pre-ETR,72.png
70,12,12,Chase Brown,RB,Cincinnati Bengals,KRUTCHES93,Jalen Hurts,Philadelphia Eagles,0,,,New England Patriots,0,0,Pre-ETR,72.png
70,12,13,Jalen Hurts,QB,Philadelphia Eagles,KRUTCHES93,Jalen Hurts,Philadelphia Eagles,1,1,1,Dallas Cowboys,0,0,Pre-ETR,72.png
70,11,14,Tee Higgins,WR,Cincinnati Bengals,MATHOLOGY,Jacoby Brissett,Arizona Cardinals,0,,,New England Patriots,0,0,Pre-ETR,72.png
70,10,15,Javonte Williams,RB,Dallas Cowboys,PIRI24,Caleb Williams,Chicago Bears,0,,,Philadelphia Eagles,0,0,Pre-ETR,72.png
70,9,16,Lamar Jackson,QB,Baltimore Ravens,GOAZCARDS,Lamar Jackson,Baltimore Ravens,1,1,1,New York Jets,0,0,Pre-ETR,72.png
70,8,17,Travis Etienne Jr.,RB,Jacksonville Jaguars,FFLINX,Jaxson Dart,New York Giants,0,,,Arizona Cardinals,0,0,Pre-ETR,72.png
70,7,18,A.J. Brown,WR,Philadelphia Eagles,RAZOR33,Daniel Jones,Indianapolis Colts,0,,,Dallas Cowboys,0,0,Pre-ETR,72.png
70,6,19,Drake Maye,QB,New England Patriots,EZ116,Drake Maye,New England Patriots,1,1,1,Cincinnati Bengals,0,0,Pre-ETR,72.png
70,5,20,Chris Olave,WR,New Orleans Saints,TIBBZY,Jared Goff,Detroit Lions,0,,,Atlanta Falcons,0,0,Pre-ETR,72.png
70,4,21,Brock Bowers,TE,Las Vegas Raiders,BUSTERSBOYS,Trevor Lawrence,Jacksonville Jaguars,0,,,Cleveland Browns,0,0,Pre-ETR,72.png
70,3,22,Jameson Williams,WR,Detroit Lions,IMAGIKARP,Dak Prescott,Dallas Cowboys,0,,,New York Giants,0,0,Pre-ETR,72.png
70,2,23,George Pickens,WR,Dallas Cowboys,D4VE,Patrick Mahomes,Kansas City Chiefs,0,,,Philadelphia Eagles,0,0,Pre-ETR,72.png
70,1,24,Justin Jefferson,WR,Minnesota Vikings,PATRICKBARN,Sam Darnold,Seattle Seahawks,0,,,Green Bay Packers,1,1,Pre-ETR,72.png
70,1,25,DeVonta Smith,WR,Philadelphia Eagles,PATRICKBARN,Sam Darnold,Seattle Seahawks,0,,,Dallas Cowboys,0,0,Pre-ETR,72.png
70,2,26,Patrick Mahomes,QB,Kansas City Chiefs,D4VE,Patrick Mahomes,Kansas City Chiefs,1,1,1,Indianapolis Colts,1,1,Pre-ETR,72.png
70,3,27,Tyler Warren,TE,Indianapolis Colts,IMAGIKARP,Dak Prescott,Dallas Cowboys,0,,,Kansas City Chiefs,0,0,Pre-ETR,72.png
70,4,28,Zay Flowers,WR,Baltimore Ravens,BUSTERSBOYS,Trevor Lawrence,Jacksonville Jaguars,0,,,New York Jets,0,0,Pre-ETR,72.png
70,5,29,Josh Jacobs,RB,Green Bay Packers,TIBBZY,Jared Goff,Detroit Lions,0,,,Minnesota Vikings,0,0,Pre-ETR,72.png
70,6,30,Stefon Diggs,WR,New England Patriots,EZ116,Drake Maye,New England Patriots,1,,,Cincinnati Bengals,0,0,Pre-ETR,72.png
70,7,31,Kenneth Walker III,RB,Seattle Seahawks,RAZOR33,Daniel Jones,Indianapolis Colts,0,,,Tennessee Titans,0,0,Pre-ETR,72.png
70,8,32,Travis Kelce,TE,Kansas City Chiefs,FFLINX,Jaxson Dart,New York Giants,0,,,Indianapolis Colts,2,1,Pre-ETR,72.png
70,9,33,Quinshon Judkins,RB,Cleveland Browns,GOAZCARDS,Lamar Jackson,Baltimore Ravens,0,,,Las Vegas Raiders,0,0,Pre-ETR,72.png
70,10,34,Rome Odunze,WR,Chicago Bears,PIRI24,Caleb Williams,Chicago Bears,1,,,Pittsburgh Steelers,1,1,Pre-ETR,72.png
70,11,35,Breece Hall,RB,New York Jets,MATHOLOGY,Jacoby Brissett,Arizona Cardinals,0,,,Baltimore Ravens,0,0,Pre-ETR,72.png
70,12,36,Dallas Goedert,TE,Philadelphia Eagles,KRUTCHES93,Jalen Hurts,Philadelphia Eagles,1,,,Dallas Cowboys,0,0,Pre-ETR,72.png
70,12,37,Ashton Jeanty,RB,Las Vegas Raiders,KRUTCHES93,Jalen Hurts,Philadelphia Eagles,0,,,Cleveland Browns,0,0,Pre-ETR,72.png
70,11,38,Michael Wilson,WR,Arizona Cardinals,MATHOLOGY,Jacoby Brissett,Arizona Cardinals,1,,,Jacksonville Jaguars,0,0,Pre-ETR,72.png
70,10,39,Jaylen Warren,RB,Pittsburgh Steelers,PIRI24,Caleb Williams,Chicago Bears,0,,,Chicago Bears,2,1,Pre-ETR,72.png
70,9,40,DK Metcalf,WR,Pittsburgh Steelers,GOAZCARDS,Lamar Jackson,Baltimore Ravens,0,,,Chicago Bears,0,0,Pre-ETR,72.png
70,8,41,Michael Pittman Jr.,WR,Indianapolis Colts,FFLINX,Jaxson Dart,New York Giants,0,,,Kansas City Chiefs,1,1,Pre-ETR,72.png
70,7,42,Kyle Pitts,TE,Atlanta Falcons,RAZOR33,Daniel Jones,Indianapolis Colts,0,,,New Orleans Saints,0,0,Pre-ETR,72.png
70,6,43,Aaron Jones,RB,Minnesota Vikings,EZ116,Drake Maye,New England Patriots,0,,,Green Bay Packers,0,0,Pre-ETR,72.png
70,5,44,Jared Goff,QB,Detroit Lions,TIBBZY,Jared Goff,Detroit Lions,1,1,1,New York Giants,0,0,Pre-ETR,72.png
70,4,45,David Montgomery,RB,Detroit Lions,BUSTERSBOYS,Trevor Lawrence,Jacksonville Jaguars,0,,,New York Giants,1,1,Pre-ETR,72.png
70,3,46,D'Andre Swift,RB,Chicago Bears,IMAGIKARP,Dak Prescott,Dallas Cowboys,0,,,Pittsburgh Steelers,0,0,Pre-ETR,72.png
70,2,47,Alvin Kamara,RB,New Orleans Saints,D4VE,Patrick Mahomes,Kansas City Chiefs,0,,,Atlanta Falcons,0,0,Pre-ETR,72.png
70,1,48,Emanuel Wilson,RB,Green Bay Packers,PATRICKBARN,Sam Darnold,Seattle Seahawks,0,,,Minnesota Vikings,1,1,Pre-ETR,72.png
70,1,49,Hunter Henry,TE,New England Patriots,PATRICKBARN,Sam Darnold,Seattle Seahawks,0,,,Cincinnati Bengals,0,0,Pre-ETR,72.png
70,2,50,Xavier Worthy,WR,Kansas City Chiefs,D4VE,Patrick Mahomes,Kansas City Chiefs,1,,,Indianapolis Colts,1,1,Pre-ETR,72.png
70,3,51,Dak Prescott,QB,Dallas Cowboys,IMAGIKARP,Dak Prescott,Dallas Cowboys,1,0,0,Philadelphia Eagles,0,0,Pre-ETR,72.png
70,4,52,Wan'Dale Robinson,WR,New York Giants,BUSTERSBOYS,Trevor Lawrence,Jacksonville Jaguars,0,,,Detroit Lions,1,1,Pre-ETR,72.png
70,5,53,Kenneth Gainwell,RB,Pittsburgh Steelers,TIBBZY,Jared Goff,Detroit Lions,0,,,Chicago Bears,0,0,Pre-ETR,72.png
70,6,54,Darnell Mooney,WR,Atlanta Falcons,EZ116,Drake Maye,New England Patriots,0,,,New Orleans Saints,0,0,Pre-ETR,72.png
70,7,55,Daniel Jones,QB,Indianapolis Colts,RAZOR33,Daniel Jones,Indianapolis Colts,1,0,0,Kansas City Chiefs,0,0,Pre-ETR,72.png
70,8,56,Jaxson Dart,QB,New York Giants,FFLINX,Jaxson Dart,New York Giants,1,0,0,Detroit Lions,0,0,Pre-ETR,72.png
70,9,57,Mark Andrews,TE,Baltimore Ravens,GOAZCARDS,Lamar Jackson,Baltimore Ravens,1,,,New York Jets,0,0,Pre-ETR,72.png
70,10,58,Jake Ferguson,TE,Dallas Cowboys,PIRI24,Caleb Williams,Chicago Bears,0,,,Philadelphia Eagles,0,0,Pre-ETR,72.png
70,11,59,Jacoby Brissett,QB,Arizona Cardinals,MATHOLOGY,Jacoby Brissett,Arizona Cardinals,1,1,1,Jacksonville Jaguars,0,0,Pre-ETR,72.png
70,12,60,Romeo Doubs,WR,Green Bay Packers,KRUTCHES93,Jalen Hurts,Philadelphia Eagles,0,,,Minnesota Vikings,0,0,Pre-ETR,72.png
70,12,61,Parker Washington,WR,Jacksonville Jaguars,KRUTCHES93,Jalen Hurts,Philadelphia Eagles,0,,,Arizona Cardinals,0,0,Pre-ETR,72.png
70,11,62,Juwan Johnson,TE,New Orleans Saints,MATHOLOGY,Jacoby Brissett,Arizona Cardinals,0,,,Atlanta Falcons,0,0,Pre-ETR,72.png
70,10,63,Caleb Williams,QB,Chicago Bears,PIRI24,Caleb Williams,Chicago Bears,1,1,1,Pittsburgh Steelers,1,1,Pre-ETR,72.png
70,9,64,Jerry Jeudy,WR,Cleveland Browns,GOAZCARDS,Lamar Jackson,Baltimore Ravens,0,,,Las Vegas Raiders,0,0,Pre-ETR,72.png
70,8,65,Alec Pierce,WR,Indianapolis Colts,FFLINX,Jaxson Dart,New York Giants,0,,,Kansas City Chiefs,1,1,Pre-ETR,72.png
70,7,66,Jordan Addison,WR,Minnesota Vikings,RAZOR33,Daniel Jones,Indianapolis Colts,0,,,Green Bay Packers,0,0,Pre-ETR,72.png
70,6,67,Tyrone Tracy,RB,New York Giants,EZ116,Drake Maye,New England Patriots,0,,,Detroit Lions,0,0,Pre-ETR,72.png
70,5,68,Noah Fant,TE,Cincinnati Bengals,TIBBZY,Jared Goff,Detroit Lions,0,,,New England Patriots,0,0,Pre-ETR,72.png
70,4,69,Trevor Lawrence,QB,Jacksonville Jaguars,BUSTERSBOYS,Trevor Lawrence,Jacksonville Jaguars,1,0,0,Arizona Cardinals,0,0,Pre-ETR,72.png
70,3,70,Jakobi Meyers,WR,Jacksonville Jaguars,IMAGIKARP,Dak Prescott,Dallas Cowboys,0,,,Arizona Cardinals,0,0,Pre-ETR,72.png
70,2,71,Theo Johnson,TE,New York Giants,D4VE,Patrick Mahomes,Kansas City Chiefs,0,,,Detroit Lions,0,0,Pre-ETR,72.png
70,1,72,Sam Darnold,QB,Seattle Seahawks,PATRICKBARN,Sam Darnold,Seattle Seahawks,1,0,0,Tennessee Titans,0,0,Pre-ETR,72.png
71,1,1,Jahmyr Gibbs,RB,Detroit Lions,XCHEERFUL,Dak Prescott,Dallas Cowboys,0,,,New York Giants,1,1,Pre-ETR,73.png
71,2,2,Jonathan Taylor,RB,Indianapolis Colts,GABRAINOS,Trevor Lawrence,Jacksonville Jaguars,0,,,Kansas City Chiefs,1,1,Pre-ETR,73.png
71,3,3,Bijan Robinson,RB,Atlanta Falcons,VOGEYBERRA8,Daniel Jones,Indianapolis Colts,0,,,New Orleans Saints,0,0,Pre-ETR,73.png
71,4,4,Saquon Barkley,RB,Philadelphia Eagles,LACHOY14,Lamar Jackson,Baltimore Ravens,0,,,Dallas Cowboys,0,0,Pre-ETR,73.png
71,5,5,Jaxon Smith-Njigba,WR,Seattle Seahawks,BRANDMILLER,Jacoby Brissett,Arizona Cardinals,0,,,Tennessee Titans,0,0,Pre-ETR,73.png
71,6,6,Amon-Ra St. Brown,WR,Detroit Lions,EZ116,Caleb Williams,Chicago Bears,0,,,New York Giants,0,0,Pre-ETR,73.png
71,7,7,Trey McBride,TE,Arizona Cardinals,GIRAFFEPARADE,Jalen Hurts,Philadelphia Eagles,0,,,Jacksonville Jaguars,0,0,Pre-ETR,73.png
71,8,8,Derrick Henry,RB,Baltimore Ravens,KRUTCHES93,Drake Maye,New England Patriots,0,,,New York Jets,0,0,Pre-ETR,73.png
71,9,9,CeeDee Lamb,WR,Dallas Cowboys,IMAGIKARP,Patrick Mahomes,Kansas City Chiefs,0,,,Philadelphia Eagles,0,0,Pre-ETR,73.png
71,10,10,TreVeyon Henderson,RB,New England Patriots,INGELX,Jared Goff,Detroit Lions,0,,,Cincinnati Bengals,0,0,Pre-ETR,73.png
71,11,11,Rashee Rice,WR,Kansas City Chiefs,D4VE,Jaxson Dart,New York Giants,0,,,Indianapolis Colts,1,1,Pre-ETR,73.png
71,12,12,Tee Higgins,WR,Cincinnati Bengals,DONNYCAMIN,Sam Darnold,Seattle Seahawks,0,,,New England Patriots,0,0,Pre-ETR,73.png
71,12,13,George Pickens,WR,Dallas Cowboys,DONNYCAMIN,Sam Darnold,Seattle Seahawks,0,,,Philadelphia Eagles,0,0,Pre-ETR,73.png
71,11,14,Brock Bowers,TE,Las Vegas Raiders,D4VE,Jaxson Dart,New York Giants,0,,,Cleveland Browns,0,0,Pre-ETR,73.png
71,10,15,Jameson Williams,WR,Detroit Lions,INGELX,Jared Goff,Detroit Lions,1,,,New York Giants,0,0,Pre-ETR,73.png
71,9,16,Travis Etienne Jr.,RB,Jacksonville Jaguars,IMAGIKARP,Patrick Mahomes,Kansas City Chiefs,0,,,Arizona Cardinals,0,0,Pre-ETR,73.png
71,8,17,Drake Maye,QB,New England Patriots,KRUTCHES93,Drake Maye,New England Patriots,1,1,1,Cincinnati Bengals,0,0,Pre-ETR,73.png
71,7,18,Jalen Hurts,QB,Philadelphia Eagles,GIRAFFEPARADE,Jalen Hurts,Philadelphia Eagles,1,0,0,Dallas Cowboys,0,0,Pre-ETR,73.png
71,6,19,Javonte Williams,RB,Dallas Cowboys,EZ116,Caleb Williams,Chicago Bears,0,,,Philadelphia Eagles,0,0,Pre-ETR,73.png
71,5,20,Chris Olave,WR,New Orleans Saints,BRANDMILLER,Jacoby Brissett,Arizona Cardinals,0,,,Atlanta Falcons,0,0,Pre-ETR,73.png
71,4,21,Lamar Jackson,QB,Baltimore Ravens,LACHOY14,Lamar Jackson,Baltimore Ravens,1,1,1,New York Jets,0,0,Pre-ETR,73.png
71,3,22,A.J. Brown,WR,Philadelphia Eagles,VOGEYBERRA8,Daniel Jones,Indianapolis Colts,0,,,Dallas Cowboys,0,0,Pre-ETR,73.png
71,2,23,Justin Jefferson,WR,Minnesota Vikings,GABRAINOS,Trevor Lawrence,Jacksonville Jaguars,0,,,Green Bay Packers,0,0,Pre-ETR,73.png
71,1,24,DeVonta Smith,WR,Philadelphia Eagles,XCHEERFUL,Dak Prescott,Dallas Cowboys,0,,,Dallas Cowboys,2,1,Pre-ETR,73.png
71,1,25,Chase Brown,RB,Cincinnati Bengals,XCHEERFUL,Dak Prescott,Dallas Cowboys,0,,,New England Patriots,0,0,Pre-ETR,73.png
71,2,26,Kenneth Walker III,RB,Seattle Seahawks,GABRAINOS,Trevor Lawrence,Jacksonville Jaguars,0,,,Tennessee Titans,0,0,Pre-ETR,73.png
71,3,27,Tyler Warren,TE,Indianapolis Colts,VOGEYBERRA8,Daniel Jones,Indianapolis Colts,1,,,Kansas City Chiefs,0,0,Pre-ETR,73.png
71,4,28,Zay Flowers,WR,Baltimore Ravens,LACHOY14,Lamar Jackson,Baltimore Ravens,1,,,New York Jets,0,0,Pre-ETR,73.png
71,5,29,Travis Kelce,TE,Kansas City Chiefs,BRANDMILLER,Jacoby Brissett,Arizona Cardinals,0,,,Indianapolis Colts,1,1,Pre-ETR,73.png
71,6,30,Quinshon Judkins,RB,Cleveland Browns,EZ116,Caleb Williams,Chicago Bears,0,,,Las Vegas Raiders,0,0,Pre-ETR,73.png
71,7,31,Stefon Diggs,WR,New England Patriots,GIRAFFEPARADE,Jalen Hurts,Philadelphia Eagles,0,,,Cincinnati Bengals,0,0,Pre-ETR,73.png
71,8,32,Ashton Jeanty,RB,Las Vegas Raiders,KRUTCHES93,Drake Maye,New England Patriots,0,,,Cleveland Browns,0,0,Pre-ETR,73.png
71,9,33,Patrick Mahomes,QB,Kansas City Chiefs,IMAGIKARP,Patrick Mahomes,Kansas City Chiefs,1,0,0,Indianapolis Colts,0,0,Pre-ETR,73.png
71,10,34,Michael Wilson,WR,Arizona Cardinals,INGELX,Jared Goff,Detroit Lions,0,,,Jacksonville Jaguars,0,0,Pre-ETR,73.png
71,11,35,Jaylen Warren,RB,Pittsburgh Steelers,D4VE,Jaxson Dart,New York Giants,0,,,Chicago Bears,0,0,Pre-ETR,73.png
71,12,36,Breece Hall,RB,New York Jets,DONNYCAMIN,Sam Darnold,Seattle Seahawks,0,,,Baltimore Ravens,0,0,Pre-ETR,73.png
71,12,37,Rome Odunze,WR,Chicago Bears,DONNYCAMIN,Sam Darnold,Seattle Seahawks,0,,,Pittsburgh Steelers,0,0,Pre-ETR,73.png
71,11,38,Jaxson Dart,QB,New York Giants,D4VE,Jaxson Dart,New York Giants,1,0,0,Detroit Lions,1,1,Pre-ETR,73.png
71,10,39,Jared Goff,QB,Detroit Lions,INGELX,Jared Goff,Detroit Lions,1,1,1,New York Giants,0,0,Pre-ETR,73.png
71,9,40,D'Andre Swift,RB,Chicago Bears,IMAGIKARP,Patrick Mahomes,Kansas City Chiefs,0,,,Pittsburgh Steelers,0,0,Pre-ETR,73.png
71,8,41,Hunter Henry,TE,New England Patriots,KRUTCHES93,Drake Maye,New England Patriots,1,,,Cincinnati Bengals,0,0,Pre-ETR,73.png
71,7,42,Aaron Jones,RB,Minnesota Vikings,GIRAFFEPARADE,Jalen Hurts,Philadelphia Eagles,0,,,Green Bay Packers,1,1,Pre-ETR,73.png
71,6,43,DK Metcalf,WR,Pittsburgh Steelers,EZ116,Caleb Williams,Chicago Bears,0,,,Chicago Bears,2,1,Pre-ETR,73.png
71,5,44,Michael Pittman Jr.,WR,Indianapolis Colts,BRANDMILLER,Jacoby Brissett,Arizona Cardinals,0,,,Kansas City Chiefs,1,1,Pre-ETR,73.png
71,4,45,Wan'Dale Robinson,WR,New York Giants,LACHOY14,Lamar Jackson,Baltimore Ravens,0,,,Detroit Lions,0,0,Pre-ETR,73.png
71,3,46,Daniel Jones,QB,Indianapolis Colts,VOGEYBERRA8,Daniel Jones,Indianapolis Colts,1,1,1,Kansas City Chiefs,0,0,Pre-ETR,73.png
71,2,47,Dallas Goedert,TE,Philadelphia Eagles,GABRAINOS,Trevor Lawrence,Jacksonville Jaguars,0,,,Dallas Cowboys,0,0,Pre-ETR,73.png
71,1,48,Dak Prescott,QB,Dallas Cowboys,XCHEERFUL,Dak Prescott,Dallas Cowboys,1,1,1,Philadelphia Eagles,1,1,Pre-ETR,73.png
71,1,49,Jake Ferguson,TE,Dallas Cowboys,XCHEERFUL,Dak Prescott,Dallas Cowboys,1,,,Philadelphia Eagles,1,1,Pre-ETR,73.png
71,2,50,Xavier Worthy,WR,Kansas City Chiefs,GABRAINOS,Trevor Lawrence,Jacksonville Jaguars,0,,,Indianapolis Colts,1,1,Pre-ETR,73.png
71,3,51,Josh Jacobs,RB,Green Bay Packers,VOGEYBERRA8,Daniel Jones,Indianapolis Colts,0,,,Minnesota Vikings,0,0,Pre-ETR,73.png
71,4,52,Kyle Pitts,TE,Atlanta Falcons,LACHOY14,Lamar Jackson,Baltimore Ravens,0,,,New Orleans Saints,0,0,Pre-ETR,73.png
71,5,53,Kenneth Gainwell,RB,Pittsburgh Steelers,BRANDMILLER,Jacoby Brissett,Arizona Cardinals,0,,,Chicago Bears,0,0,Pre-ETR,73.png
71,6,54,Caleb Williams,QB,Chicago Bears,EZ116,Caleb Williams,Chicago Bears,1,1,1,Pittsburgh Steelers,1,1,Pre-ETR,73.png
71,7,55,Emanuel Wilson,RB,Green Bay Packers,GIRAFFEPARADE,Jalen Hurts,Philadelphia Eagles,0,,,Minnesota Vikings,1,1,Pre-ETR,73.png
71,8,56,Romeo Doubs,WR,Green Bay Packers,KRUTCHES93,Drake Maye,New England Patriots,0,,,Minnesota Vikings,0,0,Pre-ETR,73.png
71,9,57,Darnell Mooney,WR,Atlanta Falcons,IMAGIKARP,Patrick Mahomes,Kansas City Chiefs,0,,,New Orleans Saints,0,0,Pre-ETR,73.png
71,10,58,Alvin Kamara,RB,New Orleans Saints,INGELX,Jared Goff,Detroit Lions,0,,,Atlanta Falcons,0,0,Pre-ETR,73.png
71,11,59,David Montgomery,RB,Detroit Lions,D4VE,Jaxson Dart,New York Giants,0,,,New York Giants,1,1,Pre-ETR,73.png
71,12,60,AJ Barner,TE,Seattle Seahawks,DONNYCAMIN,Sam Darnold,Seattle Seahawks,1,,,Tennessee Titans,0,0,Pre-ETR,73.png
71,12,61,Sam Darnold,QB,Seattle Seahawks,DONNYCAMIN,Sam Darnold,Seattle Seahawks,1,1,1,Tennessee Titans,0,0,Pre-ETR,73.png
71,11,62,Alec Pierce,WR,Indianapolis Colts,D4VE,Jaxson Dart,New York Giants,0,,,Kansas City Chiefs,1,1,Pre-ETR,73.png
71,10,63,Juwan Johnson,TE,New Orleans Saints,INGELX,Jared Goff,Detroit Lions,0,,,Atlanta Falcons,0,0,Pre-ETR,73.png
71,9,64,Theo Johnson,TE,New York Giants,IMAGIKARP,Patrick Mahomes,Kansas City Chiefs,0,,,Detroit Lions,0,0,Pre-ETR,73.png
71,8,65,Parker Washington,WR,Jacksonville Jaguars,KRUTCHES93,Drake Maye,New England Patriots,0,,,Arizona Cardinals,0,0,Pre-ETR,73.png
71,7,66,Kayshon Boutte,WR,New England Patriots,GIRAFFEPARADE,Jalen Hurts,Philadelphia Eagles,0,,,Cincinnati Bengals,0,0,Pre-ETR,73.png
71,6,67,Colston Loveland,TE,Chicago Bears,EZ116,Caleb Williams,Chicago Bears,1,,,Pittsburgh Steelers,1,1,Pre-ETR,73.png
71,5,68,Jacoby Brissett,QB,Arizona Cardinals,BRANDMILLER,Jacoby Brissett,Arizona Cardinals,1,0,0,Jacksonville Jaguars,0,0,Pre-ETR,73.png
71,4,69,Tre Tucker,WR,Las Vegas Raiders,LACHOY14,Lamar Jackson,Baltimore Ravens,0,,,Cleveland Browns,0,0,Pre-ETR,73.png
71,3,70,Brian Thomas,WR,Jacksonville Jaguars,VOGEYBERRA8,Daniel Jones,Indianapolis Colts,0,,,Arizona Cardinals,0,0,Pre-ETR,73.png
71,2,71,Trevor Lawrence,QB,Jacksonville Jaguars,GABRAINOS,Trevor Lawrence,Jacksonville Jaguars,1,0,0,Arizona Cardinals,0,0,Pre-ETR,73.png
71,1,72,Darius Slayton,WR,New York Giants,XCHEERFUL,Dak Prescott,Dallas Cowboys,0,,,Detroit Lions,1,1,Pre-ETR,73.png
72,1,1,Jahmyr Gibbs,RB,Detroit Lions,MARIOSOLAR,Patrick Mahomes,Kansas City Chiefs,0,,,New York Giants,0,0,Pre-ETR,74.png
72,2,2,Jonathan Taylor,RB,Indianapolis Colts,PIRI24,Dak Prescott,Dallas Cowboys,0,,,Kansas City Chiefs,0,0,Pre-ETR,74.png
72,3,3,Bijan Robinson,RB,Atlanta Falcons,MATHOLOGY,Jared Goff,Detroit Lions,0,,,New Orleans Saints,1,1,Pre-ETR,74.png
72,4,4,Jaxon Smith-Njigba,WR,Seattle Seahawks,KRUTCHES93,Jalen Hurts,Philadelphia Eagles,0,,,Tennessee Titans,0,0,Pre-ETR,74.png
72,5,5,Amon-Ra St. Brown,WR,Detroit Lions,ALBOOGIE78,Lamar Jackson,Baltimore Ravens,0,,,New York Giants,0,0,Pre-ETR,74.png
72,6,6,Trey McBride,TE,Arizona Cardinals,EZ116,Daniel Jones,Indianapolis Colts,0,,,Jacksonville Jaguars,0,0,Pre-ETR,74.png
72,7,7,Rashee Rice,WR,Kansas City Chiefs,NSALOMON12,Caleb Williams,Chicago Bears,0,,,Indianapolis Colts,0,0,Pre-ETR,74.png
72,8,8,Saquon Barkley,RB,Philadelphia Eagles,GIRAFFEPARADE,Sam Darnold,Seattle Seahawks,0,,,Dallas Cowboys,0,0,Pre-ETR,74.png
72,9,9,CeeDee Lamb,WR,Dallas Cowboys,SHAGNASTYB,Aaron Rodgers,Pittsburgh Steelers,0,,,Philadelphia Eagles,2,1,Pre-ETR,74.png
72,10,10,Derrick Henry,RB,Baltimore Ravens,GOAZCARDS,Jacoby Brissett,Arizona Cardinals,0,,,New York Jets,0,0,Pre-ETR,74.png
72,11,11,Travis Etienne Jr.,RB,Jacksonville Jaguars,LENKEITH,Jaxson Dart,New York Giants,0,,,Arizona Cardinals,1,1,Pre-ETR,74.png
72,12,12,TreVeyon Henderson,RB,New England Patriots,D4VE,Drake Maye,New England Patriots,1,,,Cincinnati Bengals,0,0,Pre-ETR,74.png
72,12,13,Drake Maye,QB,New England Patriots,D4VE,Drake Maye,New England Patriots,1,2,1,Cincinnati Bengals,0,0,Pre-ETR,74.png
72,11,14,Tee Higgins,WR,Cincinnati Bengals,LENKEITH,Jaxson Dart,New York Giants,0,,,New England Patriots,0,0,Pre-ETR,74.png
72,10,15,Quinshon Judkins,RB,Cleveland Browns,GOAZCARDS,Jacoby Brissett,Arizona Cardinals,0,,,Las Vegas Raiders,0,0,Pre-ETR,74.png
72,9,16,A.J. Brown,WR,Philadelphia Eagles,SHAGNASTYB,Aaron Rodgers,Pittsburgh Steelers,0,,,Dallas Cowboys,1,1,Pre-ETR,74.png
72,8,17,Brock Bowers,TE,Las Vegas Raiders,GIRAFFEPARADE,Sam Darnold,Seattle Seahawks,0,,,Cleveland Browns,0,0,Pre-ETR,74.png
72,7,18,Justin Jefferson,WR,Minnesota Vikings,NSALOMON12,Caleb Williams,Chicago Bears,0,,,Green Bay Packers,0,0,Pre-ETR,74.png
72,6,19,Javonte Williams,RB,Dallas Cowboys,EZ116,Daniel Jones,Indianapolis Colts,0,,,Philadelphia Eagles,0,0,Pre-ETR,74.png
72,5,20,Lamar Jackson,QB,Baltimore Ravens,ALBOOGIE78,Lamar Jackson,Baltimore Ravens,1,1,1,New York Jets,0,0,Pre-ETR,74.png
72,4,21,Jalen Hurts,QB,Philadelphia Eagles,KRUTCHES93,Jalen Hurts,Philadelphia Eagles,1,0,0,Dallas Cowboys,0,0,Pre-ETR,74.png
72,3,22,Jameson Williams,WR,Detroit Lions,MATHOLOGY,Jared Goff,Detroit Lions,1,,,New York Giants,1,1,Pre-ETR,74.png
72,2,23,George Pickens,WR,Dallas Cowboys,PIRI24,Dak Prescott,Dallas Cowboys,1,,,Philadelphia Eagles,1,1,Pre-ETR,74.png
72,1,24,Tyler Warren,TE,Indianapolis Colts,MARIOSOLAR,Patrick Mahomes,Kansas City Chiefs,0,,,Kansas City Chiefs,1,1,Pre-ETR,74.png
72,1,25,Patrick Mahomes,QB,Kansas City Chiefs,MARIOSOLAR,Patrick Mahomes,Kansas City Chiefs,1,0,0,Indianapolis Colts,2,1,Pre-ETR,74.png
72,2,26,DeVonta Smith,WR,Philadelphia Eagles,PIRI24,Dak Prescott,Dallas Cowboys,0,,,Dallas Cowboys,2,1,Pre-ETR,74.png
72,3,27,Chris Olave,WR,New Orleans Saints,MATHOLOGY,Jared Goff,Detroit Lions,0,,,Atlanta Falcons,1,1,Pre-ETR,74.png
72,4,28,Chase Brown,RB,Cincinnati Bengals,KRUTCHES93,Jalen Hurts,Philadelphia Eagles,0,,,New England Patriots,0,0,Pre-ETR,74.png
72,5,29,Kenneth Walker III,RB,Seattle Seahawks,ALBOOGIE78,Lamar Jackson,Baltimore Ravens,0,,,Tennessee Titans,0,0,Pre-ETR,74.png
72,6,30,Stefon Diggs,WR,New England Patriots,EZ116,Daniel Jones,Indianapolis Colts,0,,,Cincinnati Bengals,0,0,Pre-ETR,74.png
72,7,31,Breece Hall,RB,New York Jets,NSALOMON12,Caleb Williams,Chicago Bears,0,,,Baltimore Ravens,0,0,Pre-ETR,74.png
72,8,32,Zay Flowers,WR,Baltimore Ravens,GIRAFFEPARADE,Sam Darnold,Seattle Seahawks,0,,,New York Jets,0,0,Pre-ETR,74.png
72,9,33,D'Andre Swift,RB,Chicago Bears,SHAGNASTYB,Aaron Rodgers,Pittsburgh Steelers,0,,,Pittsburgh Steelers,1,1,Pre-ETR,74.png
72,10,34,Rome Odunze,WR,Chicago Bears,GOAZCARDS,Jacoby Brissett,Arizona Cardinals,0,,,Pittsburgh Steelers,1,1,Pre-ETR,74.png
72,11,35,Travis Kelce,TE,Kansas City Chiefs,LENKEITH,Jaxson Dart,New York Giants,0,,,Indianapolis Colts,0,0,Pre-ETR,74.png
72,12,36,Ashton Jeanty,RB,Las Vegas Raiders,D4VE,Drake Maye,New England Patriots,0,,,Cleveland Browns,0,0,Pre-ETR,74.png
72,12,37,Hunter Henry,TE,New England Patriots,D4VE,Drake Maye,New England Patriots,1,,,Cincinnati Bengals,0,0,Pre-ETR,74.png
72,11,38,Jaxson Dart,QB,New York Giants,LENKEITH,Jaxson Dart,New York Giants,1,0,0,Detroit Lions,0,0,Pre-ETR,74.png
72,10,39,DK Metcalf,WR,Pittsburgh Steelers,GOAZCARDS,Jacoby Brissett,Arizona Cardinals,0,,,Chicago Bears,1,1,Pre-ETR,74.png
72,9,40,Dallas Goedert,TE,Philadelphia Eagles,SHAGNASTYB,Aaron Rodgers,Pittsburgh Steelers,0,,,Dallas Cowboys,1,1,Pre-ETR,74.png
72,8,41,Jaylen Warren,RB,Pittsburgh Steelers,GIRAFFEPARADE,Sam Darnold,Seattle Seahawks,0,,,Chicago Bears,0,0,Pre-ETR,74.png
72,7,42,David Montgomery,RB,Detroit Lions,NSALOMON12,Caleb Williams,Chicago Bears,0,,,New York Giants,0,0,Pre-ETR,74.png
72,6,43,Michael Pittman Jr.,WR,Indianapolis Colts,EZ116,Daniel Jones,Indianapolis Colts,1,,,Kansas City Chiefs,0,0,Pre-ETR,74.png
72,5,44,Aaron Jones,RB,Minnesota Vikings,ALBOOGIE78,Lamar Jackson,Baltimore Ravens,0,,,Green Bay Packers,1,1,Pre-ETR,74.png
72,4,45,Kyle Pitts,TE,Atlanta Falcons,KRUTCHES93,Jalen Hurts,Philadelphia Eagles,0,,,New Orleans Saints,1,1,Pre-ETR,74.png
72,3,46,Josh Jacobs,RB,Green Bay Packers,MATHOLOGY,Jared Goff,Detroit Lions,0,,,Minnesota Vikings,0,0,Pre-ETR,74.png
72,2,47,Emanuel Wilson,RB,Green Bay Packers,PIRI24,Dak Prescott,Dallas Cowboys,0,,,Minnesota Vikings,0,0,Pre-ETR,74.png
72,1,48,Michael Wilson,WR,Arizona Cardinals,MARIOSOLAR,Patrick Mahomes,Kansas City Chiefs,0,,,Jacksonville Jaguars,0,0,Pre-ETR,74.png
72,1,49,Alec Pierce,WR,Indianapolis Colts,MARIOSOLAR,Patrick Mahomes,Kansas City Chiefs,0,,,Kansas City Chiefs,1,1,Pre-ETR,74.png
72,2,50,Dak Prescott,QB,Dallas Cowboys,PIRI24,Dak Prescott,Dallas Cowboys,1,1,1,Philadelphia Eagles,1,1,Pre-ETR,74.png
72,3,51,Jared Goff,QB,Detroit Lions,MATHOLOGY,Jared Goff,Detroit Lions,1,1,1,New York Giants,1,1,Pre-ETR,74.png
72,4,52,Alvin Kamara,RB,New Orleans Saints,KRUTCHES93,Jalen Hurts,Philadelphia Eagles,0,,,Atlanta Falcons,1,1,Pre-ETR,74.png
72,5,53,Mark Andrews,TE,Baltimore Ravens,ALBOOGIE78,Lamar Jackson,Baltimore Ravens,1,,,New York Jets,0,0,Pre-ETR,74.png
72,6,54,Daniel Jones,QB,Indianapolis Colts,EZ116,Daniel Jones,Indianapolis Colts,1,1,1,Kansas City Chiefs,0,0,Pre-ETR,74.png
72,7,55,Caleb Williams,QB,Chicago Bears,NSALOMON12,Caleb Williams,Chicago Bears,1,0,0,Pittsburgh Steelers,0,0,Pre-ETR,74.png
72,8,56,Wan'Dale Robinson,WR,New York Giants,GIRAFFEPARADE,Sam Darnold,Seattle Seahawks,0,,,Detroit Lions,0,0,Pre-ETR,74.png
72,9,57,Xavier Worthy,WR,Kansas City Chiefs,SHAGNASTYB,Aaron Rodgers,Pittsburgh Steelers,0,,,Indianapolis Colts,0,0,Pre-ETR,74.png
72,10,58,Juwan Johnson,TE,New Orleans Saints,GOAZCARDS,Jacoby Brissett,Arizona Cardinals,0,,,Atlanta Falcons,0,0,Pre-ETR,74.png
72,11,59,Bam Knight,RB,Arizona Cardinals,LENKEITH,Jaxson Dart,New York Giants,0,,,Jacksonville Jaguars,2,1,Pre-ETR,74.png
72,12,60,Romeo Doubs,WR,Green Bay Packers,D4VE,Drake Maye,New England Patriots,0,,,Minnesota Vikings,0,0,Pre-ETR,74.png
72,12,61,Brian Thomas,WR,Jacksonville Jaguars,D4VE,Drake Maye,New England Patriots,0,,,Arizona Cardinals,0,0,Pre-ETR,74.png
72,11,62,Jakobi Meyers,WR,Jacksonville Jaguars,LENKEITH,Jaxson Dart,New York Giants,0,,,Arizona Cardinals,1,1,Pre-ETR,74.png
72,10,63,Jacoby Brissett,QB,Arizona Cardinals,GOAZCARDS,Jacoby Brissett,Arizona Cardinals,1,0,0,Jacksonville Jaguars,0,0,Pre-ETR,74.png
72,9,64,Aaron Rodgers,QB,Pittsburgh Steelers,SHAGNASTYB,Aaron Rodgers,Pittsburgh Steelers,1,0,0,Chicago Bears,1,1,Pre-ETR,74.png
72,8,65,Sam Darnold,QB,Seattle Seahawks,GIRAFFEPARADE,Sam Darnold,Seattle Seahawks,1,0,0,Tennessee Titans,0,0,Pre-ETR,74.png
72,7,66,Jake Ferguson,TE,Dallas Cowboys,NSALOMON12,Caleb Williams,Chicago Bears,0,,,Philadelphia Eagles,0,0,Pre-ETR,74.png
72,6,67,Jordan Addison,WR,Minnesota Vikings,EZ116,Daniel Jones,Indianapolis Colts,0,,,Green Bay Packers,0,0,Pre-ETR,74.png
72,5,68,Christian Watson,WR,Green Bay Packers,ALBOOGIE78,Lamar Jackson,Baltimore Ravens,0,,,Minnesota Vikings,1,1,Pre-ETR,74.png
72,4,69,Parker Washington,WR,Jacksonville Jaguars,KRUTCHES93,Jalen Hurts,Philadelphia Eagles,0,,,Arizona Cardinals,0,0,Pre-ETR,74.png
72,3,70,Theo Johnson,TE,New York Giants,MATHOLOGY,Jared Goff,Detroit Lions,0,,,Detroit Lions,2,1,Pre-ETR,74.png
72,2,71,Brenton Strange,TE,Jacksonville Jaguars,PIRI24,Dak Prescott,Dallas Cowboys,0,,,Arizona Cardinals,0,0,Pre-ETR,74.png
72,1,72,Kenneth Gainwell,RB,Pittsburgh Steelers,MARIOSOLAR,Patrick Mahomes,Kansas City Chiefs,0,,,Chicago Bears,0,0,Pre-ETR,74.png
73,1,1,Jahmyr Gibbs,RB,Detroit Lions,BUSTERSBOYS,Lamar Jackson,Baltimore Ravens,0,,,New York Giants,1,1,Pre-ETR,75.png
73,2,2,Jonathan Taylor,RB,Indianapolis Colts,HOTSIZAUCE,Dak Prescott,Dallas Cowboys,0,,,Kansas City Chiefs,0,0,Pre-ETR,75.png
73,3,3,Bijan Robinson,RB,Atlanta Falcons,GIRAFFEPARADE,Sam Darnold,Seattle Seahawks,0,,,New Orleans Saints,0,0,Pre-ETR,75.png
73,4,4,Jaxon Smith-Njigba,WR,Seattle Seahawks,TIBBZY,Daniel Jones,Indianapolis Colts,0,,,Tennessee Titans,0,0,Pre-ETR,75.png
73,5,5,Amon-Ra St. Brown,WR,Detroit Lions,IMAGIKARP,Caleb Williams,Chicago Bears,0,,,New York Giants,0,0,Pre-ETR,75.png
73,6,6,Derrick Henry,RB,Baltimore Ravens,PATRICKBARN,Jared Goff,Detroit Lions,0,,,New York Jets,0,0,Pre-ETR,75.png
73,7,7,Saquon Barkley,RB,Philadelphia Eagles,NEZ,Patrick Mahomes,Kansas City Chiefs,0,,,Dallas Cowboys,1,1,Pre-ETR,75.png
73,8,8,Trey McBride,TE,Arizona Cardinals,KRUTCHES93,Jacoby Brissett,Arizona Cardinals,1,,,Jacksonville Jaguars,1,1,Pre-ETR,75.png
73,9,9,Rashee Rice,WR,Kansas City Chiefs,D4VE,Jaxson Dart,New York Giants,0,,,Indianapolis Colts,0,0,Pre-ETR,75.png
73,10,10,CeeDee Lamb,WR,Dallas Cowboys,TBARZ,Drake Maye,New England Patriots,0,,,Philadelphia Eagles,1,1,Pre-ETR,75.png
73,11,11,TreVeyon Henderson,RB,New England Patriots,JORLAND50,Jordan Love,Green Bay Packers,0,,,Cincinnati Bengals,0,0,Pre-ETR,75.png
73,12,12,Jalen Hurts,QB,Philadelphia Eagles,NSALOMON12,Jalen Hurts,Philadelphia Eagles,1,1,1,Dallas Cowboys,0,0,Pre-ETR,75.png
73,12,13,A.J. Brown,WR,Philadelphia Eagles,NSALOMON12,Jalen Hurts,Philadelphia Eagles,1,,,Dallas Cowboys,0,0,Pre-ETR,75.png
73,11,14,Brock Bowers,TE,Las Vegas Raiders,JORLAND50,Jordan Love,Green Bay Packers,0,,,Cleveland Browns,0,0,Pre-ETR,75.png
73,10,15,Drake Maye,QB,New England Patriots,TBARZ,Drake Maye,New England Patriots,1,0,0,Cincinnati Bengals,0,0,Pre-ETR,75.png
73,9,16,Javonte Williams,RB,Dallas Cowboys,D4VE,Jaxson Dart,New York Giants,0,,,Philadelphia Eagles,0,0,Pre-ETR,75.png
73,8,17,Tee Higgins,WR,Cincinnati Bengals,KRUTCHES93,Jacoby Brissett,Arizona Cardinals,0,,,New England Patriots,0,0,Pre-ETR,75.png
73,7,18,George Pickens,WR,Dallas Cowboys,NEZ,Patrick Mahomes,Kansas City Chiefs,0,,,Philadelphia Eagles,1,1,Pre-ETR,75.png
73,6,19,Justin Jefferson,WR,Minnesota Vikings,PATRICKBARN,Jared Goff,Detroit Lions,0,,,Green Bay Packers,0,0,Pre-ETR,75.png
73,5,20,Jameson Williams,WR,Detroit Lions,IMAGIKARP,Caleb Williams,Chicago Bears,0,,,New York Giants,0,0,Pre-ETR,75.png
73,4,21,Travis Etienne Jr.,RB,Jacksonville Jaguars,TIBBZY,Daniel Jones,Indianapolis Colts,0,,,Arizona Cardinals,0,0,Pre-ETR,75.png
73,3,22,Chase Brown,RB,Cincinnati Bengals,GIRAFFEPARADE,Sam Darnold,Seattle Seahawks,0,,,New England Patriots,0,0,Pre-ETR,75.png
73,2,23,Chris Olave,WR,New Orleans Saints,HOTSIZAUCE,Dak Prescott,Dallas Cowboys,0,,,Atlanta Falcons,0,0,Pre-ETR,75.png
73,1,24,Lamar Jackson,QB,Baltimore Ravens,BUSTERSBOYS,Lamar Jackson,Baltimore Ravens,1,0,0,New York Jets,0,0,Pre-ETR,75.png
73,1,25,Tyler Warren,TE,Indianapolis Colts,BUSTERSBOYS,Lamar Jackson,Baltimore Ravens,0,,,Kansas City Chiefs,0,0,Pre-ETR,75.png
73,2,26,DeVonta Smith,WR,Philadelphia Eagles,HOTSIZAUCE,Dak Prescott,Dallas Cowboys,0,,,Dallas Cowboys,2,1,Pre-ETR,75.png
73,3,27,Travis Kelce,TE,Kansas City Chiefs,GIRAFFEPARADE,Sam Darnold,Seattle Seahawks,0,,,Indianapolis Colts,1,1,Pre-ETR,75.png
73,4,28,Stefon Diggs,WR,New England Patriots,TIBBZY,Daniel Jones,Indianapolis Colts,0,,,Cincinnati Bengals,1,1,Pre-ETR,75.png
73,5,29,Kenneth Walker III,RB,Seattle Seahawks,IMAGIKARP,Caleb Williams,Chicago Bears,0,,,Tennessee Titans,0,0,Pre-ETR,75.png
73,6,30,Zay Flowers,WR,Baltimore Ravens,PATRICKBARN,Jared Goff,Detroit Lions,0,,,New York Jets,0,0,Pre-ETR,75.png
73,7,31,Patrick Mahomes,QB,Kansas City Chiefs,NEZ,Patrick Mahomes,Kansas City Chiefs,1,1,1,Indianapolis Colts,0,0,Pre-ETR,75.png
73,8,32,Quinshon Judkins,RB,Cleveland Browns,KRUTCHES93,Jacoby Brissett,Arizona Cardinals,0,,,Las Vegas Raiders,0,0,Pre-ETR,75.png
73,9,33,Ashton Jeanty,RB,Las Vegas Raiders,D4VE,Jaxson Dart,New York Giants,0,,,Cleveland Browns,0,0,Pre-ETR,75.png
73,10,34,Breece Hall,RB,New York Jets,TBARZ,Drake Maye,New England Patriots,0,,,Baltimore Ravens,0,0,Pre-ETR,75.png
73,11,35,Rome Odunze,WR,Chicago Bears,JORLAND50,Jordan Love,Green Bay Packers,0,,,Pittsburgh Steelers,1,1,Pre-ETR,75.png
73,12,36,DK Metcalf,WR,Pittsburgh Steelers,NSALOMON12,Jalen Hurts,Philadelphia Eagles,0,,,Chicago Bears,0,0,Pre-ETR,75.png
73,12,37,David Montgomery,RB,Detroit Lions,NSALOMON12,Jalen Hurts,Philadelphia Eagles,0,,,New York Giants,0,0,Pre-ETR,75.png
73,11,38,Jaylen Warren,RB,Pittsburgh Steelers,JORLAND50,Jordan Love,Green Bay Packers,0,,,Chicago Bears,1,1,Pre-ETR,75.png
73,10,39,Dallas Goedert,TE,Philadelphia Eagles,TBARZ,Drake Maye,New England Patriots,0,,,Dallas Cowboys,1,1,Pre-ETR,75.png
73,9,40,Jaxson Dart,QB,New York Giants,D4VE,Jaxson Dart,New York Giants,1,1,1,Detroit Lions,0,0,Pre-ETR,75.png
73,8,41,Aaron Jones,RB,Minnesota Vikings,KRUTCHES93,Jacoby Brissett,Arizona Cardinals,0,,,Green Bay Packers,0,0,Pre-ETR,75.png
73,7,42,Josh Jacobs,RB,Green Bay Packers,NEZ,Patrick Mahomes,Kansas City Chiefs,0,,,Minnesota Vikings,0,0,Pre-ETR,75.png
73,6,43,Jared Goff,QB,Detroit Lions,PATRICKBARN,Jared Goff,Detroit Lions,1,1,1,New York Giants,0,0,Pre-ETR,75.png
73,5,44,D'Andre Swift,RB,Chicago Bears,IMAGIKARP,Caleb Williams,Chicago Bears,1,,,Pittsburgh Steelers,0,0,Pre-ETR,75.png
73,4,45,Daniel Jones,QB,Indianapolis Colts,TIBBZY,Daniel Jones,Indianapolis Colts,1,1,1,Kansas City Chiefs,0,0,Pre-ETR,75.png
73,3,46,Michael Wilson,WR,Arizona Cardinals,GIRAFFEPARADE,Sam Darnold,Seattle Seahawks,0,,,Jacksonville Jaguars,0,0,Pre-ETR,75.png
73,2,47,Jake Ferguson,TE,Dallas Cowboys,HOTSIZAUCE,Dak Prescott,Dallas Cowboys,1,,,Philadelphia Eagles,1,1,Pre-ETR,75.png
73,1,48,Wan'Dale Robinson,WR,New York Giants,BUSTERSBOYS,Lamar Jackson,Baltimore Ravens,0,,,Detroit Lions,1,1,Pre-ETR,75.png
73,1,49,Darnell Mooney,WR,Atlanta Falcons,BUSTERSBOYS,Lamar Jackson,Baltimore Ravens,0,,,New Orleans Saints,0,0,Pre-ETR,75.png
73,2,50,Dak Prescott,QB,Dallas Cowboys,HOTSIZAUCE,Dak Prescott,Dallas Cowboys,1,1,1,Philadelphia Eagles,1,1,Pre-ETR,75.png
73,3,51,Michael Pittman Jr.,WR,Indianapolis Colts,GIRAFFEPARADE,Sam Darnold,Seattle Seahawks,0,,,Kansas City Chiefs,1,1,Pre-ETR,75.png
73,4,52,Alec Pierce,WR,Indianapolis Colts,TIBBZY,Daniel Jones,Indianapolis Colts,1,,,Kansas City Chiefs,0,0,Pre-ETR,75.png
73,5,53,Caleb Williams,QB,Chicago Bears,IMAGIKARP,Caleb Williams,Chicago Bears,1,2,1,Pittsburgh Steelers,0,0,Pre-ETR,75.png
73,6,54,Alvin Kamara,RB,New Orleans Saints,PATRICKBARN,Jared Goff,Detroit Lions,0,,,Atlanta Falcons,0,0,Pre-ETR,75.png
73,7,55,Xavier Worthy,WR,Kansas City Chiefs,NEZ,Patrick Mahomes,Kansas City Chiefs,1,,,Indianapolis Colts,0,0,Pre-ETR,75.png
73,8,56,Jacoby Brissett,QB,Arizona Cardinals,KRUTCHES93,Jacoby Brissett,Arizona Cardinals,1,1,1,Jacksonville Jaguars,1,1,Pre-ETR,75.png
73,9,57,Hunter Henry,TE,New England Patriots,D4VE,Jaxson Dart,New York Giants,0,,,Cincinnati Bengals,0,0,Pre-ETR,75.png
73,10,58,Christian Watson,WR,Green Bay Packers,TBARZ,Drake Maye,New England Patriots,0,,,Minnesota Vikings,0,0,Pre-ETR,75.png
73,11,59,Christian Watson,WR,Green Bay Packers,JORLAND50,Jordan Love,Green Bay Packers,1,,,Minnesota Vikings,0,0,Pre-ETR,75.png
73,12,60,Emanuel Wilson,RB,Green Bay Packers,NSALOMON12,Jalen Hurts,Philadelphia Eagles,0,,,Minnesota Vikings,0,0,Pre-ETR,75.png
73,12,61,Kyle Pitts,TE,Atlanta Falcons,NSALOMON12,Jalen Hurts,Philadelphia Eagles,0,,,New Orleans Saints,0,0,Pre-ETR,75.png
73,11,62,Jordan Love,QB,Green Bay Packers,JORLAND50,Jordan Love,Green Bay Packers,1,1,1,Minnesota Vikings,0,0,Pre-ETR,75.png
73,10,63,Kenneth Gainwell,RB,Pittsburgh Steelers,TBARZ,Drake Maye,New England Patriots,0,,,Chicago Bears,0,0,Pre-ETR,75.png
73,9,64,Darius Slayton,WR,New York Giants,D4VE,Jaxson Dart,New York Giants,1,,,Detroit Lions,0,0,Pre-ETR,75.png
73,8,65,Parker Washington,WR,Jacksonville Jaguars,KRUTCHES93,Jacoby Brissett,Arizona Cardinals,0,,,Arizona Cardinals,2,1,Pre-ETR,75.png
73,7,66,Juwan Johnson,TE,New Orleans Saints,NEZ,Patrick Mahomes,Kansas City Chiefs,0,,,Atlanta Falcons,0,0,Pre-ETR,75.png
73,6,67,Brock Wright,TE,Detroit Lions,PATRICKBARN,Jared Goff,Detroit Lions,1,,,New York Giants,0,0,Pre-ETR,75.png
73,5,68,Colston Loveland,TE,Chicago Bears,IMAGIKARP,Caleb Williams,Chicago Bears,1,,,Pittsburgh Steelers,0,0,Pre-ETR,75.png
73,4,69,Noah Fant,TE,Cincinnati Bengals,TIBBZY,Daniel Jones,Indianapolis Colts,0,,,New England Patriots,1,1,Pre-ETR,75.png
73,3,70,Sam Darnold,QB,Seattle Seahawks,GIRAFFEPARADE,Sam Darnold,Seattle Seahawks,1,0,0,Tennessee Titans,0,0,Pre-ETR,75.png
73,2,71,Bam Knight,RB,Arizona Cardinals,HOTSIZAUCE,Dak Prescott,Dallas Cowboys,0,,,Jacksonville Jaguars,0,0,Pre-ETR,75.png
73,1,72,D.J. Moore,WR,Chicago Bears,BUSTERSBOYS,Lamar Jackson,Baltimore Ravens,0,,,Pittsburgh Steelers,0,0,Pre-ETR,75.png
74,1,1,Jahmyr Gibbs,RB,Detroit Lions,BUSTERSBOYS,Trevor Lawrence,Jacksonville Jaguars,0,,,New York Giants,0,0,Pre-ETR,76.png
74,2,2,Jonathan Taylor,RB,Indianapolis Colts,DONNYCAMIN,Dak Prescott,Dallas Cowboys,0,,,Kansas City Chiefs,0,0,Pre-ETR,76.png
74,3,3,Bijan Robinson,RB,Atlanta Falcons,D4VE,Caleb Williams,Chicago Bears,0,,,New Orleans Saints,0,0,Pre-ETR,76.png
74,4,4,Amon-Ra St. Brown,WR,Detroit Lions,MATHOLOGY,Lamar Jackson,Baltimore Ravens,0,,,New York Giants,1,1,Pre-ETR,76.png
74,5,5,Jaxon Smith-Njigba,WR,Seattle Seahawks,IMAGIKARP,Drake Maye,New England Patriots,0,,,Tennessee Titans,0,0,Pre-ETR,76.png
74,6,6,Trey McBride,TE,Arizona Cardinals,INGELX,Jared Goff,Detroit Lions,0,,,Jacksonville Jaguars,0,0,Pre-ETR,76.png
74,7,7,Saquon Barkley,RB,Philadelphia Eagles,JORLAND50,Tyler Shough,New Orleans Saints,0,,,Dallas Cowboys,1,1,Pre-ETR,76.png
74,8,8,Derrick Henry,RB,Baltimore Ravens,GUNNEROSS,Sam Darnold,Seattle Seahawks,0,,,New York Jets,0,0,Pre-ETR,76.png
74,9,9,CeeDee Lamb,WR,Dallas Cowboys,STEADY314,Patrick Mahomes,Kansas City Chiefs,0,,,Philadelphia Eagles,0,0,Pre-ETR,76.png
74,10,10,Rashee Rice,WR,Kansas City Chiefs,ALBOOGIE78,Jacoby Brissett,Arizona Cardinals,0,,,Indianapolis Colts,0,0,Pre-ETR,76.png
74,11,11,Tee Higgins,WR,Cincinnati Bengals,KRUTCHES93,Jaxson Dart,New York Giants,0,,,New England Patriots,1,1,Pre-ETR,76.png
74,12,12,TreVeyon Henderson,RB,New England Patriots,FFLINX,Jalen Hurts,Philadelphia Eagles,0,,,Cincinnati Bengals,0,0,Pre-ETR,76.png
74,12,13,Jalen Hurts,QB,Philadelphia Eagles,FFLINX,Jalen Hurts,Philadelphia Eagles,1,1,1,Dallas Cowboys,0,0,Pre-ETR,76.png
74,11,14,Brock Bowers,TE,Las Vegas Raiders,KRUTCHES93,Jaxson Dart,New York Giants,0,,,Cleveland Browns,0,0,Pre-ETR,76.png
74,10,15,Travis Etienne Jr.,RB,Jacksonville Jaguars,ALBOOGIE78,Jacoby Brissett,Arizona Cardinals,0,,,Arizona Cardinals,2,1,Pre-ETR,76.png
74,9,16,Patrick Mahomes,QB,Kansas City Chiefs,STEADY314,Patrick Mahomes,Kansas City Chiefs,1,1,1,Indianapolis Colts,1,1,Pre-ETR,76.png
74,8,17,George Pickens,WR,Dallas Cowboys,GUNNEROSS,Sam Darnold,Seattle Seahawks,0,,,Philadelphia Eagles,0,0,Pre-ETR,76.png
74,7,18,Javonte Williams,RB,Dallas Cowboys,JORLAND50,Tyler Shough,New Orleans Saints,0,,,Philadelphia Eagles,2,1,Pre-ETR,76.png
74,6,19,Jameson Williams,WR,Detroit Lions,INGELX,Jared Goff,Detroit Lions,1,,,New York Giants,0,0,Pre-ETR,76.png
74,5,20,Drake Maye,QB,New England Patriots,IMAGIKARP,Drake Maye,New England Patriots,1,2,1,Cincinnati Bengals,0,0,Pre-ETR,76.png
74,4,21,Lamar Jackson,QB,Baltimore Ravens,MATHOLOGY,Lamar Jackson,Baltimore Ravens,1,1,1,New York Jets,0,0,Pre-ETR,76.png
74,3,22,A.J. Brown,WR,Philadelphia Eagles,D4VE,Caleb Williams,Chicago Bears,0,,,Dallas Cowboys,0,0,Pre-ETR,76.png
74,2,23,Tyler Warren,TE,Indianapolis Colts,DONNYCAMIN,Dak Prescott,Dallas Cowboys,0,,,Kansas City Chiefs,0,0,Pre-ETR,76.png
74,1,24,Justin Jefferson,WR,Minnesota Vikings,BUSTERSBOYS,Trevor Lawrence,Jacksonville Jaguars,0,,,Green Bay Packers,1,1,Pre-ETR,76.png
74,1,25,Chris Olave,WR,New Orleans Saints,BUSTERSBOYS,Trevor Lawrence,Jacksonville Jaguars,0,,,Atlanta Falcons,1,1,Pre-ETR,76.png
74,2,26,Chase Brown,RB,Cincinnati Bengals,DONNYCAMIN,Dak Prescott,Dallas Cowboys,0,,,New England Patriots,0,0,Pre-ETR,76.png
74,3,27,Travis Kelce,TE,Kansas City Chiefs,D4VE,Caleb Williams,Chicago Bears,0,,,Indianapolis Colts,0,0,Pre-ETR,76.png
74,4,28,Zay Flowers,WR,Baltimore Ravens,MATHOLOGY,Lamar Jackson,Baltimore Ravens,1,,,New York Jets,0,0,Pre-ETR,76.png
74,5,29,Quinshon Judkins,RB,Cleveland Browns,IMAGIKARP,Drake Maye,New England Patriots,0,,,Las Vegas Raiders,0,0,Pre-ETR,76.png
74,6,30,Kenneth Walker III,RB,Seattle Seahawks,INGELX,Jared Goff,Detroit Lions,0,,,Tennessee Titans,0,0,Pre-ETR,76.png
74,7,31,DeVonta Smith,WR,Philadelphia Eagles,JORLAND50,Tyler Shough,New Orleans Saints,0,,,Dallas Cowboys,1,1,Pre-ETR,76.png
74,8,32,Rome Odunze,WR,Chicago Bears,GUNNEROSS,Sam Darnold,Seattle Seahawks,0,,,Pittsburgh Steelers,1,1,Pre-ETR,76.png
74,9,33,Michael Pittman Jr.,WR,Indianapolis Colts,STEADY314,Patrick Mahomes,Kansas City Chiefs,0,,,Kansas City Chiefs,2,1,Pre-ETR,76.png
74,10,34,Breece Hall,RB,New York Jets,ALBOOGIE78,Jacoby Brissett,Arizona Cardinals,0,,,Baltimore Ravens,1,1,Pre-ETR,76.png
74,11,35,Stefon Diggs,WR,New England Patriots,KRUTCHES93,Jaxson Dart,New York Giants,0,,,Cincinnati Bengals,1,1,Pre-ETR,76.png
74,12,36,D'Andre Swift,RB,Chicago Bears,FFLINX,Jalen Hurts,Philadelphia Eagles,0,,,Pittsburgh Steelers,0,0,Pre-ETR,76.png
74,12,37,Dallas Goedert,TE,Philadelphia Eagles,FFLINX,Jalen Hurts,Philadelphia Eagles,1,,,Dallas Cowboys,0,0,Pre-ETR,76.png
74,11,38,Jaxson Dart,QB,New York Giants,KRUTCHES93,Jaxson Dart,New York Giants,1,0,0,Detroit Lions,1,1,Pre-ETR,76.png
74,10,39,Michael Wilson,WR,Arizona Cardinals,ALBOOGIE78,Jacoby Brissett,Arizona Cardinals,1,,,Jacksonville Jaguars,1,1,Pre-ETR,76.png
74,9,40,Xavier Worthy,WR,Kansas City Chiefs,STEADY314,Patrick Mahomes,Kansas City Chiefs,1,,,Indianapolis Colts,1,1,Pre-ETR,76.png
74,8,41,DK Metcalf,WR,Pittsburgh Steelers,GUNNEROSS,Sam Darnold,Seattle Seahawks,0,,,Chicago Bears,1,1,Pre-ETR,76.png
74,7,42,Wan'Dale Robinson,WR,New York Giants,JORLAND50,Tyler Shough,New Orleans Saints,0,,,Detroit Lions,0,0,Pre-ETR,76.png
74,6,43,Jared Goff,QB,Detroit Lions,INGELX,Jared Goff,Detroit Lions,1,1,1,New York Giants,0,0,Pre-ETR,76.png
74,5,44,Hunter Henry,TE,New England Patriots,IMAGIKARP,Drake Maye,New England Patriots,1,,,Cincinnati Bengals,0,0,Pre-ETR,76.png
74,4,45,Ashton Jeanty,RB,Las Vegas Raiders,MATHOLOGY,Lamar Jackson,Baltimore Ravens,0,,,Cleveland Browns,0,0,Pre-ETR,76.png
74,3,46,Jaylen Warren,RB,Pittsburgh Steelers,D4VE,Caleb Williams,Chicago Bears,0,,,Chicago Bears,2,1,Pre-ETR,76.png
74,2,47,Dak Prescott,QB,Dallas Cowboys,DONNYCAMIN,Dak Prescott,Dallas Cowboys,1,0,0,Philadelphia Eagles,0,0,Pre-ETR,76.png
74,1,48,Josh Jacobs,RB,Green Bay Packers,BUSTERSBOYS,Trevor Lawrence,Jacksonville Jaguars,0,,,Minnesota Vikings,1,1,Pre-ETR,76.png
74,1,49,Kyle Pitts,TE,Atlanta Falcons,BUSTERSBOYS,Trevor Lawrence,Jacksonville Jaguars,0,,,New Orleans Saints,1,1,Pre-ETR,76.png
74,2,50,Romeo Doubs,WR,Green Bay Packers,DONNYCAMIN,Dak Prescott,Dallas Cowboys,0,,,Minnesota Vikings,0,0,Pre-ETR,76.png
74,3,51,Caleb Williams,QB,Chicago Bears,D4VE,Caleb Williams,Chicago Bears,1,1,1,Pittsburgh Steelers,1,1,Pre-ETR,76.png
74,4,52,Aaron Jones,RB,Minnesota Vikings,MATHOLOGY,Lamar Jackson,Baltimore Ravens,0,,,Green Bay Packers,0,0,Pre-ETR,76.png
74,5,53,Emanuel Wilson,RB,Green Bay Packers,IMAGIKARP,Drake Maye,New England Patriots,0,,,Minnesota Vikings,0,0,Pre-ETR,76.png
74,6,54,Alvin Kamara,RB,New Orleans Saints,INGELX,Jared Goff,Detroit Lions,0,,,Atlanta Falcons,0,0,Pre-ETR,76.png
74,7,55,Juwan Johnson,TE,New Orleans Saints,JORLAND50,Tyler Shough,New Orleans Saints,1,,,Atlanta Falcons,0,0,Pre-ETR,76.png
74,8,56,AJ Barner,TE,Seattle Seahawks,GUNNEROSS,Sam Darnold,Seattle Seahawks,1,,,Tennessee Titans,0,0,Pre-ETR,76.png
74,9,57,Kenneth Gainwell,RB,Pittsburgh Steelers,STEADY314,Patrick Mahomes,Kansas City Chiefs,0,,,Chicago Bears,0,0,Pre-ETR,76.png
74,10,58,Mark Andrews,TE,Baltimore Ravens,ALBOOGIE78,Jacoby Brissett,Arizona Cardinals,0,,,New York Jets,1,1,Pre-ETR,76.png
74,11,59,Christian Watson,WR,Green Bay Packers,KRUTCHES93,Jaxson Dart,New York Giants,0,,,Minnesota Vikings,0,0,Pre-ETR,76.png
74,12,60,Alec Pierce,WR,Indianapolis Colts,FFLINX,Jalen Hurts,Philadelphia Eagles,0,,,Kansas City Chiefs,0,0,Pre-ETR,76.png
74,12,61,Darnell Mooney,WR,Atlanta Falcons,FFLINX,Jalen Hurts,Philadelphia Eagles,0,,,New Orleans Saints,0,0,Pre-ETR,76.png
74,11,62,David Montgomery,RB,Detroit Lions,KRUTCHES93,Jaxson Dart,New York Giants,0,,,New York Giants,1,1,Pre-ETR,76.png
74,10,63,Jacoby Brissett,QB,Arizona Cardinals,ALBOOGIE78,Jacoby Brissett,Arizona Cardinals,1,1,1,Jacksonville Jaguars,1,1,Pre-ETR,76.png
74,9,64,Jake Ferguson,TE,Dallas Cowboys,STEADY314,Patrick Mahomes,Kansas City Chiefs,0,,,Philadelphia Eagles,0,0,Pre-ETR,76.png
74,8,65,Sam Darnold,QB,Seattle Seahawks,GUNNEROSS,Sam Darnold,Seattle Seahawks,1,1,1,Tennessee Titans,0,0,Pre-ETR,76.png
74,7,66,Tyler Shough,QB,New Orleans Saints,JORLAND50,Tyler Shough,New Orleans Saints,1,1,1,Atlanta Falcons,0,0,Pre-ETR,76.png
74,6,67,Jordan Addison,WR,Minnesota Vikings,INGELX,Jared Goff,Detroit Lions,0,,,Green Bay Packers,0,0,Pre-ETR,76.png
74,5,68,Mack Hollins,WR,New England Patriots,IMAGIKARP,Drake Maye,New England Patriots,1,,,Cincinnati Bengals,0,0,Pre-ETR,76.png
74,4,69,Theo Johnson,TE,New York Giants,MATHOLOGY,Lamar Jackson,Baltimore Ravens,0,,,Detroit Lions,1,1,Pre-ETR,76.png
74,3,70,D.J. Moore,WR,Chicago Bears,D4VE,Caleb Williams,Chicago Bears,1,,,Pittsburgh Steelers,1,1,Pre-ETR,76.png
74,2,71,Brian Thomas,WR,Jacksonville Jaguars,DONNYCAMIN,Dak Prescott,Dallas Cowboys,0,,,Arizona Cardinals,0,0,Pre-ETR,76.png
74,1,72,Trevor Lawrence,QB,Jacksonville Jaguars,BUSTERSBOYS,Trevor Lawrence,Jacksonville Jaguars,1,0,0,Arizona Cardinals,0,0,Pre-ETR,76.png
75,1,1,Jahmyr Gibbs,RB,Detroit Lions,KRUTCHES93,Patrick Mahomes,Kansas City Chiefs,0,,,New York Giants,0,0,Pre-ETR,77.png
75,2,2,Jonathan Taylor,RB,Indianapolis Colts,BUSTERSBOYS,Jordan Love,Green Bay Packers,0,,,Kansas City Chiefs,0,0,Pre-ETR,77.png
75,3,3,Bijan Robinson,RB,Atlanta Falcons,XCHEERFUL,Drake Maye,New England Patriots,0,,,New Orleans Saints,1,1,Pre-ETR,77.png
75,4,4,Jaxon Smith-Njigba,WR,Seattle Seahawks,TIBBZY,Lamar Jackson,Baltimore Ravens,0,,,Tennessee Titans,0,0,Pre-ETR,77.png
75,5,5,Amon-Ra St. Brown,WR,Detroit Lions,CRBLAKE2,Jared Goff,Detroit Lions,1,,,New York Giants,1,1,Pre-ETR,77.png
75,6,6,Saquon Barkley,RB,Philadelphia Eagles,CHADCANDLES,Caleb Williams,Chicago Bears,0,,,Dallas Cowboys,0,0,Pre-ETR,77.png
75,7,7,Trey McBride,TE,Arizona Cardinals,JDUBEU,Jalen Hurts,Philadelphia Eagles,0,,,Jacksonville Jaguars,0,0,Pre-ETR,77.png
75,8,8,Derrick Henry,RB,Baltimore Ravens,D4VE,Jaxson Dart,New York Giants,0,,,New York Jets,0,0,Pre-ETR,77.png
75,9,9,CeeDee Lamb,WR,Dallas Cowboys,HDJDHDJDJSK,Trevor Lawrence,Jacksonville Jaguars,0,,,Philadelphia Eagles,0,0,Pre-ETR,77.png
75,10,10,TreVeyon Henderson,RB,New England Patriots,BRANDMILLER,Dak Prescott,Dallas Cowboys,0,,,Cincinnati Bengals,0,0,Pre-ETR,77.png
75,11,11,Rashee Rice,WR,Kansas City Chiefs,VOGEYBERRA8,Jacoby Brissett,Arizona Cardinals,0,,,Indianapolis Colts,0,0,Pre-ETR,77.png
75,12,12,Brock Bowers,TE,Las Vegas Raiders,HOTSIZAUCE,Daniel Jones,Indianapolis Colts,0,,,Cleveland Browns,0,0,Pre-ETR,77.png
75,12,13,Javonte Williams,RB,Dallas Cowboys,HOTSIZAUCE,Daniel Jones,Indianapolis Colts,0,,,Philadelphia Eagles,0,0,Pre-ETR,77.png
75,11,14,Chase Brown,RB,Cincinnati Bengals,VOGEYBERRA8,Jacoby Brissett,Arizona Cardinals,0,,,New England Patriots,0,0,Pre-ETR,77.png
75,10,15,George Pickens,WR,Dallas Cowboys,BRANDMILLER,Dak Prescott,Dallas Cowboys,1,,,Philadelphia Eagles,0,0,Pre-ETR,77.png
75,9,16,Travis Etienne Jr.,RB,Jacksonville Jaguars,HDJDHDJDJSK,Trevor Lawrence,Jacksonville Jaguars,1,,,Arizona Cardinals,0,0,Pre-ETR,77.png
75,8,17,Tee Higgins,WR,Cincinnati Bengals,D4VE,Jaxson Dart,New York Giants,0,,,New England Patriots,0,0,Pre-ETR,77.png
75,7,18,Jalen Hurts,QB,Philadelphia Eagles,JDUBEU,Jalen Hurts,Philadelphia Eagles,1,1,1,Dallas Cowboys,1,1,Pre-ETR,77.png
75,6,19,Justin Jefferson,WR,Minnesota Vikings,CHADCANDLES,Caleb Williams,Chicago Bears,0,,,Green Bay Packers,0,0,Pre-ETR,77.png
75,5,20,Jameson Williams,WR,Detroit Lions,CRBLAKE2,Jared Goff,Detroit Lions,1,,,New York Giants,1,1,Pre-ETR,77.png
75,4,21,Lamar Jackson,QB,Baltimore Ravens,TIBBZY,Lamar Jackson,Baltimore Ravens,1,1,1,New York Jets,0,0,Pre-ETR,77.png
75,3,22,Drake Maye,QB,New England Patriots,XCHEERFUL,Drake Maye,New England Patriots,1,0,0,Cincinnati Bengals,0,0,Pre-ETR,77.png
75,2,23,Tyler Warren,TE,Indianapolis Colts,BUSTERSBOYS,Jordan Love,Green Bay Packers,0,,,Kansas City Chiefs,0,0,Pre-ETR,77.png
75,1,24,Patrick Mahomes,QB,Kansas City Chiefs,KRUTCHES93,Patrick Mahomes,Kansas City Chiefs,1,1,1,Indianapolis Colts,0,0,Pre-ETR,77.png
75,1,25,Travis Kelce,TE,Kansas City Chiefs,KRUTCHES93,Patrick Mahomes,Kansas City Chiefs,1,,,Indianapolis Colts,0,0,Pre-ETR,77.png
75,2,26,A.J. Brown,WR,Philadelphia Eagles,BUSTERSBOYS,Jordan Love,Green Bay Packers,0,,,Dallas Cowboys,0,0,Pre-ETR,77.png
75,3,27,Chris Olave,WR,New Orleans Saints,XCHEERFUL,Drake Maye,New England Patriots,0,,,Atlanta Falcons,1,1,Pre-ETR,77.png
75,4,28,Zay Flowers,WR,Baltimore Ravens,TIBBZY,Lamar Jackson,Baltimore Ravens,1,,,New York Jets,0,0,Pre-ETR,77.png
75,5,29,Kenneth Walker III,RB,Seattle Seahawks,CRBLAKE2,Jared Goff,Detroit Lions,0,,,Tennessee Titans,0,0,Pre-ETR,77.png
75,6,30,Ashton Jeanty,RB,Las Vegas Raiders,CHADCANDLES,Caleb Williams,Chicago Bears,0,,,Cleveland Browns,0,0,Pre-ETR,77.png
75,7,31,DeVonta Smith,WR,Philadelphia Eagles,JDUBEU,Jalen Hurts,Philadelphia Eagles,1,,,Dallas Cowboys,1,1,Pre-ETR,77.png
75,8,32,Quinshon Judkins,RB,Cleveland Browns,D4VE,Jaxson Dart,New York Giants,0,,,Las Vegas Raiders,0,0,Pre-ETR,77.png
75,9,33,Stefon Diggs,WR,New England Patriots,HDJDHDJDJSK,Trevor Lawrence,Jacksonville Jaguars,0,,,Cincinnati Bengals,0,0,Pre-ETR,77.png
75,10,34,Breece Hall,RB,New York Jets,BRANDMILLER,Dak Prescott,Dallas Cowboys,0,,,Baltimore Ravens,1,1,Pre-ETR,77.png
75,11,35,Aaron Jones,RB,Minnesota Vikings,VOGEYBERRA8,Jacoby Brissett,Arizona Cardinals,0,,,Green Bay Packers,0,0,Pre-ETR,77.png
75,12,36,Jaylen Warren,RB,Pittsburgh Steelers,HOTSIZAUCE,Daniel Jones,Indianapolis Colts,0,,,Chicago Bears,1,1,Pre-ETR,77.png
75,12,37,Rome Odunze,WR,Chicago Bears,HOTSIZAUCE,Daniel Jones,Indianapolis Colts,0,,,Pittsburgh Steelers,1,1,Pre-ETR,77.png
75,11,38,Michael Wilson,WR,Arizona Cardinals,VOGEYBERRA8,Jacoby Brissett,Arizona Cardinals,1,,,Jacksonville Jaguars,0,0,Pre-ETR,77.png
75,10,39,Dak Prescott,QB,Dallas Cowboys,BRANDMILLER,Dak Prescott,Dallas Cowboys,1,1,1,Philadelphia Eagles,0,0,Pre-ETR,77.png
75,9,40,D'Andre Swift,RB,Chicago Bears,HDJDHDJDJSK,Trevor Lawrence,Jacksonville Jaguars,0,,,Pittsburgh Steelers,0,0,Pre-ETR,77.png
75,8,41,Jaxson Dart,QB,New York Giants,D4VE,Jaxson Dart,New York Giants,1,1,1,Detroit Lions,0,0,Pre-ETR,77.png
75,7,42,DK Metcalf,WR,Pittsburgh Steelers,JDUBEU,Jalen Hurts,Philadelphia Eagles,0,,,Chicago Bears,0,0,Pre-ETR,77.png
75,6,43,Hunter Henry,TE,New England Patriots,CHADCANDLES,Caleb Williams,Chicago Bears,0,,,Cincinnati Bengals,0,0,Pre-ETR,77.png
75,5,44,Jared Goff,QB,Detroit Lions,CRBLAKE2,Jared Goff,Detroit Lions,1,2,1,New York Giants,1,1,Pre-ETR,77.png
75,4,45,Josh Jacobs,RB,Green Bay Packers,TIBBZY,Lamar Jackson,Baltimore Ravens,0,,,Minnesota Vikings,0,0,Pre-ETR,77.png
75,3,46,Michael Pittman Jr.,WR,Indianapolis Colts,XCHEERFUL,Drake Maye,New England Patriots,0,,,Kansas City Chiefs,0,0,Pre-ETR,77.png
75,2,47,Wan'Dale Robinson,WR,New York Giants,BUSTERSBOYS,Jordan Love,Green Bay Packers,0,,,Detroit Lions,1,1,Pre-ETR,77.png
75,1,48,Emanuel Wilson,RB,Green Bay Packers,KRUTCHES93,Patrick Mahomes,Kansas City Chiefs,0,,,Minnesota Vikings,0,0,Pre-ETR,77.png
75,1,49,Romeo Doubs,WR,Green Bay Packers,KRUTCHES93,Patrick Mahomes,Kansas City Chiefs,0,,,Minnesota Vikings,0,0,Pre-ETR,77.png
75,2,50,David Montgomery,RB,Detroit Lions,BUSTERSBOYS,Jordan Love,Green Bay Packers,0,,,New York Giants,1,1,Pre-ETR,77.png
75,3,51,Dallas Goedert,TE,Philadelphia Eagles,XCHEERFUL,Drake Maye,New England Patriots,0,,,Dallas Cowboys,0,0,Pre-ETR,77.png
75,4,52,Xavier Worthy,WR,Kansas City Chiefs,TIBBZY,Lamar Jackson,Baltimore Ravens,0,,,Indianapolis Colts,0,0,Pre-ETR,77.png
75,5,53,Alec Pierce,WR,Indianapolis Colts,CRBLAKE2,Jared Goff,Detroit Lions,0,,,Kansas City Chiefs,0,0,Pre-ETR,77.png
75,6,54,Caleb Williams,QB,Chicago Bears,CHADCANDLES,Caleb Williams,Chicago Bears,1,1,1,Pittsburgh Steelers,0,0,Pre-ETR,77.png
75,7,55,Jake Ferguson,TE,Dallas Cowboys,JDUBEU,Jalen Hurts,Philadelphia Eagles,0,,,Philadelphia Eagles,2,1,Pre-ETR,77.png
75,8,56,Kyle Pitts,TE,Atlanta Falcons,D4VE,Jaxson Dart,New York Giants,0,,,New Orleans Saints,0,0,Pre-ETR,77.png
75,9,57,Juwan Johnson,TE,New Orleans Saints,HDJDHDJDJSK,Trevor Lawrence,Jacksonville Jaguars,0,,,Atlanta Falcons,0,0,Pre-ETR,77.png
75,10,58,Mark Andrews,TE,Baltimore Ravens,BRANDMILLER,Dak Prescott,Dallas Cowboys,0,,,New York Jets,1,1,Pre-ETR,77.png
75,11,59,Jacoby Brissett,QB,Arizona Cardinals,VOGEYBERRA8,Jacoby Brissett,Arizona Cardinals,1,1,1,Jacksonville Jaguars,0,0,Pre-ETR,77.png
75,12,60,Darnell Mooney,WR,Atlanta Falcons,HOTSIZAUCE,Daniel Jones,Indianapolis Colts,0,,,New Orleans Saints,0,0,Pre-ETR,77.png
75,12,61,Daniel Jones,QB,Indianapolis Colts,HOTSIZAUCE,Daniel Jones,Indianapolis Colts,1,0,0,Kansas City Chiefs,0,0,Pre-ETR,77.png
75,11,62,Harold Fannin,TE,Cleveland Browns,VOGEYBERRA8,Jacoby Brissett,Arizona Cardinals,0,,,Las Vegas Raiders,0,0,Pre-ETR,77.png
75,10,63,Christian Watson,WR,Green Bay Packers,BRANDMILLER,Dak Prescott,Dallas Cowboys,0,,,Minnesota Vikings,0,0,Pre-ETR,77.png
75,9,64,Trevor Lawrence,QB,Jacksonville Jaguars,HDJDHDJDJSK,Trevor Lawrence,Jacksonville Jaguars,1,1,1,Arizona Cardinals,0,0,Pre-ETR,77.png
75,8,65,Darius Slayton,WR,New York Giants,D4VE,Jaxson Dart,New York Giants,1,,,Detroit Lions,0,0,Pre-ETR,77.png
75,7,66,Alvin Kamara,RB,New Orleans Saints,JDUBEU,Jalen Hurts,Philadelphia Eagles,0,,,Atlanta Falcons,0,0,Pre-ETR,77.png
75,6,67,D.J. Moore,WR,Chicago Bears,CHADCANDLES,Caleb Williams,Chicago Bears,1,,,Pittsburgh Steelers,0,0,Pre-ETR,77.png
75,5,68,Theo Johnson,TE,New York Giants,CRBLAKE2,Jared Goff,Detroit Lions,0,,,Detroit Lions,3,1,Pre-ETR,77.png
75,4,69,Brenton Strange,TE,Jacksonville Jaguars,TIBBZY,Lamar Jackson,Baltimore Ravens,0,,,Arizona Cardinals,0,0,Pre-ETR,77.png
75,3,70,Tyrone Tracy,RB,New York Giants,XCHEERFUL,Drake Maye,New England Patriots,0,,,Detroit Lions,0,0,Pre-ETR,77.png
75,2,71,Jordan Love,QB,Green Bay Packers,BUSTERSBOYS,Jordan Love,Green Bay Packers,1,0,0,Minnesota Vikings,0,0,Pre-ETR,77.png
75,1,72,Brian Thomas,WR,Jacksonville Jaguars,KRUTCHES93,Patrick Mahomes,Kansas City Chiefs,0,,,Arizona Cardinals,0,0,Pre-ETR,77.png
76,1,1,Jahmyr Gibbs,RB,Detroit Lions,BUSTERSBOYS,Jared Goff,Detroit Lions,1,,,New York Giants,0,0,Pre-ETR,78.png
76,2,2,Bijan Robinson,RB,Atlanta Falcons,NEZ,Jaxson Dart,New York Giants,0,,,New Orleans Saints,1,1,Pre-ETR,78.png
76,3,3,Jonathan Taylor,RB,Indianapolis Colts,LACHOY14,Trevor Lawrence,Jacksonville Jaguars,0,,,Kansas City Chiefs,0,0,Pre-ETR,78.png
76,4,4,Jaxon Smith-Njigba,WR,Seattle Seahawks,D4VE,Lamar Jackson,Baltimore Ravens,0,,,Tennessee Titans,0,0,Pre-ETR,78.png
76,5,5,Derrick Henry,RB,Baltimore Ravens,EGGERS3,Daniel Jones,Indianapolis Colts,0,,,New York Jets,0,0,Pre-ETR,78.png
76,6,6,Amon-Ra St. Brown,WR,Detroit Lions,DREAMINGOFS,Patrick Mahomes,Kansas City Chiefs,0,,,New York Giants,0,0,Pre-ETR,78.png
76,7,7,Trey McBride,TE,Arizona Cardinals,KRUTCHES93,Jacoby Brissett,Arizona Cardinals,1,,,Jacksonville Jaguars,1,1,Pre-ETR,78.png
76,8,8,Saquon Barkley,RB,Philadelphia Eagles,PATRICKBARN,Drake Maye,New England Patriots,0,,,Dallas Cowboys,0,0,Pre-ETR,78.png
76,9,9,CeeDee Lamb,WR,Dallas Cowboys,EZ116,Dak Prescott,Dallas Cowboys,1,,,Philadelphia Eagles,0,0,Pre-ETR,78.png
76,10,10,Rashee Rice,WR,Kansas City Chiefs,JEWISHMCCAF,Caleb Williams,Chicago Bears,0,,,Indianapolis Colts,0,0,Pre-ETR,78.png
76,11,11,Jalen Hurts,QB,Philadelphia Eagles,PAPAZIRK,Jalen Hurts,Philadelphia Eagles,1,0,0,Dallas Cowboys,0,0,Pre-ETR,78.png
76,12,12,TreVeyon Henderson,RB,New England Patriots,IMAGIKARP,Jordan Love,Green Bay Packers,0,,,Cincinnati Bengals,0,0,Pre-ETR,78.png
76,12,13,Brock Bowers,TE,Las Vegas Raiders,IMAGIKARP,Jordan Love,Green Bay Packers,0,,,Cleveland Browns,0,0,Pre-ETR,78.png
76,11,14,Jameson Williams,WR,Detroit Lions,PAPAZIRK,Jalen Hurts,Philadelphia Eagles,0,,,New York Giants,0,0,Pre-ETR,78.png
76,10,15,Travis Etienne Jr.,RB,Jacksonville Jaguars,JEWISHMCCAF,Caleb Williams,Chicago Bears,0,,,Arizona Cardinals,0,0,Pre-ETR,78.png
76,9,16,Tee Higgins,WR,Cincinnati Bengals,EZ116,Dak Prescott,Dallas Cowboys,0,,,New England Patriots,0,0,Pre-ETR,78.png
76,8,17,Drake Maye,QB,New England Patriots,PATRICKBARN,Drake Maye,New England Patriots,1,1,1,Cincinnati Bengals,0,0,Pre-ETR,78.png
76,7,18,Javonte Williams,RB,Dallas Cowboys,KRUTCHES93,Jacoby Brissett,Arizona Cardinals,0,,,Philadelphia Eagles,0,0,Pre-ETR,78.png
76,6,19,Chase Brown,RB,Cincinnati Bengals,DREAMINGOFS,Patrick Mahomes,Kansas City Chiefs,0,,,New England Patriots,0,0,Pre-ETR,78.png
76,5,20,Quinshon Judkins,RB,Cleveland Browns,EGGERS3,Daniel Jones,Indianapolis Colts,0,,,Las Vegas Raiders,0,0,Pre-ETR,78.png
76,4,21,Lamar Jackson,QB,Baltimore Ravens,D4VE,Lamar Jackson,Baltimore Ravens,1,2,1,New York Jets,0,0,Pre-ETR,78.png
76,3,22,Justin Jefferson,WR,Minnesota Vikings,LACHOY14,Trevor Lawrence,Jacksonville Jaguars,0,,,Green Bay Packers,0,0,Pre-ETR,78.png
76,2,23,George Pickens,WR,Dallas Cowboys,NEZ,Jaxson Dart,New York Giants,0,,,Philadelphia Eagles,0,0,Pre-ETR,78.png
76,1,24,Tyler Warren,TE,Indianapolis Colts,BUSTERSBOYS,Jared Goff,Detroit Lions,0,,,Kansas City Chiefs,0,0,Pre-ETR,78.png
76,1,25,A.J. Brown,WR,Philadelphia Eagles,BUSTERSBOYS,Jared Goff,Detroit Lions,0,,,Dallas Cowboys,0,0,Pre-ETR,78.png
76,2,26,Chris Olave,WR,New Orleans Saints,NEZ,Jaxson Dart,New York Giants,0,,,Atlanta Falcons,1,1,Pre-ETR,78.png
76,3,27,Stefon Diggs,WR,New England Patriots,LACHOY14,Trevor Lawrence,Jacksonville Jaguars,0,,,Cincinnati Bengals,0,0,Pre-ETR,78.png
76,4,28,Zay Flowers,WR,Baltimore Ravens,D4VE,Lamar Jackson,Baltimore Ravens,1,,,New York Jets,0,0,Pre-ETR,78.png
76,5,29,Travis Kelce,TE,Kansas City Chiefs,EGGERS3,Daniel Jones,Indianapolis Colts,0,,,Indianapolis Colts,2,1,Pre-ETR,78.png
76,6,30,Patrick Mahomes,QB,Kansas City Chiefs,DREAMINGOFS,Patrick Mahomes,Kansas City Chiefs,1,1,1,Indianapolis Colts,1,1,Pre-ETR,78.png
76,7,31,Ashton Jeanty,RB,Las Vegas Raiders,KRUTCHES93,Jacoby Brissett,Arizona Cardinals,0,,,Cleveland Browns,0,0,Pre-ETR,78.png
76,8,32,DeVonta Smith,WR,Philadelphia Eagles,PATRICKBARN,Drake Maye,New England Patriots,0,,,Dallas Cowboys,0,0,Pre-ETR,78.png
76,9,33,Kenneth Walker III,RB,Seattle Seahawks,EZ116,Dak Prescott,Dallas Cowboys,0,,,Tennessee Titans,0,0,Pre-ETR,78.png
76,10,34,Breece Hall,RB,New York Jets,JEWISHMCCAF,Caleb Williams,Chicago Bears,0,,,Baltimore Ravens,0,0,Pre-ETR,78.png
76,11,35,DK Metcalf,WR,Pittsburgh Steelers,PAPAZIRK,Jalen Hurts,Philadelphia Eagles,0,,,Chicago Bears,1,1,Pre-ETR,78.png
76,12,36,Michael Wilson,WR,Arizona Cardinals,IMAGIKARP,Jordan Love,Green Bay Packers,0,,,Jacksonville Jaguars,0,0,Pre-ETR,78.png
76,12,37,Jaylen Warren,RB,Pittsburgh Steelers,IMAGIKARP,Jordan Love,Green Bay Packers,0,,,Chicago Bears,0,0,Pre-ETR,78.png
76,11,38,D'Andre Swift,RB,Chicago Bears,PAPAZIRK,Jalen Hurts,Philadelphia Eagles,0,,,Pittsburgh Steelers,1,1,Pre-ETR,78.png
76,10,39,Rome Odunze,WR,Chicago Bears,JEWISHMCCAF,Caleb Williams,Chicago Bears,1,,,Pittsburgh Steelers,0,0,Pre-ETR,78.png
76,9,40,Dak Prescott,QB,Dallas Cowboys,EZ116,Dak Prescott,Dallas Cowboys,1,2,1,Philadelphia Eagles,0,0,Pre-ETR,78.png
76,8,41,Hunter Henry,TE,New England Patriots,PATRICKBARN,Drake Maye,New England Patriots,1,,,Cincinnati Bengals,0,0,Pre-ETR,78.png
76,7,42,Wan'Dale Robinson,WR,New York Giants,KRUTCHES93,Jacoby Brissett,Arizona Cardinals,0,,,Detroit Lions,0,0,Pre-ETR,78.png
76,6,43,Xavier Worthy,WR,Kansas City Chiefs,DREAMINGOFS,Patrick Mahomes,Kansas City Chiefs,1,,,Indianapolis Colts,1,1,Pre-ETR,78.png
76,5,44,Michael Pittman Jr.,WR,Indianapolis Colts,EGGERS3,Daniel Jones,Indianapolis Colts,1,,,Kansas City Chiefs,1,1,Pre-ETR,78.png
76,4,45,Josh Jacobs,RB,Green Bay Packers,D4VE,Lamar Jackson,Baltimore Ravens,0,,,Minnesota Vikings,0,0,Pre-ETR,78.png
76,3,46,Dallas Goedert,TE,Philadelphia Eagles,LACHOY14,Trevor Lawrence,Jacksonville Jaguars,0,,,Dallas Cowboys,0,0,Pre-ETR,78.png
76,2,47,Jaxson Dart,QB,New York Giants,NEZ,Jaxson Dart,New York Giants,1,1,1,Detroit Lions,0,0,Pre-ETR,78.png
76,1,48,Jared Goff,QB,Detroit Lions,BUSTERSBOYS,Jared Goff,Detroit Lions,1,1,1,New York Giants,0,0,Pre-ETR,78.png
76,1,49,Aaron Jones,RB,Minnesota Vikings,BUSTERSBOYS,Jared Goff,Detroit Lions,0,,,Green Bay Packers,1,1,Pre-ETR,78.png
76,2,50,Theo Johnson,TE,New York Giants,NEZ,Jaxson Dart,New York Giants,1,,,Detroit Lions,0,0,Pre-ETR,78.png
76,3,51,David Montgomery,RB,Detroit Lions,LACHOY14,Trevor Lawrence,Jacksonville Jaguars,0,,,New York Giants,0,0,Pre-ETR,78.png
76,4,52,Alvin Kamara,RB,New Orleans Saints,D4VE,Lamar Jackson,Baltimore Ravens,0,,,Atlanta Falcons,0,0,Pre-ETR,78.png
76,5,53,Daniel Jones,QB,Indianapolis Colts,EGGERS3,Daniel Jones,Indianapolis Colts,1,1,1,Kansas City Chiefs,1,1,Pre-ETR,78.png
76,6,54,Alec Pierce,WR,Indianapolis Colts,DREAMINGOFS,Patrick Mahomes,Kansas City Chiefs,0,,,Kansas City Chiefs,2,1,Pre-ETR,78.png
76,7,55,Jacoby Brissett,QB,Arizona Cardinals,KRUTCHES93,Jacoby Brissett,Arizona Cardinals,1,1,1,Jacksonville Jaguars,1,1,Pre-ETR,78.png
76,8,56,Darnell Mooney,WR,Atlanta Falcons,PATRICKBARN,Drake Maye,New England Patriots,0,,,New Orleans Saints,0,0,Pre-ETR,78.png
76,9,57,Jake Ferguson,TE,Dallas Cowboys,EZ116,Dak Prescott,Dallas Cowboys,1,,,Philadelphia Eagles,0,0,Pre-ETR,78.png
76,10,58,Caleb Williams,QB,Chicago Bears,JEWISHMCCAF,Caleb Williams,Chicago Bears,1,2,1,Pittsburgh Steelers,0,0,Pre-ETR,78.png
76,11,59,Emanuel Wilson,RB,Green Bay Packers,PAPAZIRK,Jalen Hurts,Philadelphia Eagles,0,,,Minnesota Vikings,0,0,Pre-ETR,78.png
76,12,60,Jordan Love,QB,Green Bay Packers,IMAGIKARP,Jordan Love,Green Bay Packers,1,1,1,Minnesota Vikings,0,0,Pre-ETR,78.png
76,12,61,Romeo Doubs,WR,Green Bay Packers,IMAGIKARP,Jordan Love,Green Bay Packers,1,,,Minnesota Vikings,0,0,Pre-ETR,78.png
76,11,62,Kyle Pitts,TE,Atlanta Falcons,PAPAZIRK,Jalen Hurts,Philadelphia Eagles,0,,,New Orleans Saints,0,0,Pre-ETR,78.png
76,10,63,Colston Loveland,TE,Chicago Bears,JEWISHMCCAF,Caleb Williams,Chicago Bears,1,,,Pittsburgh Steelers,0,0,Pre-ETR,78.png
76,9,64,Bam Knight,RB,Arizona Cardinals,EZ116,Dak Prescott,Dallas Cowboys,0,,,Jacksonville Jaguars,0,0,Pre-ETR,78.png
76,8,65,Kenneth Gainwell,RB,Pittsburgh Steelers,PATRICKBARN,Drake Maye,New England Patriots,0,,,Chicago Bears,0,0,Pre-ETR,78.png
76,7,66,Parker Washington,WR,Jacksonville Jaguars,KRUTCHES93,Jacoby Brissett,Arizona Cardinals,0,,,Arizona Cardinals,2,1,Pre-ETR,78.png
76,6,67,Juwan Johnson,TE,New Orleans Saints,DREAMINGOFS,Patrick Mahomes,Kansas City Chiefs,0,,,Atlanta Falcons,0,0,Pre-ETR,78.png
76,5,68,Brian Thomas,WR,Jacksonville Jaguars,EGGERS3,Daniel Jones,Indianapolis Colts,0,,,Arizona Cardinals,0,0,Pre-ETR,78.png
76,4,69,Mark Andrews,TE,Baltimore Ravens,D4VE,Lamar Jackson,Baltimore Ravens,1,,,New York Jets,0,0,Pre-ETR,78.png
76,3,70,Trevor Lawrence,QB,Jacksonville Jaguars,LACHOY14,Trevor Lawrence,Jacksonville Jaguars,1,0,0,Arizona Cardinals,0,0,Pre-ETR,78.png
76,2,71,Zach Charbonnet,RB,Seattle Seahawks,NEZ,Jaxson Dart,New York Giants,0,,,Tennessee Titans,0,0,Pre-ETR,78.png
76,1,72,Christian Watson,WR,Green Bay Packers,BUSTERSBOYS,Jared Goff,Detroit Lions,0,,,Minnesota Vikings,1,1,Pre-ETR,78.png
77,1,1,Jahmyr Gibbs,RB,Detroit Lions,LEE121503,Daniel Jones,Indianapolis Colts,0,,,New York Giants,0,0,Pre-ETR,79.png
77,2,2,Jonathan Taylor,RB,Indianapolis Colts,BUSTERSBOYS,Lamar Jackson,Baltimore Ravens,0,,,Kansas City Chiefs,0,0,Pre-ETR,79.png
77,3,3,Bijan Robinson,RB,Atlanta Falcons,HOTSIZAUCE,Dak Prescott,Dallas Cowboys,0,,,New Orleans Saints,0,0,Pre-ETR,79.png
77,4,4,Saquon Barkley,RB,Philadelphia Eagles,WILLMAKEWAR,Tyler Shough,New Orleans Saints,0,,,Dallas Cowboys,1,1,Pre-ETR,79.png
77,5,5,Amon-Ra St. Brown,WR,Detroit Lions,KRUTCHES93,Jaxson Dart,New York Giants,0,,,New York Giants,1,1,Pre-ETR,79.png
77,6,6,Trey McBride,TE,Arizona Cardinals,MATHOLOGY,Jalen Hurts,Philadelphia Eagles,0,,,Jacksonville Jaguars,0,0,Pre-ETR,79.png
77,7,7,Jaxon Smith-Njigba,WR,Seattle Seahawks,ALBOOGIE78,Jacoby Brissett,Arizona Cardinals,0,,,Tennessee Titans,0,0,Pre-ETR,79.png
77,8,8,Derrick Henry,RB,Baltimore Ravens,CHADCANDLES,Caleb Williams,Chicago Bears,0,,,New York Jets,0,0,Pre-ETR,79.png
77,9,9,CeeDee Lamb,WR,Dallas Cowboys,EZ116,Trevor Lawrence,Jacksonville Jaguars,0,,,Philadelphia Eagles,0,0,Pre-ETR,79.png
77,10,10,TreVeyon Henderson,RB,New England Patriots,OHVA216,Drake Maye,New England Patriots,1,,,Cincinnati Bengals,0,0,Pre-ETR,79.png
77,11,11,Rashee Rice,WR,Kansas City Chiefs,D4VE,Patrick Mahomes,Kansas City Chiefs,1,,,Indianapolis Colts,0,0,Pre-ETR,79.png
77,12,12,Chris Olave,WR,New Orleans Saints,KCPOLACK,Jared Goff,Detroit Lions,0,,,Atlanta Falcons,0,0,Pre-ETR,79.png
77,12,13,Jameson Williams,WR,Detroit Lions,KCPOLACK,Jared Goff,Detroit Lions,1,,,New York Giants,0,0,Pre-ETR,79.png
77,11,14,Brock Bowers,TE,Las Vegas Raiders,D4VE,Patrick Mahomes,Kansas City Chiefs,0,,,Cleveland Browns,0,0,Pre-ETR,79.png
77,10,15,Drake Maye,QB,New England Patriots,OHVA216,Drake Maye,New England Patriots,1,1,1,Cincinnati Bengals,0,0,Pre-ETR,79.png
77,9,16,Tee Higgins,WR,Cincinnati Bengals,EZ116,Trevor Lawrence,Jacksonville Jaguars,0,,,New England Patriots,0,0,Pre-ETR,79.png
77,8,17,A.J. Brown,WR,Philadelphia Eagles,CHADCANDLES,Caleb Williams,Chicago Bears,0,,,Dallas Cowboys,0,0,Pre-ETR,79.png
77,7,18,Travis Etienne Jr.,RB,Jacksonville Jaguars,ALBOOGIE78,Jacoby Brissett,Arizona Cardinals,0,,,Arizona Cardinals,2,1,Pre-ETR,79.png
77,6,19,Jalen Hurts,QB,Philadelphia Eagles,MATHOLOGY,Jalen Hurts,Philadelphia Eagles,1,0,0,Dallas Cowboys,0,0,Pre-ETR,79.png
77,5,20,Javonte Williams,RB,Dallas Cowboys,KRUTCHES93,Jaxson Dart,New York Giants,0,,,Philadelphia Eagles,0,0,Pre-ETR,79.png
77,4,21,George Pickens,WR,Dallas Cowboys,WILLMAKEWAR,Tyler Shough,New Orleans Saints,0,,,Philadelphia Eagles,1,1,Pre-ETR,79.png
77,3,22,Justin Jefferson,WR,Minnesota Vikings,HOTSIZAUCE,Dak Prescott,Dallas Cowboys,0,,,Green Bay Packers,0,0,Pre-ETR,79.png
77,2,23,Lamar Jackson,QB,Baltimore Ravens,BUSTERSBOYS,Lamar Jackson,Baltimore Ravens,1,2,1,New York Jets,0,0,Pre-ETR,79.png
77,1,24,Chase Brown,RB,Cincinnati Bengals,LEE121503,Daniel Jones,Indianapolis Colts,0,,,New England Patriots,0,0,Pre-ETR,79.png
77,1,25,Tyler Warren,TE,Indianapolis Colts,LEE121503,Daniel Jones,Indianapolis Colts,1,,,Kansas City Chiefs,0,0,Pre-ETR,79.png
77,2,26,Zay Flowers,WR,Baltimore Ravens,BUSTERSBOYS,Lamar Jackson,Baltimore Ravens,1,,,New York Jets,0,0,Pre-ETR,79.png
77,3,27,DeVonta Smith,WR,Philadelphia Eagles,HOTSIZAUCE,Dak Prescott,Dallas Cowboys,0,,,Dallas Cowboys,1,1,Pre-ETR,79.png
77,4,28,Stefon Diggs,WR,New England Patriots,WILLMAKEWAR,Tyler Shough,New Orleans Saints,0,,,Cincinnati Bengals,0,0,Pre-ETR,79.png
77,5,29,Travis Kelce,TE,Kansas City Chiefs,KRUTCHES93,Jaxson Dart,New York Giants,0,,,Indianapolis Colts,0,0,Pre-ETR,79.png
77,6,30,Ashton Jeanty,RB,Las Vegas Raiders,MATHOLOGY,Jalen Hurts,Philadelphia Eagles,0,,,Cleveland Browns,0,0,Pre-ETR,79.png
77,7,31,Kenneth Walker III,RB,Seattle Seahawks,ALBOOGIE78,Jacoby Brissett,Arizona Cardinals,0,,,Tennessee Titans,0,0,Pre-ETR,79.png
77,8,32,Rome Odunze,WR,Chicago Bears,CHADCANDLES,Caleb Williams,Chicago Bears,1,,,Pittsburgh Steelers,0,0,Pre-ETR,79.png
77,9,33,Quinshon Judkins,RB,Cleveland Browns,EZ116,Trevor Lawrence,Jacksonville Jaguars,0,,,Las Vegas Raiders,0,0,Pre-ETR,79.png
77,10,34,DK Metcalf,WR,Pittsburgh Steelers,OHVA216,Drake Maye,New England Patriots,0,,,Chicago Bears,1,1,Pre-ETR,79.png
77,11,35,Patrick Mahomes,QB,Kansas City Chiefs,D4VE,Patrick Mahomes,Kansas City Chiefs,1,1,1,Indianapolis Colts,0,0,Pre-ETR,79.png
77,12,36,Jared Goff,QB,Detroit Lions,KCPOLACK,Jared Goff,Detroit Lions,1,1,1,New York Giants,0,0,Pre-ETR,79.png
77,12,37,Hunter Henry,TE,New England Patriots,KCPOLACK,Jared Goff,Detroit Lions,0,,,Cincinnati Bengals,0,0,Pre-ETR,79.png
77,11,38,Jaylen Warren,RB,Pittsburgh Steelers,D4VE,Patrick Mahomes,Kansas City Chiefs,0,,,Chicago Bears,0,0,Pre-ETR,79.png
77,10,39,Josh Jacobs,RB,Green Bay Packers,OHVA216,Drake Maye,New England Patriots,0,,,Minnesota Vikings,0,0,Pre-ETR,79.png
77,9,40,Breece Hall,RB,New York Jets,EZ116,Trevor Lawrence,Jacksonville Jaguars,0,,,Baltimore Ravens,0,0,Pre-ETR,79.png
77,8,41,Aaron Jones,RB,Minnesota Vikings,CHADCANDLES,Caleb Williams,Chicago Bears,0,,,Green Bay Packers,0,0,Pre-ETR,79.png
77,7,42,Michael Wilson,WR,Arizona Cardinals,ALBOOGIE78,Jacoby Brissett,Arizona Cardinals,1,,,Jacksonville Jaguars,1,1,Pre-ETR,79.png
77,6,43,Michael Pittman Jr.,WR,Indianapolis Colts,MATHOLOGY,Jalen Hurts,Philadelphia Eagles,0,,,Kansas City Chiefs,1,1,Pre-ETR,79.png
77,5,44,Jaxson Dart,QB,New York Giants,KRUTCHES93,Jaxson Dart,New York Giants,1,0,0,Detroit Lions,2,1,Pre-ETR,79.png
77,4,45,Alvin Kamara,RB,New Orleans Saints,WILLMAKEWAR,Tyler Shough,New Orleans Saints,1,,,Atlanta Falcons,0,0,Pre-ETR,79.png
77,3,46,D'Andre Swift,RB,Chicago Bears,HOTSIZAUCE,Dak Prescott,Dallas Cowboys,0,,,Pittsburgh Steelers,0,0,Pre-ETR,79.png
77,2,47,Wan'Dale Robinson,WR,New York Giants,BUSTERSBOYS,Lamar Jackson,Baltimore Ravens,0,,,Detroit Lions,0,0,Pre-ETR,79.png
77,1,48,Daniel Jones,QB,Indianapolis Colts,LEE121503,Daniel Jones,Indianapolis Colts,1,2,1,Kansas City Chiefs,0,0,Pre-ETR,79.png
77,1,49,Alec Pierce,WR,Indianapolis Colts,LEE121503,Daniel Jones,Indianapolis Colts,1,,,Kansas City Chiefs,0,0,Pre-ETR,79.png
77,2,50,Emanuel Wilson,RB,Green Bay Packers,BUSTERSBOYS,Lamar Jackson,Baltimore Ravens,0,,,Minnesota Vikings,0,0,Pre-ETR,79.png
77,3,51,Dak Prescott,QB,Dallas Cowboys,HOTSIZAUCE,Dak Prescott,Dallas Cowboys,1,0,0,Philadelphia Eagles,1,1,Pre-ETR,79.png
77,4,52,Juwan Johnson,TE,New Orleans Saints,WILLMAKEWAR,Tyler Shough,New Orleans Saints,1,,,Atlanta Falcons,0,0,Pre-ETR,79.png
77,5,53,David Montgomery,RB,Detroit Lions,KRUTCHES93,Jaxson Dart,New York Giants,0,,,New York Giants,1,1,Pre-ETR,79.png
77,6,54,Darnell Mooney,WR,Atlanta Falcons,MATHOLOGY,Jalen Hurts,Philadelphia Eagles,0,,,New Orleans Saints,0,0,Pre-ETR,79.png
77,7,55,Jacoby Brissett,QB,Arizona Cardinals,ALBOOGIE78,Jacoby Brissett,Arizona Cardinals,1,1,1,Jacksonville Jaguars,1,1,Pre-ETR,79.png
77,8,56,Dallas Goedert,TE,Philadelphia Eagles,CHADCANDLES,Caleb Williams,Chicago Bears,0,,,Dallas Cowboys,0,0,Pre-ETR,79.png
77,9,57,Kyle Pitts,TE,Atlanta Falcons,EZ116,Trevor Lawrence,Jacksonville Jaguars,0,,,New Orleans Saints,0,0,Pre-ETR,79.png
77,10,58,Xavier Worthy,WR,Kansas City Chiefs,OHVA216,Drake Maye,New England Patriots,0,,,Indianapolis Colts,0,0,Pre-ETR,79.png
77,11,59,Rhamondre Stevenson,RB,New England Patriots,D4VE,Patrick Mahomes,Kansas City Chiefs,0,,,Cincinnati Bengals,0,0,Pre-ETR,79.png
77,12,60,Bhayshul Tuten,RB,Jacksonville Jaguars,KCPOLACK,Jared Goff,Detroit Lions,0,,,Arizona Cardinals,1,1,Pre-ETR,79.png
77,12,61,Bam Knight,RB,Arizona Cardinals,KCPOLACK,Jared Goff,Detroit Lions,0,,,Jacksonville Jaguars,1,1,Pre-ETR,79.png
77,11,62,Parker Washington,WR,Jacksonville Jaguars,D4VE,Patrick Mahomes,Kansas City Chiefs,0,,,Arizona Cardinals,0,0,Pre-ETR,79.png
77,10,63,Colston Loveland,TE,Chicago Bears,OHVA216,Drake Maye,New England Patriots,0,,,Pittsburgh Steelers,1,1,Pre-ETR,79.png
77,9,64,Trevor Lawrence,QB,Jacksonville Jaguars,EZ116,Trevor Lawrence,Jacksonville Jaguars,1,0,0,Arizona Cardinals,0,0,Pre-ETR,79.png
77,8,65,Caleb Williams,QB,Chicago Bears,CHADCANDLES,Caleb Williams,Chicago Bears,1,1,1,Pittsburgh Steelers,0,0,Pre-ETR,79.png
77,7,66,Jake Ferguson,TE,Dallas Cowboys,ALBOOGIE78,Jacoby Brissett,Arizona Cardinals,0,,,Philadelphia Eagles,0,0,Pre-ETR,79.png
77,6,67,Elijah Mitchell,RB,Kansas City Chiefs,MATHOLOGY,Jalen Hurts,Philadelphia Eagles,0,,,Indianapolis Colts,1,1,Pre-ETR,79.png
77,5,68,Romeo Doubs,WR,Green Bay Packers,KRUTCHES93,Jaxson Dart,New York Giants,0,,,Minnesota Vikings,0,0,Pre-ETR,79.png
77,4,69,Tyler Shough,QB,New Orleans Saints,WILLMAKEWAR,Tyler Shough,New Orleans Saints,1,2,1,Atlanta Falcons,0,0,Pre-ETR,79.png
77,3,70,Theo Johnson,TE,New York Giants,HOTSIZAUCE,Dak Prescott,Dallas Cowboys,0,,,Detroit Lions,0,0,Pre-ETR,79.png
77,2,71,Mark Andrews,TE,Baltimore Ravens,BUSTERSBOYS,Lamar Jackson,Baltimore Ravens,1,,,New York Jets,0,0,Pre-ETR,79.png
77,1,72,Jakobi Meyers,WR,Jacksonville Jaguars,LEE121503,Daniel Jones,Indianapolis Colts,0,,,Arizona Cardinals,0,0,Pre-ETR,79.png
78,1,1,Jahmyr Gibbs,RB,Detroit Lions,BUSTERSBOYS,Trevor Lawrence,Jacksonville Jaguars,0,,,New York Giants,1,1,Pre-ETR,80.png
78,2,2,Jonathan Taylor,RB,Indianapolis Colts,HAWKBERG,Jordan Love,Green Bay Packers,0,,,Kansas City Chiefs,0,0,Pre-ETR,80.png
78,3,3,Amon-Ra St. Brown,WR,Detroit Lions,D4VE,Daniel Jones,Indianapolis Colts,0,,,New York Giants,0,0,Pre-ETR,80.png
78,4,4,Bijan Robinson,RB,Atlanta Falcons,MILAGROS1070,Lamar Jackson,Baltimore Ravens,0,,,New Orleans Saints,0,0,Pre-ETR,80.png
78,5,5,Jaxon Smith-Njigba,WR,Seattle Seahawks,LENKEITH,Patrick Mahomes,Kansas City Chiefs,0,,,Tennessee Titans,0,0,Pre-ETR,80.png
78,6,6,Trey McBride,TE,Arizona Cardinals,KRUTCHES93,Jared Goff,Detroit Lions,0,,,Jacksonville Jaguars,1,1,Pre-ETR,80.png
78,7,7,Derrick Henry,RB,Baltimore Ravens,PATRICKBARN,Drake Maye,New England Patriots,0,,,New York Jets,0,0,Pre-ETR,80.png
78,8,8,Saquon Barkley,RB,Philadelphia Eagles,BRANDMILLER,Caleb Williams,Chicago Bears,0,,,Dallas Cowboys,1,1,Pre-ETR,80.png
78,9,9,Rashee Rice,WR,Kansas City Chiefs,TIBBZY,Tyler Shough,New Orleans Saints,0,,,Indianapolis Colts,0,0,Pre-ETR,80.png
78,10,10,CeeDee Lamb,WR,Dallas Cowboys,INGELX,Jaxson Dart,New York Giants,0,,,Philadelphia Eagles,0,0,Pre-ETR,80.png
78,11,11,TreVeyon Henderson,RB,New England Patriots,THESOURCE,Dak Prescott,Dallas Cowboys,0,,,Cincinnati Bengals,0,0,Pre-ETR,80.png
78,12,12,Jalen Hurts,QB,Philadelphia Eagles,HDJDHDJDJSK,Jalen Hurts,Philadelphia Eagles,1,0,0,Dallas Cowboys,0,0,Pre-ETR,80.png
78,12,13,Brock Bowers,TE,Las Vegas Raiders,HDJDHDJDJSK,Jalen Hurts,Philadelphia Eagles,0,,,Cleveland Browns,0,0,Pre-ETR,80.png
78,11,14,George Pickens,WR,Dallas Cowboys,THESOURCE,Dak Prescott,Dallas Cowboys,1,,,Philadelphia Eagles,0,0,Pre-ETR,80.png
78,10,15,Tee Higgins,WR,Cincinnati Bengals,INGELX,Jaxson Dart,New York Giants,0,,,New England Patriots,0,0,Pre-ETR,80.png
78,9,16,Chris Olave,WR,New Orleans Saints,TIBBZY,Tyler Shough,New Orleans Saints,1,,,Atlanta Falcons,0,0,Pre-ETR,80.png
78,8,17,Travis Etienne Jr.,RB,Jacksonville Jaguars,BRANDMILLER,Caleb Williams,Chicago Bears,0,,,Arizona Cardinals,0,0,Pre-ETR,80.png
78,7,18,Drake Maye,QB,New England Patriots,PATRICKBARN,Drake Maye,New England Patriots,1,2,1,Cincinnati Bengals,0,0,Pre-ETR,80.png
78,6,19,Javonte Williams,RB,Dallas Cowboys,KRUTCHES93,Jared Goff,Detroit Lions,0,,,Philadelphia Eagles,0,0,Pre-ETR,80.png
78,5,20,A.J. Brown,WR,Philadelphia Eagles,LENKEITH,Patrick Mahomes,Kansas City Chiefs,0,,,Dallas Cowboys,0,0,Pre-ETR,80.png
78,4,21,Lamar Jackson,QB,Baltimore Ravens,MILAGROS1070,Lamar Jackson,Baltimore Ravens,1,1,1,New York Jets,0,0,Pre-ETR,80.png
78,3,22,Chase Brown,RB,Cincinnati Bengals,D4VE,Daniel Jones,Indianapolis Colts,0,,,New England Patriots,0,0,Pre-ETR,80.png
78,2,23,Justin Jefferson,WR,Minnesota Vikings,HAWKBERG,Jordan Love,Green Bay Packers,0,,,Green Bay Packers,1,1,Pre-ETR,80.png
78,1,24,Tyler Warren,TE,Indianapolis Colts,BUSTERSBOYS,Trevor Lawrence,Jacksonville Jaguars,0,,,Kansas City Chiefs,0,0,Pre-ETR,80.png
78,1,25,Jameson Williams,WR,Detroit Lions,BUSTERSBOYS,Trevor Lawrence,Jacksonville Jaguars,0,,,New York Giants,1,1,Pre-ETR,80.png
78,2,26,DeVonta Smith,WR,Philadelphia Eagles,HAWKBERG,Jordan Love,Green Bay Packers,0,,,Dallas Cowboys,0,0,Pre-ETR,80.png
78,3,27,Travis Kelce,TE,Kansas City Chiefs,D4VE,Daniel Jones,Indianapolis Colts,0,,,Indianapolis Colts,2,1,Pre-ETR,80.png
78,4,28,Quinshon Judkins,RB,Cleveland Browns,MILAGROS1070,Lamar Jackson,Baltimore Ravens,0,,,Las Vegas Raiders,0,0,Pre-ETR,80.png
78,5,29,Patrick Mahomes,QB,Kansas City Chiefs,LENKEITH,Patrick Mahomes,Kansas City Chiefs,1,0,0,Indianapolis Colts,0,0,Pre-ETR,80.png
78,6,30,Ashton Jeanty,RB,Las Vegas Raiders,KRUTCHES93,Jared Goff,Detroit Lions,0,,,Cleveland Browns,0,0,Pre-ETR,80.png
78,7,31,Stefon Diggs,WR,New England Patriots,PATRICKBARN,Drake Maye,New England Patriots,1,,,Cincinnati Bengals,0,0,Pre-ETR,80.png
78,8,32,DK Metcalf,WR,Pittsburgh Steelers,BRANDMILLER,Caleb Williams,Chicago Bears,0,,,Chicago Bears,2,1,Pre-ETR,80.png
78,9,33,Zay Flowers,WR,Baltimore Ravens,TIBBZY,Tyler Shough,New Orleans Saints,0,,,New York Jets,0,0,Pre-ETR,80.png
78,10,34,Kenneth Walker III,RB,Seattle Seahawks,INGELX,Jaxson Dart,New York Giants,0,,,Tennessee Titans,0,0,Pre-ETR,80.png
78,11,35,Michael Wilson,WR,Arizona Cardinals,THESOURCE,Dak Prescott,Dallas Cowboys,0,,,Jacksonville Jaguars,0,0,Pre-ETR,80.png
78,12,36,D'Andre Swift,RB,Chicago Bears,HDJDHDJDJSK,Jalen Hurts,Philadelphia Eagles,0,,,Pittsburgh Steelers,0,0,Pre-ETR,80.png
78,12,37,Aaron Jones,RB,Minnesota Vikings,HDJDHDJDJSK,Jalen Hurts,Philadelphia Eagles,0,,,Green Bay Packers,1,1,Pre-ETR,80.png
78,11,38,Dak Prescott,QB,Dallas Cowboys,THESOURCE,Dak Prescott,Dallas Cowboys,1,1,1,Philadelphia Eagles,0,0,Pre-ETR,80.png
78,10,39,Jaxson Dart,QB,New York Giants,INGELX,Jaxson Dart,New York Giants,1,1,1,Detroit Lions,0,0,Pre-ETR,80.png
78,9,40,Emanuel Wilson,RB,Green Bay Packers,TIBBZY,Tyler Shough,New Orleans Saints,0,,,Minnesota Vikings,0,0,Pre-ETR,80.png
78,8,41,Rome Odunze,WR,Chicago Bears,BRANDMILLER,Caleb Williams,Chicago Bears,1,,,Pittsburgh Steelers,1,1,Pre-ETR,80.png
78,7,42,Hunter Henry,TE,New England Patriots,PATRICKBARN,Drake Maye,New England Patriots,1,,,Cincinnati Bengals,0,0,Pre-ETR,80.png
78,6,43,Jared Goff,QB,Detroit Lions,KRUTCHES93,Jared Goff,Detroit Lions,1,0,0,New York Giants,0,0,Pre-ETR,80.png
78,5,44,Breece Hall,RB,New York Jets,LENKEITH,Patrick Mahomes,Kansas City Chiefs,0,,,Baltimore Ravens,0,0,Pre-ETR,80.png
78,4,45,Mark Andrews,TE,Baltimore Ravens,MILAGROS1070,Lamar Jackson,Baltimore Ravens,1,,,New York Jets,0,0,Pre-ETR,80.png
78,3,46,Jaylen Warren,RB,Pittsburgh Steelers,D4VE,Daniel Jones,Indianapolis Colts,0,,,Chicago Bears,0,0,Pre-ETR,80.png
78,2,47,Dallas Goedert,TE,Philadelphia Eagles,HAWKBERG,Jordan Love,Green Bay Packers,0,,,Dallas Cowboys,0,0,Pre-ETR,80.png
78,1,48,Wan'Dale Robinson,WR,New York Giants,BUSTERSBOYS,Trevor Lawrence,Jacksonville Jaguars,0,,,Detroit Lions,2,1,Pre-ETR,80.png
78,1,49,Emanuel Wilson,RB,Green Bay Packers,BUSTERSBOYS,Trevor Lawrence,Jacksonville Jaguars,0,,,Minnesota Vikings,0,0,Pre-ETR,80.png
78,2,50,Michael Pittman Jr.,WR,Indianapolis Colts,HAWKBERG,Jordan Love,Green Bay Packers,0,,,Kansas City Chiefs,0,0,Pre-ETR,80.png
78,3,51,Alec Pierce,WR,Indianapolis Colts,D4VE,Daniel Jones,Indianapolis Colts,1,,,Kansas City Chiefs,1,1,Pre-ETR,80.png
78,4,52,Xavier Worthy,WR,Kansas City Chiefs,MILAGROS1070,Lamar Jackson,Baltimore Ravens,0,,,Indianapolis Colts,0,0,Pre-ETR,80.png
78,5,53,David Montgomery,RB,Detroit Lions,LENKEITH,Patrick Mahomes,Kansas City Chiefs,0,,,New York Giants,0,0,Pre-ETR,80.png
78,6,54,Romeo Doubs,WR,Green Bay Packers,KRUTCHES93,Jared Goff,Detroit Lions,0,,,Minnesota Vikings,0,0,Pre-ETR,80.png
78,7,55,Alvin Kamara,RB,New Orleans Saints,PATRICKBARN,Drake Maye,New England Patriots,0,,,Atlanta Falcons,0,0,Pre-ETR,80.png
78,8,56,Jake Ferguson,TE,Dallas Cowboys,BRANDMILLER,Caleb Williams,Chicago Bears,0,,,Philadelphia Eagles,1,1,Pre-ETR,80.png
78,9,57,Juwan Johnson,TE,New Orleans Saints,TIBBZY,Tyler Shough,New Orleans Saints,1,,,Atlanta Falcons,0,0,Pre-ETR,80.png
78,10,58,Theo Johnson,TE,New York Giants,INGELX,Jaxson Dart,New York Giants,1,,,Detroit Lions,0,0,Pre-ETR,80.png
78,11,59,Kenneth Gainwell,RB,Pittsburgh Steelers,THESOURCE,Dak Prescott,Dallas Cowboys,0,,,Chicago Bears,0,0,Pre-ETR,80.png
78,12,60,Darnell Mooney,WR,Atlanta Falcons,HDJDHDJDJSK,Jalen Hurts,Philadelphia Eagles,0,,,New Orleans Saints,0,0,Pre-ETR,80.png
78,12,61,Christian Watson,WR,Green Bay Packers,HDJDHDJDJSK,Jalen Hurts,Philadelphia Eagles,0,,,Minnesota Vikings,1,1,Pre-ETR,80.png
78,11,62,Kyle Pitts,TE,Atlanta Falcons,THESOURCE,Dak Prescott,Dallas Cowboys,0,,,New Orleans Saints,0,0,Pre-ETR,80.png
78,10,63,Bhayshul Tuten,RB,Jacksonville Jaguars,INGELX,Jaxson Dart,New York Giants,0,,,Arizona Cardinals,0,0,Pre-ETR,80.png
78,9,64,Tyler Shough,QB,New Orleans Saints,TIBBZY,Tyler Shough,New Orleans Saints,1,2,1,Atlanta Falcons,0,0,Pre-ETR,80.png
78,8,65,Caleb Williams,QB,Chicago Bears,BRANDMILLER,Caleb Williams,Chicago Bears,1,1,1,Pittsburgh Steelers,1,1,Pre-ETR,80.png
78,7,66,Brian Thomas,WR,Jacksonville Jaguars,PATRICKBARN,Drake Maye,New England Patriots,0,,,Arizona Cardinals,0,0,Pre-ETR,80.png
78,6,67,Parker Washington,WR,Jacksonville Jaguars,KRUTCHES93,Jared Goff,Detroit Lions,0,,,Arizona Cardinals,1,1,Pre-ETR,80.png
78,5,68,Brenton Strange,TE,Jacksonville Jaguars,LENKEITH,Patrick Mahomes,Kansas City Chiefs,0,,,Arizona Cardinals,0,0,Pre-ETR,80.png
78,4,69,Jordan Addison,WR,Minnesota Vikings,MILAGROS1070,Lamar Jackson,Baltimore Ravens,0,,,Green Bay Packers,0,0,Pre-ETR,80.png
78,3,70,Daniel Jones,QB,Indianapolis Colts,D4VE,Daniel Jones,Indianapolis Colts,1,1,1,Kansas City Chiefs,1,1,Pre-ETR,80.png
78,2,71,Jordan Love,QB,Green Bay Packers,HAWKBERG,Jordan Love,Green Bay Packers,1,0,0,Minnesota Vikings,1,1,Pre-ETR,80.png
78,1,72,Trevor Lawrence,QB,Jacksonville Jaguars,BUSTERSBOYS,Trevor Lawrence,Jacksonville Jaguars,1,0,0,Arizona Cardinals,0,0,Pre-ETR,80.png
79,1,1,Jahmyr Gibbs,RB,Detroit Lions,HOTSIZAUCE,Trevor Lawrence,Jacksonville Jaguars,0,,,New York Giants,0,0,Pre-ETR,81.png
79,2,2,Bijan Robinson,RB,Atlanta Falcons,BUSTERSBOYS,Caleb Williams,Chicago Bears,0,,,New Orleans Saints,0,0,Pre-ETR,81.png
79,3,3,Jonathan Taylor,RB,Indianapolis Colts,ALBOOGIE78,Patrick Mahomes,Kansas City Chiefs,0,,,Kansas City Chiefs,1,1,Pre-ETR,81.png
79,4,4,Trey McBride,TE,Arizona Cardinals,KRUTCHES93,Jacoby Brissett,Arizona Cardinals,1,,,Jacksonville Jaguars,0,0,Pre-ETR,81.png
79,5,5,Amon-Ra St. Brown,WR,Detroit Lions,LEE121503,Drake Maye,New England Patriots,0,,,New York Giants,0,0,Pre-ETR,81.png
79,6,6,Jaxon Smith-Njigba,WR,Seattle Seahawks,MATHOLOGY,Sam Darnold,Seattle Seahawks,1,,,Tennessee Titans,0,0,Pre-ETR,81.png
79,7,7,Saquon Barkley,RB,Philadelphia Eagles,MERKZ13,Lamar Jackson,Baltimore Ravens,0,,,Dallas Cowboys,0,0,Pre-ETR,81.png
79,8,8,Derrick Henry,RB,Baltimore Ravens,BRANDMILLER,Dak Prescott,Dallas Cowboys,0,,,New York Jets,0,0,Pre-ETR,81.png
79,9,9,Rashee Rice,WR,Kansas City Chiefs,INGELX,Jaxson Dart,New York Giants,0,,,Indianapolis Colts,0,0,Pre-ETR,81.png
79,10,10,CeeDee Lamb,WR,Dallas Cowboys,HAWKBERG,Jalen Hurts,Philadelphia Eagles,0,,,Philadelphia Eagles,2,1,Pre-ETR,81.png
79,11,11,TreVeyon Henderson,RB,New England Patriots,BOOMERWINS,Jared Goff,Detroit Lions,0,,,Cincinnati Bengals,0,0,Pre-ETR,81.png
79,12,12,Brock Bowers,TE,Las Vegas Raiders,EGGERS3,Daniel Jones,Indianapolis Colts,0,,,Cleveland Browns,0,0,Pre-ETR,81.png
79,12,13,Travis Etienne Jr.,RB,Jacksonville Jaguars,EGGERS3,Daniel Jones,Indianapolis Colts,0,,,Arizona Cardinals,1,1,Pre-ETR,81.png
79,11,14,Jameson Williams,WR,Detroit Lions,BOOMERWINS,Jared Goff,Detroit Lions,1,,,New York Giants,0,0,Pre-ETR,81.png
79,10,15,Jalen Hurts,QB,Philadelphia Eagles,HAWKBERG,Jalen Hurts,Philadelphia Eagles,1,1,1,Dallas Cowboys,1,1,Pre-ETR,81.png
79,9,16,Tee Higgins,WR,Cincinnati Bengals,INGELX,Jaxson Dart,New York Giants,0,,,New England Patriots,0,0,Pre-ETR,81.png
79,8,17,George Pickens,WR,Dallas Cowboys,BRANDMILLER,Dak Prescott,Dallas Cowboys,1,,,Philadelphia Eagles,0,0,Pre-ETR,81.png
79,7,18,Lamar Jackson,QB,Baltimore Ravens,MERKZ13,Lamar Jackson,Baltimore Ravens,1,1,1,New York Jets,0,0,Pre-ETR,81.png
79,6,19,Javonte Williams,RB,Dallas Cowboys,MATHOLOGY,Sam Darnold,Seattle Seahawks,0,,,Philadelphia Eagles,0,0,Pre-ETR,81.png
79,5,20,Drake Maye,QB,New England Patriots,LEE121503,Drake Maye,New England Patriots,1,1,1,Cincinnati Bengals,0,0,Pre-ETR,81.png
79,4,21,Chris Olave,WR,New Orleans Saints,KRUTCHES93,Jacoby Brissett,Arizona Cardinals,0,,,Atlanta Falcons,0,0,Pre-ETR,81.png
79,3,22,Tyler Warren,TE,Indianapolis Colts,ALBOOGIE78,Patrick Mahomes,Kansas City Chiefs,0,,,Kansas City Chiefs,1,1,Pre-ETR,81.png
79,2,23,Justin Jefferson,WR,Minnesota Vikings,BUSTERSBOYS,Caleb Williams,Chicago Bears,0,,,Green Bay Packers,1,1,Pre-ETR,81.png
79,1,24,A.J. Brown,WR,Philadelphia Eagles,HOTSIZAUCE,Trevor Lawrence,Jacksonville Jaguars,0,,,Dallas Cowboys,0,0,Pre-ETR,81.png
79,1,25,Stefon Diggs,WR,New England Patriots,HOTSIZAUCE,Trevor Lawrence,Jacksonville Jaguars,0,,,Cincinnati Bengals,0,0,Pre-ETR,81.png
79,2,26,DeVonta Smith,WR,Philadelphia Eagles,BUSTERSBOYS,Caleb Williams,Chicago Bears,0,,,Dallas Cowboys,1,1,Pre-ETR,81.png
79,3,27,Patrick Mahomes,QB,Kansas City Chiefs,ALBOOGIE78,Patrick Mahomes,Kansas City Chiefs,1,0,0,Indianapolis Colts,2,1,Pre-ETR,81.png
79,4,28,Chase Brown,RB,Cincinnati Bengals,KRUTCHES93,Jacoby Brissett,Arizona Cardinals,0,,,New England Patriots,0,0,Pre-ETR,81.png
79,5,29,Kenneth Walker III,RB,Seattle Seahawks,LEE121503,Drake Maye,New England Patriots,0,,,Tennessee Titans,0,0,Pre-ETR,81.png
79,6,30,Zay Flowers,WR,Baltimore Ravens,MATHOLOGY,Sam Darnold,Seattle Seahawks,0,,,New York Jets,0,0,Pre-ETR,81.png
79,7,31,Quinshon Judkins,RB,Cleveland Browns,MERKZ13,Lamar Jackson,Baltimore Ravens,0,,,Las Vegas Raiders,0,0,Pre-ETR,81.png
79,8,32,Travis Kelce,TE,Kansas City Chiefs,BRANDMILLER,Dak Prescott,Dallas Cowboys,0,,,Indianapolis Colts,1,1,Pre-ETR,81.png
79,9,33,Breece Hall,RB,New York Jets,INGELX,Jaxson Dart,New York Giants,0,,,Baltimore Ravens,0,0,Pre-ETR,81.png
79,10,34,Dallas Goedert,TE,Philadelphia Eagles,HAWKBERG,Jalen Hurts,Philadelphia Eagles,1,,,Dallas Cowboys,1,1,Pre-ETR,81.png
79,11,35,Hunter Henry,TE,New England Patriots,BOOMERWINS,Jared Goff,Detroit Lions,0,,,Cincinnati Bengals,0,0,Pre-ETR,81.png
79,12,36,Michael Wilson,WR,Arizona Cardinals,EGGERS3,Daniel Jones,Indianapolis Colts,0,,,Jacksonville Jaguars,1,1,Pre-ETR,81.png
79,12,37,Aaron Jones,RB,Minnesota Vikings,EGGERS3,Daniel Jones,Indianapolis Colts,0,,,Green Bay Packers,1,1,Pre-ETR,81.png
79,11,38,Jared Goff,QB,Detroit Lions,BOOMERWINS,Jared Goff,Detroit Lions,1,2,1,New York Giants,0,0,Pre-ETR,81.png
79,10,39,Ashton Jeanty,RB,Las Vegas Raiders,HAWKBERG,Jalen Hurts,Philadelphia Eagles,0,,,Cleveland Browns,0,0,Pre-ETR,81.png
79,9,40,Jaxson Dart,QB,New York Giants,INGELX,Jaxson Dart,New York Giants,1,1,1,Detroit Lions,0,0,Pre-ETR,81.png
79,8,41,Dak Prescott,QB,Dallas Cowboys,BRANDMILLER,Dak Prescott,Dallas Cowboys,1,1,1,Philadelphia Eagles,0,0,Pre-ETR,81.png
79,7,42,Rome Odunze,WR,Chicago Bears,MERKZ13,Lamar Jackson,Baltimore Ravens,0,,,Pittsburgh Steelers,0,0,Pre-ETR,81.png
79,6,43,Josh Jacobs,RB,Green Bay Packers,MATHOLOGY,Sam Darnold,Seattle Seahawks,0,,,Minnesota Vikings,0,0,Pre-ETR,81.png
79,5,44,Jaylen Warren,RB,Pittsburgh Steelers,LEE121503,Drake Maye,New England Patriots,0,,,Chicago Bears,0,0,Pre-ETR,81.png
79,4,45,D'Andre Swift,RB,Chicago Bears,KRUTCHES93,Jacoby Brissett,Arizona Cardinals,0,,,Pittsburgh Steelers,0,0,Pre-ETR,81.png
79,3,46,DK Metcalf,WR,Pittsburgh Steelers,ALBOOGIE78,Patrick Mahomes,Kansas City Chiefs,0,,,Chicago Bears,0,0,Pre-ETR,81.png
79,2,47,Emanuel Wilson,RB,Green Bay Packers,BUSTERSBOYS,Caleb Williams,Chicago Bears,0,,,Minnesota Vikings,1,1,Pre-ETR,81.png
79,1,48,Kyle Pitts,TE,Atlanta Falcons,HOTSIZAUCE,Trevor Lawrence,Jacksonville Jaguars,0,,,New Orleans Saints,0,0,Pre-ETR,81.png
79,1,49,Michael Pittman Jr.,WR,Indianapolis Colts,HOTSIZAUCE,Trevor Lawrence,Jacksonville Jaguars,0,,,Kansas City Chiefs,0,0,Pre-ETR,81.png
79,2,50,Jake Ferguson,TE,Dallas Cowboys,BUSTERSBOYS,Caleb Williams,Chicago Bears,0,,,Philadelphia Eagles,1,1,Pre-ETR,81.png
79,3,51,Wan'Dale Robinson,WR,New York Giants,ALBOOGIE78,Patrick Mahomes,Kansas City Chiefs,0,,,Detroit Lions,0,0,Pre-ETR,81.png
79,4,52,Jacoby Brissett,QB,Arizona Cardinals,KRUTCHES93,Jacoby Brissett,Arizona Cardinals,1,1,1,Jacksonville Jaguars,0,0,Pre-ETR,81.png
79,5,53,Juwan Johnson,TE,New Orleans Saints,LEE121503,Drake Maye,New England Patriots,0,,,Atlanta Falcons,0,0,Pre-ETR,81.png
79,6,54,Sam Darnold,QB,Seattle Seahawks,MATHOLOGY,Sam Darnold,Seattle Seahawks,1,2,1,Tennessee Titans,0,0,Pre-ETR,81.png
79,7,55,Mark Andrews,TE,Baltimore Ravens,MERKZ13,Lamar Jackson,Baltimore Ravens,1,,,New York Jets,0,0,Pre-ETR,81.png
79,8,56,Alec Pierce,WR,Indianapolis Colts,BRANDMILLER,Dak Prescott,Dallas Cowboys,0,,,Kansas City Chiefs,1,1,Pre-ETR,81.png
79,9,57,Bhayshul Tuten,RB,Jacksonville Jaguars,INGELX,Jaxson Dart,New York Giants,0,,,Arizona Cardinals,0,0,Pre-ETR,81.png
79,10,58,Xavier Worthy,WR,Kansas City Chiefs,HAWKBERG,Jalen Hurts,Philadelphia Eagles,0,,,Indianapolis Colts,0,0,Pre-ETR,81.png
79,11,59,David Montgomery,RB,Detroit Lions,BOOMERWINS,Jared Goff,Detroit Lions,1,,,New York Giants,0,0,Pre-ETR,81.png
79,12,60,Daniel Jones,QB,Indianapolis Colts,EGGERS3,Daniel Jones,Indianapolis Colts,1,0,0,Kansas City Chiefs,0,0,Pre-ETR,81.png
79,12,61,Christian Watson,WR,Green Bay Packers,EGGERS3,Daniel Jones,Indianapolis Colts,0,,,Minnesota Vikings,1,1,Pre-ETR,81.png
79,11,62,Jakobi Meyers,WR,Jacksonville Jaguars,BOOMERWINS,Jared Goff,Detroit Lions,0,,,Arizona Cardinals,0,0,Pre-ETR,81.png
79,10,63,Alvin Kamara,RB,New Orleans Saints,HAWKBERG,Jalen Hurts,Philadelphia Eagles,0,,,Atlanta Falcons,0,0,Pre-ETR,81.png
79,9,64,Theo Johnson,TE,New York Giants,INGELX,Jaxson Dart,New York Giants,1,,,Detroit Lions,0,0,Pre-ETR,81.png
79,8,65,Kenneth Gainwell,RB,Pittsburgh Steelers,BRANDMILLER,Dak Prescott,Dallas Cowboys,0,,,Chicago Bears,0,0,Pre-ETR,81.png
79,7,66,Darnell Mooney,WR,Atlanta Falcons,MERKZ13,Lamar Jackson,Baltimore Ravens,0,,,New Orleans Saints,0,0,Pre-ETR,81.png
79,6,67,AJ Barner,TE,Seattle Seahawks,MATHOLOGY,Sam Darnold,Seattle Seahawks,1,,,Tennessee Titans,0,0,Pre-ETR,81.png
79,5,68,Kayshon Boutte,WR,New England Patriots,LEE121503,Drake Maye,New England Patriots,1,,,Cincinnati Bengals,0,0,Pre-ETR,81.png
79,4,69,Christian Watson,WR,Green Bay Packers,KRUTCHES93,Jacoby Brissett,Arizona Cardinals,0,,,Minnesota Vikings,0,0,Pre-ETR,81.png
79,3,70,Tyrone Tracy,RB,New York Giants,ALBOOGIE78,Patrick Mahomes,Kansas City Chiefs,0,,,Detroit Lions,0,0,Pre-ETR,81.png
79,2,71,Caleb Williams,QB,Chicago Bears,BUSTERSBOYS,Caleb Williams,Chicago Bears,1,0,0,Pittsburgh Steelers,0,0,Pre-ETR,81.png
79,1,72,Trevor Lawrence,QB,Jacksonville Jaguars,HOTSIZAUCE,Trevor Lawrence,Jacksonville Jaguars,1,0,0,Arizona Cardinals,0,0,Pre-ETR,81.png
80,1,1,Jahmyr Gibbs,RB,Detroit Lions,TIBBZY,Daniel Jones,Indianapolis Colts,0,,,New York Giants,0,0,Pre-ETR,82.jpg
80,2,2,Bijan Robinson,RB,Atlanta Falcons,KRUTCHES93,Dak Prescott,Dallas Cowboys,0,,,New Orleans Saints,1,1,Pre-ETR,82.jpg
80,3,3,Jonathan Taylor,RB,Indianapolis Colts,URBANIK,Trevor Lawrence,Jacksonville Jaguars,0,,,Kansas City Chiefs,0,0,Pre-ETR,82.jpg
80,4,4,Jaxon Smith-Njigba,WR,Seattle Seahawks,AHODANIEL,Caleb Williams,Chicago Bears,0,,,Tennessee Titans,0,0,Pre-ETR,82.jpg
80,5,5,Trey McBride,TE,Arizona Cardinals,OHVA216,Jared Goff,Detroit Lions,0,,,Jacksonville Jaguars,0,0,Pre-ETR,82.jpg
80,6,6,Saquon Barkley,RB,Philadelphia Eagles,BUSTERSBOYS,Drake Maye,New England Patriots,0,,,Dallas Cowboys,0,0,Pre-ETR,82.jpg
80,7,7,Amon-Ra St. Brown,WR,Detroit Lions,MATHOLOGY,Lamar Jackson,Baltimore Ravens,0,,,New York Giants,0,0,Pre-ETR,82.jpg
80,8,8,Brock Bowers,TE,Las Vegas Raiders,GATORJAKE13,Jacoby Brissett,Arizona Cardinals,0,,,Cleveland Browns,1,1,Pre-ETR,82.jpg
80,9,9,Derrick Henry,RB,Baltimore Ravens,MERKZ13,Patrick Mahomes,Kansas City Chiefs,0,,,New York Jets,0,0,Pre-ETR,82.jpg
80,10,10,CeeDee Lamb,WR,Dallas Cowboys,MARIOSOLAR,Jalen Hurts,Philadelphia Eagles,0,,,Philadelphia Eagles,1,1,Pre-ETR,82.jpg
80,11,11,TreVeyon Henderson,RB,New England Patriots,SETHPAL,Sam Darnold,Seattle Seahawks,0,,,Cincinnati Bengals,0,0,Pre-ETR,82.jpg
80,12,12,Rashee Rice,WR,Kansas City Chiefs,CGEEEEEE,Jaxson Dart,New York Giants,0,,,Indianapolis Colts,0,0,Pre-ETR,82.jpg
80,12,13,Travis Etienne Jr.,RB,Jacksonville Jaguars,CGEEEEEE,Jaxson Dart,New York Giants,0,,,Arizona Cardinals,1,1,Pre-ETR,82.jpg
80,11,14,Jameson Williams,WR,Detroit Lions,SETHPAL,Sam Darnold,Seattle Seahawks,0,,,New York Giants,0,0,Pre-ETR,82.jpg
80,10,15,Jalen Hurts,QB,Philadelphia Eagles,MARIOSOLAR,Jalen Hurts,Philadelphia Eagles,1,0,0,Dallas Cowboys,1,1,Pre-ETR,82.jpg
80,9,16,Tee Higgins,WR,Cincinnati Bengals,MERKZ13,Patrick Mahomes,Kansas City Chiefs,0,,,New England Patriots,0,0,Pre-ETR,82.jpg
80,8,17,Quinshon Judkins,RB,Cleveland Browns,GATORJAKE13,Jacoby Brissett,Arizona Cardinals,0,,,Las Vegas Raiders,1,1,Pre-ETR,82.jpg
80,7,18,Lamar Jackson,QB,Baltimore Ravens,MATHOLOGY,Lamar Jackson,Baltimore Ravens,1,0,0,New York Jets,0,0,Pre-ETR,82.jpg
80,6,19,Drake Maye,QB,New England Patriots,BUSTERSBOYS,Drake Maye,New England Patriots,1,0,0,Cincinnati Bengals,0,0,Pre-ETR,82.jpg
80,5,20,Javonte Williams,RB,Dallas Cowboys,OHVA216,Jared Goff,Detroit Lions,0,,,Philadelphia Eagles,0,0,Pre-ETR,82.jpg
80,4,21,Breece Hall,RB,New York Jets,AHODANIEL,Caleb Williams,Chicago Bears,0,,,Baltimore Ravens,0,0,Pre-ETR,82.jpg
80,3,22,A.J. Brown,WR,Philadelphia Eagles,URBANIK,Trevor Lawrence,Jacksonville Jaguars,0,,,Dallas Cowboys,0,0,Pre-ETR,82.jpg
80,2,23,George Pickens,WR,Dallas Cowboys,KRUTCHES93,Dak Prescott,Dallas Cowboys,1,,,Philadelphia Eagles,0,0,Pre-ETR,82.jpg
80,1,24,Chase Brown,RB,Cincinnati Bengals,TIBBZY,Daniel Jones,Indianapolis Colts,0,,,New England Patriots,0,0,Pre-ETR,82.jpg
80,1,25,Tyler Warren,TE,Indianapolis Colts,TIBBZY,Daniel Jones,Indianapolis Colts,1,,,Kansas City Chiefs,0,0,Pre-ETR,82.jpg
80,2,26,Chris Olave,WR,New Orleans Saints,KRUTCHES93,Dak Prescott,Dallas Cowboys,0,,,Atlanta Falcons,2,1,Pre-ETR,82.jpg
80,3,27,Justin Jefferson,WR,Minnesota Vikings,URBANIK,Trevor Lawrence,Jacksonville Jaguars,0,,,Green Bay Packers,0,0,Pre-ETR,82.jpg
80,4,28,DeVonta Smith,WR,Philadelphia Eagles,AHODANIEL,Caleb Williams,Chicago Bears,0,,,Dallas Cowboys,0,0,Pre-ETR,82.jpg
80,5,29,Stefon Diggs,WR,New England Patriots,OHVA216,Jared Goff,Detroit Lions,0,,,Cincinnati Bengals,0,0,Pre-ETR,82.jpg
80,6,30,Zay Flowers,WR,Baltimore Ravens,BUSTERSBOYS,Drake Maye,New England Patriots,0,,,New York Jets,0,0,Pre-ETR,82.jpg
80,7,31,Travis Kelce,TE,Kansas City Chiefs,MATHOLOGY,Lamar Jackson,Baltimore Ravens,0,,,Indianapolis Colts,1,1,Pre-ETR,82.jpg
80,8,32,Aaron Jones,RB,Minnesota Vikings,GATORJAKE13,Jacoby Brissett,Arizona Cardinals,0,,,Green Bay Packers,0,0,Pre-ETR,82.jpg
80,9,33,Patrick Mahomes,QB,Kansas City Chiefs,MERKZ13,Patrick Mahomes,Kansas City Chiefs,1,1,1,Indianapolis Colts,0,0,Pre-ETR,82.jpg
80,10,34,Kenneth Walker III,RB,Seattle Seahawks,MARIOSOLAR,Jalen Hurts,Philadelphia Eagles,0,,,Tennessee Titans,0,0,Pre-ETR,82.jpg
80,11,35,D'Andre Swift,RB,Chicago Bears,SETHPAL,Sam Darnold,Seattle Seahawks,0,,,Pittsburgh Steelers,0,0,Pre-ETR,82.jpg
80,12,36,Jaxson Dart,QB,New York Giants,CGEEEEEE,Jaxson Dart,New York Giants,1,0,0,Detroit Lions,0,0,Pre-ETR,82.jpg
80,12,37,Rome Odunze,WR,Chicago Bears,CGEEEEEE,Jaxson Dart,New York Giants,0,,,Pittsburgh Steelers,0,0,Pre-ETR,82.jpg
80,11,38,Sam Darnold,QB,Seattle Seahawks,SETHPAL,Sam Darnold,Seattle Seahawks,1,0,0,Tennessee Titans,0,0,Pre-ETR,82.jpg
80,10,39,Josh Jacobs,RB,Green Bay Packers,MARIOSOLAR,Jalen Hurts,Philadelphia Eagles,0,,,Minnesota Vikings,0,0,Pre-ETR,82.jpg
80,9,40,Ashton Jeanty,RB,Las Vegas Raiders,MERKZ13,Patrick Mahomes,Kansas City Chiefs,0,,,Cleveland Browns,0,0,Pre-ETR,82.jpg
80,8,41,Michael Wilson,WR,Arizona Cardinals,GATORJAKE13,Jacoby Brissett,Arizona Cardinals,1,,,Jacksonville Jaguars,1,1,Pre-ETR,82.jpg
80,7,42,David Montgomery,RB,Detroit Lions,MATHOLOGY,Lamar Jackson,Baltimore Ravens,0,,,New York Giants,0,0,Pre-ETR,82.jpg
80,6,43,DK Metcalf,WR,Pittsburgh Steelers,BUSTERSBOYS,Drake Maye,New England Patriots,0,,,Chicago Bears,0,0,Pre-ETR,82.jpg
80,5,44,Jared Goff,QB,Detroit Lions,OHVA216,Jared Goff,Detroit Lions,1,0,0,New York Giants,0,0,Pre-ETR,82.jpg
80,4,45,Alvin Kamara,RB,New Orleans Saints,AHODANIEL,Caleb Williams,Chicago Bears,0,,,Atlanta Falcons,0,0,Pre-ETR,82.jpg
80,3,46,Jaylen Warren,RB,Pittsburgh Steelers,URBANIK,Trevor Lawrence,Jacksonville Jaguars,0,,,Chicago Bears,0,0,Pre-ETR,82.jpg
80,2,47,Dak Prescott,QB,Dallas Cowboys,KRUTCHES93,Dak Prescott,Dallas Cowboys,1,1,1,Philadelphia Eagles,0,0,Pre-ETR,82.jpg
80,1,48,Michael Pittman Jr.,WR,Indianapolis Colts,TIBBZY,Daniel Jones,Indianapolis Colts,1,,,Kansas City Chiefs,0,0,Pre-ETR,82.jpg
80,1,49,Daniel Jones,QB,Indianapolis Colts,TIBBZY,Daniel Jones,Indianapolis Colts,1,2,1,Kansas City Chiefs,0,0,Pre-ETR,82.jpg
80,2,50,Kyle Pitts,TE,Atlanta Falcons,KRUTCHES93,Dak Prescott,Dallas Cowboys,0,,,New Orleans Saints,1,1,Pre-ETR,82.jpg
80,3,51,Hunter Henry,TE,New England Patriots,URBANIK,Trevor Lawrence,Jacksonville Jaguars,0,,,Cincinnati Bengals,0,0,Pre-ETR,82.jpg
80,4,52,Dallas Goedert,TE,Philadelphia Eagles,AHODANIEL,Caleb Williams,Chicago Bears,0,,,Dallas Cowboys,0,0,Pre-ETR,82.jpg
80,5,53,Emanuel Wilson,RB,Green Bay Packers,OHVA216,Jared Goff,Detroit Lions,0,,,Minnesota Vikings,0,0,Pre-ETR,82.jpg
80,6,54,Darnell Mooney,WR,Atlanta Falcons,BUSTERSBOYS,Drake Maye,New England Patriots,0,,,New Orleans Saints,0,0,Pre-ETR,82.jpg
80,7,55,Alec Pierce,WR,Indianapolis Colts,MATHOLOGY,Lamar Jackson,Baltimore Ravens,0,,,Kansas City Chiefs,2,1,Pre-ETR,82.jpg
80,8,56,Jacoby Brissett,QB,Arizona Cardinals,GATORJAKE13,Jacoby Brissett,Arizona Cardinals,1,1,1,Jacksonville Jaguars,1,1,Pre-ETR,82.jpg
80,9,57,Jake Ferguson,TE,Dallas Cowboys,MERKZ13,Patrick Mahomes,Kansas City Chiefs,0,,,Philadelphia Eagles,0,0,Pre-ETR,82.jpg
80,10,58,Juwan Johnson,TE,New Orleans Saints,MARIOSOLAR,Jalen Hurts,Philadelphia Eagles,0,,,Atlanta Falcons,0,0,Pre-ETR,82.jpg
80,11,59,Colston Loveland,TE,Chicago Bears,SETHPAL,Sam Darnold,Seattle Seahawks,0,,,Pittsburgh Steelers,0,0,Pre-ETR,82.jpg
80,12,60,Bam Knight,RB,Arizona Cardinals,CGEEEEEE,Jaxson Dart,New York Giants,0,,,Jacksonville Jaguars,1,1,Pre-ETR,82.jpg
80,12,61,Mark Andrews,TE,Baltimore Ravens,CGEEEEEE,Jaxson Dart,New York Giants,0,,,New York Jets,0,0,Pre-ETR,82.jpg
80,11,62,Romeo Doubs,WR,Green Bay Packers,SETHPAL,Sam Darnold,Seattle Seahawks,0,,,Minnesota Vikings,0,0,Pre-ETR,82.jpg
80,10,63,Wan'Dale Robinson,WR,New York Giants,MARIOSOLAR,Jalen Hurts,Philadelphia Eagles,0,,,Detroit Lions,0,0,Pre-ETR,82.jpg
80,9,64,Xavier Worthy,WR,Kansas City Chiefs,MERKZ13,Patrick Mahomes,Kansas City Chiefs,1,,,Indianapolis Colts,0,0,Pre-ETR,82.jpg
80,8,65,Jakobi Meyers,WR,Jacksonville Jaguars,GATORJAKE13,Jacoby Brissett,Arizona Cardinals,0,,,Arizona Cardinals,2,1,Pre-ETR,82.jpg
80,7,66,Elijah Mitchell,RB,Kansas City Chiefs,MATHOLOGY,Lamar Jackson,Baltimore Ravens,0,,,Indianapolis Colts,1,1,Pre-ETR,82.jpg
80,6,67,Theo Johnson,TE,New York Giants,BUSTERSBOYS,Drake Maye,New England Patriots,0,,,Detroit Lions,0,0,Pre-ETR,82.jpg
80,5,68,Cooper Kupp,WR,Seattle Seahawks,OHVA216,Jared Goff,Detroit Lions,0,,,Tennessee Titans,0,0,Pre-ETR,82.jpg
80,4,69,Caleb Williams,QB,Chicago Bears,AHODANIEL,Caleb Williams,Chicago Bears,1,0,0,Pittsburgh Steelers,0,0,Pre-ETR,82.jpg
80,3,70,Trevor Lawrence,QB,Jacksonville Jaguars,URBANIK,Trevor Lawrence,Jacksonville Jaguars,1,0,0,Arizona Cardinals,0,0,Pre-ETR,82.jpg
80,2,71,Tyrone Tracy,RB,New York Giants,KRUTCHES93,Dak Prescott,Dallas Cowboys,0,,,Detroit Lions,0,0,Pre-ETR,82.jpg
80,1,72,Christian Watson,WR,Green Bay Packers,TIBBZY,Daniel Jones,Indianapolis Colts,0,,,Minnesota Vikings,0,0,Pre-ETR,82.jpg
81,1,1,Jahmyr Gibbs,RB,Detroit Lions,ALBOOGIE78,Daniel Jones,Indianapolis Colts,0,,,New York Giants,0,0,Pre-ETR,83.png
81,2,2,Amon-Ra St. Brown,WR,Detroit Lions,INGELX,Jordan Love,Green Bay Packers,0,,,New York Giants,0,0,Pre-ETR,83.png
81,3,3,Jonathan Taylor,RB,Indianapolis Colts,LEE121503,Jared Goff,Detroit Lions,0,,,Kansas City Chiefs,0,0,Pre-ETR,83.png
81,4,4,Jaxon Smith-Njigba,WR,Seattle Seahawks,YUZENN,Sam Darnold,Seattle Seahawks,1,,,Tennessee Titans,0,0,Pre-ETR,83.png
81,5,5,Bijan Robinson,RB,Atlanta Falcons,NEZ,Jaxson Dart,New York Giants,0,,,New Orleans Saints,0,0,Pre-ETR,83.png
81,6,6,Tee Higgins,WR,Cincinnati Bengals,URBANIK,Dak Prescott,Dallas Cowboys,0,,,New England Patriots,0,0,Pre-ETR,83.png
81,7,7,Saquon Barkley,RB,Philadelphia Eagles,RIPSEWELL,Lamar Jackson,Baltimore Ravens,0,,,Dallas Cowboys,1,1,Pre-ETR,83.png
81,8,8,Trey McBride,TE,Arizona Cardinals,MOSIOATUNYA,Drake Maye,New England Patriots,0,,,Jacksonville Jaguars,0,0,Pre-ETR,83.png
81,9,9,Derrick Henry,RB,Baltimore Ravens,GOAZCARDS,Patrick Mahomes,Kansas City Chiefs,0,,,New York Jets,0,0,Pre-ETR,83.png
81,10,10,CeeDee Lamb,WR,Dallas Cowboys,JGFC,Caleb Williams,Chicago Bears,0,,,Philadelphia Eagles,0,0,Pre-ETR,83.png
81,11,11,Rashee Rice,WR,Kansas City Chiefs,ROOKIE,Trevor Lawrence,Jacksonville Jaguars,0,,,Indianapolis Colts,1,1,Pre-ETR,83.png
81,12,12,TreVeyon Henderson,RB,New England Patriots,RAZOR33,Jalen Hurts,Philadelphia Eagles,0,,,Cincinnati Bengals,0,0,Pre-ETR,83.png
81,12,13,Jalen Hurts,QB,Philadelphia Eagles,RAZOR33,Jalen Hurts,Philadelphia Eagles,1,0,0,Dallas Cowboys,0,0,Pre-ETR,83.png
81,11,14,Travis Etienne Jr.,RB,Jacksonville Jaguars,ROOKIE,Trevor Lawrence,Jacksonville Jaguars,1,,,Arizona Cardinals,0,0,Pre-ETR,83.png
81,10,15,Jameson Williams,WR,Detroit Lions,JGFC,Caleb Williams,Chicago Bears,0,,,New York Giants,0,0,Pre-ETR,83.png
81,9,16,Javonte Williams,RB,Dallas Cowboys,GOAZCARDS,Patrick Mahomes,Kansas City Chiefs,0,,,Philadelphia Eagles,0,0,Pre-ETR,83.png
81,8,17,Drake Maye,QB,New England Patriots,MOSIOATUNYA,Drake Maye,New England Patriots,1,1,1,Cincinnati Bengals,0,0,Pre-ETR,83.png
81,7,18,Lamar Jackson,QB,Baltimore Ravens,RIPSEWELL,Lamar Jackson,Baltimore Ravens,1,1,1,New York Jets,0,0,Pre-ETR,83.png
81,6,19,George Pickens,WR,Dallas Cowboys,URBANIK,Dak Prescott,Dallas Cowboys,1,,,Philadelphia Eagles,1,1,Pre-ETR,83.png
81,5,20,Brock Bowers,TE,Las Vegas Raiders,NEZ,Jaxson Dart,New York Giants,0,,,Cleveland Browns,0,0,Pre-ETR,83.png
81,4,21,Chase Brown,RB,Cincinnati Bengals,YUZENN,Sam Darnold,Seattle Seahawks,0,,,New England Patriots,0,0,Pre-ETR,83.png
81,3,22,A.J. Brown,WR,Philadelphia Eagles,LEE121503,Jared Goff,Detroit Lions,0,,,Dallas Cowboys,0,0,Pre-ETR,83.png
81,2,23,DeVonta Smith,WR,Philadelphia Eagles,INGELX,Jordan Love,Green Bay Packers,0,,,Dallas Cowboys,0,0,Pre-ETR,83.png
81,1,24,Chris Olave,WR,New Orleans Saints,ALBOOGIE78,Daniel Jones,Indianapolis Colts,0,,,Atlanta Falcons,1,1,Pre-ETR,83.png
81,1,25,Tyler Warren,TE,Indianapolis Colts,ALBOOGIE78,Daniel Jones,Indianapolis Colts,1,,,Kansas City Chiefs,0,0,Pre-ETR,83.png
81,2,26,Kenneth Walker III,RB,Seattle Seahawks,INGELX,Jordan Love,Green Bay Packers,0,,,Tennessee Titans,0,0,Pre-ETR,83.png
81,3,27,Justin Jefferson,WR,Minnesota Vikings,LEE121503,Jared Goff,Detroit Lions,0,,,Green Bay Packers,1,1,Pre-ETR,83.png
81,4,28,Travis Kelce,TE,Kansas City Chiefs,YUZENN,Sam Darnold,Seattle Seahawks,0,,,Indianapolis Colts,0,0,Pre-ETR,83.png
81,5,29,Stefon Diggs,WR,New England Patriots,NEZ,Jaxson Dart,New York Giants,0,,,Cincinnati Bengals,0,0,Pre-ETR,83.png
81,6,30,DK Metcalf,WR,Pittsburgh Steelers,URBANIK,Dak Prescott,Dallas Cowboys,0,,,Chicago Bears,0,0,Pre-ETR,83.png
81,7,31,Zay Flowers,WR,Baltimore Ravens,RIPSEWELL,Lamar Jackson,Baltimore Ravens,1,,,New York Jets,0,0,Pre-ETR,83.png
81,8,32,Quinshon Judkins,RB,Cleveland Browns,MOSIOATUNYA,Drake Maye,New England Patriots,0,,,Las Vegas Raiders,0,0,Pre-ETR,83.png
81,9,33,Patrick Mahomes,QB,Kansas City Chiefs,GOAZCARDS,Patrick Mahomes,Kansas City Chiefs,1,0,0,Indianapolis Colts,0,0,Pre-ETR,83.png
81,10,34,Breece Hall,RB,New York Jets,JGFC,Caleb Williams,Chicago Bears,0,,,Baltimore Ravens,0,0,Pre-ETR,83.png
81,11,35,Aaron Jones,RB,Minnesota Vikings,ROOKIE,Trevor Lawrence,Jacksonville Jaguars,0,,,Green Bay Packers,0,0,Pre-ETR,83.png
81,12,36,Ashton Jeanty,RB,Las Vegas Raiders,RAZOR33,Jalen Hurts,Philadelphia Eagles,0,,,Cleveland Browns,0,0,Pre-ETR,83.png
81,12,37,Rome Odunze,WR,Chicago Bears,RAZOR33,Jalen Hurts,Philadelphia Eagles,0,,,Pittsburgh Steelers,0,0,Pre-ETR,83.png
81,11,38,Michael Pittman Jr.,WR,Indianapolis Colts,ROOKIE,Trevor Lawrence,Jacksonville Jaguars,0,,,Kansas City Chiefs,1,1,Pre-ETR,83.png
81,10,39,Emanuel Wilson,RB,Green Bay Packers,JGFC,Caleb Williams,Chicago Bears,0,,,Minnesota Vikings,0,0,Pre-ETR,83.png
81,9,40,Michael Wilson,WR,Arizona Cardinals,GOAZCARDS,Patrick Mahomes,Kansas City Chiefs,0,,,Jacksonville Jaguars,1,1,Pre-ETR,83.png
81,8,41,Wan'Dale Robinson,WR,New York Giants,MOSIOATUNYA,Drake Maye,New England Patriots,0,,,Detroit Lions,0,0,Pre-ETR,83.png
81,7,42,David Montgomery,RB,Detroit Lions,RIPSEWELL,Lamar Jackson,Baltimore Ravens,0,,,New York Giants,0,0,Pre-ETR,83.png
81,6,43,Dak Prescott,QB,Dallas Cowboys,URBANIK,Dak Prescott,Dallas Cowboys,1,1,1,Philadelphia Eagles,1,1,Pre-ETR,83.png
81,5,44,Jaxson Dart,QB,New York Giants,NEZ,Jaxson Dart,New York Giants,1,0,0,Detroit Lions,0,0,Pre-ETR,83.png
81,4,45,Jaylen Warren,RB,Pittsburgh Steelers,YUZENN,Sam Darnold,Seattle Seahawks,0,,,Chicago Bears,0,0,Pre-ETR,83.png
81,3,46,Jared Goff,QB,Detroit Lions,LEE121503,Jared Goff,Detroit Lions,1,1,1,New York Giants,0,0,Pre-ETR,83.png
81,2,47,D'Andre Swift,RB,Chicago Bears,INGELX,Jordan Love,Green Bay Packers,0,,,Pittsburgh Steelers,0,0,Pre-ETR,83.png
81,1,48,Daniel Jones,QB,Indianapolis Colts,ALBOOGIE78,Daniel Jones,Indianapolis Colts,1,1,1,Kansas City Chiefs,0,0,Pre-ETR,83.png
81,1,49,Kenneth Gainwell,RB,Pittsburgh Steelers,ALBOOGIE78,Daniel Jones,Indianapolis Colts,0,,,Chicago Bears,0,0,Pre-ETR,83.png
81,2,50,Hunter Henry,TE,New England Patriots,INGELX,Jordan Love,Green Bay Packers,0,,,Cincinnati Bengals,0,0,Pre-ETR,83.png
81,3,51,Emanuel Wilson,RB,Green Bay Packers,LEE121503,Jared Goff,Detroit Lions,0,,,Minnesota Vikings,1,1,Pre-ETR,83.png
81,4,52,Xavier Worthy,WR,Kansas City Chiefs,YUZENN,Sam Darnold,Seattle Seahawks,0,,,Indianapolis Colts,0,0,Pre-ETR,83.png
81,5,53,Alec Pierce,WR,Indianapolis Colts,NEZ,Jaxson Dart,New York Giants,0,,,Kansas City Chiefs,0,0,Pre-ETR,83.png
81,6,54,Dallas Goedert,TE,Philadelphia Eagles,URBANIK,Dak Prescott,Dallas Cowboys,0,,,Dallas Cowboys,2,1,Pre-ETR,83.png
81,7,55,Jake Ferguson,TE,Dallas Cowboys,RIPSEWELL,Lamar Jackson,Baltimore Ravens,0,,,Philadelphia Eagles,1,1,Pre-ETR,83.png
81,8,56,Alvin Kamara,RB,New Orleans Saints,MOSIOATUNYA,Drake Maye,New England Patriots,0,,,Atlanta Falcons,0,0,Pre-ETR,83.png
81,9,57,Kyle Pitts,TE,Atlanta Falcons,GOAZCARDS,Patrick Mahomes,Kansas City Chiefs,0,,,New Orleans Saints,0,0,Pre-ETR,83.png
81,10,58,Juwan Johnson,TE,New Orleans Saints,JGFC,Caleb Williams,Chicago Bears,0,,,Atlanta Falcons,0,0,Pre-ETR,83.png
81,11,59,Theo Johnson,TE,New York Giants,ROOKIE,Trevor Lawrence,Jacksonville Jaguars,0,,,Detroit Lions,0,0,Pre-ETR,83.png
81,12,60,Jordan Addison,WR,Minnesota Vikings,RAZOR33,Jalen Hurts,Philadelphia Eagles,0,,,Green Bay Packers,0,0,Pre-ETR,83.png
81,12,61,Mark Andrews,TE,Baltimore Ravens,RAZOR33,Jalen Hurts,Philadelphia Eagles,0,,,New York Jets,0,0,Pre-ETR,83.png
81,11,62,Trevor Lawrence,QB,Jacksonville Jaguars,ROOKIE,Trevor Lawrence,Jacksonville Jaguars,1,1,1,Arizona Cardinals,0,0,Pre-ETR,83.png
81,10,63,Caleb Williams,QB,Chicago Bears,JGFC,Caleb Williams,Chicago Bears,1,0,0,Pittsburgh Steelers,0,0,Pre-ETR,83.png
81,9,64,Jakobi Meyers,WR,Jacksonville Jaguars,GOAZCARDS,Patrick Mahomes,Kansas City Chiefs,0,,,Arizona Cardinals,1,1,Pre-ETR,83.png
81,8,65,Kayshon Boutte,WR,New England Patriots,MOSIOATUNYA,Drake Maye,New England Patriots,1,,,Cincinnati Bengals,0,0,Pre-ETR,83.png
81,7,66,Romeo Doubs,WR,Green Bay Packers,RIPSEWELL,Lamar Jackson,Baltimore Ravens,0,,,Minnesota Vikings,0,0,Pre-ETR,83.png
81,6,67,Tyrone Tracy,RB,New York Giants,URBANIK,Dak Prescott,Dallas Cowboys,0,,,Detroit Lions,0,0,Pre-ETR,83.png
81,5,68,Zach Charbonnet,RB,Seattle Seahawks,NEZ,Jaxson Dart,New York Giants,0,,,Tennessee Titans,0,0,Pre-ETR,83.png
81,4,69,Sam Darnold,QB,Seattle Seahawks,YUZENN,Sam Darnold,Seattle Seahawks,1,1,1,Tennessee Titans,0,0,Pre-ETR,83.png
81,3,70,Brock Wright,TE,Detroit Lions,LEE121503,Jared Goff,Detroit Lions,1,,,New York Giants,0,0,Pre-ETR,83.png
81,2,71,Jordan Love,QB,Green Bay Packers,INGELX,Jordan Love,Green Bay Packers,1,0,0,Minnesota Vikings,0,0,Pre-ETR,83.png
81,1,72,Darnell Mooney,WR,Atlanta Falcons,ALBOOGIE78,Daniel Jones,Indianapolis Colts,0,,,New Orleans Saints,1,1,Pre-ETR,83.png
82,1,1,Jahmyr Gibbs,RB,Detroit Lions,GUNNEROSS,Daniel Jones,Indianapolis Colts,0,,,New York Giants,0,0,Pre-ETR,84.png
82,2,2,Jonathan Taylor,RB,Indianapolis Colts,ICEYFFB,Jaxson Dart,New York Giants,0,,,Kansas City Chiefs,0,0,Pre-ETR,84.png
82,3,3,Bijan Robinson,RB,Atlanta Falcons,STEADY314,Patrick Mahomes,Kansas City Chiefs,0,,,New Orleans Saints,0,0,Pre-ETR,84.png
82,4,4,Jaxon Smith-Njigba,WR,Seattle Seahawks,IMAGIKARP,Jared Goff,Detroit Lions,0,,,Tennessee Titans,0,0,Pre-ETR,84.png
82,5,5,Derrick Henry,RB,Baltimore Ravens,NEZ,Lamar Jackson,Baltimore Ravens,1,,,New York Jets,0,0,Pre-ETR,84.png
82,6,6,Amon-Ra St. Brown,WR,Detroit Lions,MATHOLOGY,Jordan Love,Green Bay Packers,0,,,New York Giants,0,0,Pre-ETR,84.png
82,7,7,Saquon Barkley,RB,Philadelphia Eagles,PHILLIESFAN1,Dak Prescott,Dallas Cowboys,0,,,Dallas Cowboys,2,1,Pre-ETR,84.png
82,8,8,Trey McBride,TE,Arizona Cardinals,MIKEC6212,Trevor Lawrence,Jacksonville Jaguars,0,,,Jacksonville Jaguars,1,1,Pre-ETR,84.png
82,9,9,TreVeyon Henderson,RB,New England Patriots,SHAGNASTYB,Drake Maye,New England Patriots,1,,,Cincinnati Bengals,0,0,Pre-ETR,84.png
82,10,10,CeeDee Lamb,WR,Dallas Cowboys,XCHEERFUL,Jacoby Brissett,Arizona Cardinals,0,,,Philadelphia Eagles,0,0,Pre-ETR,84.png
82,11,11,Rashee Rice,WR,Kansas City Chiefs,TIBBZY,Jalen Hurts,Philadelphia Eagles,0,,,Indianapolis Colts,1,1,Pre-ETR,84.png
82,12,12,Travis Etienne Jr.,RB,Jacksonville Jaguars,CGEEEEEE,Caleb Williams,Chicago Bears,0,,,Arizona Cardinals,0,0,Pre-ETR,84.png
82,12,13,Javonte Williams,RB,Dallas Cowboys,CGEEEEEE,Caleb Williams,Chicago Bears,0,,,Philadelphia Eagles,0,0,Pre-ETR,84.png
82,11,14,Jalen Hurts,QB,Philadelphia Eagles,TIBBZY,Jalen Hurts,Philadelphia Eagles,1,1,1,Dallas Cowboys,0,0,Pre-ETR,84.png
82,10,15,Tee Higgins,WR,Cincinnati Bengals,XCHEERFUL,Jacoby Brissett,Arizona Cardinals,0,,,New England Patriots,0,0,Pre-ETR,84.png
82,9,16,Drake Maye,QB,New England Patriots,SHAGNASTYB,Drake Maye,New England Patriots,1,2,1,Cincinnati Bengals,0,0,Pre-ETR,84.png
82,8,17,A.J. Brown,WR,Philadelphia Eagles,MIKEC6212,Trevor Lawrence,Jacksonville Jaguars,0,,,Dallas Cowboys,0,0,Pre-ETR,84.png
82,7,18,George Pickens,WR,Dallas Cowboys,PHILLIESFAN1,Dak Prescott,Dallas Cowboys,1,,,Philadelphia Eagles,1,1,Pre-ETR,84.png
82,6,19,Brock Bowers,TE,Las Vegas Raiders,MATHOLOGY,Jordan Love,Green Bay Packers,0,,,Cleveland Browns,0,0,Pre-ETR,84.png
82,5,20,Lamar Jackson,QB,Baltimore Ravens,NEZ,Lamar Jackson,Baltimore Ravens,1,2,1,New York Jets,0,0,Pre-ETR,84.png
82,4,21,Jameson Williams,WR,Detroit Lions,IMAGIKARP,Jared Goff,Detroit Lions,1,,,New York Giants,0,0,Pre-ETR,84.png
82,3,22,Patrick Mahomes,QB,Kansas City Chiefs,STEADY314,Patrick Mahomes,Kansas City Chiefs,1,2,1,Indianapolis Colts,0,0,Pre-ETR,84.png
82,2,23,Justin Jefferson,WR,Minnesota Vikings,ICEYFFB,Jaxson Dart,New York Giants,0,,,Green Bay Packers,0,0,Pre-ETR,84.png
82,1,24,DeVonta Smith,WR,Philadelphia Eagles,GUNNEROSS,Daniel Jones,Indianapolis Colts,0,,,Dallas Cowboys,0,0,Pre-ETR,84.png
82,1,25,Chase Brown,RB,Cincinnati Bengals,GUNNEROSS,Daniel Jones,Indianapolis Colts,0,,,New England Patriots,0,0,Pre-ETR,84.png
82,2,26,Chris Olave,WR,New Orleans Saints,ICEYFFB,Jaxson Dart,New York Giants,0,,,Atlanta Falcons,0,0,Pre-ETR,84.png
82,3,27,Quinshon Judkins,RB,Cleveland Browns,STEADY314,Patrick Mahomes,Kansas City Chiefs,0,,,Las Vegas Raiders,0,0,Pre-ETR,84.png
82,4,28,Tyler Warren,TE,Indianapolis Colts,IMAGIKARP,Jared Goff,Detroit Lions,0,,,Kansas City Chiefs,0,0,Pre-ETR,84.png
82,5,29,Stefon Diggs,WR,New England Patriots,NEZ,Lamar Jackson,Baltimore Ravens,0,,,Cincinnati Bengals,0,0,Pre-ETR,84.png
82,6,30,Kenneth Walker III,RB,Seattle Seahawks,MATHOLOGY,Jordan Love,Green Bay Packers,0,,,Tennessee Titans,0,0,Pre-ETR,84.png
82,7,31,Zay Flowers,WR,Baltimore Ravens,PHILLIESFAN1,Dak Prescott,Dallas Cowboys,0,,,New York Jets,0,0,Pre-ETR,84.png
82,8,32,Breece Hall,RB,New York Jets,MIKEC6212,Trevor Lawrence,Jacksonville Jaguars,0,,,Baltimore Ravens,0,0,Pre-ETR,84.png
82,9,33,D'Andre Swift,RB,Chicago Bears,SHAGNASTYB,Drake Maye,New England Patriots,0,,,Pittsburgh Steelers,0,0,Pre-ETR,84.png
82,10,34,Travis Kelce,TE,Kansas City Chiefs,XCHEERFUL,Jacoby Brissett,Arizona Cardinals,0,,,Indianapolis Colts,0,0,Pre-ETR,84.png
82,11,35,Dallas Goedert,TE,Philadelphia Eagles,TIBBZY,Jalen Hurts,Philadelphia Eagles,1,,,Dallas Cowboys,0,0,Pre-ETR,84.png
82,12,36,Rome Odunze,WR,Chicago Bears,CGEEEEEE,Caleb Williams,Chicago Bears,1,,,Pittsburgh Steelers,1,1,Pre-ETR,84.png
82,12,37,DK Metcalf,WR,Pittsburgh Steelers,CGEEEEEE,Caleb Williams,Chicago Bears,0,,,Chicago Bears,2,1,Pre-ETR,84.png
82,11,38,Michael Pittman Jr.,WR,Indianapolis Colts,TIBBZY,Jalen Hurts,Philadelphia Eagles,0,,,Kansas City Chiefs,1,1,Pre-ETR,84.png
82,10,39,Ashton Jeanty,RB,Las Vegas Raiders,XCHEERFUL,Jacoby Brissett,Arizona Cardinals,0,,,Cleveland Browns,0,0,Pre-ETR,84.png
82,9,40,Hunter Henry,TE,New England Patriots,SHAGNASTYB,Drake Maye,New England Patriots,1,,,Cincinnati Bengals,0,0,Pre-ETR,84.png
82,8,41,Michael Wilson,WR,Arizona Cardinals,MIKEC6212,Trevor Lawrence,Jacksonville Jaguars,0,,,Jacksonville Jaguars,1,1,Pre-ETR,84.png
82,7,42,Dak Prescott,QB,Dallas Cowboys,PHILLIESFAN1,Dak Prescott,Dallas Cowboys,1,1,1,Philadelphia Eagles,1,1,Pre-ETR,84.png
82,6,43,Emanuel Wilson,RB,Green Bay Packers,MATHOLOGY,Jordan Love,Green Bay Packers,1,,,Minnesota Vikings,0,0,Pre-ETR,84.png
82,5,44,Jaylen Warren,RB,Pittsburgh Steelers,NEZ,Lamar Jackson,Baltimore Ravens,0,,,Chicago Bears,0,0,Pre-ETR,84.png
82,4,45,Aaron Jones,RB,Minnesota Vikings,IMAGIKARP,Jared Goff,Detroit Lions,0,,,Green Bay Packers,0,0,Pre-ETR,84.png
82,3,46,Xavier Worthy,WR,Kansas City Chiefs,STEADY314,Patrick Mahomes,Kansas City Chiefs,1,,,Indianapolis Colts,0,0,Pre-ETR,84.png
82,2,47,Jaxson Dart,QB,New York Giants,ICEYFFB,Jaxson Dart,New York Giants,1,1,1,Detroit Lions,1,1,Pre-ETR,84.png
82,1,48,Daniel Jones,QB,Indianapolis Colts,GUNNEROSS,Daniel Jones,Indianapolis Colts,1,1,1,Kansas City Chiefs,0,0,Pre-ETR,84.png
82,1,49,Alec Pierce,WR,Indianapolis Colts,GUNNEROSS,Daniel Jones,Indianapolis Colts,1,,,Kansas City Chiefs,0,0,Pre-ETR,84.png
82,2,50,David Montgomery,RB,Detroit Lions,ICEYFFB,Jaxson Dart,New York Giants,0,,,New York Giants,2,1,Pre-ETR,84.png
82,3,51,Jake Ferguson,TE,Dallas Cowboys,STEADY314,Patrick Mahomes,Kansas City Chiefs,0,,,Philadelphia Eagles,0,0,Pre-ETR,84.png
82,4,52,Jared Goff,QB,Detroit Lions,IMAGIKARP,Jared Goff,Detroit Lions,1,1,1,New York Giants,0,0,Pre-ETR,84.png
82,5,53,Wan'Dale Robinson,WR,New York Giants,NEZ,Lamar Jackson,Baltimore Ravens,0,,,Detroit Lions,0,0,Pre-ETR,84.png
82,6,54,Romeo Doubs,WR,Green Bay Packers,MATHOLOGY,Jordan Love,Green Bay Packers,1,,,Minnesota Vikings,0,0,Pre-ETR,84.png
82,7,55,Kenneth Gainwell,RB,Pittsburgh Steelers,PHILLIESFAN1,Dak Prescott,Dallas Cowboys,0,,,Chicago Bears,0,0,Pre-ETR,84.png
82,8,56,Emanuel Wilson,RB,Green Bay Packers,MIKEC6212,Trevor Lawrence,Jacksonville Jaguars,0,,,Minnesota Vikings,0,0,Pre-ETR,84.png
82,9,57,Darnell Mooney,WR,Atlanta Falcons,SHAGNASTYB,Drake Maye,New England Patriots,0,,,New Orleans Saints,0,0,Pre-ETR,84.png
82,10,58,Alvin Kamara,RB,New Orleans Saints,XCHEERFUL,Jacoby Brissett,Arizona Cardinals,0,,,Atlanta Falcons,0,0,Pre-ETR,84.png
82,11,59,Kayshon Boutte,WR,New England Patriots,TIBBZY,Jalen Hurts,Philadelphia Eagles,0,,,Cincinnati Bengals,0,0,Pre-ETR,84.png
82,12,60,Caleb Williams,QB,Chicago Bears,CGEEEEEE,Caleb Williams,Chicago Bears,1,1,1,Pittsburgh Steelers,1,1,Pre-ETR,84.png
82,12,61,Juwan Johnson,TE,New Orleans Saints,CGEEEEEE,Caleb Williams,Chicago Bears,0,,,Atlanta Falcons,0,0,Pre-ETR,84.png
82,11,62,Bhayshul Tuten,RB,Jacksonville Jaguars,TIBBZY,Jalen Hurts,Philadelphia Eagles,0,,,Arizona Cardinals,0,0,Pre-ETR,84.png
82,10,63,Jacoby Brissett,QB,Arizona Cardinals,XCHEERFUL,Jacoby Brissett,Arizona Cardinals,1,0,0,Jacksonville Jaguars,0,0,Pre-ETR,84.png
82,9,64,Brian Thomas,WR,Jacksonville Jaguars,SHAGNASTYB,Drake Maye,New England Patriots,0,,,Arizona Cardinals,0,0,Pre-ETR,84.png
82,8,65,Trevor Lawrence,QB,Jacksonville Jaguars,MIKEC6212,Trevor Lawrence,Jacksonville Jaguars,1,0,0,Arizona Cardinals,2,1,Pre-ETR,84.png
82,7,66,Kyle Pitts,TE,Atlanta Falcons,PHILLIESFAN1,Dak Prescott,Dallas Cowboys,0,,,New Orleans Saints,0,0,Pre-ETR,84.png
82,6,67,Jordan Love,QB,Green Bay Packers,MATHOLOGY,Jordan Love,Green Bay Packers,1,2,1,Minnesota Vikings,0,0,Pre-ETR,84.png
82,5,68,Mark Andrews,TE,Baltimore Ravens,NEZ,Lamar Jackson,Baltimore Ravens,1,,,New York Jets,0,0,Pre-ETR,84.png
82,4,69,Zach Charbonnet,RB,Seattle Seahawks,IMAGIKARP,Jared Goff,Detroit Lions,0,,,Tennessee Titans,0,0,Pre-ETR,84.png
82,3,70,Hollywood Brown,WR,Kansas City Chiefs,STEADY314,Patrick Mahomes,Kansas City Chiefs,1,,,Indianapolis Colts,0,0,Pre-ETR,84.png
82,2,71,Theo Johnson,TE,New York Giants,ICEYFFB,Jaxson Dart,New York Giants,1,,,Detroit Lions,1,1,Pre-ETR,84.png
82,1,72,David Njoku,TE,Cleveland Browns,GUNNEROSS,Daniel Jones,Indianapolis Colts,0,,,Las Vegas Raiders,0,0,Pre-ETR,84.png
83,1,1,Jahmyr Gibbs,RB,Detroit Lions,IMAGIKARP,Tyler Shough,New Orleans Saints,0,,,New York Giants,0,0,Pre-ETR,85.png
83,2,2,Jonathan Taylor,RB,Indianapolis Colts,D4VE,Jaxson Dart,New York Giants,0,,,Kansas City Chiefs,0,0,Pre-ETR,85.png
83,3,3,Bijan Robinson,RB,Atlanta Falcons,GOAZCARDS,Jordan Love,Green Bay Packers,0,,,New Orleans Saints,0,0,Pre-ETR,85.png
83,4,4,Tee Higgins,WR,Cincinnati Bengals,URBANIK,Joe Flacco,Cincinnati Bengals,1,,,New England Patriots,0,0,Pre-ETR,85.png
83,5,5,Amon-Ra St. Brown,WR,Detroit Lions,PIRI24,Drake Maye,New England Patriots,0,,,New York Giants,0,0,Pre-ETR,85.png
83,6,6,Jaxon Smith-Njigba,WR,Seattle Seahawks,XCHEERFUL,Daniel Jones,Indianapolis Colts,0,,,Tennessee Titans,0,0,Pre-ETR,85.png
83,7,7,Derrick Henry,RB,Baltimore Ravens,LEE121503,Lamar Jackson,Baltimore Ravens,1,,,New York Jets,0,0,Pre-ETR,85.png
83,8,8,Trey McBride,TE,Arizona Cardinals,GABRAINOS,Caleb Williams,Chicago Bears,0,,,Jacksonville Jaguars,0,0,Pre-ETR,85.png
83,9,9,Saquon Barkley,RB,Philadelphia Eagles,BUSTERSBOYS,Jared Goff,Detroit Lions,0,,,Dallas Cowboys,0,0,Pre-ETR,85.png
83,10,10,CeeDee Lamb,WR,Dallas Cowboys,MARIOSOLAR,Jalen Hurts,Philadelphia Eagles,0,,,Philadelphia Eagles,2,1,Pre-ETR,85.png
83,11,11,TreVeyon Henderson,RB,New England Patriots,PLAYERQ,Jacoby Brissett,Arizona Cardinals,0,,,Cincinnati Bengals,0,0,Pre-ETR,85.png
83,12,12,Rashee Rice,WR,Kansas City Chiefs,TIBBZY,Patrick Mahomes,Kansas City Chiefs,1,,,Indianapolis Colts,0,0,Pre-ETR,85.png
83,12,13,A.J. Brown,WR,Philadelphia Eagles,TIBBZY,Patrick Mahomes,Kansas City Chiefs,0,,,Dallas Cowboys,0,0,Pre-ETR,85.png
83,11,14,DeVonta Smith,WR,Philadelphia Eagles,PLAYERQ,Jacoby Brissett,Arizona Cardinals,0,,,Dallas Cowboys,0,0,Pre-ETR,85.png
83,10,15,Jalen Hurts,QB,Philadelphia Eagles,MARIOSOLAR,Jalen Hurts,Philadelphia Eagles,1,1,1,Dallas Cowboys,1,1,Pre-ETR,85.png
83,9,16,Brock Bowers,TE,Las Vegas Raiders,BUSTERSBOYS,Jared Goff,Detroit Lions,0,,,Cleveland Browns,1,1,Pre-ETR,85.png
83,8,17,Jameson Williams,WR,Detroit Lions,GABRAINOS,Caleb Williams,Chicago Bears,0,,,New York Giants,0,0,Pre-ETR,85.png
83,7,18,Lamar Jackson,QB,Baltimore Ravens,LEE121503,Lamar Jackson,Baltimore Ravens,1,1,1,New York Jets,0,0,Pre-ETR,85.png
83,6,19,Chase Brown,RB,Cincinnati Bengals,XCHEERFUL,Daniel Jones,Indianapolis Colts,0,,,New England Patriots,0,0,Pre-ETR,85.png
83,5,20,Drake Maye,QB,New England Patriots,PIRI24,Drake Maye,New England Patriots,1,0,0,Cincinnati Bengals,1,1,Pre-ETR,85.png
83,4,21,Travis Etienne Jr.,RB,Jacksonville Jaguars,URBANIK,Joe Flacco,Cincinnati Bengals,0,,,Arizona Cardinals,0,0,Pre-ETR,85.png
83,3,22,Javonte Williams,RB,Dallas Cowboys,GOAZCARDS,Jordan Love,Green Bay Packers,0,,,Philadelphia Eagles,0,0,Pre-ETR,85.png
83,2,23,George Pickens,WR,Dallas Cowboys,D4VE,Jaxson Dart,New York Giants,0,,,Philadelphia Eagles,0,0,Pre-ETR,85.png
83,1,24,Chris Olave,WR,New Orleans Saints,IMAGIKARP,Tyler Shough,New Orleans Saints,1,,,Atlanta Falcons,1,1,Pre-ETR,85.png
83,1,25,Tyler Warren,TE,Indianapolis Colts,IMAGIKARP,Tyler Shough,New Orleans Saints,0,,,Kansas City Chiefs,0,0,Pre-ETR,85.png
83,2,26,Stefon Diggs,WR,New England Patriots,D4VE,Jaxson Dart,New York Giants,0,,,Cincinnati Bengals,0,0,Pre-ETR,85.png
83,3,27,Justin Jefferson,WR,Minnesota Vikings,GOAZCARDS,Jordan Love,Green Bay Packers,0,,,Green Bay Packers,2,1,Pre-ETR,85.png
83,4,28,Kenneth Walker III,RB,Seattle Seahawks,URBANIK,Joe Flacco,Cincinnati Bengals,0,,,Tennessee Titans,0,0,Pre-ETR,85.png
83,5,29,Zay Flowers,WR,Baltimore Ravens,PIRI24,Drake Maye,New England Patriots,0,,,New York Jets,0,0,Pre-ETR,85.png
83,6,30,Breece Hall,RB,New York Jets,XCHEERFUL,Daniel Jones,Indianapolis Colts,0,,,Baltimore Ravens,1,1,Pre-ETR,85.png
83,7,31,Travis Kelce,TE,Kansas City Chiefs,LEE121503,Lamar Jackson,Baltimore Ravens,0,,,Indianapolis Colts,0,0,Pre-ETR,85.png
83,8,32,Rome Odunze,WR,Chicago Bears,GABRAINOS,Caleb Williams,Chicago Bears,1,,,Pittsburgh Steelers,1,1,Pre-ETR,85.png
83,9,33,Quinshon Judkins,RB,Cleveland Browns,BUSTERSBOYS,Jared Goff,Detroit Lions,0,,,Las Vegas Raiders,1,1,Pre-ETR,85.png
83,10,34,Aaron Jones,RB,Minnesota Vikings,MARIOSOLAR,Jalen Hurts,Philadelphia Eagles,0,,,Green Bay Packers,0,0,Pre-ETR,85.png
83,11,35,Hunter Henry,TE,New England Patriots,PLAYERQ,Jacoby Brissett,Arizona Cardinals,0,,,Cincinnati Bengals,0,0,Pre-ETR,85.png
83,12,36,Patrick Mahomes,QB,Kansas City Chiefs,TIBBZY,Patrick Mahomes,Kansas City Chiefs,1,1,1,Indianapolis Colts,0,0,Pre-ETR,85.png
83,12,37,Emanuel Wilson,RB,Green Bay Packers,TIBBZY,Patrick Mahomes,Kansas City Chiefs,0,,,Minnesota Vikings,0,0,Pre-ETR,85.png
83,11,38,Michael Wilson,WR,Arizona Cardinals,PLAYERQ,Jacoby Brissett,Arizona Cardinals,1,,,Jacksonville Jaguars,1,1,Pre-ETR,85.png
83,10,39,Dallas Goedert,TE,Philadelphia Eagles,MARIOSOLAR,Jalen Hurts,Philadelphia Eagles,1,,,Dallas Cowboys,1,1,Pre-ETR,85.png
83,9,40,Jared Goff,QB,Detroit Lions,BUSTERSBOYS,Jared Goff,Detroit Lions,1,0,0,New York Giants,0,0,Pre-ETR,85.png
83,8,41,DK Metcalf,WR,Pittsburgh Steelers,GABRAINOS,Caleb Williams,Chicago Bears,0,,,Chicago Bears,2,1,Pre-ETR,85.png
83,7,42,Wan'Dale Robinson,WR,New York Giants,LEE121503,Lamar Jackson,Baltimore Ravens,0,,,Detroit Lions,0,0,Pre-ETR,85.png
83,6,43,Michael Pittman Jr.,WR,Indianapolis Colts,XCHEERFUL,Daniel Jones,Indianapolis Colts,1,,,Kansas City Chiefs,0,0,Pre-ETR,85.png
83,5,44,Ashton Jeanty,RB,Las Vegas Raiders,PIRI24,Drake Maye,New England Patriots,0,,,Cleveland Browns,0,0,Pre-ETR,85.png
83,4,45,Kyle Pitts,TE,Atlanta Falcons,URBANIK,Joe Flacco,Cincinnati Bengals,0,,,New Orleans Saints,0,0,Pre-ETR,85.png
83,3,46,Jake Ferguson,TE,Dallas Cowboys,GOAZCARDS,Jordan Love,Green Bay Packers,0,,,Philadelphia Eagles,0,0,Pre-ETR,85.png
83,2,47,Jaxson Dart,QB,New York Giants,D4VE,Jaxson Dart,New York Giants,1,1,1,Detroit Lions,0,0,Pre-ETR,85.png
83,1,48,Jaylen Warren,RB,Pittsburgh Steelers,IMAGIKARP,Tyler Shough,New Orleans Saints,0,,,Chicago Bears,0,0,Pre-ETR,85.png
83,1,49,Darnell Mooney,WR,Atlanta Falcons,IMAGIKARP,Tyler Shough,New Orleans Saints,0,,,New Orleans Saints,2,1,Pre-ETR,85.png
83,2,50,D'Andre Swift,RB,Chicago Bears,D4VE,Jaxson Dart,New York Giants,0,,,Pittsburgh Steelers,0,0,Pre-ETR,85.png
83,3,51,Romeo Doubs,WR,Green Bay Packers,GOAZCARDS,Jordan Love,Green Bay Packers,1,,,Minnesota Vikings,1,1,Pre-ETR,85.png
83,4,52,Xavier Worthy,WR,Kansas City Chiefs,URBANIK,Joe Flacco,Cincinnati Bengals,0,,,Indianapolis Colts,0,0,Pre-ETR,85.png
83,5,53,Alvin Kamara,RB,New Orleans Saints,PIRI24,Drake Maye,New England Patriots,0,,,Atlanta Falcons,0,0,Pre-ETR,85.png
83,6,54,Daniel Jones,QB,Indianapolis Colts,XCHEERFUL,Daniel Jones,Indianapolis Colts,1,1,1,Kansas City Chiefs,0,0,Pre-ETR,85.png
83,7,55,Kenneth Gainwell,RB,Pittsburgh Steelers,LEE121503,Lamar Jackson,Baltimore Ravens,0,,,Chicago Bears,0,0,Pre-ETR,85.png
83,8,56,David Montgomery,RB,Detroit Lions,GABRAINOS,Caleb Williams,Chicago Bears,0,,,New York Giants,0,0,Pre-ETR,85.png
83,9,57,Romeo Doubs,WR,Green Bay Packers,BUSTERSBOYS,Jared Goff,Detroit Lions,0,,,Minnesota Vikings,1,1,Pre-ETR,85.png
83,10,58,Alec Pierce,WR,Indianapolis Colts,MARIOSOLAR,Jalen Hurts,Philadelphia Eagles,0,,,Kansas City Chiefs,0,0,Pre-ETR,85.png
83,11,59,Bhayshul Tuten,RB,Jacksonville Jaguars,PLAYERQ,Jacoby Brissett,Arizona Cardinals,0,,,Arizona Cardinals,2,1,Pre-ETR,85.png
83,12,60,Jakobi Meyers,WR,Jacksonville Jaguars,TIBBZY,Patrick Mahomes,Kansas City Chiefs,0,,,Arizona Cardinals,0,0,Pre-ETR,85.png
83,12,61,Juwan Johnson,TE,New Orleans Saints,TIBBZY,Patrick Mahomes,Kansas City Chiefs,0,,,Atlanta Falcons,0,0,Pre-ETR,85.png
83,11,62,Jacoby Brissett,QB,Arizona Cardinals,PLAYERQ,Jacoby Brissett,Arizona Cardinals,1,1,1,Jacksonville Jaguars,1,1,Pre-ETR,85.png
83,10,63,Adonai Mitchell,WR,New York Jets,MARIOSOLAR,Jalen Hurts,Philadelphia Eagles,0,,,Baltimore Ravens,0,0,Pre-ETR,85.png
83,9,64,Jordan Addison,WR,Minnesota Vikings,BUSTERSBOYS,Jared Goff,Detroit Lions,0,,,Green Bay Packers,1,1,Pre-ETR,85.png
83,8,65,Caleb Williams,QB,Chicago Bears,GABRAINOS,Caleb Williams,Chicago Bears,1,1,1,Pittsburgh Steelers,1,1,Pre-ETR,85.png
83,7,66,Parker Washington,WR,Jacksonville Jaguars,LEE121503,Lamar Jackson,Baltimore Ravens,0,,,Arizona Cardinals,0,0,Pre-ETR,85.png
83,6,67,Mark Andrews,TE,Baltimore Ravens,XCHEERFUL,Daniel Jones,Indianapolis Colts,0,,,New York Jets,1,1,Pre-ETR,85.png
83,5,68,Noah Fant,TE,Cincinnati Bengals,PIRI24,Drake Maye,New England Patriots,0,,,New England Patriots,1,1,Pre-ETR,85.png
83,4,69,Joe Flacco,QB,Cincinnati Bengals,URBANIK,Joe Flacco,Cincinnati Bengals,1,1,1,New England Patriots,0,0,Pre-ETR,85.png
83,3,70,Jordan Love,QB,Green Bay Packers,GOAZCARDS,Jordan Love,Green Bay Packers,1,1,1,Minnesota Vikings,1,1,Pre-ETR,85.png
83,2,71,Theo Johnson,TE,New York Giants,D4VE,Jaxson Dart,New York Giants,1,,,Detroit Lions,0,0,Pre-ETR,85.png
83,1,72,Tyler Shough,QB,New Orleans Saints,IMAGIKARP,Tyler Shough,New Orleans Saints,1,1,1,Atlanta Falcons,1,1,Pre-ETR,85.png
84,1,1,Jonathan Taylor,RB,Indianapolis Colts,MIKEC6212,Jared Goff,Detroit Lions,0,,,Kansas City Chiefs,0,0,Pre-ETR,86.png
84,2,2,Jahmyr Gibbs,RB,Detroit Lions,NEZ,Daniel Jones,Indianapolis Colts,0,,,New York Giants,0,0,Pre-ETR,86.png
84,3,3,Bijan Robinson,RB,Atlanta Falcons,TIBBZY,Jaxson Dart,New York Giants,0,,,New Orleans Saints,1,1,Pre-ETR,86.png
84,4,4,Amon-Ra St. Brown,WR,Detroit Lions,BUSTERSBOYS,Lamar Jackson,Baltimore Ravens,0,,,New York Giants,0,0,Pre-ETR,86.png
84,5,5,Trey McBride,TE,Arizona Cardinals,JGFC,Dak Prescott,Dallas Cowboys,0,,,Jacksonville Jaguars,0,0,Pre-ETR,86.png
84,6,6,Jaxon Smith-Njigba,WR,Seattle Seahawks,INGELX,Sam Darnold,Seattle Seahawks,1,,,Tennessee Titans,0,0,Pre-ETR,86.png
84,7,7,Saquon Barkley,RB,Philadelphia Eagles,STEADY314,Shedeur Sanders,Cleveland Browns,0,,,Dallas Cowboys,1,1,Pre-ETR,86.png
84,8,8,CeeDee Lamb,WR,Dallas Cowboys,BRUSSELHENRY,Jalen Hurts,Philadelphia Eagles,0,,,Philadelphia Eagles,2,1,Pre-ETR,86.png
84,9,9,Derrick Henry,RB,Baltimore Ravens,MATHOLOGY,Patrick Mahomes,Kansas City Chiefs,0,,,New York Jets,0,0,Pre-ETR,86.png
84,10,10,Rashee Rice,WR,Kansas City Chiefs,XCHEERFUL,Jacoby Brissett,Arizona Cardinals,0,,,Indianapolis Colts,0,0,Pre-ETR,86.png
84,11,11,TreVeyon Henderson,RB,New England Patriots,GOAZCARDS,Caleb Williams,Chicago Bears,0,,,Cincinnati Bengals,0,0,Pre-ETR,86.png
84,12,12,Drake Maye,QB,New England Patriots,D4VE,Drake Maye,New England Patriots,1,0,0,Cincinnati Bengals,1,1,Pre-ETR,86.png
84,12,13,Tee Higgins,WR,Cincinnati Bengals,D4VE,Drake Maye,New England Patriots,0,,,New England Patriots,1,1,Pre-ETR,86.png
84,11,14,George Pickens,WR,Dallas Cowboys,GOAZCARDS,Caleb Williams,Chicago Bears,0,,,Philadelphia Eagles,0,0,Pre-ETR,86.png
84,10,15,Chase Brown,RB,Cincinnati Bengals,XCHEERFUL,Jacoby Brissett,Arizona Cardinals,0,,,New England Patriots,0,0,Pre-ETR,86.png
84,9,16,Brock Bowers,TE,Las Vegas Raiders,MATHOLOGY,Patrick Mahomes,Kansas City Chiefs,0,,,Cleveland Browns,0,0,Pre-ETR,86.png
84,8,17,Jalen Hurts,QB,Philadelphia Eagles,BRUSSELHENRY,Jalen Hurts,Philadelphia Eagles,1,1,1,Dallas Cowboys,1,1,Pre-ETR,86.png
84,7,18,Travis Etienne Jr.,RB,Jacksonville Jaguars,STEADY314,Shedeur Sanders,Cleveland Browns,0,,,Arizona Cardinals,1,1,Pre-ETR,86.png
84,6,19,Jameson Williams,WR,Detroit Lions,INGELX,Sam Darnold,Seattle Seahawks,0,,,New York Giants,0,0,Pre-ETR,86.png
84,5,20,DeVonta Smith,WR,Philadelphia Eagles,JGFC,Dak Prescott,Dallas Cowboys,0,,,Dallas Cowboys,1,1,Pre-ETR,86.png
84,4,21,Lamar Jackson,QB,Baltimore Ravens,BUSTERSBOYS,Lamar Jackson,Baltimore Ravens,1,0,0,New York Jets,0,0,Pre-ETR,86.png
84,3,22,Chris Olave,WR,New Orleans Saints,TIBBZY,Jaxson Dart,New York Giants,0,,,Atlanta Falcons,1,1,Pre-ETR,86.png
84,2,23,Javonte Williams,RB,Dallas Cowboys,NEZ,Daniel Jones,Indianapolis Colts,0,,,Philadelphia Eagles,0,0,Pre-ETR,86.png
84,1,24,DeVonta Smith,WR,Philadelphia Eagles,MIKEC6212,Jared Goff,Detroit Lions,0,,,Dallas Cowboys,0,0,Pre-ETR,86.png
84,1,25,Kenneth Walker III,RB,Seattle Seahawks,MIKEC6212,Jared Goff,Detroit Lions,0,,,Tennessee Titans,0,0,Pre-ETR,86.png
84,2,26,Justin Jefferson,WR,Minnesota Vikings,NEZ,Daniel Jones,Indianapolis Colts,0,,,Green Bay Packers,0,0,Pre-ETR,86.png
84,3,27,Stefon Diggs,WR,New England Patriots,TIBBZY,Jaxson Dart,New York Giants,0,,,Cincinnati Bengals,0,0,Pre-ETR,86.png
84,4,28,Tyler Warren,TE,Indianapolis Colts,BUSTERSBOYS,Lamar Jackson,Baltimore Ravens,0,,,Kansas City Chiefs,0,0,Pre-ETR,86.png
84,5,29,Zay Flowers,WR,Baltimore Ravens,JGFC,Dak Prescott,Dallas Cowboys,0,,,New York Jets,0,0,Pre-ETR,86.png
84,6,30,Breece Hall,RB,New York Jets,INGELX,Sam Darnold,Seattle Seahawks,0,,,Baltimore Ravens,0,0,Pre-ETR,86.png
84,7,31,Michael Wilson,WR,Arizona Cardinals,STEADY314,Shedeur Sanders,Cleveland Browns,0,,,Jacksonville Jaguars,1,1,Pre-ETR,86.png
84,8,32,Quinshon Judkins,RB,Cleveland Browns,BRUSSELHENRY,Jalen Hurts,Philadelphia Eagles,0,,,Las Vegas Raiders,0,0,Pre-ETR,86.png
84,9,33,Patrick Mahomes,QB,Kansas City Chiefs,MATHOLOGY,Patrick Mahomes,Kansas City Chiefs,1,0,0,Indianapolis Colts,0,0,Pre-ETR,86.png
84,10,34,Ashton Jeanty,RB,Las Vegas Raiders,XCHEERFUL,Jacoby Brissett,Arizona Cardinals,0,,,Cleveland Browns,0,0,Pre-ETR,86.png
84,11,35,Rome Odunze,WR,Chicago Bears,GOAZCARDS,Caleb Williams,Chicago Bears,1,,,Pittsburgh Steelers,0,0,Pre-ETR,86.png
84,12,36,Travis Kelce,TE,Kansas City Chiefs,D4VE,Drake Maye,New England Patriots,0,,,Indianapolis Colts,0,0,Pre-ETR,86.png
84,12,37,Aaron Jones,RB,Minnesota Vikings,D4VE,Drake Maye,New England Patriots,0,,,Green Bay Packers,0,0,Pre-ETR,86.png
84,11,38,David Montgomery,RB,Detroit Lions,GOAZCARDS,Caleb Williams,Chicago Bears,0,,,New York Giants,0,0,Pre-ETR,86.png
84,10,39,Wan'Dale Robinson,WR,New York Giants,XCHEERFUL,Jacoby Brissett,Arizona Cardinals,0,,,Detroit Lions,0,0,Pre-ETR,86.png
84,9,40,Hunter Henry,TE,New England Patriots,MATHOLOGY,Patrick Mahomes,Kansas City Chiefs,0,,,Cincinnati Bengals,0,0,Pre-ETR,86.png
84,8,41,Dallas Goedert,TE,Philadelphia Eagles,BRUSSELHENRY,Jalen Hurts,Philadelphia Eagles,1,,,Dallas Cowboys,1,1,Pre-ETR,86.png
84,7,42,Jake Ferguson,TE,Dallas Cowboys,STEADY314,Shedeur Sanders,Cleveland Browns,0,,,Philadelphia Eagles,1,1,Pre-ETR,86.png
84,6,43,D'Andre Swift,RB,Chicago Bears,INGELX,Sam Darnold,Seattle Seahawks,0,,,Pittsburgh Steelers,0,0,Pre-ETR,86.png
84,5,44,Josh Jacobs,RB,Green Bay Packers,JGFC,Dak Prescott,Dallas Cowboys,0,,,Minnesota Vikings,0,0,Pre-ETR,86.png
84,4,45,DK Metcalf,WR,Pittsburgh Steelers,BUSTERSBOYS,Lamar Jackson,Baltimore Ravens,0,,,Chicago Bears,0,0,Pre-ETR,86.png
84,3,46,Jaxson Dart,QB,New York Giants,TIBBZY,Jaxson Dart,New York Giants,1,1,1,Detroit Lions,0,0,Pre-ETR,86.png
84,2,47,Michael Pittman Jr.,WR,Indianapolis Colts,NEZ,Daniel Jones,Indianapolis Colts,1,,,Kansas City Chiefs,0,0,Pre-ETR,86.png
84,1,48,Jared Goff,QB,Detroit Lions,MIKEC6212,Jared Goff,Detroit Lions,1,0,0,New York Giants,0,0,Pre-ETR,86.png
84,1,49,Alec Pierce,WR,Indianapolis Colts,MIKEC6212,Jared Goff,Detroit Lions,0,,,Kansas City Chiefs,0,0,Pre-ETR,86.png
84,2,50,Daniel Jones,QB,Indianapolis Colts,NEZ,Daniel Jones,Indianapolis Colts,1,1,1,Kansas City Chiefs,0,0,Pre-ETR,86.png
84,3,51,Theo Johnson,TE,New York Giants,TIBBZY,Jaxson Dart,New York Giants,1,,,Detroit Lions,0,0,Pre-ETR,86.png
84,4,52,Emanuel Wilson,RB,Green Bay Packers,BUSTERSBOYS,Lamar Jackson,Baltimore Ravens,0,,,Minnesota Vikings,0,0,Pre-ETR,86.png
84,5,53,Dak Prescott,QB,Dallas Cowboys,JGFC,Dak Prescott,Dallas Cowboys,1,0,0,Philadelphia Eagles,1,1,Pre-ETR,86.png
84,6,54,Juwan Johnson,TE,New Orleans Saints,INGELX,Sam Darnold,Seattle Seahawks,0,,,Atlanta Falcons,0,0,Pre-ETR,86.png
84,7,55,Jerry Jeudy,WR,Cleveland Browns,STEADY314,Shedeur Sanders,Cleveland Browns,1,,,Las Vegas Raiders,0,0,Pre-ETR,86.png
84,8,56,Jaylen Warren,RB,Pittsburgh Steelers,BRUSSELHENRY,Jalen Hurts,Philadelphia Eagles,0,,,Chicago Bears,0,0,Pre-ETR,86.png
84,9,57,Christian Watson,WR,Green Bay Packers,MATHOLOGY,Patrick Mahomes,Kansas City Chiefs,0,,,Minnesota Vikings,0,0,Pre-ETR,86.png
84,10,58,Mark Andrews,TE,Baltimore Ravens,XCHEERFUL,Jacoby Brissett,Arizona Cardinals,0,,,New York Jets,0,0,Pre-ETR,86.png
84,11,59,Kyle Pitts,TE,Atlanta Falcons,GOAZCARDS,Caleb Williams,Chicago Bears,0,,,New Orleans Saints,0,0,Pre-ETR,86.png
84,12,60,Alvin Kamara,RB,New Orleans Saints,D4VE,Drake Maye,New England Patriots,0,,,Atlanta Falcons,0,0,Pre-ETR,86.png
84,12,61,Xavier Worthy,WR,Kansas City Chiefs,D4VE,Drake Maye,New England Patriots,0,,,Indianapolis Colts,0,0,Pre-ETR,86.png
84,11,62,Caleb Williams,QB,Chicago Bears,GOAZCARDS,Caleb Williams,Chicago Bears,1,1,1,Pittsburgh Steelers,0,0,Pre-ETR,86.png
84,10,63,Jacoby Brissett,QB,Arizona Cardinals,XCHEERFUL,Jacoby Brissett,Arizona Cardinals,1,0,0,Jacksonville Jaguars,0,0,Pre-ETR,86.png
84,9,64,Jakobi Meyers,WR,Jacksonville Jaguars,MATHOLOGY,Patrick Mahomes,Kansas City Chiefs,0,,,Arizona Cardinals,0,0,Pre-ETR,86.png
84,8,65,Andrei Iosivas,WR,Cincinnati Bengals,BRUSSELHENRY,Jalen Hurts,Philadelphia Eagles,0,,,New England Patriots,0,0,Pre-ETR,86.png
84,7,66,Shedeur Sanders,QB,Cleveland Browns,STEADY314,Shedeur Sanders,Cleveland Browns,1,1,1,Las Vegas Raiders,0,0,Pre-ETR,86.png
84,6,67,Sam Darnold,QB,Seattle Seahawks,INGELX,Sam Darnold,Seattle Seahawks,1,1,1,Tennessee Titans,0,0,Pre-ETR,86.png
84,5,68,Kenneth Gainwell,RB,Pittsburgh Steelers,JGFC,Dak Prescott,Dallas Cowboys,0,,,Chicago Bears,0,0,Pre-ETR,86.png
84,4,69,Darnell Mooney,WR,Atlanta Falcons,BUSTERSBOYS,Lamar Jackson,Baltimore Ravens,0,,,New Orleans Saints,0,0,Pre-ETR,86.png
84,3,70,Bhayshul Tuten,RB,Jacksonville Jaguars,TIBBZY,Jaxson Dart,New York Giants,0,,,Arizona Cardinals,0,0,Pre-ETR,86.png
84,2,71,Brenton Strange,TE,Jacksonville Jaguars,NEZ,Daniel Jones,Indianapolis Colts,0,,,Arizona Cardinals,0,0,Pre-ETR,86.png
84,1,72,Colston Loveland,TE,Chicago Bears,MIKEC6212,Jared Goff,Detroit Lions,0,,,Pittsburgh Steelers,0,0,Pre-ETR,86.png
85,1,1,Jahmyr Gibbs,RB,Detroit Lions,NEZ,Tyler Shough,New Orleans Saints,0,,,New York Giants,0,0,Pre-ETR,87.png
85,2,2,Jonathan Taylor,RB,Indianapolis Colts,LITTLEMISSBR,Patrick Mahomes,Kansas City Chiefs,0,,,Kansas City Chiefs,2,1,Pre-ETR,87.png
85,3,3,Amon-Ra St. Brown,WR,Detroit Lions,D4VE,Trevor Lawrence,Jacksonville Jaguars,0,,,New York Giants,0,0,Pre-ETR,87.png
85,4,4,Bijan Robinson,RB,Atlanta Falcons,CRBLAKE2,Jalen Hurts,Philadelphia Eagles,0,,,New Orleans Saints,0,0,Pre-ETR,87.png
85,5,5,Trey McBride,TE,Arizona Cardinals,INGELX,Dak Prescott,Dallas Cowboys,0,,,Jacksonville Jaguars,1,1,Pre-ETR,87.png
85,6,6,Jaxon Smith-Njigba,WR,Seattle Seahawks,GUNNEROSS,Caleb Williams,Chicago Bears,0,,,Tennessee Titans,0,0,Pre-ETR,87.png
85,7,7,Derrick Henry,RB,Baltimore Ravens,KRUTCHES93,Jordan Love,Green Bay Packers,0,,,New York Jets,0,0,Pre-ETR,87.png
85,8,8,Saquon Barkley,RB,Philadelphia Eagles,LEE121503,Jared Goff,Detroit Lions,0,,,Dallas Cowboys,0,0,Pre-ETR,87.png
85,9,9,CeeDee Lamb,WR,Dallas Cowboys,BUSTERSBOYS,Daniel Jones,Indianapolis Colts,0,,,Philadelphia Eagles,0,0,Pre-ETR,87.png
85,10,10,TreVeyon Henderson,RB,New England Patriots,CUTCUTLER,Drake Maye,New England Patriots,1,,,Cincinnati Bengals,1,1,Pre-ETR,87.png
85,11,11,Lamar Jackson,QB,Baltimore Ravens,TIBBZY,Lamar Jackson,Baltimore Ravens,1,0,0,New York Jets,1,1,Pre-ETR,87.png
85,12,12,Rashee Rice,WR,Kansas City Chiefs,GFORGUMBY,Jaxson Dart,New York Giants,0,,,Indianapolis Colts,0,0,Pre-ETR,87.png
85,12,13,Javonte Williams,RB,Dallas Cowboys,GFORGUMBY,Jaxson Dart,New York Giants,0,,,Philadelphia Eagles,0,0,Pre-ETR,87.png
85,11,14,Tee Higgins,WR,Cincinnati Bengals,TIBBZY,Lamar Jackson,Baltimore Ravens,0,,,New England Patriots,0,0,Pre-ETR,87.png
85,10,15,Drake Maye,QB,New England Patriots,CUTCUTLER,Drake Maye,New England Patriots,1,2,1,Cincinnati Bengals,1,1,Pre-ETR,87.png
85,9,16,Brock Bowers,TE,Las Vegas Raiders,BUSTERSBOYS,Daniel Jones,Indianapolis Colts,0,,,Cleveland Browns,1,1,Pre-ETR,87.png
85,8,17,Jameson Williams,WR,Detroit Lions,LEE121503,Jared Goff,Detroit Lions,1,,,New York Giants,1,1,Pre-ETR,87.png
85,7,18,Chris Olave,WR,New Orleans Saints,KRUTCHES93,Jordan Love,Green Bay Packers,0,,,Atlanta Falcons,0,0,Pre-ETR,87.png
85,6,19,Chase Brown,RB,Cincinnati Bengals,GUNNEROSS,Caleb Williams,Chicago Bears,0,,,New England Patriots,0,0,Pre-ETR,87.png
85,5,20,A.J. Brown,WR,Philadelphia Eagles,INGELX,Dak Prescott,Dallas Cowboys,0,,,Dallas Cowboys,1,1,Pre-ETR,87.png
85,4,21,Jalen Hurts,QB,Philadelphia Eagles,CRBLAKE2,Jalen Hurts,Philadelphia Eagles,1,1,1,Dallas Cowboys,0,0,Pre-ETR,87.png
85,3,22,George Pickens,WR,Dallas Cowboys,D4VE,Trevor Lawrence,Jacksonville Jaguars,0,,,Philadelphia Eagles,0,0,Pre-ETR,87.png
85,2,23,Zay Flowers,WR,Baltimore Ravens,LITTLEMISSBR,Patrick Mahomes,Kansas City Chiefs,0,,,New York Jets,0,0,Pre-ETR,87.png
85,1,24,DeVonta Smith,WR,Philadelphia Eagles,NEZ,Tyler Shough,New Orleans Saints,0,,,Dallas Cowboys,1,1,Pre-ETR,87.png
85,1,25,Justin Jefferson,WR,Minnesota Vikings,NEZ,Tyler Shough,New Orleans Saints,0,,,Green Bay Packers,0,0,Pre-ETR,87.png
85,2,26,Patrick Mahomes,QB,Kansas City Chiefs,LITTLEMISSBR,Patrick Mahomes,Kansas City Chiefs,1,1,1,Indianapolis Colts,1,1,Pre-ETR,87.png
85,3,27,Travis Etienne Jr.,RB,Jacksonville Jaguars,D4VE,Trevor Lawrence,Jacksonville Jaguars,1,,,Arizona Cardinals,0,0,Pre-ETR,87.png
85,4,28,Stefon Diggs,WR,New England Patriots,CRBLAKE2,Jalen Hurts,Philadelphia Eagles,0,,,Cincinnati Bengals,0,0,Pre-ETR,87.png
85,5,29,Kenneth Walker III,RB,Seattle Seahawks,INGELX,Dak Prescott,Dallas Cowboys,0,,,Tennessee Titans,0,0,Pre-ETR,87.png
85,6,30,Tyler Warren,TE,Indianapolis Colts,GUNNEROSS,Caleb Williams,Chicago Bears,0,,,Kansas City Chiefs,0,0,Pre-ETR,87.png
85,7,31,Travis Kelce,TE,Kansas City Chiefs,KRUTCHES93,Jordan Love,Green Bay Packers,0,,,Indianapolis Colts,0,0,Pre-ETR,87.png
85,8,32,Rome Odunze,WR,Chicago Bears,LEE121503,Jared Goff,Detroit Lions,0,,,Pittsburgh Steelers,0,0,Pre-ETR,87.png
85,9,33,Quinshon Judkins,RB,Cleveland Browns,BUSTERSBOYS,Daniel Jones,Indianapolis Colts,0,,,Las Vegas Raiders,1,1,Pre-ETR,87.png
85,10,34,Hunter Henry,TE,New England Patriots,CUTCUTLER,Drake Maye,New England Patriots,1,,,Cincinnati Bengals,1,1,Pre-ETR,87.png
85,11,35,Breece Hall,RB,New York Jets,TIBBZY,Lamar Jackson,Baltimore Ravens,0,,,Baltimore Ravens,1,1,Pre-ETR,87.png
85,12,36,Jaxson Dart,QB,New York Giants,GFORGUMBY,Jaxson Dart,New York Giants,1,1,1,Detroit Lions,0,0,Pre-ETR,87.png
85,12,37,Ashton Jeanty,RB,Las Vegas Raiders,GFORGUMBY,Jaxson Dart,New York Giants,0,,,Cleveland Browns,0,0,Pre-ETR,87.png
85,11,38,D'Andre Swift,RB,Chicago Bears,TIBBZY,Lamar Jackson,Baltimore Ravens,0,,,Pittsburgh Steelers,0,0,Pre-ETR,87.png
85,10,39,Michael Wilson,WR,Arizona Cardinals,CUTCUTLER,Drake Maye,New England Patriots,0,,,Jacksonville Jaguars,0,0,Pre-ETR,87.png
85,9,40,DK Metcalf,WR,Pittsburgh Steelers,BUSTERSBOYS,Daniel Jones,Indianapolis Colts,0,,,Chicago Bears,0,0,Pre-ETR,87.png
85,8,41,Jared Goff,QB,Detroit Lions,LEE121503,Jared Goff,Detroit Lions,1,1,1,New York Giants,1,1,Pre-ETR,87.png
85,7,42,Aaron Jones,RB,Minnesota Vikings,KRUTCHES93,Jordan Love,Green Bay Packers,0,,,Green Bay Packers,2,1,Pre-ETR,87.png
85,6,43,Josh Jacobs,RB,Green Bay Packers,GUNNEROSS,Caleb Williams,Chicago Bears,0,,,Minnesota Vikings,0,0,Pre-ETR,87.png
85,5,44,Dak Prescott,QB,Dallas Cowboys,INGELX,Dak Prescott,Dallas Cowboys,1,0,0,Philadelphia Eagles,1,1,Pre-ETR,87.png
85,4,45,David Montgomery,RB,Detroit Lions,CRBLAKE2,Jalen Hurts,Philadelphia Eagles,0,,,New York Giants,0,0,Pre-ETR,87.png
85,3,46,Kyle Pitts,TE,Atlanta Falcons,D4VE,Trevor Lawrence,Jacksonville Jaguars,0,,,New Orleans Saints,0,0,Pre-ETR,87.png
85,2,47,Xavier Worthy,WR,Kansas City Chiefs,LITTLEMISSBR,Patrick Mahomes,Kansas City Chiefs,1,,,Indianapolis Colts,1,1,Pre-ETR,87.png
85,1,48,Jaylen Warren,RB,Pittsburgh Steelers,NEZ,Tyler Shough,New Orleans Saints,0,,,Chicago Bears,0,0,Pre-ETR,87.png
85,1,49,Jake Ferguson,TE,Dallas Cowboys,NEZ,Tyler Shough,New Orleans Saints,0,,,Philadelphia Eagles,1,1,Pre-ETR,87.png
85,2,50,Alvin Kamara,RB,New Orleans Saints,LITTLEMISSBR,Patrick Mahomes,Kansas City Chiefs,0,,,Atlanta Falcons,0,0,Pre-ETR,87.png
85,3,51,Emanuel Wilson,RB,Green Bay Packers,D4VE,Trevor Lawrence,Jacksonville Jaguars,0,,,Minnesota Vikings,0,0,Pre-ETR,87.png
85,4,52,Dallas Goedert,TE,Philadelphia Eagles,CRBLAKE2,Jalen Hurts,Philadelphia Eagles,1,,,Dallas Cowboys,0,0,Pre-ETR,87.png
85,5,53,Wan'Dale Robinson,WR,New York Giants,INGELX,Dak Prescott,Dallas Cowboys,0,,,Detroit Lions,0,0,Pre-ETR,87.png
85,6,54,Caleb Williams,QB,Chicago Bears,GUNNEROSS,Caleb Williams,Chicago Bears,1,1,1,Pittsburgh Steelers,0,0,Pre-ETR,87.png
85,7,55,Jordan Love,QB,Green Bay Packers,KRUTCHES93,Jordan Love,Green Bay Packers,1,1,1,Minnesota Vikings,1,1,Pre-ETR,87.png
85,8,56,Mark Andrews,TE,Baltimore Ravens,LEE121503,Jared Goff,Detroit Lions,0,,,New York Jets,0,0,Pre-ETR,87.png
85,9,57,Michael Pittman Jr.,WR,Indianapolis Colts,BUSTERSBOYS,Daniel Jones,Indianapolis Colts,1,,,Kansas City Chiefs,0,0,Pre-ETR,87.png
85,10,58,Kenneth Gainwell,RB,Pittsburgh Steelers,CUTCUTLER,Drake Maye,New England Patriots,0,,,Chicago Bears,0,0,Pre-ETR,87.png
85,11,59,Alec Pierce,WR,Indianapolis Colts,TIBBZY,Lamar Jackson,Baltimore Ravens,0,,,Kansas City Chiefs,0,0,Pre-ETR,87.png
85,12,60,Romeo Doubs,WR,Green Bay Packers,GFORGUMBY,Jaxson Dart,New York Giants,0,,,Minnesota Vikings,0,0,Pre-ETR,87.png
85,12,61,Theo Johnson,TE,New York Giants,GFORGUMBY,Jaxson Dart,New York Giants,1,,,Detroit Lions,0,0,Pre-ETR,87.png
85,11,62,Brenton Strange,TE,Jacksonville Jaguars,TIBBZY,Lamar Jackson,Baltimore Ravens,0,,,Arizona Cardinals,0,0,Pre-ETR,87.png
85,10,63,Andrei Iosivas,WR,Cincinnati Bengals,CUTCUTLER,Drake Maye,New England Patriots,0,,,New England Patriots,3,1,Pre-ETR,87.png
85,9,64,Daniel Jones,QB,Indianapolis Colts,BUSTERSBOYS,Daniel Jones,Indianapolis Colts,1,1,1,Kansas City Chiefs,0,0,Pre-ETR,87.png
85,8,65,Tyrone Tracy,RB,New York Giants,LEE121503,Jared Goff,Detroit Lions,0,,,Detroit Lions,2,1,Pre-ETR,87.png
85,7,66,Christian Watson,WR,Green Bay Packers,KRUTCHES93,Jordan Love,Green Bay Packers,1,,,Minnesota Vikings,1,1,Pre-ETR,87.png
85,6,67,D.J. Moore,WR,Chicago Bears,GUNNEROSS,Caleb Williams,Chicago Bears,1,,,Pittsburgh Steelers,0,0,Pre-ETR,87.png
85,5,68,Bhayshul Tuten,RB,Jacksonville Jaguars,INGELX,Dak Prescott,Dallas Cowboys,0,,,Arizona Cardinals,1,1,Pre-ETR,87.png
85,4,69,Brian Thomas,WR,Jacksonville Jaguars,CRBLAKE2,Jalen Hurts,Philadelphia Eagles,0,,,Arizona Cardinals,0,0,Pre-ETR,87.png
85,3,70,Trevor Lawrence,QB,Jacksonville Jaguars,D4VE,Trevor Lawrence,Jacksonville Jaguars,1,1,1,Arizona Cardinals,0,0,Pre-ETR,87.png
85,2,71,Noah Fant,TE,Cincinnati Bengals,LITTLEMISSBR,Patrick Mahomes,Kansas City Chiefs,0,,,New England Patriots,0,0,Pre-ETR,87.png
85,1,72,Tyler Shough,QB,New Orleans Saints,NEZ,Tyler Shough,New Orleans Saints,1,0,0,Atlanta Falcons,0,0,Pre-ETR,87.png
86,1,1,Jahmyr Gibbs,RB,Detroit Lions,GUNNEROSS,Caleb Williams,Chicago Bears,0,,,New York Giants,0,0,Pre-ETR,88.jpg
86,2,2,Bijan Robinson,RB,Atlanta Falcons,KINGSCHUSTER,Dak Prescott,Dallas Cowboys,0,,,New Orleans Saints,1,1,Pre-ETR,88.jpg
86,3,3,Amon-Ra St. Brown,WR,Detroit Lions,INGELX,Daniel Jones,Indianapolis Colts,0,,,New York Giants,0,0,Pre-ETR,88.jpg
86,4,4,Jonathan Taylor,RB,Indianapolis Colts,MATHOLOGY,Drake Maye,New England Patriots,0,,,Kansas City Chiefs,0,0,Pre-ETR,88.jpg
86,5,5,Derrick Henry,RB,Baltimore Ravens,LEE121503,Aaron Rodgers,Pittsburgh Steelers,0,,,New York Jets,0,0,Pre-ETR,88.jpg
86,6,6,Jaxon Smith-Njigba,WR,Seattle Seahawks,ATRAYN460,Patrick Mahomes,Kansas City Chiefs,0,,,Tennessee Titans,0,0,Pre-ETR,88.jpg
86,7,7,Trey McBride,TE,Arizona Cardinals,GFORGUMBY,Jacoby Brissett,Arizona Cardinals,1,,,Jacksonville Jaguars,1,1,Pre-ETR,88.jpg
86,8,8,Saquon Barkley,RB,Philadelphia Eagles,CGEEEEEE,Lamar Jackson,Baltimore Ravens,0,,,Dallas Cowboys,0,0,Pre-ETR,88.jpg
86,9,9,CeeDee Lamb,WR,Dallas Cowboys,BUSTERSBOYS,Jalen Hurts,Philadelphia Eagles,0,,,Philadelphia Eagles,1,1,Pre-ETR,88.jpg
86,10,10,Rashee Rice,WR,Kansas City Chiefs,KRUTCHES93,Jordan Love,Green Bay Packers,0,,,Indianapolis Colts,0,0,Pre-ETR,88.jpg
86,11,11,TreVeyon Henderson,RB,New England Patriots,D4VE,Jared Goff,Detroit Lions,0,,,Cincinnati Bengals,0,0,Pre-ETR,88.jpg
86,12,12,Tee Higgins,WR,Cincinnati Bengals,NEZ,Jaxson Dart,New York Giants,0,,,New England Patriots,0,0,Pre-ETR,88.jpg
86,12,13,George Pickens,WR,Dallas Cowboys,NEZ,Jaxson Dart,New York Giants,0,,,Philadelphia Eagles,0,0,Pre-ETR,88.jpg
86,11,14,Jameson Williams,WR,Detroit Lions,D4VE,Jared Goff,Detroit Lions,1,,,New York Giants,0,0,Pre-ETR,88.jpg
86,10,15,Brock Bowers,TE,Las Vegas Raiders,KRUTCHES93,Jordan Love,Green Bay Packers,0,,,Cleveland Browns,0,0,Pre-ETR,88.jpg
86,9,16,Jalen Hurts,QB,Philadelphia Eagles,BUSTERSBOYS,Jalen Hurts,Philadelphia Eagles,1,0,0,Dallas Cowboys,1,1,Pre-ETR,88.jpg
86,8,17,Lamar Jackson,QB,Baltimore Ravens,CGEEEEEE,Lamar Jackson,Baltimore Ravens,1,1,1,New York Jets,0,0,Pre-ETR,88.jpg
86,7,18,Chase Brown,RB,Cincinnati Bengals,GFORGUMBY,Jacoby Brissett,Arizona Cardinals,0,,,New England Patriots,0,0,Pre-ETR,88.jpg
86,6,19,Travis Etienne Jr.,RB,Jacksonville Jaguars,ATRAYN460,Patrick Mahomes,Kansas City Chiefs,0,,,Arizona Cardinals,0,0,Pre-ETR,88.jpg
86,5,20,Javonte Williams,RB,Dallas Cowboys,LEE121503,Aaron Rodgers,Pittsburgh Steelers,0,,,Philadelphia Eagles,0,0,Pre-ETR,88.jpg
86,4,21,Drake Maye,QB,New England Patriots,MATHOLOGY,Drake Maye,New England Patriots,1,1,1,Cincinnati Bengals,0,0,Pre-ETR,88.jpg
86,3,22,A.J. Brown,WR,Philadelphia Eagles,INGELX,Daniel Jones,Indianapolis Colts,0,,,Dallas Cowboys,0,0,Pre-ETR,88.jpg
86,2,23,Chris Olave,WR,New Orleans Saints,KINGSCHUSTER,Dak Prescott,Dallas Cowboys,0,,,Atlanta Falcons,1,1,Pre-ETR,88.jpg
86,1,24,Quinshon Judkins,RB,Cleveland Browns,GUNNEROSS,Caleb Williams,Chicago Bears,0,,,Las Vegas Raiders,0,0,Pre-ETR,88.jpg
86,1,25,DeVonta Smith,WR,Philadelphia Eagles,GUNNEROSS,Caleb Williams,Chicago Bears,0,,,Dallas Cowboys,0,0,Pre-ETR,88.jpg
86,2,26,Kenneth Walker III,RB,Seattle Seahawks,KINGSCHUSTER,Dak Prescott,Dallas Cowboys,0,,,Tennessee Titans,0,0,Pre-ETR,88.jpg
86,3,27,Tyler Warren,TE,Indianapolis Colts,INGELX,Daniel Jones,Indianapolis Colts,1,,,Kansas City Chiefs,1,1,Pre-ETR,88.jpg
86,4,28,Stefon Diggs,WR,New England Patriots,MATHOLOGY,Drake Maye,New England Patriots,1,,,Cincinnati Bengals,0,0,Pre-ETR,88.jpg
86,5,29,Justin Jefferson,WR,Minnesota Vikings,LEE121503,Aaron Rodgers,Pittsburgh Steelers,0,,,Green Bay Packers,1,1,Pre-ETR,88.jpg
86,6,30,Patrick Mahomes,QB,Kansas City Chiefs,ATRAYN460,Patrick Mahomes,Kansas City Chiefs,1,0,0,Indianapolis Colts,0,0,Pre-ETR,88.jpg
86,7,31,Ashton Jeanty,RB,Las Vegas Raiders,GFORGUMBY,Jacoby Brissett,Arizona Cardinals,0,,,Cleveland Browns,0,0,Pre-ETR,88.jpg
86,8,32,Zay Flowers,WR,Baltimore Ravens,CGEEEEEE,Lamar Jackson,Baltimore Ravens,1,,,New York Jets,0,0,Pre-ETR,88.jpg
86,9,33,Rome Odunze,WR,Chicago Bears,BUSTERSBOYS,Jalen Hurts,Philadelphia Eagles,0,,,Pittsburgh Steelers,1,1,Pre-ETR,88.jpg
86,10,34,Breece Hall,RB,New York Jets,KRUTCHES93,Jordan Love,Green Bay Packers,0,,,Baltimore Ravens,0,0,Pre-ETR,88.jpg
86,11,35,Travis Kelce,TE,Kansas City Chiefs,D4VE,Jared Goff,Detroit Lions,0,,,Indianapolis Colts,1,1,Pre-ETR,88.jpg
86,12,36,Jaxson Dart,QB,New York Giants,NEZ,Jaxson Dart,New York Giants,1,1,1,Detroit Lions,0,0,Pre-ETR,88.jpg
86,12,37,Aaron Jones,RB,Minnesota Vikings,NEZ,Jaxson Dart,New York Giants,0,,,Green Bay Packers,0,0,Pre-ETR,88.jpg
86,11,38,Jared Goff,QB,Detroit Lions,D4VE,Jared Goff,Detroit Lions,1,1,1,New York Giants,0,0,Pre-ETR,88.jpg
86,10,39,D'Andre Swift,RB,Chicago Bears,KRUTCHES93,Jordan Love,Green Bay Packers,0,,,Pittsburgh Steelers,0,0,Pre-ETR,88.jpg
86,9,40,Emanuel Wilson,RB,Green Bay Packers,BUSTERSBOYS,Jalen Hurts,Philadelphia Eagles,0,,,Minnesota Vikings,0,0,Pre-ETR,88.jpg
86,8,41,DK Metcalf,WR,Pittsburgh Steelers,CGEEEEEE,Lamar Jackson,Baltimore Ravens,0,,,Chicago Bears,0,0,Pre-ETR,88.jpg
86,7,42,Wan'Dale Robinson,WR,New York Giants,GFORGUMBY,Jacoby Brissett,Arizona Cardinals,0,,,Detroit Lions,0,0,Pre-ETR,88.jpg
86,6,43,Jaylen Warren,RB,Pittsburgh Steelers,ATRAYN460,Patrick Mahomes,Kansas City Chiefs,0,,,Chicago Bears,0,0,Pre-ETR,88.jpg
86,5,44,Hunter Henry,TE,New England Patriots,LEE121503,Aaron Rodgers,Pittsburgh Steelers,0,,,Cincinnati Bengals,0,0,Pre-ETR,88.jpg
86,4,45,Michael Wilson,WR,Arizona Cardinals,MATHOLOGY,Drake Maye,New England Patriots,0,,,Jacksonville Jaguars,0,0,Pre-ETR,88.jpg
86,3,46,Xavier Worthy,WR,Kansas City Chiefs,INGELX,Daniel Jones,Indianapolis Colts,0,,,Indianapolis Colts,2,1,Pre-ETR,88.jpg
86,2,47,Dak Prescott,QB,Dallas Cowboys,KINGSCHUSTER,Dak Prescott,Dallas Cowboys,1,1,1,Philadelphia Eagles,0,0,Pre-ETR,88.jpg
86,1,48,Kyle Pitts,TE,Atlanta Falcons,GUNNEROSS,Caleb Williams,Chicago Bears,0,,,New Orleans Saints,0,0,Pre-ETR,88.jpg
86,1,49,Caleb Williams,QB,Chicago Bears,GUNNEROSS,Caleb Williams,Chicago Bears,1,1,1,Pittsburgh Steelers,0,0,Pre-ETR,88.jpg
86,2,50,Jake Ferguson,TE,Dallas Cowboys,KINGSCHUSTER,Dak Prescott,Dallas Cowboys,1,,,Philadelphia Eagles,0,0,Pre-ETR,88.jpg
86,3,51,Daniel Jones,QB,Indianapolis Colts,INGELX,Daniel Jones,Indianapolis Colts,1,1,1,Kansas City Chiefs,1,1,Pre-ETR,88.jpg
86,4,52,David Montgomery,RB,Detroit Lions,MATHOLOGY,Drake Maye,New England Patriots,0,,,New York Giants,0,0,Pre-ETR,88.jpg
86,5,53,Romeo Doubs,WR,Green Bay Packers,LEE121503,Aaron Rodgers,Pittsburgh Steelers,0,,,Minnesota Vikings,1,1,Pre-ETR,88.jpg
86,6,54,Dallas Goedert,TE,Philadelphia Eagles,ATRAYN460,Patrick Mahomes,Kansas City Chiefs,0,,,Dallas Cowboys,0,0,Pre-ETR,88.jpg
86,7,55,Jacoby Brissett,QB,Arizona Cardinals,GFORGUMBY,Jacoby Brissett,Arizona Cardinals,1,1,1,Jacksonville Jaguars,1,1,Pre-ETR,88.jpg
86,8,56,Emanuel Wilson,RB,Green Bay Packers,CGEEEEEE,Lamar Jackson,Baltimore Ravens,0,,,Minnesota Vikings,0,0,Pre-ETR,88.jpg
86,9,57,Kenneth Gainwell,RB,Pittsburgh Steelers,BUSTERSBOYS,Jalen Hurts,Philadelphia Eagles,0,,,Chicago Bears,1,1,Pre-ETR,88.jpg
86,10,58,Romeo Doubs,WR,Green Bay Packers,KRUTCHES93,Jordan Love,Green Bay Packers,1,,,Minnesota Vikings,0,0,Pre-ETR,88.jpg
86,11,59,Alvin Kamara,RB,New Orleans Saints,D4VE,Jared Goff,Detroit Lions,0,,,Atlanta Falcons,0,0,Pre-ETR,88.jpg
86,12,60,Michael Pittman Jr.,WR,Indianapolis Colts,NEZ,Jaxson Dart,New York Giants,0,,,Kansas City Chiefs,0,0,Pre-ETR,88.jpg
86,12,61,Theo Johnson,TE,New York Giants,NEZ,Jaxson Dart,New York Giants,1,,,Detroit Lions,0,0,Pre-ETR,88.jpg
86,11,62,Alec Pierce,WR,Indianapolis Colts,D4VE,Jared Goff,Detroit Lions,0,,,Kansas City Chiefs,1,1,Pre-ETR,88.jpg
86,10,63,Jordan Love,QB,Green Bay Packers,KRUTCHES93,Jordan Love,Green Bay Packers,1,1,1,Minnesota Vikings,0,0,Pre-ETR,88.jpg
86,9,64,Juwan Johnson,TE,New Orleans Saints,BUSTERSBOYS,Jalen Hurts,Philadelphia Eagles,0,,,Atlanta Falcons,0,0,Pre-ETR,88.jpg
86,8,65,Harold Fannin,TE,Cleveland Browns,CGEEEEEE,Lamar Jackson,Baltimore Ravens,0,,,Las Vegas Raiders,0,0,Pre-ETR,88.jpg
86,7,66,Brian Thomas,WR,Jacksonville Jaguars,GFORGUMBY,Jacoby Brissett,Arizona Cardinals,0,,,Arizona Cardinals,2,1,Pre-ETR,88.jpg
86,6,67,Darnell Mooney,WR,Atlanta Falcons,ATRAYN460,Patrick Mahomes,Kansas City Chiefs,0,,,New Orleans Saints,0,0,Pre-ETR,88.jpg
86,5,68,Aaron Rodgers,QB,Pittsburgh Steelers,LEE121503,Aaron Rodgers,Pittsburgh Steelers,1,0,0,Chicago Bears,0,0,Pre-ETR,88.jpg
86,4,69,Mark Andrews,TE,Baltimore Ravens,MATHOLOGY,Drake Maye,New England Patriots,0,,,New York Jets,0,0,Pre-ETR,88.jpg
86,3,70,Bhayshul Tuten,RB,Jacksonville Jaguars,INGELX,Daniel Jones,Indianapolis Colts,0,,,Arizona Cardinals,0,0,Pre-ETR,88.jpg
86,2,71,Andrei Iosivas,WR,Cincinnati Bengals,KINGSCHUSTER,Dak Prescott,Dallas Cowboys,0,,,New England Patriots,0,0,Pre-ETR,88.jpg
86,1,72,D.J. Moore,WR,Chicago Bears,GUNNEROSS,Caleb Williams,Chicago Bears,1,,,Pittsburgh Steelers,0,0,Pre-ETR,88.jpg
87,1,1,Jahmyr Gibbs,RB,Detroit Lions,PHILLIESFAN1,Dak Prescott,Dallas Cowboys,0,,,New York Giants,0,0,Pre-ETR,89.png
87,2,2,Jaxon Smith-Njigba,WR,Seattle Seahawks,GFORGUMBY,Sam Darnold,Seattle Seahawks,1,,,Tennessee Titans,0,0,Pre-ETR,89.png
87,3,3,Jonathan Taylor,RB,Indianapolis Colts,BUSTERSBOYS,Trevor Lawrence,Jacksonville Jaguars,0,,,Kansas City Chiefs,0,0,Pre-ETR,89.png
87,4,4,Bijan Robinson,RB,Atlanta Falcons,NEZ,Lamar Jackson,Baltimore Ravens,0,,,New Orleans Saints,0,0,Pre-ETR,89.png
87,5,5,Trey McBride,TE,Arizona Cardinals,KRUTCHES93,Jacoby Brissett,Arizona Cardinals,1,,,Jacksonville Jaguars,1,1,Pre-ETR,89.png
87,6,6,Amon-Ra St. Brown,WR,Detroit Lions,TIBBZY,Daniel Jones,Indianapolis Colts,0,,,New York Giants,0,0,Pre-ETR,89.png
87,7,7,Derrick Henry,RB,Baltimore Ravens,____,Jared Goff,Detroit Lions,0,,,New York Jets,0,0,Pre-ETR,89.png
87,8,8,Rashee Rice,WR,Kansas City Chiefs,INGELX,Patrick Mahomes,Kansas City Chiefs,1,,,Indianapolis Colts,1,1,Pre-ETR,89.png
87,9,9,TreVeyon Henderson,RB,New England Patriots,FITZDRAFTMA,Drake Maye,New England Patriots,1,,,Cincinnati Bengals,0,0,Pre-ETR,89.png
87,10,10,Saquon Barkley,RB,Philadelphia Eagles,ATRAYN460,Jaxson Dart,New York Giants,0,,,Dallas Cowboys,0,0,Pre-ETR,89.png
87,11,11,CeeDee Lamb,WR,Dallas Cowboys,LITTLEMISSBR,Jalen Hurts,Philadelphia Eagles,0,,,Philadelphia Eagles,1,1,Pre-ETR,89.png
87,12,12,Brock Bowers,TE,Las Vegas Raiders,TOPSTATNFT,Caleb Williams,Chicago Bears,0,,,Cleveland Browns,0,0,Pre-ETR,89.png
87,12,13,Travis Etienne Jr.,RB,Jacksonville Jaguars,TOPSTATNFT,Caleb Williams,Chicago Bears,0,,,Arizona Cardinals,0,0,Pre-ETR,89.png
87,11,14,Jalen Hurts,QB,Philadelphia Eagles,LITTLEMISSBR,Jalen Hurts,Philadelphia Eagles,1,0,0,Dallas Cowboys,1,1,Pre-ETR,89.png
87,10,15,Tee Higgins,WR,Cincinnati Bengals,ATRAYN460,Jaxson Dart,New York Giants,0,,,New England Patriots,0,0,Pre-ETR,89.png
87,9,16,Drake Maye,QB,New England Patriots,FITZDRAFTMA,Drake Maye,New England Patriots,1,2,1,Cincinnati Bengals,0,0,Pre-ETR,89.png
87,8,17,Chase Brown,RB,Cincinnati Bengals,INGELX,Patrick Mahomes,Kansas City Chiefs,0,,,New England Patriots,0,0,Pre-ETR,89.png
87,7,18,George Pickens,WR,Dallas Cowboys,____,Jared Goff,Detroit Lions,0,,,Philadelphia Eagles,1,1,Pre-ETR,89.png
87,6,19,Jameson Williams,WR,Detroit Lions,TIBBZY,Daniel Jones,Indianapolis Colts,0,,,New York Giants,0,0,Pre-ETR,89.png
87,5,20,Javonte Williams,RB,Dallas Cowboys,KRUTCHES93,Jacoby Brissett,Arizona Cardinals,0,,,Philadelphia Eagles,0,0,Pre-ETR,89.png
87,4,21,Lamar Jackson,QB,Baltimore Ravens,NEZ,Lamar Jackson,Baltimore Ravens,1,0,0,New York Jets,0,0,Pre-ETR,89.png
87,3,22,Justin Jefferson,WR,Minnesota Vikings,BUSTERSBOYS,Trevor Lawrence,Jacksonville Jaguars,0,,,Green Bay Packers,1,1,Pre-ETR,89.png
87,2,23,Chris Olave,WR,New Orleans Saints,GFORGUMBY,Sam Darnold,Seattle Seahawks,0,,,Atlanta Falcons,1,1,Pre-ETR,89.png
87,1,24,A.J. Brown,WR,Philadelphia Eagles,PHILLIESFAN1,Dak Prescott,Dallas Cowboys,0,,,Dallas Cowboys,2,1,Pre-ETR,89.png
87,1,25,DeVonta Smith,WR,Philadelphia Eagles,PHILLIESFAN1,Dak Prescott,Dallas Cowboys,0,,,Dallas Cowboys,2,1,Pre-ETR,89.png
87,2,26,Ashton Jeanty,RB,Las Vegas Raiders,GFORGUMBY,Sam Darnold,Seattle Seahawks,0,,,Cleveland Browns,0,0,Pre-ETR,89.png
87,3,27,Tyler Warren,TE,Indianapolis Colts,BUSTERSBOYS,Trevor Lawrence,Jacksonville Jaguars,0,,,Kansas City Chiefs,0,0,Pre-ETR,89.png
87,4,28,Stefon Diggs,WR,New England Patriots,NEZ,Lamar Jackson,Baltimore Ravens,0,,,Cincinnati Bengals,0,0,Pre-ETR,89.png
87,5,29,Zay Flowers,WR,Baltimore Ravens,KRUTCHES93,Jacoby Brissett,Arizona Cardinals,0,,,New York Jets,0,0,Pre-ETR,89.png
87,6,30,Travis Kelce,TE,Kansas City Chiefs,TIBBZY,Daniel Jones,Indianapolis Colts,0,,,Indianapolis Colts,2,1,Pre-ETR,89.png
87,7,31,Kenneth Walker III,RB,Seattle Seahawks,____,Jared Goff,Detroit Lions,0,,,Tennessee Titans,0,0,Pre-ETR,89.png
87,8,32,Patrick Mahomes,QB,Kansas City Chiefs,INGELX,Patrick Mahomes,Kansas City Chiefs,1,1,1,Indianapolis Colts,1,1,Pre-ETR,89.png
87,9,33,Michael Wilson,WR,Arizona Cardinals,FITZDRAFTMA,Drake Maye,New England Patriots,0,,,Jacksonville Jaguars,0,0,Pre-ETR,89.png
87,10,34,Quinshon Judkins,RB,Cleveland Browns,ATRAYN460,Jaxson Dart,New York Giants,0,,,Las Vegas Raiders,0,0,Pre-ETR,89.png
87,11,35,DK Metcalf,WR,Pittsburgh Steelers,LITTLEMISSBR,Jalen Hurts,Philadelphia Eagles,0,,,Chicago Bears,0,0,Pre-ETR,89.png
87,12,36,Jaylen Warren,RB,Pittsburgh Steelers,TOPSTATNFT,Caleb Williams,Chicago Bears,0,,,Chicago Bears,3,1,Pre-ETR,89.png
87,12,37,Rome Odunze,WR,Chicago Bears,TOPSTATNFT,Caleb Williams,Chicago Bears,1,,,Pittsburgh Steelers,1,1,Pre-ETR,89.png
87,11,38,David Montgomery,RB,Detroit Lions,LITTLEMISSBR,Jalen Hurts,Philadelphia Eagles,0,,,New York Giants,1,1,Pre-ETR,89.png
87,10,39,Jaxson Dart,QB,New York Giants,ATRAYN460,Jaxson Dart,New York Giants,1,0,0,Detroit Lions,0,0,Pre-ETR,89.png
87,9,40,D'Andre Swift,RB,Chicago Bears,FITZDRAFTMA,Drake Maye,New England Patriots,0,,,Pittsburgh Steelers,0,0,Pre-ETR,89.png
87,8,41,Breece Hall,RB,New York Jets,INGELX,Patrick Mahomes,Kansas City Chiefs,0,,,Baltimore Ravens,0,0,Pre-ETR,89.png
87,7,42,Jared Goff,QB,Detroit Lions,____,Jared Goff,Detroit Lions,1,0,0,New York Giants,0,0,Pre-ETR,89.png
87,6,43,Emanuel Wilson,RB,Green Bay Packers,TIBBZY,Daniel Jones,Indianapolis Colts,0,,,Minnesota Vikings,0,0,Pre-ETR,89.png
87,5,44,Aaron Jones,RB,Minnesota Vikings,KRUTCHES93,Jacoby Brissett,Arizona Cardinals,0,,,Green Bay Packers,0,0,Pre-ETR,89.png
87,4,45,Hunter Henry,TE,New England Patriots,NEZ,Lamar Jackson,Baltimore Ravens,0,,,Cincinnati Bengals,0,0,Pre-ETR,89.png
87,3,46,Wan'Dale Robinson,WR,New York Giants,BUSTERSBOYS,Trevor Lawrence,Jacksonville Jaguars,0,,,Detroit Lions,0,0,Pre-ETR,89.png
87,2,47,Sam Darnold,QB,Seattle Seahawks,GFORGUMBY,Sam Darnold,Seattle Seahawks,1,1,1,Tennessee Titans,0,0,Pre-ETR,89.png
87,1,48,Dak Prescott,QB,Dallas Cowboys,PHILLIESFAN1,Dak Prescott,Dallas Cowboys,1,1,1,Philadelphia Eagles,2,1,Pre-ETR,89.png
87,1,49,Jake Ferguson,TE,Dallas Cowboys,PHILLIESFAN1,Dak Prescott,Dallas Cowboys,1,,,Philadelphia Eagles,2,1,Pre-ETR,89.png
87,2,50,Kyle Pitts,TE,Atlanta Falcons,GFORGUMBY,Sam Darnold,Seattle Seahawks,0,,,New Orleans Saints,1,1,Pre-ETR,89.png
87,3,51,Emanuel Wilson,RB,Green Bay Packers,BUSTERSBOYS,Trevor Lawrence,Jacksonville Jaguars,0,,,Minnesota Vikings,1,1,Pre-ETR,89.png
87,4,52,Zach Charbonnet,RB,Seattle Seahawks,NEZ,Lamar Jackson,Baltimore Ravens,0,,,Tennessee Titans,0,0,Pre-ETR,89.png
87,5,53,Jacoby Brissett,QB,Arizona Cardinals,KRUTCHES93,Jacoby Brissett,Arizona Cardinals,1,1,1,Jacksonville Jaguars,1,1,Pre-ETR,89.png
87,6,54,Daniel Jones,QB,Indianapolis Colts,TIBBZY,Daniel Jones,Indianapolis Colts,1,1,1,Kansas City Chiefs,1,1,Pre-ETR,89.png
87,7,55,Dallas Goedert,TE,Philadelphia Eagles,____,Jared Goff,Detroit Lions,0,,,Dallas Cowboys,1,1,Pre-ETR,89.png
87,8,56,Juwan Johnson,TE,New Orleans Saints,INGELX,Patrick Mahomes,Kansas City Chiefs,0,,,Atlanta Falcons,0,0,Pre-ETR,89.png
87,9,57,AJ Barner,TE,Seattle Seahawks,FITZDRAFTMA,Drake Maye,New England Patriots,0,,,Tennessee Titans,0,0,Pre-ETR,89.png
87,10,58,Michael Pittman Jr.,WR,Indianapolis Colts,ATRAYN460,Jaxson Dart,New York Giants,0,,,Kansas City Chiefs,0,0,Pre-ETR,89.png
87,11,59,Xavier Worthy,WR,Kansas City Chiefs,LITTLEMISSBR,Jalen Hurts,Philadelphia Eagles,0,,,Indianapolis Colts,0,0,Pre-ETR,89.png
87,12,60,Caleb Williams,QB,Chicago Bears,TOPSTATNFT,Caleb Williams,Chicago Bears,1,2,1,Pittsburgh Steelers,1,1,Pre-ETR,89.png
87,12,61,Luther Burden,WR,Chicago Bears,TOPSTATNFT,Caleb Williams,Chicago Bears,1,,,Pittsburgh Steelers,1,1,Pre-ETR,89.png
87,11,62,Theo Johnson,TE,New York Giants,LITTLEMISSBR,Jalen Hurts,Philadelphia Eagles,0,,,Detroit Lions,1,1,Pre-ETR,89.png
87,10,63,Mark Andrews,TE,Baltimore Ravens,ATRAYN460,Jaxson Dart,New York Giants,0,,,New York Jets,0,0,Pre-ETR,89.png
87,9,64,Kayshon Boutte,WR,New England Patriots,FITZDRAFTMA,Drake Maye,New England Patriots,1,,,Cincinnati Bengals,0,0,Pre-ETR,89.png
87,8,65,Alec Pierce,WR,Indianapolis Colts,INGELX,Patrick Mahomes,Kansas City Chiefs,0,,,Kansas City Chiefs,2,1,Pre-ETR,89.png
87,7,66,Romeo Doubs,WR,Green Bay Packers,____,Jared Goff,Detroit Lions,0,,,Minnesota Vikings,0,0,Pre-ETR,89.png
87,6,67,Josh Downs,WR,Indianapolis Colts,TIBBZY,Daniel Jones,Indianapolis Colts,1,,,Kansas City Chiefs,1,1,Pre-ETR,89.png
87,5,68,Brian Thomas,WR,Jacksonville Jaguars,KRUTCHES93,Jacoby Brissett,Arizona Cardinals,0,,,Arizona Cardinals,2,1,Pre-ETR,89.png
87,4,69,Brian Thomas,WR,Jacksonville Jaguars,NEZ,Lamar Jackson,Baltimore Ravens,0,,,Arizona Cardinals,0,0,Pre-ETR,89.png
87,3,70,Trevor Lawrence,QB,Jacksonville Jaguars,BUSTERSBOYS,Trevor Lawrence,Jacksonville Jaguars,1,0,0,Arizona Cardinals,0,0,Pre-ETR,89.png
87,2,71,Bam Knight,RB,Arizona Cardinals,GFORGUMBY,Sam Darnold,Seattle Seahawks,0,,,Jacksonville Jaguars,0,0,Pre-ETR,89.png
87,1,72,Kenneth Gainwell,RB,Pittsburgh Steelers,PHILLIESFAN1,Dak Prescott,Dallas Cowboys,0,,,Chicago Bears,0,0,Pre-ETR,89.png